// GENERATED by tools/make_fonts.py -- do not edit by hand.
//
// DejaVu Sans, rasterised to 1 bit at the three sizes the UI uses, with
// real per-glyph widths. Replaces scaling one 8x8 pixel font up to 32 px,
// which turned every large letter into a grid of squares.
#pragma once
#include <pgmspace.h>
#include <stdint.h>

struct FontGlyph {
  uint8_t width;   // advance, and the number of columns stored
  uint16_t offset; // into the size's bit table
};

struct UiFont {
  uint8_t height;  // line box, and the number of rows per glyph
  const FontGlyph* glyphs;
  const uint8_t* bits;
};

#define UI_HAS_EXTRAS 1
#define UI_HAS_ITALIC 1
// Codepoints appended after ASCII index 94, same order in every face.
constexpr int UI_EXTRA_COUNT = 79;
const uint16_t UI_EXTRA_CPS[UI_EXTRA_COUNT] PROGMEM = {
    0x00C0,0x00C1,0x00C2,0x00C3,0x00C4,0x00C5,0x00C6,0x00C7,0x00C8,0x00C9,0x00CA,0x00CB,0x00CC,0x00CD,0x00CE,0x00CF,0x00D0,0x00D1,0x00D2,0x00D3,0x00D4,0x00D5,0x00D6,0x00D7,0x00D8,0x00D9,0x00DA,0x00DB,0x00DC,0x00DD,0x00DE,0x00DF,0x00E0,0x00E1,0x00E2,0x00E3,0x00E4,0x00E5,0x00E6,0x00E7,0x00E8,0x00E9,0x00EA,0x00EB,0x00EC,0x00ED,0x00EE,0x00EF,0x00F0,0x00F1,0x00F2,0x00F3,0x00F4,0x00F5,0x00F6,0x00F7,0x00F8,0x00F9,0x00FA,0x00FB,0x00FC,0x00FD,0x00FE,0x00FF,0x0152,0x0153,0x0160,0x0161,0x017D,0x017E,0x0178,0x2013,0x2014,0x2018,0x2019,0x201C,0x201D,0x2022,0x2026,
};

const uint8_t FONT_18_REG_BITS[] PROGMEM = {
    0x00,0x00,0x00,0x00,0x00,0x00,0x00,0x00,0x00,0x00,0x00,0x00,0x00,0x00,0x00,0x00,
    0x00,0x00,0x00,0x00,0x00,0x30,0x30,0x30,0x30,0x30,0x30,0x30,0x00,0x00,0x30,0x30,
    0x00,0x00,0x00,0x00,0x00,0x00,0x00,0x6C,0x6C,0x6C,0x6C,0x00,0x00,0x00,0x00,0x00,
    0x00,0x00,0x00,0x00,0x00,0x00,0x00,0x00,0x00,0x00,0x00,0x00,0x06,0xC0,0x04,0xC0,
    0x04,0x80,0x3F,0xF0,0x0D,0x80,0x09,0x80,0x09,0x80,0x7F,0xE0,0x1B,0x00,0x13,0x00,
    0x13,0x00,0x00,0x00,0x00,0x00,0x00,0x00,0x00,0x00,0x00,0x00,0x00,0x00,0x08,0x00,
    0x08,0x00,0x3E,0x00,0x6B,0x00,0x68,0x00,0x68,0x00,0x3C,0x00,0x1F,0x00,0x0B,0x00,
    0x09,0x00,0x6B,0x00,0x3E,0x00,0x08,0x00,0x08,0x00,0x00,0x00,0x00,0x00,0x00,0x00,
    0x00,0x00,0x00,0x00,0x38,0x60,0x6C,0x40,0x4C,0xC0,0x4C,0x80,0x6D,0x80,0x3B,0x78,
    0x02,0x48,0x06,0xCC,0x0C,0xCC,0x08,0xC8,0x18,0x78,0x00,0x00,0x00,0x00,0x00,0x00,
    0x00,0x00,0x00,0x00,0x00,0x00,0x00,0x00,0x1E,0x00,0x33,0x00,0x30,0x00,0x30,0x00,
    0x38,0x00,0x6C,0x60,0x66,0x60,0x63,0xC0,0x61,0xC0,0x73,0xC0,0x1F,0x60,0x00,0x00,
    0x00,0x00,0x00,0x00,0x00,0x00,0x00,0x00,0x00,0x60,0x60,0x60,0x60,0x00,0x00,0x00,
    0x00,0x00,0x00,0x00,0x00,0x00,0x00,0x00,0x00,0x00,0x00,0x18,0x30,0x30,0x20,0x60,
    0x60,0x60,0x60,0x60,0x20,0x30,0x30,0x18,0x00,0x00,0x00,0x00,0x00,0x60,0x20,0x30,
    0x10,0x18,0x18,0x18,0x18,0x18,0x10,0x30,0x20,0x60,0x00,0x00,0x00,0x00,0x00,0x10,
    0x56,0x3C,0x3C,0x56,0x10,0x00,0x00,0x00,0x00,0x00,0x00,0x00,0x00,0x00,0x00,0x00,
    0x00,0x00,0x00,0x00,0x00,0x00,0x00,0x00,0x06,0x00,0x06,0x00,0x06,0x00,0x06,0x00,
    0x7F,0xE0,0x06,0x00,0x06,0x00,0x06,0x00,0x06,0x00,0x00,0x00,0x00,0x00,0x00,0x00,
    0x00,0x00,0x00,0x00,0x00,0x00,0x00,0x00,0x00,0x00,0x00,0x00,0x00,0x00,0x20,0x20,
    0x60,0x60,0x00,0x00,0x00,0x00,0x00,0x00,0x00,0x00,0x00,0x00,0x00,0x78,0x00,0x00,
    0x00,0x00,0x00,0x00,0x00,0x00,0x00,0x00,0x00,0x00,0x00,0x00,0x00,0x00,0x00,0x00,
    0x00,0x00,0x60,0x60,0x00,0x00,0x00,0x00,0x00,0x00,0x00,0x18,0x18,0x10,0x10,0x30,
    0x20,0x20,0x60,0x60,0x40,0xC0,0xC0,0x00,0x00,0x00,0x00,0x00,0x00,0x00,0x00,0x00,
    0x1E,0x00,0x33,0x00,0x63,0x00,0x61,0x80,0x61,0x80,0x61,0x80,0x61,0x80,0x61,0x80,
    0x63,0x00,0x33,0x00,0x1E,0x00,0x00,0x00,0x00,0x00,0x00,0x00,0x00,0x00,0x00,0x00,
    0x00,0x00,0x00,0x00,0x3C,0x00,0x6C,0x00,0x0C,0x00,0x0C,0x00,0x0C,0x00,0x0C,0x00,
    0x0C,0x00,0x0C,0x00,0x0C,0x00,0x0C,0x00,0x3F,0x00,0x00,0x00,0x00,0x00,0x00,0x00,
    0x00,0x00,0x00,0x00,0x00,0x00,0x00,0x00,0x3E,0x00,0x67,0x00,0x43,0x00,0x03,0x00,
    0x03,0x00,0x06,0x00,0x0C,0x00,0x18,0x00,0x38,0x00,0x70,0x00,0x7F,0x00,0x00,0x00,
    0x00,0x00,0x00,0x00,0x00,0x00,0x00,0x00,0x00,0x00,0x00,0x00,0x7E,0x00,0x03,0x00,
    0x03,0x00,0x03,0x00,0x03,0x00,0x1E,0x00,0x03,0x00,0x01,0x00,0x01,0x00,0x43,0x00,
    0x3E,0x00,0x00,0x00,0x00,0x00,0x00,0x00,0x00,0x00,0x00,0x00,0x00,0x00,0x00,0x00,
    0x06,0x00,0x0E,0x00,0x1E,0x00,0x16,0x00,0x36,0x00,0x66,0x00,0x46,0x00,0x7F,0x80,
    0x06,0x00,0x06,0x00,0x06,0x00,0x00,0x00,0x00,0x00,0x00,0x00,0x00,0x00,0x00,0x00,
    0x00,0x00,0x00,0x00,0x7F,0x00,0x60,0x00,0x60,0x00,0x60,0x00,0x7E,0x00,0x67,0x00,
    0x03,0x00,0x01,0x00,0x03,0x00,0x47,0x00,0x3E,0x00,0x00,0x00,0x00,0x00,0x00,0x00,
    0x00,0x00,0x00,0x00,0x00,0x00,0x00,0x00,0x1E,0x00,0x31,0x00,0x60,0x00,0x60,0x00,
    0x7E,0x00,0x73,0x00,0x61,0x80,0x61,0x80,0x61,0x80,0x33,0x00,0x1E,0x00,0x00,0x00,
    0x00,0x00,0x00,0x00,0x00,0x00,0x00,0x00,0x00,0x00,0x00,0x00,0x7F,0x00,0x03,0x00,
    0x03,0x00,0x06,0x00,0x06,0x00,0x06,0x00,0x0C,0x00,0x0C,0x00,0x18,0x00,0x18,0x00,
    0x18,0x00,0x00,0x00,0x00,0x00,0x00,0x00,0x00,0x00,0x00,0x00,0x00,0x00,0x00,0x00,
    0x3E,0x00,0x33,0x00,0x61,0x00,0x61,0x00,0x33,0x00,0x3E,0x00,0x73,0x00,0x61,0x80,
    0x61,0x80,0x73,0x00,0x3E,0x00,0x00,0x00,0x00,0x00,0x00,0x00,0x00,0x00,0x00,0x00,
    0x00,0x00,0x00,0x00,0x3E,0x00,0x73,0x00,0x63,0x00,0x61,0x00,0x63,0x80,0x73,0x80,
    0x3F,0x80,0x01,0x00,0x03,0x00,0x66,0x00,0x3C,0x00,0x00,0x00,0x00,0x00,0x00,0x00,
    0x00,0x00,0x00,0x00,0x00,0x00,0x00,0x00,0x20,0x20,0x00,0x00,0x00,0x00,0x20,0x20,
    0x00,0x00,0x00,0x00,0x00,0x00,0x00,0x00,0x00,0x00,0x20,0x20,0x00,0x00,0x00,0x00,
    0x20,0x20,0x60,0x60,0x00,0x00,0x00,0x00,0x00,0x00,0x00,0x00,0x00,0x00,0x00,0x00,
    0x00,0x60,0x03,0xE0,0x0F,0x00,0x38,0x00,0x38,0x00,0x0F,0x00,0x03,0xE0,0x00,0x60,
    0x00,0x00,0x00,0x00,0x00,0x00,0x00,0x00,0x00,0x00,0x00,0x00,0x00,0x00,0x00,0x00,
    0x00,0x00,0x00,0x00,0x00,0x00,0x00,0x00,0x7F,0xE0,0x00,0x00,0x00,0x00,0x7F,0xE0,
    0x00,0x00,0x00,0x00,0x00,0x00,0x00,0x00,0x00,0x00,0x00,0x00,0x00,0x00,0x00,0x00,
    0x00,0x00,0x00,0x00,0x00,0x00,0x00,0x00,0x60,0x00,0x3C,0x00,0x0F,0x80,0x01,0xE0,
    0x01,0xE0,0x0F,0x80,0x3C,0x00,0x70,0x00,0x00,0x00,0x00,0x00,0x00,0x00,0x00,0x00,
    0x00,0x00,0x00,0x00,0x00,0x3C,0x46,0x06,0x06,0x0C,0x18,0x18,0x18,0x00,0x18,0x18,
    0x00,0x00,0x00,0x00,0x00,0x00,0x00,0x00,0x00,0x00,0x07,0xE0,0x1C,0x70,0x30,0x18,
    0x23,0xEC,0x66,0xEC,0x4C,0x64,0x4C,0x64,0x4C,0x6C,0x66,0xF8,0x23,0xF0,0x30,0x00,
    0x1C,0x30,0x07,0xE0,0x00,0x00,0x00,0x00,0x00,0x00,0x00,0x00,0x00,0x00,0x0C,0x00,
    0x0E,0x00,0x1E,0x00,0x1A,0x00,0x33,0x00,0x33,0x00,0x21,0x80,0x7F,0x80,0x60,0x80,
    0x40,0xC0,0xC0,0xC0,0x00,0x00,0x00,0x00,0x00,0x00,0x00,0x00,0x00,0x00,0x00,0x00,
    0x00,0x00,0x7F,0x00,0x63,0x80,0x61,0x80,0x61,0x80,0x63,0x80,0x7F,0x00,0x61,0x80,
    0x61,0x80,0x61,0x80,0x61,0x80,0x7F,0x00,0x00,0x00,0x00,0x00,0x00,0x00,0x00,0x00,
    0x00,0x00,0x00,0x00,0x00,0x00,0x1F,0x80,0x38,0xC0,0x60,0x40,0x60,0x00,0x60,0x00,
    0x60,0x00,0x60,0x00,0x60,0x00,0x60,0x40,0x38,0xC0,0x1F,0x80,0x00,0x00,0x00,0x00,
    0x00,0x00,0x00,0x00,0x00,0x00,0x00,0x00,0x00,0x00,0x7F,0x00,0x61,0xC0,0x60,0xC0,
    0x60,0x60,0x60,0x60,0x60,0x60,0x60,0x60,0x60,0x60,0x60,0xC0,0x61,0xC0,0x7F,0x00,
    0x00,0x00,0x00,0x00,0x00,0x00,0x00,0x00,0x00,0x00,0x00,0x00,0x00,0x00,0x7F,0x80,
    0x60,0x00,0x60,0x00,0x60,0x00,0x60,0x00,0x7F,0x00,0x60,0x00,0x60,0x00,0x60,0x00,
    0x60,0x00,0x7F,0x80,0x00,0x00,0x00,0x00,0x00,0x00,0x00,0x00,0x00,0x00,0x00,0x00,
    0x00,0x00,0x7F,0x00,0x60,0x00,0x60,0x00,0x60,0x00,0x60,0x00,0x7E,0x00,0x60,0x00,
    0x60,0x00,0x60,0x00,0x60,0x00,0x60,0x00,0x00,0x00,0x00,0x00,0x00,0x00,0x00,0x00,
    0x00,0x00,0x00,0x00,0x00,0x00,0x1F,0x80,0x38,0xC0,0x60,0x40,0x60,0x00,0x60,0x00,
    0x63,0xE0,0x60,0x60,0x60,0x60,0x60,0x60,0x38,0xE0,0x1F,0xC0,0x00,0x00,0x00,0x00,
    0x00,0x00,0x00,0x00,0x00,0x00,0x00,0x00,0x00,0x00,0x60,0xC0,0x60,0xC0,0x60,0xC0,
    0x60,0xC0,0x60,0xC0,0x7F,0xC0,0x60,0xC0,0x60,0xC0,0x60,0xC0,0x60,0xC0,0x60,0xC0,
    0x00,0x00,0x00,0x00,0x00,0x00,0x00,0x00,0x00,0x00,0x00,0x60,0x60,0x60,0x60,0x60,
    0x60,0x60,0x60,0x60,0x60,0x60,0x00,0x00,0x00,0x00,0x00,0x00,0x00,0x60,0x60,0x60,
    0x60,0x60,0x60,0x60,0x60,0x60,0x60,0x60,0x60,0x60,0xC0,0x00,0x00,0x00,0x00,0x00,
    0x00,0x00,0x61,0x80,0x63,0x00,0x66,0x00,0x6C,0x00,0x78,0x00,0x78,0x00,0x6C,0x00,
    0x66,0x00,0x63,0x00,0x61,0x80,0x61,0xC0,0x00,0x00,0x00,0x00,0x00,0x00,0x00,0x00,
    0x00,0x00,0x00,0x60,0x60,0x60,0x60,0x60,0x60,0x60,0x60,0x60,0x60,0x7F,0x00,0x00,
    0x00,0x00,0x00,0x00,0x00,0x00,0x00,0x00,0x70,0x70,0x70,0x70,0x78,0xF0,0x68,0xB0,
    0x6D,0xB0,0x6D,0xB0,0x65,0x30,0x67,0x30,0x67,0x30,0x60,0x30,0x60,0x30,0x00,0x00,
    0x00,0x00,0x00,0x00,0x00,0x00,0x00,0x00,0x00,0x00,0x00,0x00,0x70,0xC0,0x70,0xC0,
    0x78,0xC0,0x68,0xC0,0x6C,0xC0,0x66,0xC0,0x66,0xC0,0x63,0xC0,0x63,0xC0,0x61,0xC0,
    0x61,0xC0,0x00,0x00,0x00,0x00,0x00,0x00,0x00,0x00,0x00,0x00,0x00,0x00,0x00,0x00,
    0x1F,0x80,0x39,0xC0,0x60,0xC0,0x60,0x60,0x60,0x60,0x60,0x60,0x60,0x60,0x60,0x60,
    0x60,0xC0,0x39,0xC0,0x1F,0x80,0x00,0x00,0x00,0x00,0x00,0x00,0x00,0x00,0x00,0x00,
    0x00,0x00,0x00,0x00,0x7E,0x00,0x63,0x00,0x61,0x80,0x61,0x80,0x61,0x80,0x63,0x00,
    0x7E,0x00,0x60,0x00,0x60,0x00,0x60,0x00,0x60,0x00,0x00,0x00,0x00,0x00,0x00,0x00,
    0x00,0x00,0x00,0x00,0x00,0x00,0x00,0x00,0x1F,0x80,0x39,0xC0,0x60,0xC0,0x60,0x60,
    0x60,0x60,0x60,0x60,0x60,0x60,0x60,0x60,0x60,0xC0,0x39,0xC0,0x1F,0x80,0x01,0x80,
    0x00,0xC0,0x00,0x00,0x00,0x00,0x00,0x00,0x00,0x00,0x00,0x00,0x7E,0x00,0x63,0x00,
    0x61,0x80,0x61,0x80,0x63,0x00,0x7E,0x00,0x63,0x00,0x61,0x80,0x61,0x80,0x60,0x80,
    0x60,0xC0,0x00,0x00,0x00,0x00,0x00,0x00,0x00,0x00,0x00,0x00,0x00,0x00,0x00,0x00,
    0x3E,0x00,0x61,0x00,0x60,0x00,0x60,0x00,0x3C,0x00,0x0F,0x00,0x03,0x80,0x01,0x80,
    0x41,0x80,0x63,0x00,0x3E,0x00,0x00,0x00,0x00,0x00,0x00,0x00,0x00,0x00,0x00,0x00,
    0x00,0x00,0x00,0x00,0xFF,0x80,0x0C,0x00,0x0C,0x00,0x0C,0x00,0x0C,0x00,0x0C,0x00,
    0x0C,0x00,0x0C,0x00,0x0C,0x00,0x0C,0x00,0x0C,0x00,0x00,0x00,0x00,0x00,0x00,0x00,
    0x00,0x00,0x00,0x00,0x00,0x00,0x00,0x00,0x60,0xC0,0x60,0xC0,0x60,0xC0,0x60,0xC0,
    0x60,0xC0,0x60,0xC0,0x60,0xC0,0x60,0xC0,0x60,0xC0,0x31,0x80,0x1F,0x00,0x00,0x00,
    0x00,0x00,0x00,0x00,0x00,0x00,0x00,0x00,0x00,0x00,0x00,0x00,0xC0,0xC0,0x40,0xC0,
    0x61,0x80,0x61,0x80,0x31,0x80,0x33,0x00,0x33,0x00,0x1A,0x00,0x1E,0x00,0x0E,0x00,
    0x0C,0x00,0x00,0x00,0x00,0x00,0x00,0x00,0x00,0x00,0x00,0x00,0x00,0x00,0x00,0x00,
    0xC3,0x84,0x63,0x8C,0x63,0x8C,0x62,0x8C,0x66,0xC8,0x36,0xD8,0x34,0xD8,0x34,0x58,
    0x3C,0x70,0x1C,0x70,0x18,0x70,0x00,0x00,0x00,0x00,0x00,0x00,0x00,0x00,0x00,0x00,
    0x00,0x00,0x00,0x00,0x61,0x80,0x31,0x80,0x33,0x00,0x1E,0x00,0x0E,0x00,0x0C,0x00,
    0x1E,0x00,0x1B,0x00,0x33,0x00,0x61,0x80,0x60,0xC0,0x00,0x00,0x00,0x00,0x00,0x00,
    0x00,0x00,0x00,0x00,0x00,0x00,0x00,0x00,0xC1,0x80,0x63,0x00,0x63,0x00,0x36,0x00,
    0x1C,0x00,0x1C,0x00,0x0C,0x00,0x0C,0x00,0x0C,0x00,0x0C,0x00,0x0C,0x00,0x00,0x00,
    0x00,0x00,0x00,0x00,0x00,0x00,0x00,0x00,0x00,0x00,0x00,0x00,0x7F,0xC0,0x01,0x80,
    0x03,0x80,0x07,0x00,0x06,0x00,0x0C,0x00,0x18,0x00,0x38,0x00,0x30,0x00,0x60,0x00,
    0xFF,0xC0,0x00,0x00,0x00,0x00,0x00,0x00,0x00,0x00,0x00,0x00,0x00,0x78,0x60,0x60,
    0x60,0x60,0x60,0x60,0x60,0x60,0x60,0x60,0x60,0x78,0x00,0x00,0x00,0x00,0x00,0xC0,
    0xC0,0x40,0x60,0x60,0x20,0x20,0x30,0x10,0x10,0x18,0x18,0x00,0x00,0x00,0x00,0x00,
    0x00,0x78,0x18,0x18,0x18,0x18,0x18,0x18,0x18,0x18,0x18,0x18,0x18,0x78,0x00,0x00,
    0x00,0x00,0x00,0x00,0x00,0x00,0x07,0x00,0x0F,0x80,0x18,0xC0,0x30,0x60,0x00,0x00,
    0x00,0x00,0x00,0x00,0x00,0x00,0x00,0x00,0x00,0x00,0x00,0x00,0x00,0x00,0x00,0x00,
    0x00,0x00,0x00,0x00,0x00,0x00,0x00,0x00,0x00,0x00,0x00,0x00,0x00,0x00,0x00,0x00,
    0x00,0x00,0x00,0x00,0x00,0xFF,0x00,0x00,0x60,0x30,0x18,0x00,0x00,0x00,0x00,0x00,
    0x00,0x00,0x00,0x00,0x00,0x00,0x00,0x00,0x00,0x00,0x00,0x00,0x00,0x00,0x00,0x00,
    0x00,0x00,0x00,0x00,0x7E,0x00,0x03,0x00,0x03,0x00,0x3F,0x00,0x63,0x00,0x43,0x00,
    0x67,0x00,0x3F,0x00,0x00,0x00,0x00,0x00,0x00,0x00,0x00,0x00,0x00,0x00,0x00,0x00,
    0x00,0x00,0x60,0x00,0x60,0x00,0x60,0x00,0x7E,0x00,0x73,0x00,0x61,0x80,0x61,0x80,
    0x61,0x80,0x61,0x80,0x73,0x00,0x7E,0x00,0x00,0x00,0x00,0x00,0x00,0x00,0x00,0x00,
    0x00,0x00,0x00,0x00,0x00,0x00,0x3E,0x72,0x60,0x60,0x60,0x60,0x72,0x3E,0x00,0x00,
    0x00,0x00,0x00,0x00,0x00,0x00,0x00,0x00,0x01,0x00,0x01,0x00,0x01,0x00,0x3F,0x00,
    0x63,0x00,0x63,0x00,0x41,0x00,0x41,0x00,0x63,0x00,0x63,0x00,0x3F,0x00,0x00,0x00,
    0x00,0x00,0x00,0x00,0x00,0x00,0x00,0x00,0x00,0x00,0x00,0x00,0x00,0x00,0x00,0x00,
    0x00,0x00,0x3E,0x00,0x73,0x00,0x61,0x00,0x61,0x80,0x7F,0x80,0x60,0x00,0x71,0x00,
    0x1E,0x00,0x00,0x00,0x00,0x00,0x00,0x00,0x00,0x00,0x00,0x00,0x00,0x38,0x20,0x60,
    0xF8,0x60,0x60,0x60,0x60,0x60,0x60,0x60,0x00,0x00,0x00,0x00,0x00,0x00,0x00,0x00,
    0x00,0x00,0x00,0x00,0x00,0x00,0x00,0x00,0x3F,0x00,0x63,0x00,0x63,0x00,0x41,0x00,
    0x41,0x00,0x63,0x00,0x63,0x00,0x3F,0x00,0x03,0x00,0x23,0x00,0x3E,0x00,0x00,0x00,
    0x00,0x00,0x00,0x00,0x00,0x00,0x60,0x00,0x60,0x00,0x60,0x00,0x7E,0x00,0x73,0x00,
    0x61,0x00,0x61,0x00,0x61,0x00,0x61,0x00,0x61,0x00,0x61,0x00,0x00,0x00,0x00,0x00,
    0x00,0x00,0x00,0x00,0x00,0x00,0x00,0x60,0x60,0x00,0x60,0x60,0x60,0x60,0x60,0x60,
    0x60,0x60,0x00,0x00,0x00,0x00,0x00,0x00,0x00,0x60,0x60,0x00,0x60,0x60,0x60,0x60,
    0x60,0x60,0x60,0x60,0x60,0x60,0xC0,0x00,0x00,0x00,0x00,0x00,0x00,0x00,0x60,0x00,
    0x60,0x00,0x60,0x00,0x63,0x00,0x66,0x00,0x6C,0x00,0x78,0x00,0x78,0x00,0x6C,0x00,
    0x66,0x00,0x63,0x00,0x00,0x00,0x00,0x00,0x00,0x00,0x00,0x00,0x00,0x00,0x00,0x60,
    0x60,0x60,0x60,0x60,0x60,0x60,0x60,0x60,0x60,0x60,0x00,0x00,0x00,0x00,0x00,0x00,
    0x00,0x00,0x00,0x00,0x00,0x00,0x00,0x00,0x00,0x00,0x7E,0xF0,0x73,0x98,0x63,0x08,
    0x63,0x0C,0x63,0x0C,0x63,0x0C,0x63,0x0C,0x63,0x0C,0x00,0x00,0x00,0x00,0x00,0x00,
    0x00,0x00,0x00,0x00,0x00,0x00,0x00,0x00,0x00,0x00,0x00,0x00,0x00,0x00,0x7E,0x00,
    0x73,0x00,0x61,0x00,0x61,0x00,0x61,0x00,0x61,0x00,0x61,0x00,0x61,0x00,0x00,0x00,
    0x00,0x00,0x00,0x00,0x00,0x00,0x00,0x00,0x00,0x00,0x00,0x00,0x00,0x00,0x00,0x00,
    0x00,0x00,0x3E,0x00,0x73,0x00,0x63,0x00,0x61,0x00,0x41,0x00,0x63,0x00,0x73,0x00,
    0x3E,0x00,0x00,0x00,0x00,0x00,0x00,0x00,0x00,0x00,0x00,0x00,0x00,0x00,0x00,0x00,
    0x00,0x00,0x00,0x00,0x00,0x00,0x7E,0x00,0x73,0x00,0x61,0x80,0x61,0x80,0x61,0x80,
    0x61,0x80,0x73,0x00,0x7E,0x00,0x60,0x00,0x60,0x00,0x60,0x00,0x00,0x00,0x00,0x00,
    0x00,0x00,0x00,0x00,0x00,0x00,0x00,0x00,0x00,0x00,0x3F,0x00,0x63,0x00,0x63,0x00,
    0x41,0x00,0x41,0x00,0x63,0x00,0x63,0x00,0x3F,0x00,0x01,0x00,0x01,0x00,0x01,0x00,
    0x00,0x00,0x00,0x00,0x00,0x00,0x00,0x00,0x7C,0x70,0x60,0x60,0x60,0x60,0x60,0x60,
    0x00,0x00,0x00,0x00,0x00,0x00,0x00,0x00,0x00,0x00,0x3C,0x66,0x40,0x78,0x1E,0x06,
    0x46,0x7C,0x00,0x00,0x00,0x00,0x00,0x00,0x00,0x00,0x60,0x60,0xFC,0x60,0x60,0x60,
    0x60,0x60,0x60,0x3C,0x00,0x00,0x00,0x00,0x00,0x00,0x00,0x00,0x00,0x00,0x00,0x00,
    0x00,0x00,0x00,0x00,0x61,0x00,0x61,0x00,0x61,0x00,0x61,0x00,0x61,0x00,0x63,0x00,
    0x63,0x00,0x3F,0x00,0x00,0x00,0x00,0x00,0x00,0x00,0x00,0x00,0x00,0x00,0x00,0x00,
    0x00,0x00,0x00,0x00,0x00,0x00,0x00,0x00,0xC1,0x00,0x63,0x00,0x63,0x00,0x26,0x00,
    0x36,0x00,0x36,0x00,0x1C,0x00,0x1C,0x00,0x00,0x00,0x00,0x00,0x00,0x00,0x00,0x00,
    0x00,0x00,0x00,0x00,0x00,0x00,0x00,0x00,0x00,0x00,0x00,0x00,0x46,0x30,0x67,0x20,
    0x6F,0x60,0x6D,0x60,0x29,0x60,0x39,0xC0,0x39,0xC0,0x38,0xC0,0x00,0x00,0x00,0x00,
    0x00,0x00,0x00,0x00,0x00,0x00,0x00,0x00,0x00,0x00,0x00,0x00,0x00,0x00,0x00,0x00,
    0x63,0x00,0x36,0x00,0x3E,0x00,0x1C,0x00,0x1C,0x00,0x36,0x00,0x66,0x00,0x63,0x00,
    0x00,0x00,0x00,0x00,0x00,0x00,0x00,0x00,0x00,0x00,0x00,0x00,0x00,0x00,0x00,0x00,
    0x00,0x00,0x00,0x00,0xC1,0x00,0x63,0x00,0x63,0x00,0x26,0x00,0x36,0x00,0x1C,0x00,
    0x1C,0x00,0x1C,0x00,0x18,0x00,0x18,0x00,0x70,0x00,0x00,0x00,0x00,0x00,0x00,0x00,
    0x00,0x00,0x7E,0x06,0x0C,0x18,0x38,0x30,0x60,0xFE,0x00,0x00,0x00,0x00,0x00,0x00,
    0x00,0x00,0x00,0x00,0x07,0x00,0x0C,0x00,0x0C,0x00,0x0C,0x00,0x0C,0x00,0x08,0x00,
    0x38,0x00,0x18,0x00,0x0C,0x00,0x0C,0x00,0x0C,0x00,0x0C,0x00,0x0C,0x00,0x07,0x00,
    0x00,0x00,0x00,0x00,0x00,0x20,0x20,0x20,0x20,0x20,0x20,0x20,0x20,0x20,0x20,0x20,
    0x20,0x20,0x20,0x20,0x00,0x00,0x00,0x00,0x00,0x00,0x38,0x00,0x08,0x00,0x0C,0x00,
    0x0C,0x00,0x0C,0x00,0x0C,0x00,0x07,0x00,0x0C,0x00,0x0C,0x00,0x0C,0x00,0x0C,0x00,
    0x0C,0x00,0x18,0x00,0x38,0x00,0x00,0x00,0x00,0x00,0x00,0x00,0x00,0x00,0x00,0x00,
    0x00,0x00,0x00,0x00,0x00,0x00,0x00,0x00,0x3E,0x20,0x63,0xC0,0x00,0x00,0x00,0x00,
    0x00,0x00,0x00,0x00,0x00,0x00,0x00,0x00,0x00,0x00,0x00,0x00,0x08,0x00,0x0C,0x00,
    0x00,0x00,0x0C,0x00,0x0E,0x00,0x1E,0x00,0x1A,0x00,0x33,0x00,0x33,0x00,0x21,0x80,
    0x7F,0x80,0x60,0x80,0x40,0xC0,0xC0,0xC0,0x00,0x00,0x00,0x00,0x00,0x00,0x00,0x00,
    0x06,0x00,0x0C,0x00,0x00,0x00,0x0C,0x00,0x0E,0x00,0x1E,0x00,0x1A,0x00,0x33,0x00,
    0x33,0x00,0x21,0x80,0x7F,0x80,0x60,0x80,0x40,0xC0,0xC0,0xC0,0x00,0x00,0x00,0x00,
    0x00,0x00,0x00,0x00,0x0C,0x00,0x1A,0x00,0x00,0x00,0x0C,0x00,0x0E,0x00,0x1E,0x00,
    0x1A,0x00,0x33,0x00,0x33,0x00,0x21,0x80,0x7F,0x80,0x60,0x80,0x40,0xC0,0xC0,0xC0,
    0x00,0x00,0x00,0x00,0x00,0x00,0x00,0x00,0x1F,0x00,0x16,0x00,0x00,0x00,0x0C,0x00,
    0x0E,0x00,0x1E,0x00,0x1A,0x00,0x33,0x00,0x33,0x00,0x21,0x80,0x7F,0x80,0x60,0x80,
    0x40,0xC0,0xC0,0xC0,0x00,0x00,0x00,0x00,0x00,0x00,0x00,0x00,0x1A,0x00,0x1A,0x00,
    0x00,0x00,0x0C,0x00,0x0E,0x00,0x1E,0x00,0x1A,0x00,0x33,0x00,0x33,0x00,0x21,0x80,
    0x7F,0x80,0x60,0x80,0x40,0xC0,0xC0,0xC0,0x00,0x00,0x00,0x00,0x00,0x00,0x00,0x00,
    0x0E,0x00,0x12,0x00,0x12,0x00,0x0E,0x00,0x1E,0x00,0x1E,0x00,0x1B,0x00,0x33,0x00,
    0x33,0x00,0x31,0x80,0x7F,0x80,0x60,0x80,0xC0,0xC0,0xC0,0xC0,0x00,0x00,0x00,0x00,
    0x00,0x00,0x00,0x00,0x00,0x00,0x00,0x00,0x00,0x00,0x0F,0xFC,0x0F,0x00,0x1B,0x00,
    0x1B,0x00,0x13,0x00,0x33,0xF8,0x33,0x00,0x7F,0x00,0x63,0x00,0xC3,0x00,0xC3,0xFC,
    0x00,0x00,0x00,0x00,0x00,0x00,0x00,0x00,0x00,0x00,0x00,0x00,0x00,0x00,0x1F,0x80,
    0x38,0xC0,0x60,0x40,0x60,0x00,0x60,0x00,0x60,0x00,0x60,0x00,0x60,0x00,0x60,0x40,
    0x38,0xC0,0x1F,0x80,0x02,0x00,0x02,0x00,0x0E,0x00,0x00,0x00,0x18,0x00,0x0C,0x00,
    0x00,0x00,0x7F,0x80,0x60,0x00,0x60,0x00,0x60,0x00,0x60,0x00,0x7F,0x00,0x60,0x00,
    0x60,0x00,0x60,0x00,0x60,0x00,0x7F,0x80,0x00,0x00,0x00,0x00,0x00,0x00,0x00,0x00,
    0x04,0x00,0x0C,0x00,0x00,0x00,0x7F,0x80,0x60,0x00,0x60,0x00,0x60,0x00,0x60,0x00,
    0x7F,0x00,0x60,0x00,0x60,0x00,0x60,0x00,0x60,0x00,0x7F,0x80,0x00,0x00,0x00,0x00,
    0x00,0x00,0x00,0x00,0x0C,0x00,0x16,0x00,0x00,0x00,0x7F,0x80,0x60,0x00,0x60,0x00,
    0x60,0x00,0x60,0x00,0x7F,0x00,0x60,0x00,0x60,0x00,0x60,0x00,0x60,0x00,0x7F,0x80,
    0x00,0x00,0x00,0x00,0x00,0x00,0x00,0x00,0x16,0x00,0x16,0x00,0x00,0x00,0x7F,0x80,
    0x60,0x00,0x60,0x00,0x60,0x00,0x60,0x00,0x7F,0x00,0x60,0x00,0x60,0x00,0x60,0x00,
    0x60,0x00,0x7F,0x80,0x00,0x00,0x00,0x00,0x00,0x00,0x00,0x00,0x40,0x60,0x00,0x60,
    0x60,0x60,0x60,0x60,0x60,0x60,0x60,0x60,0x60,0x60,0x00,0x00,0x00,0x00,0x30,0x60,
    0x00,0x60,0x60,0x60,0x60,0x60,0x60,0x60,0x60,0x60,0x60,0x60,0x00,0x00,0x00,0x00,
    0x60,0xD0,0x00,0x60,0x60,0x60,0x60,0x60,0x60,0x60,0x60,0x60,0x60,0x60,0x00,0x00,
    0x00,0x00,0xD0,0xD0,0x00,0x60,0x60,0x60,0x60,0x60,0x60,0x60,0x60,0x60,0x60,0x60,
    0x00,0x00,0x00,0x00,0x00,0x00,0x00,0x00,0x00,0x00,0x7F,0x00,0x61,0xC0,0x60,0xC0,
    0x60,0x60,0x60,0x60,0xFC,0x60,0x60,0x60,0x60,0x60,0x60,0xC0,0x61,0xC0,0x7F,0x00,
    0x00,0x00,0x00,0x00,0x00,0x00,0x00,0x00,0x1D,0x00,0x17,0x00,0x00,0x00,0x70,0xC0,
    0x70,0xC0,0x78,0xC0,0x68,0xC0,0x6C,0xC0,0x66,0xC0,0x66,0xC0,0x63,0xC0,0x63,0xC0,
    0x61,0xC0,0x61,0xC0,0x00,0x00,0x00,0x00,0x00,0x00,0x00,0x00,0x0C,0x00,0x06,0x00,
    0x00,0x00,0x1F,0x80,0x39,0xC0,0x60,0xC0,0x60,0x60,0x60,0x60,0x60,0x60,0x60,0x60,
    0x60,0x60,0x60,0xC0,0x39,0xC0,0x1F,0x80,0x00,0x00,0x00,0x00,0x00,0x00,0x00,0x00,
    0x02,0x00,0x06,0x00,0x00,0x00,0x1F,0x80,0x39,0xC0,0x60,0xC0,0x60,0x60,0x60,0x60,
    0x60,0x60,0x60,0x60,0x60,0x60,0x60,0xC0,0x39,0xC0,0x1F,0x80,0x00,0x00,0x00,0x00,
    0x00,0x00,0x00,0x00,0x06,0x00,0x0B,0x00,0x00,0x00,0x1F,0x80,0x39,0xC0,0x60,0xC0,
    0x60,0x60,0x60,0x60,0x60,0x60,0x60,0x60,0x60,0x60,0x60,0xC0,0x39,0xC0,0x1F,0x80,
    0x00,0x00,0x00,0x00,0x00,0x00,0x00,0x00,0x0D,0x00,0x1B,0x00,0x00,0x00,0x1F,0x80,
    0x39,0xC0,0x60,0xC0,0x60,0x60,0x60,0x60,0x60,0x60,0x60,0x60,0x60,0x60,0x60,0xC0,
    0x39,0xC0,0x1F,0x80,0x00,0x00,0x00,0x00,0x00,0x00,0x00,0x00,0x0B,0x00,0x0B,0x00,
    0x00,0x00,0x1F,0x80,0x39,0xC0,0x60,0xC0,0x60,0x60,0x60,0x60,0x60,0x60,0x60,0x60,
    0x60,0x60,0x60,0xC0,0x39,0xC0,0x1F,0x80,0x00,0x00,0x00,0x00,0x00,0x00,0x00,0x00,
    0x00,0x00,0x00,0x00,0x00,0x00,0x00,0x00,0x00,0x00,0x30,0x40,0x18,0xC0,0x0D,0x80,
    0x07,0x00,0x07,0x00,0x0D,0x80,0x18,0xC0,0x30,0x40,0x00,0x00,0x00,0x00,0x00,0x00,
    0x00,0x00,0x00,0x00,0x00,0x00,0x00,0x00,0x00,0x00,0x1F,0xE0,0x39,0xC0,0x60,0xE0,
    0x61,0x60,0x63,0x60,0x66,0x60,0x6C,0x60,0x78,0x60,0x70,0xC0,0x39,0xC0,0x7F,0x80,
    0x00,0x00,0x00,0x00,0x00,0x00,0x00,0x00,0x0C,0x00,0x04,0x00,0x00,0x00,0x60,0xC0,
    0x60,0xC0,0x60,0xC0,0x60,0xC0,0x60,0xC0,0x60,0xC0,0x60,0xC0,0x60,0xC0,0x60,0xC0,
    0x31,0x80,0x1F,0x00,0x00,0x00,0x00,0x00,0x00,0x00,0x00,0x00,0x06,0x00,0x04,0x00,
    0x00,0x00,0x60,0xC0,0x60,0xC0,0x60,0xC0,0x60,0xC0,0x60,0xC0,0x60,0xC0,0x60,0xC0,
    0x60,0xC0,0x60,0xC0,0x31,0x80,0x1F,0x00,0x00,0x00,0x00,0x00,0x00,0x00,0x00,0x00,
    0x0E,0x00,0x1B,0x00,0x00,0x00,0x60,0xC0,0x60,0xC0,0x60,0xC0,0x60,0xC0,0x60,0xC0,
    0x60,0xC0,0x60,0xC0,0x60,0xC0,0x60,0xC0,0x31,0x80,0x1F,0x00,0x00,0x00,0x00,0x00,
    0x00,0x00,0x00,0x00,0x1B,0x00,0x1B,0x00,0x00,0x00,0x60,0xC0,0x60,0xC0,0x60,0xC0,
    0x60,0xC0,0x60,0xC0,0x60,0xC0,0x60,0xC0,0x60,0xC0,0x60,0xC0,0x31,0x80,0x1F,0x00,
    0x00,0x00,0x00,0x00,0x00,0x00,0x00,0x00,0x0C,0x00,0x08,0x00,0x00,0x00,0xC1,0x80,
    0x63,0x00,0x63,0x00,0x36,0x00,0x1C,0x00,0x1C,0x00,0x0C,0x00,0x0C,0x00,0x0C,0x00,
    0x0C,0x00,0x0C,0x00,0x00,0x00,0x00,0x00,0x00,0x00,0x00,0x00,0x00,0x00,0x00,0x00,
    0x00,0x00,0x60,0x00,0x60,0x00,0x7E,0x00,0x63,0x00,0x61,0x80,0x61,0x80,0x61,0x80,
    0x63,0x00,0x7E,0x00,0x60,0x00,0x60,0x00,0x00,0x00,0x00,0x00,0x00,0x00,0x00,0x00,
    0x00,0x00,0x00,0x00,0x00,0x00,0x3E,0x00,0x33,0x00,0x63,0x00,0x66,0x00,0x6C,0x00,
    0x6C,0x00,0x66,0x00,0x63,0x80,0x61,0x80,0x61,0x80,0x7F,0x00,0x00,0x00,0x00,0x00,
    0x00,0x00,0x00,0x00,0x00,0x00,0x00,0x00,0x30,0x00,0x10,0x00,0x08,0x00,0x00,0x00,
    0x7E,0x00,0x03,0x00,0x03,0x00,0x3F,0x00,0x63,0x00,0x43,0x00,0x67,0x00,0x3F,0x00,
    0x00,0x00,0x00,0x00,0x00,0x00,0x00,0x00,0x00,0x00,0x00,0x00,0x06,0x00,0x0C,0x00,
    0x18,0x00,0x00,0x00,0x7E,0x00,0x03,0x00,0x03,0x00,0x3F,0x00,0x63,0x00,0x43,0x00,
    0x67,0x00,0x3F,0x00,0x00,0x00,0x00,0x00,0x00,0x00,0x00,0x00,0x00,0x00,0x00,0x00,
    0x18,0x00,0x1C,0x00,0x36,0x00,0x00,0x00,0x7E,0x00,0x03,0x00,0x03,0x00,0x3F,0x00,
    0x63,0x00,0x43,0x00,0x67,0x00,0x3F,0x00,0x00,0x00,0x00,0x00,0x00,0x00,0x00,0x00,
    0x00,0x00,0x00,0x00,0x3A,0x00,0x2C,0x00,0x00,0x00,0x00,0x00,0x7E,0x00,0x03,0x00,
    0x03,0x00,0x3F,0x00,0x63,0x00,0x43,0x00,0x67,0x00,0x3F,0x00,0x00,0x00,0x00,0x00,
    0x00,0x00,0x00,0x00,0x00,0x00,0x00,0x00,0x00,0x00,0x36,0x00,0x36,0x00,0x00,0x00,
    0x7E,0x00,0x03,0x00,0x03,0x00,0x3F,0x00,0x63,0x00,0x43,0x00,0x67,0x00,0x3F,0x00,
    0x00,0x00,0x00,0x00,0x00,0x00,0x00,0x00,0x00,0x00,0x1C,0x00,0x34,0x00,0x34,0x00,
    0x1C,0x00,0x00,0x00,0x7E,0x00,0x03,0x00,0x03,0x00,0x3F,0x00,0x63,0x00,0x43,0x00,
    0x67,0x00,0x3F,0x00,0x00,0x00,0x00,0x00,0x00,0x00,0x00,0x00,0x00,0x00,0x00,0x00,
    0x00,0x00,0x00,0x00,0x00,0x00,0x00,0x00,0x7E,0xF0,0x03,0x98,0x03,0x0C,0x3F,0x0C,
    0x63,0xFC,0x43,0x00,0x67,0x8C,0x3C,0xF8,0x00,0x00,0x00,0x00,0x00,0x00,0x00,0x00,
    0x00,0x00,0x00,0x00,0x00,0x00,0x3E,0x72,0x60,0x60,0x60,0x60,0x72,0x3E,0x04,0x04,
    0x1C,0x00,0x00,0x00,0x00,0x00,0x30,0x00,0x18,0x00,0x0C,0x00,0x00,0x00,0x3E,0x00,
    0x73,0x00,0x61,0x00,0x61,0x80,0x7F,0x80,0x60,0x00,0x71,0x00,0x1E,0x00,0x00,0x00,
    0x00,0x00,0x00,0x00,0x00,0x00,0x00,0x00,0x00,0x00,0x06,0x00,0x04,0x00,0x08,0x00,
    0x00,0x00,0x3E,0x00,0x73,0x00,0x61,0x00,0x61,0x80,0x7F,0x80,0x60,0x00,0x71,0x00,
    0x1E,0x00,0x00,0x00,0x00,0x00,0x00,0x00,0x00,0x00,0x00,0x00,0x00,0x00,0x0C,0x00,
    0x1C,0x00,0x12,0x00,0x00,0x00,0x3E,0x00,0x73,0x00,0x61,0x00,0x61,0x80,0x7F,0x80,
    0x60,0x00,0x71,0x00,0x1E,0x00,0x00,0x00,0x00,0x00,0x00,0x00,0x00,0x00,0x00,0x00,
    0x00,0x00,0x00,0x00,0x36,0x00,0x36,0x00,0x00,0x00,0x3E,0x00,0x73,0x00,0x61,0x00,
    0x61,0x80,0x7F,0x80,0x60,0x00,0x71,0x00,0x1E,0x00,0x00,0x00,0x00,0x00,0x00,0x00,
    0x00,0x00,0x00,0x00,0xC0,0x40,0x60,0x00,0x60,0x60,0x60,0x60,0x60,0x60,0x60,0x60,
    0x00,0x00,0x00,0x00,0x00,0x00,0x10,0x30,0x60,0x00,0x60,0x60,0x60,0x60,0x60,0x60,
    0x60,0x60,0x00,0x00,0x00,0x00,0x00,0x00,0x60,0xF0,0x90,0x00,0x60,0x60,0x60,0x60,
    0x60,0x60,0x60,0x60,0x00,0x00,0x00,0x00,0x00,0x00,0x00,0xD0,0xD0,0x00,0x60,0x60,
    0x60,0x60,0x60,0x60,0x60,0x60,0x00,0x00,0x00,0x00,0x00,0x00,0x00,0x00,0x00,0x00,
    0x1A,0x00,0x3C,0x00,0x26,0x00,0x3E,0x00,0x73,0x00,0x61,0x00,0x61,0x80,0x41,0x80,
    0x63,0x00,0x73,0x00,0x3E,0x00,0x00,0x00,0x00,0x00,0x00,0x00,0x00,0x00,0x00,0x00,
    0x00,0x00,0x1A,0x00,0x36,0x00,0x00,0x00,0x00,0x00,0x7E,0x00,0x73,0x00,0x61,0x00,
    0x61,0x00,0x61,0x00,0x61,0x00,0x61,0x00,0x61,0x00,0x00,0x00,0x00,0x00,0x00,0x00,
    0x00,0x00,0x00,0x00,0x00,0x00,0x30,0x00,0x18,0x00,0x08,0x00,0x00,0x00,0x3E,0x00,
    0x73,0x00,0x63,0x00,0x61,0x00,0x41,0x00,0x63,0x00,0x73,0x00,0x3E,0x00,0x00,0x00,
    0x00,0x00,0x00,0x00,0x00,0x00,0x00,0x00,0x00,0x00,0x06,0x00,0x0C,0x00,0x08,0x00,
    0x00,0x00,0x3E,0x00,0x73,0x00,0x63,0x00,0x61,0x00,0x41,0x00,0x63,0x00,0x73,0x00,
    0x3E,0x00,0x00,0x00,0x00,0x00,0x00,0x00,0x00,0x00,0x00,0x00,0x00,0x00,0x0C,0x00,
    0x1C,0x00,0x36,0x00,0x00,0x00,0x3E,0x00,0x73,0x00,0x63,0x00,0x61,0x00,0x41,0x00,
    0x63,0x00,0x73,0x00,0x3E,0x00,0x00,0x00,0x00,0x00,0x00,0x00,0x00,0x00,0x00,0x00,
    0x00,0x00,0x3A,0x00,0x2E,0x00,0x00,0x00,0x00,0x00,0x3E,0x00,0x73,0x00,0x63,0x00,
    0x61,0x00,0x41,0x00,0x63,0x00,0x73,0x00,0x3E,0x00,0x00,0x00,0x00,0x00,0x00,0x00,
    0x00,0x00,0x00,0x00,0x00,0x00,0x00,0x00,0x36,0x00,0x36,0x00,0x00,0x00,0x3E,0x00,
    0x73,0x00,0x63,0x00,0x61,0x00,0x41,0x00,0x63,0x00,0x73,0x00,0x3E,0x00,0x00,0x00,
    0x00,0x00,0x00,0x00,0x00,0x00,0x00,0x00,0x00,0x00,0x00,0x00,0x00,0x00,0x00,0x00,
    0x00,0x00,0x06,0x00,0x06,0x00,0x00,0x00,0x7F,0xE0,0x00,0x00,0x06,0x00,0x06,0x00,
    0x00,0x00,0x00,0x00,0x00,0x00,0x00,0x00,0x00,0x00,0x00,0x00,0x00,0x00,0x00,0x00,
    0x00,0x00,0x00,0x00,0x00,0x00,0x3F,0x00,0x73,0x00,0x67,0x00,0x6D,0x00,0x59,0x00,
    0x73,0x00,0x73,0x00,0x7E,0x00,0x00,0x00,0x00,0x00,0x00,0x00,0x00,0x00,0x00,0x00,
    0x00,0x00,0x30,0x00,0x18,0x00,0x0C,0x00,0x00,0x00,0x61,0x00,0x61,0x00,0x61,0x00,
    0x61,0x00,0x61,0x00,0x63,0x00,0x63,0x00,0x3F,0x00,0x00,0x00,0x00,0x00,0x00,0x00,
    0x00,0x00,0x00,0x00,0x00,0x00,0x06,0x00,0x0C,0x00,0x08,0x00,0x00,0x00,0x61,0x00,
    0x61,0x00,0x61,0x00,0x61,0x00,0x61,0x00,0x63,0x00,0x63,0x00,0x3F,0x00,0x00,0x00,
    0x00,0x00,0x00,0x00,0x00,0x00,0x00,0x00,0x00,0x00,0x0C,0x00,0x1C,0x00,0x36,0x00,
    0x00,0x00,0x61,0x00,0x61,0x00,0x61,0x00,0x61,0x00,0x61,0x00,0x63,0x00,0x63,0x00,
    0x3F,0x00,0x00,0x00,0x00,0x00,0x00,0x00,0x00,0x00,0x00,0x00,0x00,0x00,0x00,0x00,
    0x36,0x00,0x36,0x00,0x00,0x00,0x61,0x00,0x61,0x00,0x61,0x00,0x61,0x00,0x61,0x00,
    0x63,0x00,0x63,0x00,0x3F,0x00,0x00,0x00,0x00,0x00,0x00,0x00,0x00,0x00,0x00,0x00,
    0x00,0x00,0x06,0x00,0x0C,0x00,0x08,0x00,0x00,0x00,0xC1,0x00,0x63,0x00,0x63,0x00,
    0x26,0x00,0x36,0x00,0x1C,0x00,0x1C,0x00,0x1C,0x00,0x18,0x00,0x18,0x00,0x70,0x00,
    0x00,0x00,0x00,0x00,0x00,0x00,0x00,0x00,0x60,0x00,0x60,0x00,0x60,0x00,0x7E,0x00,
    0x73,0x00,0x61,0x80,0x61,0x80,0x61,0x80,0x61,0x80,0x73,0x00,0x7E,0x00,0x60,0x00,
    0x60,0x00,0x60,0x00,0x00,0x00,0x00,0x00,0x00,0x00,0x00,0x00,0x36,0x00,0x36,0x00,
    0x00,0x00,0xC1,0x00,0x63,0x00,0x63,0x00,0x26,0x00,0x36,0x00,0x1C,0x00,0x1C,0x00,
    0x1C,0x00,0x18,0x00,0x18,0x00,0x70,0x00,0x00,0x00,0x00,0x00,0x00,0x00,0x00,0x00,
    0x0F,0xFE,0x38,0xC0,0x60,0xC0,0x60,0xC0,0x60,0xC0,0x60,0xFE,0x60,0xC0,0x60,0xC0,
    0x60,0xC0,0x38,0xC0,0x0F,0xFE,0x00,0x00,0x00,0x00,0x00,0x00,0x00,0x00,0x00,0x00,
    0x00,0x00,0x00,0x00,0x00,0x00,0x00,0x00,0x00,0x00,0x3E,0x78,0x73,0xCC,0x63,0x84,
    0x61,0x86,0x41,0xFE,0x63,0x80,0x73,0xC4,0x3E,0x7C,0x00,0x00,0x00,0x00,0x00,0x00,
    0x00,0x00,0x16,0x00,0x1C,0x00,0x00,0x00,0x3E,0x00,0x61,0x00,0x60,0x00,0x60,0x00,
    0x3C,0x00,0x0F,0x00,0x03,0x80,0x01,0x80,0x41,0x80,0x63,0x00,0x3E,0x00,0x00,0x00,
    0x00,0x00,0x00,0x00,0x00,0x00,0x00,0x00,0x24,0x3C,0x18,0x00,0x3C,0x66,0x40,0x78,
    0x1E,0x06,0x46,0x7C,0x00,0x00,0x00,0x00,0x1A,0x00,0x0C,0x00,0x00,0x00,0x7F,0xC0,
    0x01,0x80,0x03,0x80,0x07,0x00,0x06,0x00,0x0C,0x00,0x18,0x00,0x38,0x00,0x30,0x00,
    0x60,0x00,0xFF,0xC0,0x00,0x00,0x00,0x00,0x00,0x00,0x00,0x00,0x00,0x00,0x24,0x3C,
    0x18,0x00,0x7E,0x06,0x0C,0x18,0x38,0x30,0x60,0xFE,0x00,0x00,0x00,0x00,0x36,0x00,
    0x36,0x00,0x00,0x00,0xC1,0x80,0x63,0x00,0x63,0x00,0x36,0x00,0x1C,0x00,0x1C,0x00,
    0x0C,0x00,0x0C,0x00,0x0C,0x00,0x0C,0x00,0x0C,0x00,0x00,0x00,0x00,0x00,0x00,0x00,
    0x00,0x00,0x00,0x00,0x00,0x00,0x00,0x00,0x00,0x00,0x00,0x7E,0x00,0x00,0x00,0x00,
    0x00,0x00,0x00,0x00,0x00,0x00,0x00,0x00,0x00,0x00,0x00,0x00,0x00,0x00,0x00,0x00,
    0x00,0x00,0x00,0x00,0x00,0x00,0x7F,0xFC,0x00,0x00,0x00,0x00,0x00,0x00,0x00,0x00,
    0x00,0x00,0x00,0x00,0x00,0x00,0x00,0x00,0x00,0x00,0x00,0x20,0x20,0x60,0x60,0x00,
    0x00,0x00,0x00,0x00,0x00,0x00,0x00,0x00,0x00,0x00,0x00,0x00,0x00,0x30,0x30,0x60,
    0x60,0x00,0x00,0x00,0x00,0x00,0x00,0x00,0x00,0x00,0x00,0x00,0x00,0x00,0x00,0x24,
    0x24,0x6C,0x6C,0x00,0x00,0x00,0x00,0x00,0x00,0x00,0x00,0x00,0x00,0x00,0x00,0x00,
    0x00,0x36,0x36,0x6C,0x6C,0x00,0x00,0x00,0x00,0x00,0x00,0x00,0x00,0x00,0x00,0x00,
    0x00,0x00,0x00,0x00,0x00,0x00,0x00,0x00,0x00,0x00,0x00,0x00,0x1C,0x00,0x3E,0x00,
    0x3E,0x00,0x1C,0x00,0x00,0x00,0x00,0x00,0x00,0x00,0x00,0x00,0x00,0x00,0x00,0x00,
    0x00,0x00,0x00,0x00,0x00,0x00,0x00,0x00,0x00,0x00,0x00,0x00,0x00,0x00,0x00,0x00,
    0x00,0x00,0x00,0x00,0x00,0x00,0x00,0x00,0x00,0x00,0x00,0x00,0x21,0x08,0x21,0x08,
    0x00,0x00,0x00,0x00,0x00,0x00,0x00,0x00,
};
const FontGlyph FONT_18_REG_GLYPHS[174] PROGMEM = {
    {5, 0},
    {6, 18},
    {7, 36},
    {13, 54},
    {10, 90},
    {14, 126},
    {12, 162},
    {4, 198},
    {6, 216},
    {6, 234},
    {8, 252},
    {13, 270},
    {5, 306},
    {5, 324},
    {5, 342},
    {5, 360},
    {10, 378},
    {10, 414},
    {10, 450},
    {10, 486},
    {10, 522},
    {10, 558},
    {10, 594},
    {10, 630},
    {10, 666},
    {10, 702},
    {5, 738},
    {5, 756},
    {13, 774},
    {13, 810},
    {13, 846},
    {8, 882},
    {15, 900},
    {10, 936},
    {10, 972},
    {10, 1008},
    {12, 1044},
    {9, 1080},
    {9, 1116},
    {12, 1152},
    {11, 1188},
    {4, 1224},
    {4, 1242},
    {10, 1260},
    {8, 1296},
    {13, 1314},
    {11, 1350},
    {12, 1386},
    {9, 1422},
    {12, 1458},
    {10, 1494},
    {10, 1530},
    {9, 1566},
    {11, 1602},
    {10, 1638},
    {15, 1674},
    {10, 1710},
    {9, 1746},
    {10, 1782},
    {6, 1818},
    {5, 1836},
    {6, 1854},
    {13, 1872},
    {8, 1908},
    {8, 1926},
    {9, 1944},
    {10, 1980},
    {8, 2016},
    {10, 2034},
    {9, 2070},
    {5, 2106},
    {10, 2124},
    {10, 2160},
    {4, 2196},
    {4, 2214},
    {9, 2232},
    {4, 2268},
    {15, 2286},
    {10, 2322},
    {9, 2358},
    {10, 2394},
    {10, 2430},
    {6, 2466},
    {8, 2484},
    {6, 2502},
    {10, 2520},
    {9, 2556},
    {12, 2592},
    {9, 2628},
    {9, 2664},
    {8, 2700},
    {10, 2718},
    {5, 2754},
    {10, 2772},
    {13, 2808},
    {10, 2844},
    {10, 2880},
    {10, 2916},
    {10, 2952},
    {10, 2988},
    {10, 3024},
    {15, 3060},
    {10, 3096},
    {9, 3132},
    {9, 3168},
    {9, 3204},
    {9, 3240},
    {4, 3276},
    {4, 3294},
    {4, 3312},
    {4, 3330},
    {12, 3348},
    {11, 3384},
    {12, 3420},
    {12, 3456},
    {12, 3492},
    {12, 3528},
    {12, 3564},
    {13, 3600},
    {12, 3636},
    {11, 3672},
    {11, 3708},
    {11, 3744},
    {11, 3780},
    {9, 3816},
    {9, 3852},
    {9, 3888},
    {9, 3924},
    {9, 3960},
    {9, 3996},
    {9, 4032},
    {9, 4068},
    {9, 4104},
    {15, 4140},
    {8, 4176},
    {9, 4194},
    {9, 4230},
    {9, 4266},
    {9, 4302},
    {4, 4338},
    {4, 4356},
    {4, 4374},
    {4, 4392},
    {9, 4410},
    {10, 4446},
    {9, 4482},
    {9, 4518},
    {9, 4554},
    {9, 4590},
    {9, 4626},
    {13, 4662},
    {9, 4698},
    {10, 4734},
    {10, 4770},
    {10, 4806},
    {10, 4842},
    {9, 4878},
    {10, 4914},
    {9, 4950},
    {16, 4986},
    {15, 5022},
    {10, 5058},
    {8, 5094},
    {10, 5112},
    {8, 5148},
    {9, 5166},
    {8, 5202},
    {15, 5220},
    {5, 5256},
    {5, 5274},
    {8, 5292},
    {8, 5310},
    {9, 5328},
    {15, 5364},
};
const UiFont FONT_18_REG = {18, FONT_18_REG_GLYPHS, FONT_18_REG_BITS};

const uint8_t FONT_18_BOLD_BITS[] PROGMEM = {
    0x00,0x00,0x00,0x00,0x00,0x00,0x00,0x00,0x00,0x00,0x00,0x00,0x00,0x00,0x00,0x00,
    0x00,0x00,0x00,0x00,0x00,0x38,0x38,0x38,0x38,0x38,0x38,0x38,0x00,0x38,0x38,0x38,
    0x00,0x00,0x00,0x00,0x00,0x00,0x00,0x6E,0x6E,0x6E,0x6E,0x00,0x00,0x00,0x00,0x00,
    0x00,0x00,0x00,0x00,0x00,0x00,0x00,0x00,0x00,0x00,0x00,0x00,0x06,0xC0,0x06,0xC0,
    0x0C,0xC0,0x0C,0xC0,0x3F,0xF0,0x0D,0x80,0x19,0x80,0x7F,0xE0,0x1B,0x00,0x1B,0x00,
    0x33,0x00,0x00,0x00,0x00,0x00,0x00,0x00,0x00,0x00,0x00,0x00,0x00,0x00,0x0C,0x00,
    0x0C,0x00,0x1F,0x00,0x7D,0x80,0x7C,0x00,0x7C,0x00,0x7F,0x00,0x3F,0x80,0x0F,0xC0,
    0x0D,0xC0,0x6D,0x80,0x3F,0x00,0x0C,0x00,0x0C,0x00,0x00,0x00,0x00,0x00,0x00,0x00,
    0x00,0x00,0x00,0x00,0x78,0x30,0x6C,0x60,0xEC,0xC0,0xEC,0xC0,0x6D,0x80,0x79,0xBC,
    0x03,0x6C,0x06,0x6E,0x06,0x6E,0x0C,0x6C,0x18,0x3C,0x00,0x00,0x00,0x00,0x00,0x00,
    0x00,0x00,0x00,0x00,0x00,0x00,0x00,0x00,0x1F,0x00,0x1C,0x80,0x3C,0x00,0x1C,0x00,
    0x3E,0x70,0x7F,0x70,0x77,0xF0,0x73,0xE0,0x71,0xE0,0x39,0xE0,0x1F,0xF0,0x00,0x00,
    0x00,0x00,0x00,0x00,0x00,0x00,0x00,0x00,0x00,0x60,0x60,0x60,0x60,0x00,0x00,0x00,
    0x00,0x00,0x00,0x00,0x00,0x00,0x00,0x00,0x00,0x00,0x00,0x1C,0x38,0x38,0x30,0x70,
    0x70,0x70,0x70,0x70,0x30,0x38,0x38,0x1C,0x00,0x00,0x00,0x00,0x00,0x70,0x30,0x38,
    0x38,0x18,0x1C,0x1C,0x1C,0x1C,0x38,0x38,0x30,0x70,0x00,0x00,0x00,0x00,0x00,0x18,
    0xDA,0x7E,0x3C,0x7E,0xDA,0x18,0x00,0x00,0x00,0x00,0x00,0x00,0x00,0x00,0x00,0x00,
    0x00,0x00,0x00,0x00,0x00,0x00,0x06,0x00,0x06,0x00,0x06,0x00,0x06,0x00,0x7F,0xE0,
    0x7F,0xE0,0x06,0x00,0x06,0x00,0x06,0x00,0x06,0x00,0x00,0x00,0x00,0x00,0x00,0x00,
    0x00,0x00,0x00,0x00,0x00,0x00,0x00,0x00,0x00,0x00,0x00,0x00,0x00,0x70,0x70,0x70,
    0x70,0x60,0x00,0x00,0x00,0x00,0x00,0x00,0x00,0x00,0x00,0x00,0x7C,0x7C,0x00,0x00,
    0x00,0x00,0x00,0x00,0x00,0x00,0x00,0x00,0x00,0x00,0x00,0x00,0x00,0x00,0x00,0x00,
    0x00,0x70,0x70,0x70,0x00,0x00,0x00,0x00,0x00,0x00,0x00,0x08,0x18,0x18,0x18,0x30,
    0x30,0x30,0x60,0x60,0x60,0xC0,0xC0,0x00,0x00,0x00,0x00,0x00,0x00,0x00,0x00,0x00,
    0x1F,0x00,0x33,0x80,0x73,0x80,0x71,0xC0,0x71,0xC0,0x71,0xC0,0x71,0xC0,0x71,0xC0,
    0x73,0x80,0x33,0x80,0x1F,0x00,0x00,0x00,0x00,0x00,0x00,0x00,0x00,0x00,0x00,0x00,
    0x00,0x00,0x00,0x00,0x3E,0x00,0x2E,0x00,0x0E,0x00,0x0E,0x00,0x0E,0x00,0x0E,0x00,
    0x0E,0x00,0x0E,0x00,0x0E,0x00,0x0E,0x00,0x3F,0xC0,0x00,0x00,0x00,0x00,0x00,0x00,
    0x00,0x00,0x00,0x00,0x00,0x00,0x00,0x00,0x3F,0x00,0x67,0x80,0x03,0x80,0x03,0x80,
    0x03,0x80,0x07,0x80,0x0F,0x00,0x1E,0x00,0x3C,0x00,0x78,0x00,0x7F,0x80,0x00,0x00,
    0x00,0x00,0x00,0x00,0x00,0x00,0x00,0x00,0x00,0x00,0x00,0x00,0x3F,0x00,0x67,0x80,
    0x03,0x80,0x03,0x80,0x07,0x80,0x1F,0x00,0x07,0x80,0x03,0x80,0x03,0x80,0x67,0x80,
    0x3F,0x00,0x00,0x00,0x00,0x00,0x00,0x00,0x00,0x00,0x00,0x00,0x00,0x00,0x00,0x00,
    0x0F,0x00,0x0F,0x00,0x1F,0x00,0x3F,0x00,0x77,0x00,0x77,0x00,0xE7,0x00,0xFF,0xC0,
    0x07,0x00,0x07,0x00,0x07,0x00,0x00,0x00,0x00,0x00,0x00,0x00,0x00,0x00,0x00,0x00,
    0x00,0x00,0x00,0x00,0x7F,0x80,0x70,0x00,0x70,0x00,0x70,0x00,0x7F,0x00,0x67,0x80,
    0x03,0x80,0x03,0xC0,0x03,0x80,0x67,0x80,0x3F,0x00,0x00,0x00,0x00,0x00,0x00,0x00,
    0x00,0x00,0x00,0x00,0x00,0x00,0x00,0x00,0x1F,0x00,0x38,0x80,0x70,0x00,0x70,0x00,
    0x7F,0x00,0x7B,0x80,0x71,0xC0,0x71,0xC0,0x71,0xC0,0x3B,0x80,0x1F,0x00,0x00,0x00,
    0x00,0x00,0x00,0x00,0x00,0x00,0x00,0x00,0x00,0x00,0x00,0x00,0x7F,0x80,0x03,0x80,
    0x07,0x80,0x07,0x80,0x07,0x00,0x0F,0x00,0x0E,0x00,0x1E,0x00,0x1C,0x00,0x1C,0x00,
    0x38,0x00,0x00,0x00,0x00,0x00,0x00,0x00,0x00,0x00,0x00,0x00,0x00,0x00,0x00,0x00,
    0x3F,0x00,0x7B,0x80,0x73,0x80,0x73,0x80,0x33,0x80,0x3F,0x00,0x73,0x80,0x71,0xC0,
    0x71,0xC0,0x73,0x80,0x3F,0x00,0x00,0x00,0x00,0x00,0x00,0x00,0x00,0x00,0x00,0x00,
    0x00,0x00,0x00,0x00,0x3E,0x00,0x73,0x80,0x73,0x80,0x73,0x80,0x73,0xC0,0x73,0xC0,
    0x3F,0xC0,0x03,0x80,0x03,0x80,0x67,0x00,0x3E,0x00,0x00,0x00,0x00,0x00,0x00,0x00,
    0x00,0x00,0x00,0x00,0x00,0x00,0x00,0x00,0x78,0x78,0x78,0x00,0x00,0x78,0x78,0x78,
    0x00,0x00,0x00,0x00,0x00,0x00,0x00,0x00,0x00,0x00,0x78,0x78,0x78,0x00,0x00,0x78,
    0x78,0x70,0x70,0x60,0x00,0x00,0x00,0x00,0x00,0x00,0x00,0x00,0x00,0x00,0x00,0x00,
    0x00,0x60,0x01,0xE0,0x0F,0xC0,0x3E,0x00,0x78,0x00,0x3E,0x00,0x0F,0xC0,0x01,0xE0,
    0x00,0x60,0x00,0x00,0x00,0x00,0x00,0x00,0x00,0x00,0x00,0x00,0x00,0x00,0x00,0x00,
    0x00,0x00,0x00,0x00,0x00,0x00,0x7F,0xE0,0x7F,0xE0,0x00,0x00,0x00,0x00,0x7F,0xE0,
    0x7F,0xE0,0x00,0x00,0x00,0x00,0x00,0x00,0x00,0x00,0x00,0x00,0x00,0x00,0x00,0x00,
    0x00,0x00,0x00,0x00,0x00,0x00,0x00,0x00,0x60,0x00,0x7C,0x00,0x1F,0x80,0x07,0xE0,
    0x00,0xE0,0x07,0xE0,0x1F,0x80,0x7C,0x00,0x60,0x00,0x00,0x00,0x00,0x00,0x00,0x00,
    0x00,0x00,0x00,0x00,0x00,0x00,0x00,0x00,0x3E,0x00,0x47,0x00,0x07,0x00,0x0F,0x00,
    0x1E,0x00,0x1C,0x00,0x38,0x00,0x00,0x00,0x38,0x00,0x38,0x00,0x38,0x00,0x00,0x00,
    0x00,0x00,0x00,0x00,0x00,0x00,0x00,0x00,0x00,0x00,0x00,0x00,0x07,0xE0,0x1C,0x70,
    0x30,0x18,0x23,0xEC,0x66,0xEC,0x6C,0x6C,0x6C,0x6C,0x6C,0x6C,0x66,0xF8,0x23,0xF0,
    0x30,0x00,0x1C,0x30,0x07,0xE0,0x00,0x00,0x00,0x00,0x00,0x00,0x00,0x00,0x00,0x00,
    0x0F,0x00,0x1F,0x00,0x1F,0x80,0x1F,0x80,0x3B,0x80,0x39,0xC0,0x39,0xC0,0x7F,0xC0,
    0x70,0xE0,0xE0,0xE0,0xE0,0xF0,0x00,0x00,0x00,0x00,0x00,0x00,0x00,0x00,0x00,0x00,
    0x00,0x00,0x00,0x00,0x7F,0x80,0x73,0xC0,0x71,0xC0,0x71,0xC0,0x73,0xC0,0x7F,0x80,
    0x71,0xC0,0x71,0xC0,0x71,0xE0,0x71,0xC0,0x7F,0x80,0x00,0x00,0x00,0x00,0x00,0x00,
    0x00,0x00,0x00,0x00,0x00,0x00,0x00,0x00,0x0F,0xC0,0x3C,0x40,0x78,0x00,0x70,0x00,
    0x70,0x00,0x70,0x00,0x70,0x00,0x70,0x00,0x78,0x00,0x3C,0x40,0x0F,0xC0,0x00,0x00,
    0x00,0x00,0x00,0x00,0x00,0x00,0x00,0x00,0x00,0x00,0x00,0x00,0x7F,0x80,0x71,0xC0,
    0x70,0xE0,0x70,0xF0,0x70,0x70,0x70,0x70,0x70,0x70,0x70,0xF0,0x70,0xE0,0x71,0xC0,
    0x7F,0x80,0x00,0x00,0x00,0x00,0x00,0x00,0x00,0x00,0x00,0x00,0x00,0x00,0x00,0x00,
    0x7F,0x80,0x70,0x00,0x70,0x00,0x70,0x00,0x70,0x00,0x7F,0x80,0x70,0x00,0x70,0x00,
    0x70,0x00,0x70,0x00,0x7F,0x80,0x00,0x00,0x00,0x00,0x00,0x00,0x00,0x00,0x00,0x00,
    0x00,0x00,0x00,0x00,0x7F,0x80,0x70,0x00,0x70,0x00,0x70,0x00,0x70,0x00,0x7F,0x80,
    0x70,0x00,0x70,0x00,0x70,0x00,0x70,0x00,0x70,0x00,0x00,0x00,0x00,0x00,0x00,0x00,
    0x00,0x00,0x00,0x00,0x00,0x00,0x00,0x00,0x0F,0xE0,0x3C,0x60,0x78,0x00,0x70,0x00,
    0x70,0x00,0x71,0xE0,0x70,0xE0,0x70,0xE0,0x78,0xE0,0x3C,0xE0,0x0F,0xE0,0x00,0x00,
    0x00,0x00,0x00,0x00,0x00,0x00,0x00,0x00,0x00,0x00,0x00,0x00,0x70,0xE0,0x70,0xE0,
    0x70,0xE0,0x70,0xE0,0x70,0xE0,0x7F,0xE0,0x70,0xE0,0x70,0xE0,0x70,0xE0,0x70,0xE0,
    0x70,0xE0,0x00,0x00,0x00,0x00,0x00,0x00,0x00,0x00,0x00,0x00,0x00,0x70,0x70,0x70,
    0x70,0x70,0x70,0x70,0x70,0x70,0x70,0x70,0x00,0x00,0x00,0x00,0x00,0x00,0x00,0x70,
    0x70,0x70,0x70,0x70,0x70,0x70,0x70,0x70,0x70,0x70,0x70,0x70,0xE0,0x00,0x00,0x00,
    0x00,0x00,0x00,0x00,0x70,0xE0,0x71,0xC0,0x73,0x80,0x7F,0x00,0x7E,0x00,0x7E,0x00,
    0x7F,0x00,0x7F,0x80,0x73,0xC0,0x71,0xE0,0x70,0xF0,0x00,0x00,0x00,0x00,0x00,0x00,
    0x00,0x00,0x00,0x00,0x00,0x00,0x00,0x00,0x70,0x00,0x70,0x00,0x70,0x00,0x70,0x00,
    0x70,0x00,0x70,0x00,0x70,0x00,0x70,0x00,0x70,0x00,0x70,0x00,0x7F,0x80,0x00,0x00,
    0x00,0x00,0x00,0x00,0x00,0x00,0x00,0x00,0x00,0x00,0x00,0x00,0x78,0x3C,0x7C,0x7C,
    0x7C,0x7C,0x7E,0xFC,0x7E,0xFC,0x77,0xDC,0x77,0xDC,0x73,0x9C,0x73,0x9C,0x70,0x1C,
    0x70,0x1C,0x00,0x00,0x00,0x00,0x00,0x00,0x00,0x00,0x00,0x00,0x00,0x00,0x00,0x00,
    0x78,0xE0,0x7C,0xE0,0x7C,0xE0,0x7E,0xE0,0x7E,0xE0,0x77,0xE0,0x77,0xE0,0x73,0xE0,
    0x71,0xE0,0x71,0xE0,0x70,0xE0,0x00,0x00,0x00,0x00,0x00,0x00,0x00,0x00,0x00,0x00,
    0x00,0x00,0x00,0x00,0x1F,0x80,0x39,0xE0,0x70,0xE0,0x70,0x70,0x70,0x70,0x70,0x70,
    0x70,0x70,0x70,0x70,0x70,0xE0,0x39,0xE0,0x1F,0x80,0x00,0x00,0x00,0x00,0x00,0x00,
    0x00,0x00,0x00,0x00,0x00,0x00,0x00,0x00,0x7F,0x80,0x71,0xC0,0x71,0xC0,0x71,0xE0,
    0x71,0xC0,0x71,0xC0,0x7F,0x80,0x70,0x00,0x70,0x00,0x70,0x00,0x70,0x00,0x00,0x00,
    0x00,0x00,0x00,0x00,0x00,0x00,0x00,0x00,0x00,0x00,0x00,0x00,0x1F,0x80,0x39,0xE0,
    0x70,0xE0,0x70,0x70,0x70,0x70,0x70,0x70,0x70,0x70,0x70,0x70,0x70,0xE0,0x39,0xE0,
    0x1F,0xC0,0x01,0xC0,0x00,0xE0,0x00,0x00,0x00,0x00,0x00,0x00,0x00,0x00,0x00,0x00,
    0x7F,0x80,0x73,0xC0,0x71,0xC0,0x71,0xC0,0x71,0xC0,0x73,0x80,0x7F,0x80,0x73,0xC0,
    0x71,0xC0,0x71,0xE0,0x70,0xE0,0x00,0x00,0x00,0x00,0x00,0x00,0x00,0x00,0x00,0x00,
    0x00,0x00,0x00,0x00,0x1F,0x80,0x71,0x80,0x70,0x00,0x78,0x00,0x7F,0x00,0x3F,0x80,
    0x1F,0xC0,0x03,0xC0,0x01,0xC0,0x63,0x80,0x7F,0x00,0x00,0x00,0x00,0x00,0x00,0x00,
    0x00,0x00,0x00,0x00,0x00,0x00,0x00,0x00,0xFF,0xC0,0x0E,0x00,0x0E,0x00,0x0E,0x00,
    0x0E,0x00,0x0E,0x00,0x0E,0x00,0x0E,0x00,0x0E,0x00,0x0E,0x00,0x0E,0x00,0x00,0x00,
    0x00,0x00,0x00,0x00,0x00,0x00,0x00,0x00,0x00,0x00,0x00,0x00,0x70,0xE0,0x70,0xE0,
    0x70,0xE0,0x70,0xE0,0x70,0xE0,0x70,0xE0,0x70,0xE0,0x70,0xE0,0x78,0xE0,0x39,0xC0,
    0x1F,0x80,0x00,0x00,0x00,0x00,0x00,0x00,0x00,0x00,0x00,0x00,0x00,0x00,0x00,0x00,
    0xE0,0xF0,0xF0,0xE0,0x70,0xE0,0x71,0xC0,0x39,0xC0,0x39,0xC0,0x3B,0x80,0x1F,0x80,
    0x1F,0x80,0x1F,0x00,0x0F,0x00,0x00,0x00,0x00,0x00,0x00,0x00,0x00,0x00,0x00,0x00,
    0x00,0x00,0x00,0x00,0x00,0x00,0x00,0xE1,0xC7,0x00,0x73,0xC7,0x00,0x73,0xC7,0x00,
    0x73,0xEE,0x00,0x73,0x6E,0x00,0x3F,0x6E,0x00,0x3F,0x6E,0x00,0x3E,0x7E,0x00,0x3E,
    0x7C,0x00,0x1E,0x3C,0x00,0x1E,0x3C,0x00,0x00,0x00,0x00,0x00,0x00,0x00,0x00,0x00,
    0x00,0x00,0x00,0x00,0x00,0x00,0x00,0x00,0x00,0x00,0x70,0xE0,0x79,0xC0,0x3B,0xC0,
    0x1F,0x80,0x1F,0x00,0x0F,0x00,0x1F,0x00,0x3F,0x80,0x3B,0xC0,0x71,0xC0,0xF0,0xE0,
    0x00,0x00,0x00,0x00,0x00,0x00,0x00,0x00,0x00,0x00,0x00,0x00,0x00,0x00,0xE1,0xE0,
    0x71,0xC0,0x7B,0xC0,0x3F,0x80,0x1F,0x00,0x1F,0x00,0x0E,0x00,0x0E,0x00,0x0E,0x00,
    0x0E,0x00,0x0E,0x00,0x00,0x00,0x00,0x00,0x00,0x00,0x00,0x00,0x00,0x00,0x00,0x00,
    0x00,0x00,0x7F,0xC0,0x03,0xC0,0x07,0xC0,0x07,0x80,0x0F,0x00,0x1F,0x00,0x3E,0x00,
    0x3C,0x00,0x78,0x00,0xF8,0x00,0xFF,0xC0,0x00,0x00,0x00,0x00,0x00,0x00,0x00,0x00,
    0x00,0x00,0x00,0x7C,0x70,0x70,0x70,0x70,0x70,0x70,0x70,0x70,0x70,0x70,0x70,0x7C,
    0x00,0x00,0x00,0x00,0x00,0xC0,0xC0,0x60,0x60,0x60,0x30,0x30,0x30,0x18,0x18,0x18,
    0x08,0x00,0x00,0x00,0x00,0x00,0x00,0x7C,0x1C,0x1C,0x1C,0x1C,0x1C,0x1C,0x1C,0x1C,
    0x1C,0x1C,0x1C,0x7C,0x00,0x00,0x00,0x00,0x00,0x00,0x00,0x00,0x07,0x00,0x0F,0x80,
    0x1D,0xC0,0x30,0xE0,0x00,0x00,0x00,0x00,0x00,0x00,0x00,0x00,0x00,0x00,0x00,0x00,
    0x00,0x00,0x00,0x00,0x00,0x00,0x00,0x00,0x00,0x00,0x00,0x00,0x00,0x00,0x00,0x00,
    0x00,0x00,0x00,0x00,0x00,0x00,0x00,0x00,0x00,0x00,0x00,0xFF,0x00,0x00,0x60,0x30,
    0x18,0x00,0x00,0x00,0x00,0x00,0x00,0x00,0x00,0x00,0x00,0x00,0x00,0x00,0x00,0x00,
    0x00,0x00,0x00,0x00,0x00,0x00,0x00,0x00,0x00,0x00,0x7F,0x00,0x03,0x80,0x03,0x80,
    0x3F,0x80,0x73,0x80,0x73,0x80,0x77,0x80,0x7F,0x80,0x00,0x00,0x00,0x00,0x00,0x00,
    0x00,0x00,0x00,0x00,0x00,0x00,0x00,0x00,0x70,0x00,0x70,0x00,0x70,0x00,0x7F,0x80,
    0x7B,0x80,0x71,0xC0,0x71,0xC0,0x71,0xC0,0x71,0xC0,0x7B,0x80,0x7F,0x80,0x00,0x00,
    0x00,0x00,0x00,0x00,0x00,0x00,0x00,0x00,0x00,0x00,0x00,0x00,0x00,0x00,0x00,0x00,
    0x00,0x00,0x3E,0x00,0x79,0x00,0x70,0x00,0xF0,0x00,0xF0,0x00,0x70,0x00,0x79,0x00,
    0x3E,0x00,0x00,0x00,0x00,0x00,0x00,0x00,0x00,0x00,0x00,0x00,0x00,0x00,0x00,0x00,
    0x01,0xC0,0x01,0xC0,0x01,0xC0,0x3F,0xC0,0x73,0xC0,0x73,0xC0,0x71,0xC0,0x71,0xC0,
    0x73,0xC0,0x73,0xC0,0x3F,0xC0,0x00,0x00,0x00,0x00,0x00,0x00,0x00,0x00,0x00,0x00,
    0x00,0x00,0x00,0x00,0x00,0x00,0x00,0x00,0x00,0x00,0x3F,0x00,0x73,0x80,0x73,0x80,
    0xFF,0xC0,0xF0,0x00,0x70,0x00,0x79,0x80,0x3F,0x00,0x00,0x00,0x00,0x00,0x00,0x00,
    0x00,0x00,0x00,0x00,0x00,0x3E,0x38,0x70,0xFE,0x70,0x70,0x70,0x70,0x70,0x70,0x70,
    0x00,0x00,0x00,0x00,0x00,0x00,0x00,0x00,0x00,0x00,0x00,0x00,0x00,0x00,0x00,0x00,
    0x3F,0xC0,0x73,0xC0,0x73,0xC0,0x71,0xC0,0x71,0xC0,0x73,0xC0,0x73,0xC0,0x3F,0xC0,
    0x03,0x80,0x23,0x80,0x3F,0x00,0x00,0x00,0x00,0x00,0x00,0x00,0x00,0x00,0x70,0x00,
    0x70,0x00,0x70,0x00,0x7F,0x80,0x7B,0x80,0x71,0xC0,0x71,0xC0,0x71,0xC0,0x71,0xC0,
    0x71,0xC0,0x71,0xC0,0x00,0x00,0x00,0x00,0x00,0x00,0x00,0x00,0x00,0x00,0x00,0x70,
    0x70,0x00,0x70,0x70,0x70,0x70,0x70,0x70,0x70,0x70,0x00,0x00,0x00,0x00,0x00,0x00,
    0x00,0x70,0x70,0x00,0x70,0x70,0x70,0x70,0x70,0x70,0x70,0x70,0x70,0x70,0xE0,0x00,
    0x00,0x00,0x00,0x00,0x00,0x00,0x70,0x00,0x70,0x00,0x70,0x00,0x73,0xC0,0x77,0x80,
    0x7E,0x00,0x7C,0x00,0x7E,0x00,0x7F,0x00,0x77,0x80,0x73,0xC0,0x00,0x00,0x00,0x00,
    0x00,0x00,0x00,0x00,0x00,0x00,0x00,0x70,0x70,0x70,0x70,0x70,0x70,0x70,0x70,0x70,
    0x70,0x70,0x00,0x00,0x00,0x00,0x00,0x00,0x00,0x00,0x00,0x00,0x00,0x00,0x00,0x00,
    0x00,0x00,0x7F,0xFC,0x7B,0xDC,0x73,0x8E,0x73,0x8E,0x73,0x8E,0x73,0x8E,0x73,0x8E,
    0x73,0x8E,0x00,0x00,0x00,0x00,0x00,0x00,0x00,0x00,0x00,0x00,0x00,0x00,0x00,0x00,
    0x00,0x00,0x00,0x00,0x00,0x00,0x7F,0x80,0x7B,0x80,0x71,0xC0,0x71,0xC0,0x71,0xC0,
    0x71,0xC0,0x71,0xC0,0x71,0xC0,0x00,0x00,0x00,0x00,0x00,0x00,0x00,0x00,0x00,0x00,
    0x00,0x00,0x00,0x00,0x00,0x00,0x00,0x00,0x00,0x00,0x3F,0x00,0x73,0x80,0x71,0xC0,
    0xF1,0xC0,0xF1,0xC0,0x71,0xC0,0x73,0x80,0x3F,0x00,0x00,0x00,0x00,0x00,0x00,0x00,
    0x00,0x00,0x00,0x00,0x00,0x00,0x00,0x00,0x00,0x00,0x00,0x00,0x00,0x00,0x7F,0x80,
    0x7B,0x80,0x71,0xC0,0x71,0xC0,0x71,0xC0,0x71,0xC0,0x7B,0x80,0x7F,0x80,0x70,0x00,
    0x70,0x00,0x70,0x00,0x00,0x00,0x00,0x00,0x00,0x00,0x00,0x00,0x00,0x00,0x00,0x00,
    0x00,0x00,0x3F,0xC0,0x73,0xC0,0x73,0xC0,0x71,0xC0,0x71,0xC0,0x73,0xC0,0x73,0xC0,
    0x3F,0xC0,0x01,0xC0,0x01,0xC0,0x01,0xC0,0x00,0x00,0x00,0x00,0x00,0x00,0x00,0x00,
    0x76,0x78,0x70,0x70,0x70,0x70,0x70,0x70,0x00,0x00,0x00,0x00,0x00,0x00,0x00,0x00,
    0x00,0x00,0x00,0x00,0x00,0x00,0x00,0x00,0x3E,0x00,0x73,0x00,0x70,0x00,0x7E,0x00,
    0x3F,0x00,0x07,0x00,0x47,0x00,0x3E,0x00,0x00,0x00,0x00,0x00,0x00,0x00,0x00,0x00,
    0x00,0x00,0x00,0x70,0x70,0x70,0xFE,0x70,0x70,0x70,0x70,0x70,0x78,0x3E,0x00,0x00,
    0x00,0x00,0x00,0x00,0x00,0x00,0x00,0x00,0x00,0x00,0x00,0x00,0x00,0x00,0x71,0xC0,
    0x71,0xC0,0x71,0xC0,0x71,0xC0,0x71,0xC0,0x73,0xC0,0x73,0xC0,0x3F,0xC0,0x00,0x00,
    0x00,0x00,0x00,0x00,0x00,0x00,0x00,0x00,0x00,0x00,0x00,0x00,0x00,0x00,0x00,0x00,
    0x00,0x00,0xE1,0xC0,0x73,0x80,0x73,0x80,0x77,0x00,0x3F,0x00,0x3F,0x00,0x1E,0x00,
    0x1E,0x00,0x00,0x00,0x00,0x00,0x00,0x00,0x00,0x00,0x00,0x00,0x00,0x00,0x00,0x00,
    0x00,0x00,0x00,0x00,0x00,0x00,0xE3,0x38,0x77,0xB8,0x77,0xB8,0x77,0xB8,0x3F,0xF0,
    0x3D,0xF0,0x3C,0xF0,0x3C,0xE0,0x00,0x00,0x00,0x00,0x00,0x00,0x00,0x00,0x00,0x00,
    0x00,0x00,0x00,0x00,0x00,0x00,0x00,0x00,0x00,0x00,0x73,0x80,0x77,0x00,0x3F,0x00,
    0x1E,0x00,0x1E,0x00,0x3F,0x00,0x77,0x80,0xF3,0x80,0x00,0x00,0x00,0x00,0x00,0x00,
    0x00,0x00,0x00,0x00,0x00,0x00,0x00,0x00,0x00,0x00,0x00,0x00,0x00,0x00,0xE1,0x80,
    0x73,0x80,0x73,0x80,0x37,0x00,0x3F,0x00,0x3F,0x00,0x1E,0x00,0x1E,0x00,0x0E,0x00,
    0x1C,0x00,0x78,0x00,0x00,0x00,0x00,0x00,0x00,0x00,0x00,0x00,0x00,0x00,0x00,0x00,
    0x00,0x00,0x7F,0x00,0x0F,0x00,0x1F,0x00,0x1E,0x00,0x3C,0x00,0x78,0x00,0xF0,0x00,
    0xFF,0x00,0x00,0x00,0x00,0x00,0x00,0x00,0x00,0x00,0x00,0x00,0x00,0x00,0x00,0x00,
    0x07,0x80,0x0E,0x00,0x0E,0x00,0x0E,0x00,0x0E,0x00,0x1E,0x00,0x3C,0x00,0x1E,0x00,
    0x0E,0x00,0x0E,0x00,0x0E,0x00,0x0E,0x00,0x0E,0x00,0x07,0x80,0x00,0x00,0x00,0x00,
    0x00,0x30,0x30,0x30,0x30,0x30,0x30,0x30,0x30,0x30,0x30,0x30,0x30,0x30,0x30,0x30,
    0x00,0x00,0x00,0x00,0x00,0x00,0x3C,0x00,0x1E,0x00,0x0E,0x00,0x0E,0x00,0x0E,0x00,
    0x0E,0x00,0x07,0x80,0x0E,0x00,0x0E,0x00,0x0E,0x00,0x0E,0x00,0x0E,0x00,0x1E,0x00,
    0x3C,0x00,0x00,0x00,0x00,0x00,0x00,0x00,0x00,0x00,0x00,0x00,0x00,0x00,0x00,0x00,
    0x00,0x00,0x00,0x00,0x3E,0x20,0x7F,0xE0,0x63,0xC0,0x00,0x00,0x00,0x00,0x00,0x00,
    0x00,0x00,0x00,0x00,0x00,0x00,0x00,0x00,0x1C,0x00,0x06,0x00,0x00,0x00,0x0F,0x00,
    0x1F,0x00,0x1F,0x80,0x1F,0x80,0x3B,0x80,0x39,0xC0,0x39,0xC0,0x7F,0xC0,0x70,0xE0,
    0xE0,0xE0,0xE0,0xF0,0x00,0x00,0x00,0x00,0x00,0x00,0x00,0x00,0x07,0x00,0x06,0x00,
    0x00,0x00,0x0F,0x00,0x1F,0x00,0x1F,0x80,0x1F,0x80,0x3B,0x80,0x39,0xC0,0x39,0xC0,
    0x7F,0xC0,0x70,0xE0,0xE0,0xE0,0xE0,0xF0,0x00,0x00,0x00,0x00,0x00,0x00,0x00,0x00,
    0x0F,0x00,0x1B,0x00,0x00,0x00,0x0F,0x00,0x1F,0x00,0x1F,0x80,0x1F,0x80,0x3B,0x80,
    0x39,0xC0,0x39,0xC0,0x7F,0xC0,0x70,0xE0,0xE0,0xE0,0xE0,0xF0,0x00,0x00,0x00,0x00,
    0x00,0x00,0x00,0x00,0x1F,0x00,0x1F,0x00,0x00,0x00,0x0F,0x00,0x1F,0x00,0x1F,0x80,
    0x1F,0x80,0x3B,0x80,0x39,0xC0,0x39,0xC0,0x7F,0xC0,0x70,0xE0,0xE0,0xE0,0xE0,0xF0,
    0x00,0x00,0x00,0x00,0x00,0x00,0x00,0x00,0x1B,0x00,0x1B,0x00,0x00,0x00,0x0F,0x00,
    0x1F,0x00,0x1F,0x80,0x1F,0x80,0x3B,0x80,0x39,0xC0,0x39,0xC0,0x7F,0xC0,0x70,0xE0,
    0xE0,0xE0,0xE0,0xF0,0x00,0x00,0x00,0x00,0x00,0x00,0x00,0x00,0x0E,0x00,0x0B,0x00,
    0x0B,0x00,0x0F,0x00,0x1F,0x00,0x1F,0x80,0x1F,0x80,0x3B,0x80,0x39,0xC0,0x39,0xC0,
    0x7F,0xC0,0x70,0xE0,0xE0,0xE0,0xE0,0xF0,0x00,0x00,0x00,0x00,0x00,0x00,0x00,0x00,
    0x00,0x00,0x00,0x00,0x00,0x00,0x0F,0xFE,0x0D,0xC0,0x1D,0xC0,0x1D,0xC0,0x19,0xC0,
    0x39,0xFE,0x3F,0xC0,0x71,0xC0,0x71,0xC0,0xE1,0xC0,0xE1,0xFE,0x00,0x00,0x00,0x00,
    0x00,0x00,0x00,0x00,0x00,0x00,0x00,0x00,0x00,0x00,0x0F,0xC0,0x3C,0x40,0x78,0x00,
    0x70,0x00,0x70,0x00,0x70,0x00,0x70,0x00,0x70,0x00,0x78,0x00,0x3C,0x40,0x0F,0xC0,
    0x03,0x00,0x03,0x00,0x0F,0x00,0x00,0x00,0x18,0x00,0x0C,0x00,0x00,0x00,0x7F,0x80,
    0x70,0x00,0x70,0x00,0x70,0x00,0x70,0x00,0x7F,0x80,0x70,0x00,0x70,0x00,0x70,0x00,
    0x70,0x00,0x7F,0x80,0x00,0x00,0x00,0x00,0x00,0x00,0x00,0x00,0x06,0x00,0x0C,0x00,
    0x00,0x00,0x7F,0x80,0x70,0x00,0x70,0x00,0x70,0x00,0x70,0x00,0x7F,0x80,0x70,0x00,
    0x70,0x00,0x70,0x00,0x70,0x00,0x7F,0x80,0x00,0x00,0x00,0x00,0x00,0x00,0x00,0x00,
    0x1E,0x00,0x13,0x00,0x00,0x00,0x7F,0x80,0x70,0x00,0x70,0x00,0x70,0x00,0x70,0x00,
    0x7F,0x80,0x70,0x00,0x70,0x00,0x70,0x00,0x70,0x00,0x7F,0x80,0x00,0x00,0x00,0x00,
    0x00,0x00,0x00,0x00,0x1F,0x00,0x1F,0x00,0x00,0x00,0x7F,0x80,0x70,0x00,0x70,0x00,
    0x70,0x00,0x70,0x00,0x7F,0x80,0x70,0x00,0x70,0x00,0x70,0x00,0x70,0x00,0x7F,0x80,
    0x00,0x00,0x00,0x00,0x00,0x00,0x00,0x00,0xE0,0x30,0x00,0x70,0x70,0x70,0x70,0x70,
    0x70,0x70,0x70,0x70,0x70,0x70,0x00,0x00,0x00,0x00,0x38,0x30,0x00,0x70,0x70,0x70,
    0x70,0x70,0x70,0x70,0x70,0x70,0x70,0x70,0x00,0x00,0x00,0x00,0x78,0xD8,0x00,0x70,
    0x70,0x70,0x70,0x70,0x70,0x70,0x70,0x70,0x70,0x70,0x00,0x00,0x00,0x00,0xD8,0xD8,
    0x00,0x70,0x70,0x70,0x70,0x70,0x70,0x70,0x70,0x70,0x70,0x70,0x00,0x00,0x00,0x00,
    0x00,0x00,0x00,0x00,0x00,0x00,0x7F,0x80,0x79,0xC0,0x78,0xE0,0x78,0xF0,0x78,0x70,
    0xFC,0x70,0x78,0x70,0x78,0xF0,0x78,0xE0,0x79,0xC0,0x7F,0x80,0x00,0x00,0x00,0x00,
    0x00,0x00,0x00,0x00,0x1F,0x80,0x1B,0x00,0x00,0x00,0x78,0xE0,0x7C,0xE0,0x7C,0xE0,
    0x7E,0xE0,0x7E,0xE0,0x77,0xE0,0x77,0xE0,0x73,0xE0,0x71,0xE0,0x71,0xE0,0x70,0xE0,
    0x00,0x00,0x00,0x00,0x00,0x00,0x00,0x00,0x0C,0x00,0x06,0x00,0x00,0x00,0x1F,0x80,
    0x39,0xE0,0x70,0xE0,0x70,0x70,0x70,0x70,0x70,0x70,0x70,0x70,0x70,0x70,0x70,0xE0,
    0x39,0xE0,0x1F,0x80,0x00,0x00,0x00,0x00,0x00,0x00,0x00,0x00,0x03,0x00,0x06,0x00,
    0x00,0x00,0x1F,0x80,0x39,0xE0,0x70,0xE0,0x70,0x70,0x70,0x70,0x70,0x70,0x70,0x70,
    0x70,0x70,0x70,0xE0,0x39,0xE0,0x1F,0x80,0x00,0x00,0x00,0x00,0x00,0x00,0x00,0x00,
    0x0F,0x00,0x0D,0x80,0x00,0x00,0x1F,0x80,0x39,0xE0,0x70,0xE0,0x70,0x70,0x70,0x70,
    0x70,0x70,0x70,0x70,0x70,0x70,0x70,0xE0,0x39,0xE0,0x1F,0x80,0x00,0x00,0x00,0x00,
    0x00,0x00,0x00,0x00,0x0F,0x80,0x0B,0x80,0x00,0x00,0x1F,0x80,0x39,0xE0,0x70,0xE0,
    0x70,0x70,0x70,0x70,0x70,0x70,0x70,0x70,0x70,0x70,0x70,0xE0,0x39,0xE0,0x1F,0x80,
    0x00,0x00,0x00,0x00,0x00,0x00,0x00,0x00,0x0D,0x80,0x0D,0x80,0x00,0x00,0x1F,0x80,
    0x39,0xE0,0x70,0xE0,0x70,0x70,0x70,0x70,0x70,0x70,0x70,0x70,0x70,0x70,0x70,0xE0,
    0x39,0xE0,0x1F,0x80,0x00,0x00,0x00,0x00,0x00,0x00,0x00,0x00,0x00,0x00,0x00,0x00,
    0x00,0x00,0x00,0x00,0x00,0x00,0x30,0x40,0x38,0xE0,0x1D,0xC0,0x0F,0x80,0x07,0x00,
    0x0F,0x80,0x1D,0xC0,0x38,0xE0,0x30,0x40,0x00,0x00,0x00,0x00,0x00,0x00,0x00,0x00,
    0x00,0x00,0x00,0x00,0x00,0x00,0x0F,0xF0,0x39,0xE0,0x70,0xF0,0x71,0xF0,0x73,0x70,
    0x76,0x70,0x76,0x70,0x7C,0x70,0x78,0xE0,0x79,0xE0,0x7F,0x80,0x00,0x00,0x00,0x00,
    0x00,0x00,0x00,0x00,0x0C,0x00,0x06,0x00,0x00,0x00,0x70,0xE0,0x70,0xE0,0x70,0xE0,
    0x70,0xE0,0x70,0xE0,0x70,0xE0,0x70,0xE0,0x70,0xE0,0x78,0xE0,0x39,0xC0,0x1F,0x80,
    0x00,0x00,0x00,0x00,0x00,0x00,0x00,0x00,0x03,0x00,0x06,0x00,0x00,0x00,0x70,0xE0,
    0x70,0xE0,0x70,0xE0,0x70,0xE0,0x70,0xE0,0x70,0xE0,0x70,0xE0,0x70,0xE0,0x78,0xE0,
    0x39,0xC0,0x1F,0x80,0x00,0x00,0x00,0x00,0x00,0x00,0x00,0x00,0x0F,0x00,0x09,0x80,
    0x00,0x00,0x70,0xE0,0x70,0xE0,0x70,0xE0,0x70,0xE0,0x70,0xE0,0x70,0xE0,0x70,0xE0,
    0x70,0xE0,0x78,0xE0,0x39,0xC0,0x1F,0x80,0x00,0x00,0x00,0x00,0x00,0x00,0x00,0x00,
    0x0F,0x80,0x0F,0x80,0x00,0x00,0x70,0xE0,0x70,0xE0,0x70,0xE0,0x70,0xE0,0x70,0xE0,
    0x70,0xE0,0x70,0xE0,0x70,0xE0,0x78,0xE0,0x39,0xC0,0x1F,0x80,0x00,0x00,0x00,0x00,
    0x00,0x00,0x00,0x00,0x06,0x00,0x0C,0x00,0x00,0x00,0xE1,0xE0,0x71,0xC0,0x7B,0xC0,
    0x3F,0x80,0x1F,0x00,0x1F,0x00,0x0E,0x00,0x0E,0x00,0x0E,0x00,0x0E,0x00,0x0E,0x00,
    0x00,0x00,0x00,0x00,0x00,0x00,0x00,0x00,0x00,0x00,0x00,0x00,0x00,0x00,0x70,0x00,
    0x70,0x00,0x7F,0x80,0x71,0xC0,0x71,0xC0,0x71,0xE0,0x71,0xC0,0x71,0xC0,0x7F,0x80,
    0x70,0x00,0x70,0x00,0x00,0x00,0x00,0x00,0x00,0x00,0x00,0x00,0x00,0x00,0x00,0x00,
    0x00,0x00,0x3F,0x00,0x7B,0x80,0x73,0x80,0x77,0x80,0x76,0x00,0x77,0x00,0x77,0x80,
    0x73,0xC0,0x71,0xC0,0x71,0xC0,0x77,0x80,0x00,0x00,0x00,0x00,0x00,0x00,0x00,0x00,
    0x00,0x00,0x00,0x00,0x38,0x00,0x18,0x00,0x0C,0x00,0x00,0x00,0x7F,0x00,0x03,0x80,
    0x03,0x80,0x3F,0x80,0x73,0x80,0x73,0x80,0x77,0x80,0x7F,0x80,0x00,0x00,0x00,0x00,
    0x00,0x00,0x00,0x00,0x00,0x00,0x00,0x00,0x03,0x00,0x06,0x00,0x0C,0x00,0x00,0x00,
    0x7F,0x00,0x03,0x80,0x03,0x80,0x3F,0x80,0x73,0x80,0x73,0x80,0x77,0x80,0x7F,0x80,
    0x00,0x00,0x00,0x00,0x00,0x00,0x00,0x00,0x00,0x00,0x00,0x00,0x0C,0x00,0x1E,0x00,
    0x33,0x00,0x00,0x00,0x7F,0x00,0x03,0x80,0x03,0x80,0x3F,0x80,0x73,0x80,0x73,0x80,
    0x77,0x80,0x7F,0x80,0x00,0x00,0x00,0x00,0x00,0x00,0x00,0x00,0x00,0x00,0x00,0x00,
    0x1B,0x00,0x1F,0x00,0x36,0x00,0x00,0x00,0x7F,0x00,0x03,0x80,0x03,0x80,0x3F,0x80,
    0x73,0x80,0x73,0x80,0x77,0x80,0x7F,0x80,0x00,0x00,0x00,0x00,0x00,0x00,0x00,0x00,
    0x00,0x00,0x00,0x00,0x1B,0x00,0x1B,0x00,0x00,0x00,0x00,0x00,0x7F,0x00,0x03,0x80,
    0x03,0x80,0x3F,0x80,0x73,0x80,0x73,0x80,0x77,0x80,0x7F,0x80,0x00,0x00,0x00,0x00,
    0x00,0x00,0x00,0x00,0x00,0x00,0x0E,0x00,0x1A,0x00,0x1A,0x00,0x0E,0x00,0x00,0x00,
    0x7F,0x00,0x03,0x80,0x03,0x80,0x3F,0x80,0x73,0x80,0x73,0x80,0x77,0x80,0x7F,0x80,
    0x00,0x00,0x00,0x00,0x00,0x00,0x00,0x00,0x00,0x00,0x00,0x00,0x00,0x00,0x00,0x00,
    0x00,0x00,0x00,0x00,0x7E,0xF8,0x03,0xCC,0x03,0x8E,0x3F,0xFE,0x73,0x80,0x73,0x80,
    0x77,0xC6,0x3C,0xFC,0x00,0x00,0x00,0x00,0x00,0x00,0x00,0x00,0x00,0x00,0x00,0x00,
    0x00,0x00,0x00,0x00,0x00,0x00,0x00,0x00,0x3E,0x00,0x79,0x00,0x70,0x00,0xF0,0x00,
    0xF0,0x00,0x70,0x00,0x79,0x00,0x3E,0x00,0x04,0x00,0x06,0x00,0x1C,0x00,0x00,0x00,
    0x00,0x00,0x00,0x00,0x18,0x00,0x1C,0x00,0x0C,0x00,0x00,0x00,0x3F,0x00,0x73,0x80,
    0x73,0x80,0xFF,0xC0,0xF0,0x00,0x70,0x00,0x79,0x80,0x3F,0x00,0x00,0x00,0x00,0x00,
    0x00,0x00,0x00,0x00,0x00,0x00,0x00,0x00,0x03,0x00,0x06,0x00,0x0C,0x00,0x00,0x00,
    0x3F,0x00,0x73,0x80,0x73,0x80,0xFF,0xC0,0xF0,0x00,0x70,0x00,0x79,0x80,0x3F,0x00,
    0x00,0x00,0x00,0x00,0x00,0x00,0x00,0x00,0x00,0x00,0x00,0x00,0x0E,0x00,0x1E,0x00,
    0x13,0x00,0x00,0x00,0x3F,0x00,0x73,0x80,0x73,0x80,0xFF,0xC0,0xF0,0x00,0x70,0x00,
    0x79,0x80,0x3F,0x00,0x00,0x00,0x00,0x00,0x00,0x00,0x00,0x00,0x00,0x00,0x00,0x00,
    0x1B,0x00,0x1B,0x00,0x00,0x00,0x00,0x00,0x3F,0x00,0x73,0x80,0x73,0x80,0xFF,0xC0,
    0xF0,0x00,0x70,0x00,0x79,0x80,0x3F,0x00,0x00,0x00,0x00,0x00,0x00,0x00,0x00,0x00,
    0x00,0x00,0xC0,0x60,0x30,0x00,0x70,0x70,0x70,0x70,0x70,0x70,0x70,0x70,0x00,0x00,
    0x00,0x00,0x00,0x00,0x18,0x18,0x30,0x00,0x70,0x70,0x70,0x70,0x70,0x70,0x70,0x70,
    0x00,0x00,0x00,0x00,0x00,0x00,0x70,0x78,0xD8,0x00,0x70,0x70,0x70,0x70,0x70,0x70,
    0x70,0x70,0x00,0x00,0x00,0x00,0x00,0x00,0xD8,0xD8,0x00,0x00,0x70,0x70,0x70,0x70,
    0x70,0x70,0x70,0x70,0x00,0x00,0x00,0x00,0x00,0x00,0x00,0x00,0x00,0x00,0x1F,0x80,
    0x3E,0x00,0x27,0x00,0x3F,0x80,0x73,0x80,0x71,0xC0,0xF1,0xC0,0x71,0xC0,0x73,0xC0,
    0x73,0x80,0x3F,0x00,0x00,0x00,0x00,0x00,0x00,0x00,0x00,0x00,0x00,0x00,0x00,0x00,
    0x1D,0x00,0x1F,0x00,0x17,0x00,0x00,0x00,0x7F,0x80,0x7B,0x80,0x71,0xC0,0x71,0xC0,
    0x71,0xC0,0x71,0xC0,0x71,0xC0,0x71,0xC0,0x00,0x00,0x00,0x00,0x00,0x00,0x00,0x00,
    0x00,0x00,0x00,0x00,0x18,0x00,0x1C,0x00,0x0C,0x00,0x00,0x00,0x3F,0x00,0x73,0x80,
    0x71,0xC0,0xF1,0xC0,0xF1,0xC0,0x71,0xC0,0x73,0x80,0x3F,0x00,0x00,0x00,0x00,0x00,
    0x00,0x00,0x00,0x00,0x00,0x00,0x00,0x00,0x03,0x00,0x06,0x00,0x0C,0x00,0x00,0x00,
    0x3F,0x00,0x73,0x80,0x71,0xC0,0xF1,0xC0,0xF1,0xC0,0x71,0xC0,0x73,0x80,0x3F,0x00,
    0x00,0x00,0x00,0x00,0x00,0x00,0x00,0x00,0x00,0x00,0x00,0x00,0x0E,0x00,0x1E,0x00,
    0x13,0x00,0x00,0x00,0x3F,0x00,0x73,0x80,0x71,0xC0,0xF1,0xC0,0xF1,0xC0,0x71,0xC0,
    0x73,0x80,0x3F,0x00,0x00,0x00,0x00,0x00,0x00,0x00,0x00,0x00,0x00,0x00,0x00,0x00,
    0x1B,0x00,0x1F,0x00,0x36,0x00,0x00,0x00,0x3F,0x00,0x73,0x80,0x71,0xC0,0xF1,0xC0,
    0xF1,0xC0,0x71,0xC0,0x73,0x80,0x3F,0x00,0x00,0x00,0x00,0x00,0x00,0x00,0x00,0x00,
    0x00,0x00,0x00,0x00,0x1B,0x00,0x1B,0x00,0x00,0x00,0x00,0x00,0x3F,0x00,0x73,0x80,
    0x71,0xC0,0xF1,0xC0,0xF1,0xC0,0x71,0xC0,0x73,0x80,0x3F,0x00,0x00,0x00,0x00,0x00,
    0x00,0x00,0x00,0x00,0x00,0x00,0x00,0x00,0x00,0x00,0x00,0x00,0x00,0x00,0x07,0x00,
    0x07,0x00,0x00,0x00,0x7F,0xE0,0x7F,0xE0,0x00,0x00,0x07,0x00,0x07,0x00,0x00,0x00,
    0x00,0x00,0x00,0x00,0x00,0x00,0x00,0x00,0x00,0x00,0x00,0x00,0x00,0x00,0x00,0x00,
    0x00,0x00,0x00,0x00,0x3F,0x80,0x73,0x80,0x77,0xC0,0x77,0xC0,0xFD,0xC0,0x79,0xC0,
    0x73,0x80,0x7F,0x00,0x00,0x00,0x00,0x00,0x00,0x00,0x00,0x00,0x00,0x00,0x00,0x00,
    0x18,0x00,0x0C,0x00,0x04,0x00,0x00,0x00,0x71,0xC0,0x71,0xC0,0x71,0xC0,0x71,0xC0,
    0x71,0xC0,0x73,0xC0,0x73,0xC0,0x3F,0xC0,0x00,0x00,0x00,0x00,0x00,0x00,0x00,0x00,
    0x00,0x00,0x00,0x00,0x03,0x00,0x06,0x00,0x06,0x00,0x00,0x00,0x71,0xC0,0x71,0xC0,
    0x71,0xC0,0x71,0xC0,0x71,0xC0,0x73,0xC0,0x73,0xC0,0x3F,0xC0,0x00,0x00,0x00,0x00,
    0x00,0x00,0x00,0x00,0x00,0x00,0x00,0x00,0x0E,0x00,0x1E,0x00,0x13,0x00,0x00,0x00,
    0x71,0xC0,0x71,0xC0,0x71,0xC0,0x71,0xC0,0x71,0xC0,0x73,0xC0,0x73,0xC0,0x3F,0xC0,
    0x00,0x00,0x00,0x00,0x00,0x00,0x00,0x00,0x00,0x00,0x00,0x00,0x1B,0x00,0x1B,0x00,
    0x00,0x00,0x00,0x00,0x71,0xC0,0x71,0xC0,0x71,0xC0,0x71,0xC0,0x71,0xC0,0x73,0xC0,
    0x73,0xC0,0x3F,0xC0,0x00,0x00,0x00,0x00,0x00,0x00,0x00,0x00,0x00,0x00,0x00,0x00,
    0x07,0x00,0x06,0x00,0x0C,0x00,0x00,0x00,0xE1,0x80,0x73,0x80,0x73,0x80,0x37,0x00,
    0x3F,0x00,0x3F,0x00,0x1E,0x00,0x1E,0x00,0x0E,0x00,0x1C,0x00,0x78,0x00,0x00,0x00,
    0x00,0x00,0x00,0x00,0x00,0x00,0x70,0x00,0x70,0x00,0x70,0x00,0x7F,0x80,0x7B,0x80,
    0x71,0xC0,0x71,0xC0,0x71,0xC0,0x71,0xC0,0x7B,0x80,0x7F,0x80,0x70,0x00,0x70,0x00,
    0x70,0x00,0x00,0x00,0x00,0x00,0x00,0x00,0x3E,0x00,0x3E,0x00,0x00,0x00,0x00,0x00,
    0xE1,0x80,0x73,0x80,0x73,0x80,0x37,0x00,0x3F,0x00,0x3F,0x00,0x1E,0x00,0x1E,0x00,
    0x0E,0x00,0x1C,0x00,0x78,0x00,0x00,0x00,0x00,0x00,0x00,0x00,0x00,0x00,0x00,0x00,
    0x00,0x0F,0xFF,0x00,0x3C,0xF0,0x00,0x78,0xF0,0x00,0x70,0xF0,0x00,0x70,0xF0,0x00,
    0x70,0xFF,0x00,0x70,0xF0,0x00,0x70,0xF0,0x00,0x78,0xF0,0x00,0x3C,0xF0,0x00,0x0F,
    0xFF,0x80,0x00,0x00,0x00,0x00,0x00,0x00,0x00,0x00,0x00,0x00,0x00,0x00,0x00,0x00,
    0x00,0x00,0x00,0x00,0x00,0x00,0x00,0x00,0x00,0x00,0x3F,0xFC,0x73,0xEE,0x71,0xC7,
    0xF1,0xFF,0xF1,0xC0,0x71,0xC0,0x73,0xE2,0x3F,0x7E,0x00,0x00,0x00,0x00,0x00,0x00,
    0x00,0x00,0x1B,0x00,0x1E,0x00,0x00,0x00,0x1F,0x80,0x71,0x80,0x70,0x00,0x78,0x00,
    0x7F,0x00,0x3F,0x80,0x1F,0xC0,0x03,0xC0,0x01,0xC0,0x63,0x80,0x7F,0x00,0x00,0x00,
    0x00,0x00,0x00,0x00,0x00,0x00,0x00,0x00,0x00,0x00,0x36,0x00,0x3C,0x00,0x1C,0x00,
    0x00,0x00,0x3E,0x00,0x73,0x00,0x70,0x00,0x7E,0x00,0x3F,0x00,0x07,0x00,0x47,0x00,
    0x3E,0x00,0x00,0x00,0x00,0x00,0x00,0x00,0x00,0x00,0x1B,0x00,0x0E,0x00,0x00,0x00,
    0x7F,0xC0,0x03,0xC0,0x07,0xC0,0x07,0x80,0x0F,0x00,0x1F,0x00,0x3E,0x00,0x3C,0x00,
    0x78,0x00,0xF8,0x00,0xFF,0xC0,0x00,0x00,0x00,0x00,0x00,0x00,0x00,0x00,0x00,0x00,
    0x00,0x00,0x26,0x00,0x3C,0x00,0x1C,0x00,0x00,0x00,0x7F,0x00,0x0F,0x00,0x1F,0x00,
    0x1E,0x00,0x3C,0x00,0x78,0x00,0xF0,0x00,0xFF,0x00,0x00,0x00,0x00,0x00,0x00,0x00,
    0x00,0x00,0x1B,0x00,0x1B,0x00,0x00,0x00,0xE1,0xE0,0x71,0xC0,0x7B,0xC0,0x3F,0x80,
    0x1F,0x00,0x1F,0x00,0x0E,0x00,0x0E,0x00,0x0E,0x00,0x0E,0x00,0x0E,0x00,0x00,0x00,
    0x00,0x00,0x00,0x00,0x00,0x00,0x00,0x00,0x00,0x00,0x00,0x00,0x00,0x00,0x7E,0x7E,
    0x00,0x00,0x00,0x00,0x00,0x00,0x00,0x00,0x00,0x00,0x00,0x00,0x00,0x00,0x00,0x00,
    0x00,0x00,0x00,0x00,0x00,0x00,0x00,0x00,0x7F,0xFC,0x7F,0xFC,0x00,0x00,0x00,0x00,
    0x00,0x00,0x00,0x00,0x00,0x00,0x00,0x00,0x00,0x00,0x00,0x00,0x00,0x00,0x00,0x18,
    0x38,0x30,0x70,0x70,0x00,0x00,0x00,0x00,0x00,0x00,0x00,0x00,0x00,0x00,0x00,0x00,
    0x00,0x70,0x70,0x70,0x70,0x60,0x00,0x00,0x00,0x00,0x00,0x00,0x00,0x00,0x00,0x00,
    0x00,0x00,0x00,0x00,0x00,0x00,0x1B,0x80,0x3B,0x00,0x37,0x00,0x77,0x00,0x77,0x00,
    0x00,0x00,0x00,0x00,0x00,0x00,0x00,0x00,0x00,0x00,0x00,0x00,0x00,0x00,0x00,0x00,
    0x00,0x00,0x00,0x00,0x00,0x00,0x00,0x00,0x00,0x00,0x3B,0x80,0x3B,0x80,0x3B,0x00,
    0x37,0x00,0x66,0x00,0x00,0x00,0x00,0x00,0x00,0x00,0x00,0x00,0x00,0x00,0x00,0x00,
    0x00,0x00,0x00,0x00,0x00,0x00,0x00,0x00,0x00,0x00,0x00,0x00,0x00,0x00,0x00,0x00,
    0x00,0x00,0x00,0x00,0x1E,0x00,0x3E,0x00,0x3F,0x00,0x3E,0x00,0x1E,0x00,0x00,0x00,
    0x00,0x00,0x00,0x00,0x00,0x00,0x00,0x00,0x00,0x00,0x00,0x00,0x00,0x00,0x00,0x00,
    0x00,0x00,0x00,0x00,0x00,0x00,0x00,0x00,0x00,0x00,0x00,0x00,0x00,0x00,0x00,0x00,
    0x00,0x00,0x73,0x9C,0x73,0x9C,0x73,0x9C,0x00,0x00,0x00,0x00,0x00,0x00,0x00,0x00,
};
const FontGlyph FONT_18_BOLD_GLYPHS[174] PROGMEM = {
    {5, 0},
    {7, 18},
    {8, 36},
    {13, 54},
    {10, 90},
    {15, 126},
    {13, 162},
    {5, 198},
    {7, 216},
    {7, 234},
    {8, 252},
    {13, 270},
    {6, 306},
    {6, 324},
    {6, 342},
    {5, 360},
    {10, 378},
    {10, 414},
    {10, 450},
    {10, 486},
    {10, 522},
    {10, 558},
    {10, 594},
    {10, 630},
    {10, 666},
    {10, 702},
    {6, 738},
    {6, 756},
    {13, 774},
    {13, 810},
    {13, 846},
    {9, 882},
    {15, 918},
    {12, 954},
    {11, 990},
    {11, 1026},
    {12, 1062},
    {10, 1098},
    {10, 1134},
    {12, 1170},
    {13, 1206},
    {6, 1242},
    {6, 1260},
    {12, 1278},
    {10, 1314},
    {15, 1350},
    {13, 1386},
    {13, 1422},
    {11, 1458},
    {13, 1494},
    {12, 1530},
    {11, 1566},
    {10, 1602},
    {12, 1638},
    {12, 1674},
    {17, 1710},
    {12, 1764},
    {11, 1800},
    {11, 1836},
    {7, 1872},
    {5, 1890},
    {7, 1908},
    {13, 1926},
    {8, 1962},
    {8, 1980},
    {10, 1998},
    {11, 2034},
    {9, 2070},
    {11, 2106},
    {10, 2142},
    {7, 2178},
    {11, 2196},
    {11, 2232},
    {5, 2268},
    {5, 2286},
    {10, 2304},
    {5, 2340},
    {16, 2358},
    {11, 2394},
    {10, 2430},
    {11, 2466},
    {11, 2502},
    {7, 2538},
    {9, 2556},
    {7, 2592},
    {11, 2610},
    {10, 2646},
    {14, 2682},
    {10, 2718},
    {10, 2754},
    {9, 2790},
    {11, 2826},
    {5, 2862},
    {11, 2880},
    {13, 2916},
    {12, 2952},
    {12, 2988},
    {12, 3024},
    {12, 3060},
    {12, 3096},
    {12, 3132},
    {16, 3168},
    {11, 3204},
    {10, 3240},
    {10, 3276},
    {10, 3312},
    {10, 3348},
    {6, 3384},
    {6, 3402},
    {6, 3420},
    {6, 3438},
    {13, 3456},
    {13, 3492},
    {13, 3528},
    {13, 3564},
    {13, 3600},
    {13, 3636},
    {13, 3672},
    {13, 3708},
    {13, 3744},
    {12, 3780},
    {12, 3816},
    {12, 3852},
    {12, 3888},
    {11, 3924},
    {11, 3960},
    {11, 3996},
    {10, 4032},
    {10, 4068},
    {10, 4104},
    {10, 4140},
    {10, 4176},
    {10, 4212},
    {16, 4248},
    {9, 4284},
    {10, 4320},
    {10, 4356},
    {10, 4392},
    {10, 4428},
    {5, 4464},
    {5, 4482},
    {5, 4500},
    {5, 4518},
    {10, 4536},
    {11, 4572},
    {10, 4608},
    {10, 4644},
    {10, 4680},
    {10, 4716},
    {10, 4752},
    {13, 4788},
    {10, 4824},
    {11, 4860},
    {11, 4896},
    {11, 4932},
    {11, 4968},
    {10, 5004},
    {11, 5040},
    {10, 5076},
    {18, 5112},
    {16, 5166},
    {11, 5202},
    {9, 5238},
    {11, 5274},
    {9, 5310},
    {11, 5346},
    {8, 5382},
    {15, 5400},
    {6, 5436},
    {6, 5454},
    {10, 5472},
    {10, 5508},
    {10, 5544},
    {15, 5580},
};
const UiFont FONT_18_BOLD = {18, FONT_18_BOLD_GLYPHS, FONT_18_BOLD_BITS};

const uint8_t FONT_18_ITAL_BITS[] PROGMEM = {
    0x00,0x00,0x00,0x00,0x00,0x00,0x00,0x00,0x00,0x00,0x00,0x00,0x00,0x00,0x00,0x00,
    0x00,0x00,0x00,0x00,0x00,0x18,0x18,0x10,0x30,0x30,0x30,0x30,0x00,0x00,0x60,0x60,
    0x00,0x00,0x00,0x00,0x00,0x00,0x00,0x6C,0x6C,0x6C,0x6C,0x00,0x00,0x00,0x00,0x00,
    0x00,0x00,0x00,0x00,0x00,0x00,0x00,0x00,0x00,0x00,0x00,0x00,0x06,0xC0,0x04,0xC0,
    0x04,0x80,0x3F,0xF0,0x0D,0x80,0x09,0x80,0x09,0x80,0x7F,0xE0,0x1B,0x00,0x13,0x00,
    0x13,0x00,0x00,0x00,0x00,0x00,0x00,0x00,0x00,0x00,0x00,0x00,0x00,0x00,0x06,0x00,
    0x04,0x00,0x1F,0x00,0x35,0x80,0x24,0x00,0x2C,0x00,0x3C,0x00,0x1F,0x00,0x0B,0x00,
    0x0B,0x00,0xCB,0x00,0x7E,0x00,0x10,0x00,0x10,0x00,0x00,0x00,0x00,0x00,0x00,0x00,
    0x00,0x00,0x00,0x00,0x1C,0x10,0x26,0x20,0x66,0x40,0x66,0xC0,0x6D,0x80,0x3B,0x70,
    0x02,0xD8,0x04,0x88,0x0C,0x98,0x18,0x98,0x30,0xF0,0x00,0x00,0x00,0x00,0x00,0x00,
    0x00,0x00,0x00,0x00,0x00,0x00,0x00,0x00,0x0F,0x00,0x19,0x80,0x18,0x00,0x18,0x00,
    0x1C,0x00,0x3C,0x60,0x66,0x60,0x43,0xC0,0x43,0x80,0x63,0x80,0x3E,0xC0,0x00,0x00,
    0x00,0x00,0x00,0x00,0x00,0x00,0x00,0x00,0x00,0x60,0x60,0x60,0x60,0x00,0x00,0x00,
    0x00,0x00,0x00,0x00,0x00,0x00,0x00,0x00,0x00,0x00,0x00,0x04,0x08,0x18,0x30,0x30,
    0x60,0x60,0x60,0x60,0x60,0x60,0x20,0x30,0x00,0x00,0x00,0x00,0x00,0x20,0x30,0x10,
    0x10,0x10,0x10,0x30,0x30,0x30,0x60,0x60,0xC0,0x80,0x00,0x00,0x00,0x00,0x00,0x10,
    0x56,0x3C,0x3C,0x56,0x10,0x00,0x00,0x00,0x00,0x00,0x00,0x00,0x00,0x00,0x00,0x00,
    0x00,0x00,0x00,0x00,0x00,0x00,0x00,0x00,0x06,0x00,0x06,0x00,0x06,0x00,0x06,0x00,
    0x7F,0xE0,0x06,0x00,0x06,0x00,0x06,0x00,0x06,0x00,0x00,0x00,0x00,0x00,0x00,0x00,
    0x00,0x00,0x00,0x00,0x00,0x00,0x00,0x00,0x00,0x00,0x00,0x00,0x00,0x00,0x60,0x60,
    0xC0,0x80,0x00,0x00,0x00,0x00,0x00,0x00,0x00,0x00,0x00,0x00,0x00,0x78,0x78,0x00,
    0x00,0x00,0x00,0x00,0x00,0x00,0x00,0x00,0x00,0x00,0x00,0x00,0x00,0x00,0x00,0x00,
    0x00,0x00,0x60,0x60,0x00,0x00,0x00,0x00,0x00,0x00,0x00,0x00,0x08,0x08,0x18,0x10,
    0x30,0x20,0x60,0x40,0xC0,0x80,0x80,0x00,0x00,0x00,0x00,0x00,0x00,0x00,0x00,0x00,
    0x0F,0x00,0x1B,0x00,0x31,0x80,0x61,0x80,0x61,0x80,0x61,0x80,0x41,0x80,0x43,0x00,
    0x63,0x00,0x66,0x00,0x3C,0x00,0x00,0x00,0x00,0x00,0x00,0x00,0x00,0x00,0x00,0x00,
    0x00,0x00,0x00,0x00,0x1E,0x00,0x36,0x00,0x04,0x00,0x0C,0x00,0x0C,0x00,0x0C,0x00,
    0x0C,0x00,0x0C,0x00,0x18,0x00,0x18,0x00,0x7E,0x00,0x00,0x00,0x00,0x00,0x00,0x00,
    0x00,0x00,0x00,0x00,0x00,0x00,0x00,0x00,0x1E,0x00,0x33,0x00,0x21,0x80,0x01,0x80,
    0x03,0x00,0x03,0x00,0x06,0x00,0x1C,0x00,0x30,0x00,0x60,0x00,0xFE,0x00,0x00,0x00,
    0x00,0x00,0x00,0x00,0x00,0x00,0x00,0x00,0x00,0x00,0x00,0x00,0x3F,0x00,0x03,0x00,
    0x01,0x80,0x01,0x80,0x03,0x00,0x1E,0x00,0x03,0x00,0x03,0x00,0x03,0x00,0xC6,0x00,
    0x7C,0x00,0x00,0x00,0x00,0x00,0x00,0x00,0x00,0x00,0x00,0x00,0x00,0x00,0x00,0x00,
    0x03,0x00,0x07,0x00,0x0F,0x00,0x1B,0x00,0x33,0x00,0x62,0x00,0x46,0x00,0xFF,0x80,
    0x06,0x00,0x06,0x00,0x04,0x00,0x00,0x00,0x00,0x00,0x00,0x00,0x00,0x00,0x00,0x00,
    0x00,0x00,0x00,0x00,0x1F,0x80,0x30,0x00,0x30,0x00,0x30,0x00,0x3E,0x00,0x23,0x00,
    0x03,0x00,0x03,0x00,0x03,0x00,0xC6,0x00,0x7C,0x00,0x00,0x00,0x00,0x00,0x00,0x00,
    0x00,0x00,0x00,0x00,0x00,0x00,0x00,0x00,0x0F,0x00,0x18,0x80,0x30,0x00,0x20,0x00,
    0x7E,0x00,0x73,0x00,0x61,0x80,0x61,0x00,0x63,0x00,0x67,0x00,0x3C,0x00,0x00,0x00,
    0x00,0x00,0x00,0x00,0x00,0x00,0x00,0x00,0x00,0x00,0x00,0x00,0x3F,0x80,0x01,0x80,
    0x03,0x00,0x03,0x00,0x06,0x00,0x0E,0x00,0x0C,0x00,0x18,0x00,0x18,0x00,0x30,0x00,
    0x70,0x00,0x00,0x00,0x00,0x00,0x00,0x00,0x00,0x00,0x00,0x00,0x00,0x00,0x00,0x00,
    0x1F,0x00,0x31,0x80,0x31,0x80,0x21,0x80,0x33,0x00,0x3E,0x00,0x63,0x00,0x43,0x00,
    0xC3,0x00,0x67,0x00,0x3E,0x00,0x00,0x00,0x00,0x00,0x00,0x00,0x00,0x00,0x00,0x00,
    0x00,0x00,0x00,0x00,0x1E,0x00,0x33,0x00,0x61,0x80,0x61,0x80,0x61,0x80,0x63,0x80,
    0x3F,0x00,0x03,0x00,0x02,0x00,0x4E,0x00,0x78,0x00,0x00,0x00,0x00,0x00,0x00,0x00,
    0x00,0x00,0x00,0x00,0x00,0x00,0x00,0x00,0x30,0x30,0x00,0x00,0x00,0x00,0x60,0x60,
    0x00,0x00,0x00,0x00,0x00,0x00,0x00,0x00,0x00,0x00,0x30,0x30,0x00,0x00,0x00,0x00,
    0x60,0x60,0xC0,0x80,0x00,0x00,0x00,0x00,0x00,0x00,0x00,0x00,0x00,0x00,0x00,0x00,
    0x00,0x60,0x03,0xE0,0x0F,0x00,0x38,0x00,0x38,0x00,0x0F,0x00,0x03,0xE0,0x00,0x60,
    0x00,0x00,0x00,0x00,0x00,0x00,0x00,0x00,0x00,0x00,0x00,0x00,0x00,0x00,0x00,0x00,
    0x00,0x00,0x00,0x00,0x00,0x00,0x00,0x00,0x7F,0xE0,0x00,0x00,0x00,0x00,0x7F,0xE0,
    0x00,0x00,0x00,0x00,0x00,0x00,0x00,0x00,0x00,0x00,0x00,0x00,0x00,0x00,0x00,0x00,
    0x00,0x00,0x00,0x00,0x00,0x00,0x00,0x00,0x60,0x00,0x3C,0x00,0x0F,0x80,0x01,0xE0,
    0x01,0xE0,0x0F,0x80,0x3C,0x00,0x70,0x00,0x00,0x00,0x00,0x00,0x00,0x00,0x00,0x00,
    0x00,0x00,0x00,0x00,0x00,0x1E,0x23,0x03,0x06,0x0C,0x18,0x10,0x30,0x00,0x30,0x30,
    0x00,0x00,0x00,0x00,0x00,0x00,0x00,0x00,0x00,0x00,0x03,0xF0,0x0E,0x18,0x18,0x0C,
    0x33,0xE4,0x66,0x64,0x64,0x64,0x4C,0x64,0x4C,0x6C,0x4C,0xF8,0x67,0xF0,0x20,0x00,
    0x38,0x60,0x0F,0xC0,0x00,0x00,0x00,0x00,0x00,0x00,0x00,0x00,0x00,0x00,0x06,0x00,
    0x0F,0x00,0x0F,0x00,0x1B,0x00,0x1B,0x00,0x31,0x00,0x21,0x80,0x7F,0x80,0xC1,0x80,
    0xC1,0x80,0x81,0x80,0x00,0x00,0x00,0x00,0x00,0x00,0x00,0x00,0x00,0x00,0x00,0x00,
    0x00,0x00,0x3F,0x80,0x31,0x80,0x30,0xC0,0x31,0x80,0x61,0x80,0x7F,0x00,0x61,0x80,
    0x61,0x80,0x61,0x80,0x43,0x00,0xFE,0x00,0x00,0x00,0x00,0x00,0x00,0x00,0x00,0x00,
    0x00,0x00,0x00,0x00,0x00,0x00,0x0F,0xC0,0x18,0xC0,0x30,0x00,0x60,0x00,0x60,0x00,
    0x60,0x00,0xC0,0x00,0xC0,0x00,0x60,0x80,0x71,0x80,0x3F,0x00,0x00,0x00,0x00,0x00,
    0x00,0x00,0x00,0x00,0x00,0x00,0x00,0x00,0x00,0x00,0x3F,0x80,0x31,0xC0,0x30,0x60,
    0x30,0x60,0x60,0x60,0x60,0x60,0x60,0x60,0x60,0xC0,0x60,0xC0,0x43,0x80,0xFE,0x00,
    0x00,0x00,0x00,0x00,0x00,0x00,0x00,0x00,0x00,0x00,0x00,0x00,0x00,0x00,0x3F,0x80,
    0x30,0x00,0x30,0x00,0x30,0x00,0x60,0x00,0x7F,0x00,0x60,0x00,0x60,0x00,0x60,0x00,
    0x40,0x00,0xFF,0x00,0x00,0x00,0x00,0x00,0x00,0x00,0x00,0x00,0x00,0x00,0x00,0x00,
    0x00,0x00,0x3F,0x80,0x30,0x00,0x30,0x00,0x30,0x00,0x60,0x00,0x7F,0x00,0x60,0x00,
    0x60,0x00,0x60,0x00,0x40,0x00,0xC0,0x00,0x00,0x00,0x00,0x00,0x00,0x00,0x00,0x00,
    0x00,0x00,0x00,0x00,0x00,0x00,0x0F,0xC0,0x18,0x60,0x30,0x20,0x60,0x00,0x60,0x00,
    0x63,0xE0,0x40,0xC0,0x60,0xC0,0x60,0xC0,0x71,0xC0,0x3F,0x80,0x00,0x00,0x00,0x00,
    0x00,0x00,0x00,0x00,0x00,0x00,0x00,0x00,0x00,0x00,0x30,0x60,0x30,0x60,0x30,0x60,
    0x30,0x40,0x60,0xC0,0x7F,0xC0,0x60,0xC0,0x60,0xC0,0x60,0x80,0x41,0x80,0xC1,0x80,
    0x00,0x00,0x00,0x00,0x00,0x00,0x00,0x00,0x00,0x00,0x00,0x30,0x30,0x30,0x30,0x60,
    0x60,0x60,0x60,0x60,0x40,0xC0,0x00,0x00,0x00,0x00,0x00,0x00,0x00,0x30,0x30,0x30,
    0x30,0x60,0x60,0x60,0x60,0x60,0x40,0xC0,0xC0,0x80,0x00,0x00,0x00,0x00,0x00,0x00,
    0x00,0x00,0x30,0xC0,0x31,0x80,0x33,0x00,0x3E,0x00,0x7C,0x00,0x78,0x00,0x7C,0x00,
    0x6C,0x00,0x66,0x00,0x43,0x00,0xC1,0x80,0x00,0x00,0x00,0x00,0x00,0x00,0x00,0x00,
    0x00,0x00,0x00,0x30,0x30,0x30,0x30,0x60,0x60,0x60,0x60,0x60,0x40,0xFF,0x00,0x00,
    0x00,0x00,0x00,0x00,0x00,0x00,0x00,0x00,0x38,0x38,0x38,0x70,0x38,0x70,0x2C,0xF0,
    0x6C,0xB0,0x6D,0xB0,0x6F,0x20,0x67,0x60,0x66,0x60,0x40,0x60,0xC0,0x60,0x00,0x00,
    0x00,0x00,0x00,0x00,0x00,0x00,0x00,0x00,0x00,0x00,0x00,0x00,0x38,0x60,0x38,0x60,
    0x3C,0x60,0x2C,0x40,0x6C,0xC0,0x64,0xC0,0x66,0xC0,0x66,0xC0,0x63,0x80,0x43,0x80,
    0xC3,0x80,0x00,0x00,0x00,0x00,0x00,0x00,0x00,0x00,0x00,0x00,0x00,0x00,0x00,0x00,
    0x0F,0x80,0x18,0xE0,0x30,0x60,0x60,0x60,0x60,0x60,0x60,0x60,0xC0,0x60,0xC0,0x60,
    0x60,0xC0,0x73,0x80,0x3F,0x00,0x00,0x00,0x00,0x00,0x00,0x00,0x00,0x00,0x00,0x00,
    0x00,0x00,0x00,0x00,0x3F,0x00,0x31,0x80,0x31,0x80,0x31,0x80,0x61,0x80,0x63,0x00,
    0x7E,0x00,0x60,0x00,0x60,0x00,0x40,0x00,0xC0,0x00,0x00,0x00,0x00,0x00,0x00,0x00,
    0x00,0x00,0x00,0x00,0x00,0x00,0x00,0x00,0x0F,0x80,0x18,0xE0,0x30,0x60,0x60,0x60,
    0x60,0x60,0x60,0x60,0xC0,0x60,0xC0,0x60,0x60,0xC0,0x73,0x80,0x3F,0x00,0x03,0x00,
    0x03,0x00,0x00,0x00,0x00,0x00,0x00,0x00,0x00,0x00,0x00,0x00,0x3F,0x00,0x31,0x80,
    0x31,0x80,0x21,0x80,0x63,0x00,0x7E,0x00,0x63,0x00,0x63,0x00,0x63,0x00,0x41,0x80,
    0xC1,0x80,0x00,0x00,0x00,0x00,0x00,0x00,0x00,0x00,0x00,0x00,0x00,0x00,0x00,0x00,
    0x1F,0x00,0x31,0x80,0x60,0x00,0x60,0x00,0x3C,0x00,0x0F,0x00,0x03,0x00,0x03,0x00,
    0x83,0x00,0xC7,0x00,0x7C,0x00,0x00,0x00,0x00,0x00,0x00,0x00,0x00,0x00,0x00,0x00,
    0x00,0x00,0x00,0x00,0x7F,0x80,0x0C,0x00,0x0C,0x00,0x0C,0x00,0x0C,0x00,0x18,0x00,
    0x18,0x00,0x18,0x00,0x18,0x00,0x18,0x00,0x10,0x00,0x00,0x00,0x00,0x00,0x00,0x00,
    0x00,0x00,0x00,0x00,0x00,0x00,0x00,0x00,0x30,0x60,0x30,0x60,0x30,0x40,0x60,0xC0,
    0x60,0xC0,0x60,0xC0,0x60,0xC0,0x61,0x80,0x61,0x80,0x63,0x00,0x3E,0x00,0x00,0x00,
    0x00,0x00,0x00,0x00,0x00,0x00,0x00,0x00,0x00,0x00,0x00,0x00,0x60,0x40,0x60,0xC0,
    0x60,0xC0,0x21,0x80,0x31,0x80,0x33,0x00,0x33,0x00,0x36,0x00,0x34,0x00,0x1C,0x00,
    0x18,0x00,0x00,0x00,0x00,0x00,0x00,0x00,0x00,0x00,0x00,0x00,0x00,0x00,0x00,0x00,
    0x61,0x86,0x61,0x86,0x63,0xC4,0x63,0xCC,0x26,0xC8,0x26,0xD8,0x2C,0xD8,0x2C,0xF0,
    0x38,0xF0,0x38,0xE0,0x30,0xE0,0x00,0x00,0x00,0x00,0x00,0x00,0x00,0x00,0x00,0x00,
    0x00,0x00,0x00,0x00,0x30,0xC0,0x11,0x80,0x1B,0x80,0x0F,0x00,0x0E,0x00,0x0C,0x00,
    0x1E,0x00,0x36,0x00,0x63,0x00,0xE3,0x00,0xC1,0x80,0x00,0x00,0x00,0x00,0x00,0x00,
    0x00,0x00,0x00,0x00,0x00,0x00,0x00,0x00,0x60,0x80,0x61,0x80,0x33,0x00,0x36,0x00,
    0x1C,0x00,0x1C,0x00,0x18,0x00,0x18,0x00,0x18,0x00,0x18,0x00,0x10,0x00,0x00,0x00,
    0x00,0x00,0x00,0x00,0x00,0x00,0x00,0x00,0x00,0x00,0x00,0x00,0x3F,0xC0,0x00,0xC0,
    0x01,0x80,0x03,0x00,0x06,0x00,0x0C,0x00,0x18,0x00,0x30,0x00,0x70,0x00,0xE0,0x00,
    0xFF,0x80,0x00,0x00,0x00,0x00,0x00,0x00,0x00,0x00,0x00,0x00,0x00,0x1C,0x10,0x30,
    0x30,0x30,0x30,0x20,0x20,0x60,0x60,0x60,0x40,0x70,0x00,0x00,0x00,0x00,0x00,0x60,
    0x60,0x60,0x20,0x20,0x20,0x20,0x30,0x30,0x30,0x30,0x30,0x00,0x00,0x00,0x00,0x00,
    0x00,0x38,0x18,0x18,0x18,0x10,0x30,0x30,0x30,0x30,0x20,0x60,0x60,0xE0,0x00,0x00,
    0x00,0x00,0x00,0x00,0x00,0x00,0x07,0x00,0x0F,0x80,0x18,0xC0,0x30,0x60,0x00,0x00,
    0x00,0x00,0x00,0x00,0x00,0x00,0x00,0x00,0x00,0x00,0x00,0x00,0x00,0x00,0x00,0x00,
    0x00,0x00,0x00,0x00,0x00,0x00,0x00,0x00,0x00,0x00,0x00,0x00,0x00,0x00,0x00,0x00,
    0x00,0x00,0x00,0x00,0x00,0xFF,0x00,0x00,0x18,0x08,0x0C,0x00,0x00,0x00,0x00,0x00,
    0x00,0x00,0x00,0x00,0x00,0x00,0x00,0x00,0x00,0x00,0x00,0x00,0x00,0x00,0x00,0x00,
    0x00,0x00,0x00,0x00,0x3E,0x00,0x03,0x00,0x01,0x00,0x3F,0x00,0x63,0x00,0xC3,0x00,
    0x67,0x00,0x7A,0x00,0x00,0x00,0x00,0x00,0x00,0x00,0x00,0x00,0x00,0x00,0x00,0x00,
    0x00,0x00,0x30,0x00,0x30,0x00,0x30,0x00,0x3F,0x00,0x31,0x80,0x61,0x80,0x61,0x80,
    0x61,0x80,0x61,0x00,0x63,0x00,0xDE,0x00,0x00,0x00,0x00,0x00,0x00,0x00,0x00,0x00,
    0x00,0x00,0x00,0x00,0x00,0x00,0x1F,0x31,0x60,0x60,0x40,0x40,0x62,0x3C,0x00,0x00,
    0x00,0x00,0x00,0x00,0x00,0x00,0x00,0x00,0x00,0xC0,0x00,0x80,0x00,0x80,0x1F,0x80,
    0x33,0x80,0x61,0x80,0x61,0x00,0x43,0x00,0x43,0x00,0x67,0x00,0x3F,0x00,0x00,0x00,
    0x00,0x00,0x00,0x00,0x00,0x00,0x00,0x00,0x00,0x00,0x00,0x00,0x00,0x00,0x00,0x00,
    0x00,0x00,0x1E,0x00,0x33,0x00,0x61,0x80,0x61,0x80,0x7F,0x80,0x40,0x00,0x63,0x00,
    0x3E,0x00,0x00,0x00,0x00,0x00,0x00,0x00,0x00,0x00,0x00,0x00,0x00,0x08,0x18,0x10,
    0x78,0x30,0x30,0x20,0x20,0x60,0x60,0x60,0x00,0x00,0x00,0x00,0x00,0x00,0x00,0x00,
    0x00,0x00,0x00,0x00,0x00,0x00,0x00,0x00,0x1F,0x80,0x33,0x80,0x61,0x80,0x61,0x00,
    0x41,0x00,0x43,0x00,0x67,0x00,0x3F,0x00,0x02,0x00,0xCE,0x00,0x78,0x00,0x00,0x00,
    0x00,0x00,0x00,0x00,0x00,0x00,0x30,0x00,0x30,0x00,0x30,0x00,0x3F,0x00,0x31,0x80,
    0x61,0x80,0x61,0x00,0x61,0x00,0x63,0x00,0x43,0x00,0xC3,0x00,0x00,0x00,0x00,0x00,
    0x00,0x00,0x00,0x00,0x00,0x00,0x00,0x30,0x30,0x00,0x30,0x20,0x60,0x60,0x60,0x60,
    0x40,0xC0,0x00,0x00,0x00,0x00,0x00,0x00,0x00,0x10,0x30,0x00,0x30,0x20,0x60,0x60,
    0x60,0x60,0x40,0x40,0xC0,0xC0,0x80,0x00,0x00,0x00,0x00,0x00,0x00,0x00,0x30,0x00,
    0x30,0x00,0x30,0x00,0x33,0x80,0x26,0x00,0x6C,0x00,0x78,0x00,0x78,0x00,0x6C,0x00,
    0x46,0x00,0xC3,0x00,0x00,0x00,0x00,0x00,0x00,0x00,0x00,0x00,0x00,0x00,0x00,0x30,
    0x30,0x30,0x30,0x20,0x60,0x60,0x60,0x60,0x40,0xC0,0x00,0x00,0x00,0x00,0x00,0x00,
    0x00,0x00,0x00,0x00,0x00,0x00,0x00,0x00,0x00,0x00,0x3F,0x78,0x33,0xCC,0x61,0x8C,
    0x61,0x0C,0x63,0x08,0x63,0x18,0x43,0x18,0xC2,0x18,0x00,0x00,0x00,0x00,0x00,0x00,
    0x00,0x00,0x00,0x00,0x00,0x00,0x00,0x00,0x00,0x00,0x00,0x00,0x00,0x00,0x3F,0x00,
    0x31,0x80,0x61,0x80,0x61,0x00,0x61,0x00,0x63,0x00,0x43,0x00,0xC3,0x00,0x00,0x00,
    0x00,0x00,0x00,0x00,0x00,0x00,0x00,0x00,0x00,0x00,0x00,0x00,0x00,0x00,0x00,0x00,
    0x00,0x00,0x1E,0x00,0x33,0x00,0x61,0x80,0x61,0x80,0x41,0x00,0x43,0x00,0x66,0x00,
    0x3C,0x00,0x00,0x00,0x00,0x00,0x00,0x00,0x00,0x00,0x00,0x00,0x00,0x00,0x00,0x00,
    0x00,0x00,0x00,0x00,0x00,0x00,0x3F,0x00,0x39,0x80,0x71,0x80,0x61,0x80,0x61,0x80,
    0x61,0x00,0x63,0x00,0xDE,0x00,0xC0,0x00,0xC0,0x00,0xC0,0x00,0x00,0x00,0x00,0x00,
    0x00,0x00,0x00,0x00,0x00,0x00,0x00,0x00,0x00,0x00,0x1F,0x80,0x33,0x80,0x61,0x80,
    0x61,0x00,0x43,0x00,0x43,0x00,0x67,0x00,0x3F,0x00,0x02,0x00,0x02,0x00,0x06,0x00,
    0x00,0x00,0x00,0x00,0x00,0x00,0x00,0x00,0x3C,0x38,0x60,0x60,0x60,0x60,0x40,0xC0,
    0x00,0x00,0x00,0x00,0x00,0x00,0x00,0x00,0x00,0x00,0x3E,0x63,0x60,0x78,0x1E,0x06,
    0xC6,0x7C,0x00,0x00,0x00,0x00,0x00,0x00,0x00,0x00,0x30,0x30,0x7C,0x30,0x20,0x60,
    0x60,0x60,0x60,0x38,0x00,0x00,0x00,0x00,0x00,0x00,0x00,0x00,0x00,0x00,0x00,0x00,
    0x00,0x00,0x00,0x00,0x21,0x80,0x61,0x80,0x61,0x80,0x61,0x00,0x63,0x00,0x43,0x00,
    0x67,0x00,0x7B,0x00,0x00,0x00,0x00,0x00,0x00,0x00,0x00,0x00,0x00,0x00,0x00,0x00,
    0x00,0x00,0x00,0x00,0x00,0x00,0x00,0x00,0x61,0x80,0x61,0x00,0x63,0x00,0x26,0x00,
    0x26,0x00,0x3C,0x00,0x38,0x00,0x38,0x00,0x00,0x00,0x00,0x00,0x00,0x00,0x00,0x00,
    0x00,0x00,0x00,0x00,0x00,0x00,0x00,0x00,0x00,0x00,0x00,0x00,0x63,0x10,0x67,0x30,
    0x67,0x20,0x6F,0x60,0x69,0x40,0x79,0xC0,0x31,0x80,0x31,0x80,0x00,0x00,0x00,0x00,
    0x00,0x00,0x00,0x00,0x00,0x00,0x00,0x00,0x00,0x00,0x00,0x00,0x00,0x00,0x00,0x00,
    0x31,0x80,0x33,0x00,0x1E,0x00,0x1C,0x00,0x1C,0x00,0x3C,0x00,0x66,0x00,0xC2,0x00,
    0x00,0x00,0x00,0x00,0x00,0x00,0x00,0x00,0x00,0x00,0x00,0x00,0x00,0x00,0x00,0x00,
    0x00,0x00,0x00,0x00,0x61,0x80,0x61,0x00,0x63,0x00,0x26,0x00,0x36,0x00,0x3C,0x00,
    0x38,0x00,0x18,0x00,0x30,0x00,0x60,0x00,0xE0,0x00,0x00,0x00,0x00,0x00,0x00,0x00,
    0x00,0x00,0x7F,0x03,0x06,0x1C,0x38,0x70,0xC0,0xFE,0x00,0x00,0x00,0x00,0x00,0x00,
    0x00,0x00,0x00,0x00,0x03,0x80,0x06,0x00,0x06,0x00,0x04,0x00,0x0C,0x00,0x0C,0x00,
    0x38,0x00,0x18,0x00,0x08,0x00,0x18,0x00,0x18,0x00,0x18,0x00,0x18,0x00,0x0E,0x00,
    0x00,0x00,0x00,0x00,0x00,0x20,0x20,0x20,0x20,0x20,0x20,0x20,0x20,0x20,0x20,0x20,
    0x20,0x20,0x20,0x20,0x00,0x00,0x00,0x00,0x00,0x00,0x1C,0x00,0x0C,0x00,0x0C,0x00,
    0x0C,0x00,0x0C,0x00,0x0C,0x00,0x0E,0x00,0x08,0x00,0x18,0x00,0x18,0x00,0x10,0x00,
    0x10,0x00,0x30,0x00,0xE0,0x00,0x00,0x00,0x00,0x00,0x00,0x00,0x00,0x00,0x00,0x00,
    0x00,0x00,0x00,0x00,0x00,0x00,0x00,0x00,0x3E,0x20,0x63,0xC0,0x00,0x00,0x00,0x00,
    0x00,0x00,0x00,0x00,0x00,0x00,0x00,0x00,0x00,0x00,0x00,0x00,0x06,0x00,0x02,0x00,
    0x00,0x00,0x06,0x00,0x0F,0x00,0x0F,0x00,0x1B,0x00,0x1B,0x00,0x31,0x00,0x21,0x80,
    0x7F,0x80,0xC1,0x80,0xC1,0x80,0x81,0x80,0x00,0x00,0x00,0x00,0x00,0x00,0x00,0x00,
    0x01,0x00,0x02,0x00,0x00,0x00,0x06,0x00,0x0F,0x00,0x0F,0x00,0x1B,0x00,0x1B,0x00,
    0x31,0x00,0x21,0x80,0x7F,0x80,0xC1,0x80,0xC1,0x80,0x81,0x80,0x00,0x00,0x00,0x00,
    0x00,0x00,0x00,0x00,0x07,0x00,0x0D,0x80,0x00,0x00,0x06,0x00,0x0F,0x00,0x0F,0x00,
    0x1B,0x00,0x1B,0x00,0x31,0x00,0x21,0x80,0x7F,0x80,0xC1,0x80,0xC1,0x80,0x81,0x80,
    0x00,0x00,0x00,0x00,0x00,0x00,0x00,0x00,0x06,0x80,0x0B,0x80,0x00,0x00,0x06,0x00,
    0x0F,0x00,0x0F,0x00,0x1B,0x00,0x1B,0x00,0x31,0x00,0x21,0x80,0x7F,0x80,0xC1,0x80,
    0xC1,0x80,0x81,0x80,0x00,0x00,0x00,0x00,0x00,0x00,0x00,0x00,0x0D,0x80,0x0D,0x80,
    0x00,0x00,0x06,0x00,0x0F,0x00,0x0F,0x00,0x1B,0x00,0x1B,0x00,0x31,0x00,0x21,0x80,
    0x7F,0x80,0xC1,0x80,0xC1,0x80,0x81,0x80,0x00,0x00,0x00,0x00,0x00,0x00,0x00,0x00,
    0x07,0x00,0x0D,0x00,0x0D,0x00,0x07,0x00,0x0F,0x00,0x0F,0x00,0x1B,0x00,0x1B,0x00,
    0x31,0x00,0x21,0x80,0x7F,0x80,0xC1,0x80,0xC1,0x80,0x81,0x80,0x00,0x00,0x00,0x00,
    0x00,0x00,0x00,0x00,0x00,0x00,0x00,0x00,0x00,0x00,0x03,0xFE,0x07,0x80,0x0D,0x80,
    0x0D,0x80,0x19,0x80,0x31,0xFC,0x31,0x00,0x7F,0x00,0x43,0x00,0xC3,0x00,0x83,0xF8,
    0x00,0x00,0x00,0x00,0x00,0x00,0x00,0x00,0x00,0x00,0x00,0x00,0x00,0x00,0x0F,0xC0,
    0x18,0xC0,0x30,0x00,0x60,0x00,0x60,0x00,0x60,0x00,0xC0,0x00,0xC0,0x00,0x60,0x80,
    0x71,0x80,0x3F,0x00,0x04,0x00,0x04,0x00,0x1C,0x00,0x00,0x00,0x04,0x00,0x06,0x00,
    0x00,0x00,0x3F,0x80,0x30,0x00,0x30,0x00,0x30,0x00,0x60,0x00,0x7F,0x00,0x60,0x00,
    0x60,0x00,0x60,0x00,0x40,0x00,0xFF,0x00,0x00,0x00,0x00,0x00,0x00,0x00,0x00,0x00,
    0x03,0x00,0x06,0x00,0x00,0x00,0x3F,0x80,0x30,0x00,0x30,0x00,0x30,0x00,0x60,0x00,
    0x7F,0x00,0x60,0x00,0x60,0x00,0x60,0x00,0x40,0x00,0xFF,0x00,0x00,0x00,0x00,0x00,
    0x00,0x00,0x00,0x00,0x07,0x00,0x0D,0x00,0x00,0x00,0x3F,0x80,0x30,0x00,0x30,0x00,
    0x30,0x00,0x60,0x00,0x7F,0x00,0x60,0x00,0x60,0x00,0x60,0x00,0x40,0x00,0xFF,0x00,
    0x00,0x00,0x00,0x00,0x00,0x00,0x00,0x00,0x0D,0x80,0x0D,0x00,0x00,0x00,0x3F,0x80,
    0x30,0x00,0x30,0x00,0x30,0x00,0x60,0x00,0x7F,0x00,0x60,0x00,0x60,0x00,0x60,0x00,
    0x40,0x00,0xFF,0x00,0x00,0x00,0x00,0x00,0x00,0x00,0x00,0x00,0x30,0x10,0x00,0x30,
    0x30,0x30,0x30,0x60,0x60,0x60,0x60,0x60,0x40,0xC0,0x00,0x00,0x00,0x00,0x00,0x10,
    0x00,0x30,0x30,0x30,0x30,0x60,0x60,0x60,0x60,0x60,0x40,0xC0,0x00,0x00,0x00,0x00,
    0x30,0x60,0x00,0x30,0x30,0x30,0x30,0x60,0x60,0x60,0x60,0x60,0x40,0xC0,0x00,0x00,
    0x00,0x00,0x60,0x60,0x00,0x30,0x30,0x30,0x30,0x60,0x60,0x60,0x60,0x60,0x40,0xC0,
    0x00,0x00,0x00,0x00,0x00,0x00,0x00,0x00,0x00,0x00,0x3F,0x80,0x30,0xC0,0x30,0x60,
    0x30,0x60,0x20,0x60,0xFC,0x60,0x60,0x60,0x60,0xC0,0x60,0xC0,0x43,0x80,0xFE,0x00,
    0x00,0x00,0x00,0x00,0x00,0x00,0x00,0x00,0x06,0xC0,0x0D,0x80,0x00,0x00,0x38,0x60,
    0x38,0x60,0x3C,0x60,0x2C,0x40,0x6C,0xC0,0x64,0xC0,0x66,0xC0,0x66,0xC0,0x63,0x80,
    0x43,0x80,0xC3,0x80,0x00,0x00,0x00,0x00,0x00,0x00,0x00,0x00,0x03,0x00,0x01,0x00,
    0x00,0x00,0x0F,0x80,0x18,0xE0,0x30,0x60,0x60,0x60,0x60,0x60,0x60,0x60,0xC0,0x60,
    0xC0,0x60,0x60,0xC0,0x73,0x80,0x3F,0x00,0x00,0x00,0x00,0x00,0x00,0x00,0x00,0x00,
    0x01,0x80,0x01,0x00,0x00,0x00,0x0F,0x80,0x18,0xE0,0x30,0x60,0x60,0x60,0x60,0x60,
    0x60,0x60,0xC0,0x60,0xC0,0x60,0x60,0xC0,0x73,0x80,0x3F,0x00,0x00,0x00,0x00,0x00,
    0x00,0x00,0x00,0x00,0x03,0x80,0x06,0xC0,0x00,0x00,0x0F,0x80,0x18,0xE0,0x30,0x60,
    0x60,0x60,0x60,0x60,0x60,0x60,0xC0,0x60,0xC0,0x60,0x60,0xC0,0x73,0x80,0x3F,0x00,
    0x00,0x00,0x00,0x00,0x00,0x00,0x00,0x00,0x07,0x40,0x05,0xC0,0x00,0x00,0x0F,0x80,
    0x18,0xE0,0x30,0x60,0x60,0x60,0x60,0x60,0x60,0x60,0xC0,0x60,0xC0,0x60,0x60,0xC0,
    0x73,0x80,0x3F,0x00,0x00,0x00,0x00,0x00,0x00,0x00,0x00,0x00,0x06,0xC0,0x06,0xC0,
    0x00,0x00,0x0F,0x80,0x18,0xE0,0x30,0x60,0x60,0x60,0x60,0x60,0x60,0x60,0xC0,0x60,
    0xC0,0x60,0x60,0xC0,0x73,0x80,0x3F,0x00,0x00,0x00,0x00,0x00,0x00,0x00,0x00,0x00,
    0x00,0x00,0x00,0x00,0x00,0x00,0x00,0x00,0x00,0x00,0x30,0x40,0x18,0xC0,0x0D,0x80,
    0x07,0x00,0x07,0x00,0x0D,0x80,0x18,0xC0,0x30,0x40,0x00,0x00,0x00,0x00,0x00,0x00,
    0x00,0x00,0x00,0x00,0x00,0x00,0x00,0x00,0x00,0x00,0x0F,0xB0,0x18,0xE0,0x30,0xE0,
    0x61,0xE0,0x63,0x60,0x66,0x60,0xCC,0x60,0xF8,0x60,0x70,0xC0,0x73,0x80,0xBF,0x00,
    0x00,0x00,0x00,0x00,0x00,0x00,0x00,0x00,0x06,0x00,0x03,0x00,0x00,0x00,0x30,0x60,
    0x30,0x60,0x30,0x40,0x60,0xC0,0x60,0xC0,0x60,0xC0,0x60,0xC0,0x61,0x80,0x61,0x80,
    0x63,0x00,0x3E,0x00,0x00,0x00,0x00,0x00,0x00,0x00,0x00,0x00,0x01,0x80,0x03,0x00,
    0x00,0x00,0x30,0x60,0x30,0x60,0x30,0x40,0x60,0xC0,0x60,0xC0,0x60,0xC0,0x60,0xC0,
    0x61,0x80,0x61,0x80,0x63,0x00,0x3E,0x00,0x00,0x00,0x00,0x00,0x00,0x00,0x00,0x00,
    0x03,0x00,0x05,0x80,0x00,0x00,0x30,0x60,0x30,0x60,0x30,0x40,0x60,0xC0,0x60,0xC0,
    0x60,0xC0,0x60,0xC0,0x61,0x80,0x61,0x80,0x63,0x00,0x3E,0x00,0x00,0x00,0x00,0x00,
    0x00,0x00,0x00,0x00,0x05,0x80,0x0D,0x80,0x00,0x00,0x30,0x60,0x30,0x60,0x30,0x40,
    0x60,0xC0,0x60,0xC0,0x60,0xC0,0x60,0xC0,0x61,0x80,0x61,0x80,0x63,0x00,0x3E,0x00,
    0x00,0x00,0x00,0x00,0x00,0x00,0x00,0x00,0x03,0x00,0x06,0x00,0x00,0x00,0x60,0x80,
    0x61,0x80,0x33,0x00,0x36,0x00,0x1C,0x00,0x1C,0x00,0x18,0x00,0x18,0x00,0x18,0x00,
    0x18,0x00,0x10,0x00,0x00,0x00,0x00,0x00,0x00,0x00,0x00,0x00,0x00,0x00,0x00,0x00,
    0x00,0x00,0x30,0x00,0x30,0x00,0x3F,0x00,0x33,0x80,0x61,0x80,0x61,0x80,0x61,0x80,
    0x63,0x00,0x7E,0x00,0x40,0x00,0xC0,0x00,0x00,0x00,0x00,0x00,0x00,0x00,0x00,0x00,
    0x00,0x00,0x00,0x00,0x00,0x00,0x0F,0x00,0x19,0x80,0x31,0x80,0x37,0x00,0x34,0x00,
    0x24,0x00,0x67,0x00,0x63,0x00,0x61,0x80,0x63,0x00,0x5E,0x00,0x00,0x00,0x00,0x00,
    0x00,0x00,0x00,0x00,0x00,0x00,0x00,0x00,0x08,0x00,0x0C,0x00,0x04,0x00,0x00,0x00,
    0x3E,0x00,0x03,0x00,0x01,0x00,0x3F,0x00,0x63,0x00,0xC3,0x00,0x67,0x00,0x7A,0x00,
    0x00,0x00,0x00,0x00,0x00,0x00,0x00,0x00,0x00,0x00,0x00,0x00,0x03,0x00,0x02,0x00,
    0x04,0x00,0x00,0x00,0x3E,0x00,0x03,0x00,0x01,0x00,0x3F,0x00,0x63,0x00,0xC3,0x00,
    0x67,0x00,0x7A,0x00,0x00,0x00,0x00,0x00,0x00,0x00,0x00,0x00,0x00,0x00,0x00,0x00,
    0x06,0x00,0x0E,0x00,0x1B,0x00,0x00,0x00,0x3E,0x00,0x03,0x00,0x01,0x00,0x3F,0x00,
    0x63,0x00,0xC3,0x00,0x67,0x00,0x7A,0x00,0x00,0x00,0x00,0x00,0x00,0x00,0x00,0x00,
    0x00,0x00,0x00,0x00,0x0D,0x00,0x1F,0x00,0x00,0x00,0x00,0x00,0x3E,0x00,0x03,0x00,
    0x01,0x00,0x3F,0x00,0x63,0x00,0xC3,0x00,0x67,0x00,0x7A,0x00,0x00,0x00,0x00,0x00,
    0x00,0x00,0x00,0x00,0x00,0x00,0x00,0x00,0x00,0x00,0x0B,0x00,0x1B,0x00,0x00,0x00,
    0x3E,0x00,0x03,0x00,0x01,0x00,0x3F,0x00,0x63,0x00,0xC3,0x00,0x67,0x00,0x7A,0x00,
    0x00,0x00,0x00,0x00,0x00,0x00,0x00,0x00,0x00,0x00,0x0E,0x00,0x09,0x00,0x09,0x00,
    0x0E,0x00,0x00,0x00,0x3E,0x00,0x03,0x00,0x01,0x00,0x3F,0x00,0x63,0x00,0xC3,0x00,
    0x67,0x00,0x7A,0x00,0x00,0x00,0x00,0x00,0x00,0x00,0x00,0x00,0x00,0x00,0x00,0x00,
    0x00,0x00,0x00,0x00,0x00,0x00,0x00,0x00,0x3F,0x78,0x03,0xCC,0x01,0x84,0x3F,0x04,
    0x63,0xFC,0xC3,0x00,0x67,0x88,0x79,0xF0,0x00,0x00,0x00,0x00,0x00,0x00,0x00,0x00,
    0x00,0x00,0x00,0x00,0x00,0x00,0x1F,0x31,0x60,0x60,0x40,0x40,0x62,0x3C,0x08,0x08,
    0x38,0x00,0x00,0x00,0x00,0x00,0x0C,0x00,0x0C,0x00,0x06,0x00,0x00,0x00,0x1E,0x00,
    0x33,0x00,0x61,0x80,0x61,0x80,0x7F,0x80,0x40,0x00,0x63,0x00,0x3E,0x00,0x00,0x00,
    0x00,0x00,0x00,0x00,0x00,0x00,0x00,0x00,0x00,0x00,0x01,0x00,0x02,0x00,0x04,0x00,
    0x00,0x00,0x1E,0x00,0x33,0x00,0x61,0x80,0x61,0x80,0x7F,0x80,0x40,0x00,0x63,0x00,
    0x3E,0x00,0x00,0x00,0x00,0x00,0x00,0x00,0x00,0x00,0x00,0x00,0x00,0x00,0x06,0x00,
    0x0F,0x00,0x19,0x00,0x00,0x00,0x1E,0x00,0x33,0x00,0x61,0x80,0x61,0x80,0x7F,0x80,
    0x40,0x00,0x63,0x00,0x3E,0x00,0x00,0x00,0x00,0x00,0x00,0x00,0x00,0x00,0x00,0x00,
    0x00,0x00,0x00,0x00,0x0B,0x00,0x1B,0x00,0x00,0x00,0x1E,0x00,0x33,0x00,0x61,0x80,
    0x61,0x80,0x7F,0x80,0x40,0x00,0x63,0x00,0x3E,0x00,0x00,0x00,0x00,0x00,0x00,0x00,
    0x00,0x00,0x00,0x00,0x60,0x20,0x30,0x00,0x30,0x20,0x60,0x60,0x60,0x60,0x40,0xC0,
    0x00,0x00,0x00,0x00,0x00,0x00,0x00,0x10,0x30,0x00,0x30,0x20,0x60,0x60,0x60,0x60,
    0x40,0xC0,0x00,0x00,0x00,0x00,0x00,0x00,0x30,0x30,0x40,0x00,0x30,0x20,0x60,0x60,
    0x60,0x60,0x40,0xC0,0x00,0x00,0x00,0x00,0x00,0x00,0x00,0x60,0x60,0x00,0x30,0x20,
    0x60,0x60,0x60,0x60,0x40,0xC0,0x00,0x00,0x00,0x00,0x00,0x00,0x00,0x00,0x00,0x00,
    0x0D,0x80,0x0E,0x00,0x16,0x00,0x1F,0x00,0x31,0x00,0x61,0x80,0x61,0x80,0x41,0x00,
    0x43,0x00,0x66,0x00,0x3C,0x00,0x00,0x00,0x00,0x00,0x00,0x00,0x00,0x00,0x00,0x00,
    0x00,0x00,0x0D,0x80,0x1B,0x00,0x00,0x00,0x00,0x00,0x3F,0x00,0x31,0x80,0x61,0x80,
    0x61,0x00,0x61,0x00,0x63,0x00,0x43,0x00,0xC3,0x00,0x00,0x00,0x00,0x00,0x00,0x00,
    0x00,0x00,0x00,0x00,0x00,0x00,0x0C,0x00,0x0C,0x00,0x06,0x00,0x00,0x00,0x1E,0x00,
    0x33,0x00,0x61,0x80,0x61,0x80,0x41,0x00,0x43,0x00,0x66,0x00,0x3C,0x00,0x00,0x00,
    0x00,0x00,0x00,0x00,0x00,0x00,0x00,0x00,0x00,0x00,0x01,0x00,0x02,0x00,0x04,0x00,
    0x00,0x00,0x1E,0x00,0x33,0x00,0x61,0x80,0x61,0x80,0x41,0x00,0x43,0x00,0x66,0x00,
    0x3C,0x00,0x00,0x00,0x00,0x00,0x00,0x00,0x00,0x00,0x00,0x00,0x00,0x00,0x06,0x00,
    0x0F,0x00,0x09,0x00,0x00,0x00,0x1E,0x00,0x33,0x00,0x61,0x80,0x61,0x80,0x41,0x00,
    0x43,0x00,0x66,0x00,0x3C,0x00,0x00,0x00,0x00,0x00,0x00,0x00,0x00,0x00,0x00,0x00,
    0x00,0x00,0x0D,0x80,0x1B,0x00,0x00,0x00,0x00,0x00,0x1E,0x00,0x33,0x00,0x61,0x80,
    0x61,0x80,0x41,0x00,0x43,0x00,0x66,0x00,0x3C,0x00,0x00,0x00,0x00,0x00,0x00,0x00,
    0x00,0x00,0x00,0x00,0x00,0x00,0x00,0x00,0x0F,0x00,0x1B,0x00,0x00,0x00,0x1E,0x00,
    0x33,0x00,0x61,0x80,0x61,0x80,0x41,0x00,0x43,0x00,0x66,0x00,0x3C,0x00,0x00,0x00,
    0x00,0x00,0x00,0x00,0x00,0x00,0x00,0x00,0x00,0x00,0x00,0x00,0x00,0x00,0x00,0x00,
    0x00,0x00,0x06,0x00,0x06,0x00,0x00,0x00,0x7F,0xE0,0x00,0x00,0x06,0x00,0x06,0x00,
    0x00,0x00,0x00,0x00,0x00,0x00,0x00,0x00,0x00,0x00,0x00,0x00,0x00,0x00,0x00,0x00,
    0x00,0x00,0x00,0x00,0x00,0x00,0x1F,0x80,0x33,0x00,0x67,0x80,0x6D,0x80,0x59,0x00,
    0x73,0x00,0x66,0x00,0xFC,0x00,0x00,0x00,0x00,0x00,0x00,0x00,0x00,0x00,0x00,0x00,
    0x00,0x00,0x0C,0x00,0x0C,0x00,0x06,0x00,0x00,0x00,0x21,0x80,0x61,0x80,0x61,0x80,
    0x61,0x00,0x63,0x00,0x43,0x00,0x67,0x00,0x7B,0x00,0x00,0x00,0x00,0x00,0x00,0x00,
    0x00,0x00,0x00,0x00,0x00,0x00,0x01,0x00,0x02,0x00,0x04,0x00,0x00,0x00,0x21,0x80,
    0x61,0x80,0x61,0x80,0x61,0x00,0x63,0x00,0x43,0x00,0x67,0x00,0x7B,0x00,0x00,0x00,
    0x00,0x00,0x00,0x00,0x00,0x00,0x00,0x00,0x00,0x00,0x06,0x00,0x0E,0x00,0x1B,0x00,
    0x00,0x00,0x21,0x80,0x61,0x80,0x61,0x80,0x61,0x00,0x63,0x00,0x43,0x00,0x67,0x00,
    0x7B,0x00,0x00,0x00,0x00,0x00,0x00,0x00,0x00,0x00,0x00,0x00,0x00,0x00,0x00,0x00,
    0x0B,0x00,0x1B,0x00,0x00,0x00,0x21,0x80,0x61,0x80,0x61,0x80,0x61,0x00,0x63,0x00,
    0x43,0x00,0x67,0x00,0x7B,0x00,0x00,0x00,0x00,0x00,0x00,0x00,0x00,0x00,0x00,0x00,
    0x00,0x00,0x03,0x00,0x02,0x00,0x04,0x00,0x00,0x00,0x61,0x80,0x61,0x00,0x63,0x00,
    0x26,0x00,0x36,0x00,0x3C,0x00,0x38,0x00,0x18,0x00,0x30,0x00,0x60,0x00,0xE0,0x00,
    0x00,0x00,0x00,0x00,0x00,0x00,0x00,0x00,0x30,0x00,0x30,0x00,0x30,0x00,0x3F,0x00,
    0x39,0x80,0x71,0x80,0x61,0x80,0x61,0x80,0x61,0x00,0x63,0x00,0xDE,0x00,0xC0,0x00,
    0xC0,0x00,0xC0,0x00,0x00,0x00,0x00,0x00,0x00,0x00,0x00,0x00,0x1B,0x00,0x1B,0x00,
    0x00,0x00,0x61,0x80,0x61,0x00,0x63,0x00,0x26,0x00,0x36,0x00,0x3C,0x00,0x38,0x00,
    0x18,0x00,0x30,0x00,0x60,0x00,0xE0,0x00,0x00,0x00,0x00,0x00,0x00,0x00,0x00,0x00,
    0x07,0xFF,0x1C,0x40,0x30,0xC0,0x60,0xC0,0x60,0xC0,0x60,0xFE,0x40,0xC0,0x61,0x80,
    0x61,0x80,0x71,0x80,0x1F,0xFC,0x00,0x00,0x00,0x00,0x00,0x00,0x00,0x00,0x00,0x00,
    0x00,0x00,0x00,0x00,0x00,0x00,0x00,0x00,0x00,0x00,0x1E,0x7C,0x33,0xCC,0x61,0x86,
    0x61,0x86,0x41,0xFE,0x43,0x00,0x67,0x8C,0x3C,0xF8,0x00,0x00,0x00,0x00,0x00,0x00,
    0x00,0x00,0x0D,0x00,0x06,0x00,0x00,0x00,0x1F,0x00,0x31,0x80,0x60,0x00,0x60,0x00,
    0x3C,0x00,0x0F,0x00,0x03,0x00,0x03,0x00,0x83,0x00,0xC7,0x00,0x7C,0x00,0x00,0x00,
    0x00,0x00,0x00,0x00,0x00,0x00,0x00,0x00,0x1B,0x0E,0x0C,0x00,0x3E,0x63,0x60,0x78,
    0x1E,0x06,0xC6,0x7C,0x00,0x00,0x00,0x00,0x05,0x80,0x07,0x00,0x00,0x00,0x3F,0xC0,
    0x00,0xC0,0x01,0x80,0x03,0x00,0x06,0x00,0x0C,0x00,0x18,0x00,0x30,0x00,0x70,0x00,
    0xE0,0x00,0xFF,0x80,0x00,0x00,0x00,0x00,0x00,0x00,0x00,0x00,0x00,0x00,0x1B,0x0E,
    0x0C,0x00,0x7F,0x03,0x06,0x1C,0x38,0x70,0xC0,0xFE,0x00,0x00,0x00,0x00,0x0D,0x00,
    0x0B,0x00,0x00,0x00,0x60,0x80,0x61,0x80,0x33,0x00,0x36,0x00,0x1C,0x00,0x1C,0x00,
    0x18,0x00,0x18,0x00,0x18,0x00,0x18,0x00,0x10,0x00,0x00,0x00,0x00,0x00,0x00,0x00,
    0x00,0x00,0x00,0x00,0x00,0x00,0x00,0x00,0x00,0x00,0x00,0x7E,0x00,0x00,0x00,0x00,
    0x00,0x00,0x00,0x00,0x00,0x00,0x00,0x00,0x00,0x00,0x00,0x00,0x00,0x00,0x00,0x00,
    0x00,0x00,0x00,0x00,0x00,0x00,0x7F,0xFC,0x00,0x00,0x00,0x00,0x00,0x00,0x00,0x00,
    0x00,0x00,0x00,0x00,0x00,0x00,0x00,0x00,0x00,0x00,0x00,0x18,0x10,0x30,0x30,0x00,
    0x00,0x00,0x00,0x00,0x00,0x00,0x00,0x00,0x00,0x00,0x00,0x00,0x00,0x18,0x18,0x30,
    0x20,0x00,0x00,0x00,0x00,0x00,0x00,0x00,0x00,0x00,0x00,0x00,0x00,0x00,0x00,0x1B,
    0x12,0x36,0x36,0x00,0x00,0x00,0x00,0x00,0x00,0x00,0x00,0x00,0x00,0x00,0x00,0x00,
    0x00,0x1B,0x1B,0x36,0x24,0x00,0x00,0x00,0x00,0x00,0x00,0x00,0x00,0x00,0x00,0x00,
    0x00,0x00,0x00,0x00,0x00,0x00,0x00,0x00,0x00,0x00,0x00,0x00,0x00,0x00,0x1C,0x00,
    0x3E,0x00,0x3E,0x00,0x1C,0x00,0x00,0x00,0x00,0x00,0x00,0x00,0x00,0x00,0x00,0x00,
    0x00,0x00,0x00,0x00,0x00,0x00,0x00,0x00,0x00,0x00,0x00,0x00,0x00,0x00,0x00,0x00,
    0x00,0x00,0x00,0x00,0x00,0x00,0x00,0x00,0x00,0x00,0x00,0x00,0x63,0x18,0x63,0x18,
    0x00,0x00,0x00,0x00,0x00,0x00,0x00,0x00,
};
const FontGlyph FONT_18_ITAL_GLYPHS[174] PROGMEM = {
    {5, 0},
    {6, 18},
    {7, 36},
    {13, 54},
    {10, 90},
    {14, 126},
    {12, 162},
    {4, 198},
    {6, 216},
    {6, 234},
    {8, 252},
    {13, 270},
    {5, 306},
    {5, 324},
    {5, 342},
    {5, 360},
    {10, 378},
    {10, 414},
    {10, 450},
    {10, 486},
    {10, 522},
    {10, 558},
    {10, 594},
    {10, 630},
    {10, 666},
    {10, 702},
    {5, 738},
    {5, 756},
    {13, 774},
    {13, 810},
    {13, 846},
    {8, 882},
    {15, 900},
    {10, 936},
    {10, 972},
    {10, 1008},
    {12, 1044},
    {9, 1080},
    {9, 1116},
    {12, 1152},
    {11, 1188},
    {4, 1224},
    {4, 1242},
    {10, 1260},
    {8, 1296},
    {13, 1314},
    {11, 1350},
    {12, 1386},
    {9, 1422},
    {12, 1458},
    {10, 1494},
    {10, 1530},
    {9, 1566},
    {11, 1602},
    {10, 1638},
    {15, 1674},
    {10, 1710},
    {9, 1746},
    {10, 1782},
    {6, 1818},
    {5, 1836},
    {6, 1854},
    {13, 1872},
    {8, 1908},
    {8, 1926},
    {9, 1944},
    {10, 1980},
    {8, 2016},
    {10, 2034},
    {9, 2070},
    {5, 2106},
    {10, 2124},
    {10, 2160},
    {4, 2196},
    {4, 2214},
    {9, 2232},
    {4, 2268},
    {15, 2286},
    {10, 2322},
    {9, 2358},
    {10, 2394},
    {10, 2430},
    {6, 2466},
    {8, 2484},
    {6, 2502},
    {10, 2520},
    {9, 2556},
    {12, 2592},
    {9, 2628},
    {9, 2664},
    {8, 2700},
    {10, 2718},
    {5, 2754},
    {10, 2772},
    {13, 2808},
    {10, 2844},
    {10, 2880},
    {10, 2916},
    {10, 2952},
    {10, 2988},
    {10, 3024},
    {15, 3060},
    {10, 3096},
    {9, 3132},
    {9, 3168},
    {9, 3204},
    {9, 3240},
    {4, 3276},
    {4, 3294},
    {4, 3312},
    {4, 3330},
    {12, 3348},
    {11, 3384},
    {12, 3420},
    {12, 3456},
    {12, 3492},
    {12, 3528},
    {12, 3564},
    {13, 3600},
    {12, 3636},
    {11, 3672},
    {11, 3708},
    {11, 3744},
    {11, 3780},
    {9, 3816},
    {9, 3852},
    {9, 3888},
    {9, 3924},
    {9, 3960},
    {9, 3996},
    {9, 4032},
    {9, 4068},
    {9, 4104},
    {15, 4140},
    {8, 4176},
    {9, 4194},
    {9, 4230},
    {9, 4266},
    {9, 4302},
    {4, 4338},
    {4, 4356},
    {4, 4374},
    {4, 4392},
    {9, 4410},
    {10, 4446},
    {9, 4482},
    {9, 4518},
    {9, 4554},
    {9, 4590},
    {9, 4626},
    {13, 4662},
    {9, 4698},
    {10, 4734},
    {10, 4770},
    {10, 4806},
    {10, 4842},
    {9, 4878},
    {10, 4914},
    {9, 4950},
    {16, 4986},
    {15, 5022},
    {10, 5058},
    {8, 5094},
    {10, 5112},
    {8, 5148},
    {9, 5166},
    {8, 5202},
    {15, 5220},
    {5, 5256},
    {5, 5274},
    {8, 5292},
    {8, 5310},
    {9, 5328},
    {15, 5364},
};
const UiFont FONT_18_ITAL = {18, FONT_18_ITAL_GLYPHS, FONT_18_ITAL_BITS};

const uint8_t FONT_24_REG_BITS[] PROGMEM = {
    0x00,0x00,0x00,0x00,0x00,0x00,0x00,0x00,0x00,0x00,0x00,0x00,0x00,0x00,0x00,0x00,
    0x00,0x00,0x00,0x00,0x00,0x00,0x00,0x00,0x00,0x00,0x00,0x00,0x18,0x18,0x18,0x18,
    0x18,0x18,0x18,0x18,0x18,0x18,0x18,0x00,0x00,0x18,0x18,0x00,0x00,0x00,0x00,0x00,
    0x00,0x00,0x00,0x00,0x00,0x00,0x00,0x00,0x36,0x00,0x36,0x00,0x36,0x00,0x36,0x00,
    0x36,0x00,0x00,0x00,0x00,0x00,0x00,0x00,0x00,0x00,0x00,0x00,0x00,0x00,0x00,0x00,
    0x00,0x00,0x00,0x00,0x00,0x00,0x00,0x00,0x00,0x00,0x00,0x00,0x00,0x00,0x00,0x00,
    0x00,0x00,0x00,0x00,0x00,0x00,0x00,0x00,0x00,0x00,0x00,0x00,0x01,0x98,0x00,0x01,
    0x98,0x00,0x03,0x18,0x00,0x03,0x10,0x00,0x3F,0xFE,0x00,0x3F,0xFE,0x00,0x06,0x30,
    0x00,0x06,0x30,0x00,0x06,0x60,0x00,0x7F,0xFC,0x00,0x7F,0xFC,0x00,0x0C,0x60,0x00,
    0x0C,0xC0,0x00,0x0C,0xC0,0x00,0x08,0xC0,0x00,0x00,0x00,0x00,0x00,0x00,0x00,0x00,
    0x00,0x00,0x00,0x00,0x00,0x00,0x00,0x00,0x00,0x00,0x00,0x00,0x00,0x00,0x00,0x00,
    0x02,0x00,0x02,0x00,0x1F,0x80,0x3F,0xC0,0x3A,0xC0,0x72,0x00,0x32,0x00,0x3E,0x00,
    0x1F,0x80,0x07,0xE0,0x02,0x60,0x02,0x60,0x62,0xE0,0x7F,0xE0,0x1F,0x80,0x02,0x00,
    0x02,0x00,0x02,0x00,0x00,0x00,0x00,0x00,0x00,0x00,0x00,0x00,0x00,0x00,0x00,0x00,
    0x00,0x00,0x00,0x00,0x3C,0x06,0x00,0x36,0x0C,0x00,0x63,0x0C,0x00,0x63,0x18,0x00,
    0x63,0x30,0x00,0x63,0x30,0x00,0x36,0x60,0x00,0x3C,0x47,0x80,0x00,0xCD,0x80,0x01,
    0x98,0xC0,0x01,0x98,0xC0,0x03,0x18,0xC0,0x06,0x18,0xC0,0x06,0x0D,0x80,0x0C,0x0F,
    0x80,0x00,0x00,0x00,0x00,0x00,0x00,0x00,0x00,0x00,0x00,0x00,0x00,0x00,0x00,0x00,
    0x00,0x00,0x00,0x00,0x00,0x00,0x00,0x00,0x07,0x80,0x1F,0xC0,0x1C,0x40,0x18,0x00,
    0x18,0x00,0x1C,0x00,0x1E,0x00,0x3F,0x0C,0x33,0x8C,0x61,0xCC,0x60,0xF8,0x70,0x78,
    0x38,0x78,0x3F,0xFC,0x0F,0x8E,0x00,0x00,0x00,0x00,0x00,0x00,0x00,0x00,0x00,0x00,
    0x00,0x00,0x00,0x00,0x30,0x30,0x30,0x30,0x30,0x00,0x00,0x00,0x00,0x00,0x00,0x00,
    0x00,0x00,0x00,0x00,0x00,0x00,0x00,0x00,0x00,0x00,0x00,0x00,0x0C,0x0C,0x18,0x18,
    0x30,0x30,0x30,0x30,0x30,0x30,0x30,0x30,0x30,0x30,0x18,0x18,0x0C,0x0C,0x00,0x00,
    0x00,0x00,0x00,0x00,0x30,0x30,0x18,0x18,0x18,0x0C,0x0C,0x0C,0x0C,0x0C,0x0C,0x0C,
    0x0C,0x18,0x18,0x18,0x30,0x30,0x00,0x00,0x00,0x00,0x00,0x00,0x00,0x00,0x00,0x00,
    0x0C,0x00,0x0C,0x00,0x4C,0x80,0x7F,0x80,0x1E,0x00,0x1E,0x00,0x7F,0x80,0x4C,0x80,
    0x0C,0x00,0x0C,0x00,0x00,0x00,0x00,0x00,0x00,0x00,0x00,0x00,0x00,0x00,0x00,0x00,
    0x00,0x00,0x00,0x00,0x00,0x00,0x00,0x00,0x00,0x00,0x00,0x00,0x00,0x00,0x00,0x00,
    0x00,0x00,0x00,0x00,0x00,0x00,0x00,0x00,0x00,0x00,0x00,0x00,0x00,0x01,0x80,0x00,
    0x01,0x80,0x00,0x01,0x80,0x00,0x01,0x80,0x00,0x01,0x80,0x00,0x3F,0xFE,0x00,0x3F,
    0xFE,0x00,0x01,0x80,0x00,0x01,0x80,0x00,0x01,0x80,0x00,0x01,0x80,0x00,0x01,0x80,
    0x00,0x00,0x00,0x00,0x00,0x00,0x00,0x00,0x00,0x00,0x00,0x00,0x00,0x00,0x00,0x00,
    0x00,0x00,0x00,0x00,0x00,0x00,0x00,0x00,0x00,0x00,0x00,0x00,0x00,0x00,0x00,0x00,
    0x00,0x38,0x38,0x30,0x30,0x60,0x00,0x00,0x00,0x00,0x00,0x00,0x00,0x00,0x00,0x00,
    0x00,0x00,0x00,0x00,0x7C,0x7C,0x00,0x00,0x00,0x00,0x00,0x00,0x00,0x00,0x00,0x00,
    0x00,0x00,0x00,0x00,0x00,0x00,0x00,0x00,0x00,0x00,0x00,0x00,0x00,0x00,0x00,0x00,
    0x00,0x30,0x30,0x00,0x00,0x00,0x00,0x00,0x00,0x00,0x00,0x00,0x06,0x0C,0x0C,0x0C,
    0x18,0x18,0x18,0x18,0x30,0x30,0x30,0x60,0x60,0x60,0xC0,0xC0,0x00,0x00,0x00,0x00,
    0x00,0x00,0x00,0x00,0x00,0x00,0x00,0x00,0x0F,0x80,0x1F,0xC0,0x38,0xE0,0x30,0x60,
    0x70,0x60,0x70,0x60,0x70,0x70,0x60,0x70,0x70,0x70,0x70,0x60,0x70,0x60,0x30,0x60,
    0x38,0xE0,0x1F,0xC0,0x0F,0x80,0x00,0x00,0x00,0x00,0x00,0x00,0x00,0x00,0x00,0x00,
    0x00,0x00,0x00,0x00,0x00,0x00,0x00,0x00,0x1F,0x00,0x3F,0x00,0x3F,0x00,0x03,0x00,
    0x03,0x00,0x03,0x00,0x03,0x00,0x03,0x00,0x03,0x00,0x03,0x00,0x03,0x00,0x03,0x00,
    0x03,0x00,0x3F,0xE0,0x3F,0xE0,0x00,0x00,0x00,0x00,0x00,0x00,0x00,0x00,0x00,0x00,
    0x00,0x00,0x00,0x00,0x00,0x00,0x00,0x00,0x3F,0x80,0x7F,0xC0,0x71,0xC0,0x00,0xE0,
    0x00,0xE0,0x00,0xE0,0x00,0xC0,0x01,0x80,0x03,0x00,0x07,0x00,0x0E,0x00,0x1C,0x00,
    0x38,0x00,0x7F,0xE0,0x7F,0xE0,0x00,0x00,0x00,0x00,0x00,0x00,0x00,0x00,0x00,0x00,
    0x00,0x00,0x00,0x00,0x00,0x00,0x00,0x00,0x1F,0x80,0x3F,0xC0,0x31,0xE0,0x00,0xE0,
    0x00,0x60,0x00,0xC0,0x0F,0x80,0x0F,0xC0,0x01,0xE0,0x00,0x60,0x00,0x60,0x00,0x60,
    0x61,0xE0,0x7F,0xC0,0x3F,0x80,0x00,0x00,0x00,0x00,0x00,0x00,0x00,0x00,0x00,0x00,
    0x00,0x00,0x00,0x00,0x00,0x00,0x00,0x00,0x01,0xC0,0x03,0xC0,0x07,0xC0,0x07,0xC0,
    0x0D,0xC0,0x1D,0xC0,0x19,0xC0,0x31,0xC0,0x31,0xC0,0x61,0xC0,0x7F,0xF0,0x7F,0xF0,
    0x01,0xC0,0x01,0xC0,0x01,0xC0,0x00,0x00,0x00,0x00,0x00,0x00,0x00,0x00,0x00,0x00,
    0x00,0x00,0x00,0x00,0x00,0x00,0x00,0x00,0x3F,0xC0,0x3F,0xC0,0x30,0x00,0x30,0x00,
    0x30,0x00,0x3F,0x80,0x3F,0xC0,0x31,0xE0,0x00,0xE0,0x00,0x60,0x00,0x60,0x00,0xE0,
    0x61,0xE0,0x7F,0xC0,0x3F,0x80,0x00,0x00,0x00,0x00,0x00,0x00,0x00,0x00,0x00,0x00,
    0x00,0x00,0x00,0x00,0x00,0x00,0x00,0x00,0x07,0xC0,0x1F,0xE0,0x1C,0x60,0x38,0x00,
    0x30,0x00,0x70,0x00,0x77,0x80,0x7F,0xE0,0x78,0xE0,0x70,0x70,0x30,0x70,0x30,0x70,
    0x38,0xE0,0x1F,0xE0,0x0F,0x80,0x00,0x00,0x00,0x00,0x00,0x00,0x00,0x00,0x00,0x00,
    0x00,0x00,0x00,0x00,0x00,0x00,0x00,0x00,0x7F,0xE0,0x7F,0xE0,0x00,0xE0,0x00,0xC0,
    0x01,0xC0,0x01,0x80,0x01,0x80,0x03,0x80,0x03,0x00,0x03,0x00,0x07,0x00,0x06,0x00,
    0x0E,0x00,0x0C,0x00,0x0C,0x00,0x00,0x00,0x00,0x00,0x00,0x00,0x00,0x00,0x00,0x00,
    0x00,0x00,0x00,0x00,0x00,0x00,0x00,0x00,0x0F,0x80,0x3F,0xC0,0x38,0xE0,0x30,0x60,
    0x30,0x60,0x38,0xE0,0x1F,0xC0,0x1F,0xC0,0x38,0xE0,0x70,0x60,0x70,0x70,0x70,0x60,
    0x38,0xE0,0x3F,0xE0,0x1F,0x80,0x00,0x00,0x00,0x00,0x00,0x00,0x00,0x00,0x00,0x00,
    0x00,0x00,0x00,0x00,0x00,0x00,0x00,0x00,0x1F,0x80,0x3F,0xC0,0x38,0xC0,0x70,0x60,
    0x60,0x60,0x70,0x60,0x78,0xE0,0x3F,0xE0,0x1F,0x60,0x00,0x60,0x00,0xE0,0x00,0xE0,
    0x31,0xC0,0x3F,0x80,0x1F,0x00,0x00,0x00,0x00,0x00,0x00,0x00,0x00,0x00,0x00,0x00,
    0x00,0x00,0x00,0x00,0x00,0x00,0x00,0x00,0x00,0x38,0x38,0x00,0x00,0x00,0x00,0x00,
    0x00,0x38,0x38,0x00,0x00,0x00,0x00,0x00,0x00,0x00,0x00,0x00,0x00,0x00,0x00,0x00,
    0x00,0x38,0x38,0x00,0x00,0x00,0x00,0x00,0x00,0x38,0x38,0x30,0x30,0x60,0x00,0x00,
    0x00,0x00,0x00,0x00,0x00,0x00,0x00,0x00,0x00,0x00,0x00,0x00,0x00,0x00,0x00,0x00,
    0x00,0x00,0x00,0x00,0x00,0x00,0x06,0x00,0x00,0x3E,0x00,0x01,0xF8,0x00,0x07,0xE0,
    0x00,0x3F,0x00,0x00,0x3C,0x00,0x00,0x3F,0x00,0x00,0x07,0xE0,0x00,0x01,0xF8,0x00,
    0x00,0x3E,0x00,0x00,0x06,0x00,0x00,0x00,0x00,0x00,0x00,0x00,0x00,0x00,0x00,0x00,
    0x00,0x00,0x00,0x00,0x00,0x00,0x00,0x00,0x00,0x00,0x00,0x00,0x00,0x00,0x00,0x00,
    0x00,0x00,0x00,0x00,0x00,0x00,0x00,0x00,0x00,0x00,0x00,0x00,0x00,0x00,0x00,0x00,
    0x00,0x00,0x00,0x00,0x00,0x00,0x3F,0xFE,0x00,0x3F,0xFE,0x00,0x00,0x00,0x00,0x00,
    0x00,0x00,0x3F,0xFE,0x00,0x3F,0xFE,0x00,0x00,0x00,0x00,0x00,0x00,0x00,0x00,0x00,
    0x00,0x00,0x00,0x00,0x00,0x00,0x00,0x00,0x00,0x00,0x00,0x00,0x00,0x00,0x00,0x00,
    0x00,0x00,0x00,0x00,0x00,0x00,0x00,0x00,0x00,0x00,0x00,0x00,0x00,0x00,0x00,0x00,
    0x00,0x00,0x00,0x00,0x00,0x30,0x00,0x00,0x3E,0x00,0x00,0x1F,0x80,0x00,0x03,0xF0,
    0x00,0x00,0x7C,0x00,0x00,0x1E,0x00,0x00,0x7C,0x00,0x03,0xF0,0x00,0x1F,0x80,0x00,
    0x3E,0x00,0x00,0x30,0x00,0x00,0x00,0x00,0x00,0x00,0x00,0x00,0x00,0x00,0x00,0x00,
    0x00,0x00,0x00,0x00,0x00,0x00,0x00,0x00,0x00,0x00,0x00,0x00,0x00,0x00,0x00,0x00,
    0x3F,0x00,0x7F,0x80,0x63,0x80,0x01,0x80,0x01,0x80,0x03,0x80,0x07,0x00,0x06,0x00,
    0x0C,0x00,0x0C,0x00,0x0C,0x00,0x0C,0x00,0x00,0x00,0x0C,0x00,0x0C,0x00,0x00,0x00,
    0x00,0x00,0x00,0x00,0x00,0x00,0x00,0x00,0x00,0x00,0x00,0x00,0x00,0x00,0x00,0x00,
    0x00,0x00,0x00,0x00,0x00,0x00,0x00,0x01,0xFC,0x00,0x07,0xFE,0x00,0x0F,0x07,0x80,
    0x1C,0x01,0x80,0x38,0x00,0xC0,0x31,0xF4,0x40,0x63,0xFC,0x60,0x63,0x9C,0x60,0x63,
    0x0C,0x60,0x63,0x0C,0xC0,0x63,0x9D,0xC0,0x63,0xFF,0x80,0x31,0xF7,0x00,0x38,0x00,
    0x00,0x1C,0x02,0x00,0x0F,0x0E,0x00,0x07,0xFC,0x00,0x01,0xF8,0x00,0x00,0x00,0x00,
    0x00,0x00,0x00,0x00,0x00,0x00,0x00,0x00,0x07,0x00,0x07,0x80,0x07,0x80,0x0F,0x80,
    0x0D,0xC0,0x1C,0xC0,0x1C,0xE0,0x18,0xE0,0x38,0x60,0x38,0x70,0x3F,0xF0,0x7F,0xF0,
    0x70,0x38,0x60,0x18,0xE0,0x1C,0x00,0x00,0x00,0x00,0x00,0x00,0x00,0x00,0x00,0x00,
    0x00,0x00,0x00,0x00,0x00,0x00,0x00,0x00,0x3F,0xC0,0x3F,0xE0,0x30,0x70,0x30,0x70,
    0x30,0x70,0x30,0x60,0x3F,0xE0,0x3F,0xE0,0x30,0x70,0x30,0x30,0x30,0x30,0x30,0x30,
    0x30,0x70,0x3F,0xF0,0x3F,0xC0,0x00,0x00,0x00,0x00,0x00,0x00,0x00,0x00,0x00,0x00,
    0x00,0x00,0x00,0x00,0x00,0x00,0x00,0x00,0x07,0xF0,0x1F,0xF8,0x3C,0x18,0x38,0x00,
    0x70,0x00,0x70,0x00,0x60,0x00,0x60,0x00,0x60,0x00,0x70,0x00,0x70,0x00,0x38,0x00,
    0x3C,0x18,0x1F,0xF8,0x07,0xF0,0x00,0x00,0x00,0x00,0x00,0x00,0x00,0x00,0x00,0x00,
    0x00,0x00,0x00,0x00,0x00,0x00,0x00,0x00,0x3F,0xC0,0x3F,0xF0,0x30,0x78,0x30,0x1C,
    0x30,0x1C,0x30,0x0C,0x30,0x0C,0x30,0x0C,0x30,0x0C,0x30,0x0C,0x30,0x1C,0x30,0x1C,
    0x30,0x78,0x3F,0xF0,0x3F,0xC0,0x00,0x00,0x00,0x00,0x00,0x00,0x00,0x00,0x00,0x00,
    0x00,0x00,0x00,0x00,0x00,0x00,0x00,0x00,0x3F,0xE0,0x3F,0xE0,0x30,0x00,0x30,0x00,
    0x30,0x00,0x30,0x00,0x3F,0xE0,0x3F,0xE0,0x30,0x00,0x30,0x00,0x30,0x00,0x30,0x00,
    0x30,0x00,0x3F,0xF0,0x3F,0xF0,0x00,0x00,0x00,0x00,0x00,0x00,0x00,0x00,0x00,0x00,
    0x00,0x00,0x00,0x00,0x00,0x00,0x00,0x00,0x3F,0xE0,0x3F,0xE0,0x30,0x00,0x30,0x00,
    0x30,0x00,0x30,0x00,0x3F,0xC0,0x3F,0xC0,0x30,0x00,0x30,0x00,0x30,0x00,0x30,0x00,
    0x30,0x00,0x30,0x00,0x30,0x00,0x00,0x00,0x00,0x00,0x00,0x00,0x00,0x00,0x00,0x00,
    0x00,0x00,0x00,0x00,0x00,0x00,0x00,0x00,0x07,0xF0,0x1F,0xFC,0x3C,0x1C,0x38,0x00,
    0x70,0x00,0x70,0x00,0x60,0x00,0x60,0xFC,0x60,0xFC,0x70,0x0C,0x70,0x0C,0x38,0x0C,
    0x3C,0x1C,0x1F,0xF8,0x07,0xF0,0x00,0x00,0x00,0x00,0x00,0x00,0x00,0x00,0x00,0x00,
    0x00,0x00,0x00,0x00,0x00,0x00,0x00,0x00,0x30,0x18,0x30,0x18,0x30,0x18,0x30,0x18,
    0x30,0x18,0x30,0x18,0x3F,0xF8,0x3F,0xF8,0x30,0x18,0x30,0x18,0x30,0x18,0x30,0x18,
    0x30,0x18,0x30,0x18,0x30,0x18,0x00,0x00,0x00,0x00,0x00,0x00,0x00,0x00,0x00,0x00,
    0x00,0x00,0x00,0x00,0x30,0x30,0x30,0x30,0x30,0x30,0x30,0x30,0x30,0x30,0x30,0x30,
    0x30,0x30,0x30,0x00,0x00,0x00,0x00,0x00,0x00,0x00,0x00,0x00,0x30,0x30,0x30,0x30,
    0x30,0x30,0x30,0x30,0x30,0x30,0x30,0x30,0x30,0x30,0x30,0x30,0x70,0xE0,0xC0,0x00,
    0x00,0x00,0x00,0x00,0x00,0x00,0x00,0x00,0x30,0x38,0x30,0x70,0x30,0xE0,0x31,0xC0,
    0x33,0x80,0x37,0x00,0x3E,0x00,0x3C,0x00,0x3E,0x00,0x37,0x00,0x33,0x80,0x31,0xC0,
    0x30,0xE0,0x30,0x70,0x30,0x38,0x00,0x00,0x00,0x00,0x00,0x00,0x00,0x00,0x00,0x00,
    0x00,0x00,0x00,0x00,0x00,0x00,0x00,0x00,0x30,0x00,0x30,0x00,0x30,0x00,0x30,0x00,
    0x30,0x00,0x30,0x00,0x30,0x00,0x30,0x00,0x30,0x00,0x30,0x00,0x30,0x00,0x30,0x00,
    0x30,0x00,0x3F,0xE0,0x3F,0xE0,0x00,0x00,0x00,0x00,0x00,0x00,0x00,0x00,0x00,0x00,
    0x00,0x00,0x00,0x00,0x00,0x00,0x00,0x00,0x00,0x00,0x00,0x00,0x38,0x0E,0x00,0x3C,
    0x0E,0x00,0x3C,0x1E,0x00,0x3C,0x1E,0x00,0x36,0x1E,0x00,0x36,0x36,0x00,0x36,0x36,
    0x00,0x33,0x66,0x00,0x33,0x66,0x00,0x31,0xE6,0x00,0x31,0xC6,0x00,0x31,0xC6,0x00,
    0x30,0x06,0x00,0x30,0x06,0x00,0x30,0x06,0x00,0x00,0x00,0x00,0x00,0x00,0x00,0x00,
    0x00,0x00,0x00,0x00,0x00,0x00,0x00,0x00,0x00,0x00,0x00,0x00,0x00,0x00,0x00,0x00,
    0x38,0x18,0x3C,0x18,0x3C,0x18,0x3E,0x18,0x36,0x18,0x37,0x18,0x33,0x18,0x33,0x98,
    0x31,0x98,0x31,0xD8,0x30,0xD8,0x30,0xF8,0x30,0x78,0x30,0x78,0x30,0x38,0x00,0x00,
    0x00,0x00,0x00,0x00,0x00,0x00,0x00,0x00,0x00,0x00,0x00,0x00,0x00,0x00,0x00,0x00,
    0x07,0xE0,0x1F,0xF0,0x3C,0x38,0x38,0x1C,0x70,0x0C,0x70,0x0E,0x60,0x0E,0x60,0x0E,
    0x60,0x0E,0x70,0x0E,0x70,0x0C,0x38,0x1C,0x3C,0x38,0x1F,0xF0,0x07,0xE0,0x00,0x00,
    0x00,0x00,0x00,0x00,0x00,0x00,0x00,0x00,0x00,0x00,0x00,0x00,0x00,0x00,0x00,0x00,
    0x3F,0x80,0x3F,0xE0,0x30,0xE0,0x30,0x60,0x30,0x70,0x30,0x60,0x30,0xE0,0x3F,0xE0,
    0x3F,0x80,0x30,0x00,0x30,0x00,0x30,0x00,0x30,0x00,0x30,0x00,0x30,0x00,0x00,0x00,
    0x00,0x00,0x00,0x00,0x00,0x00,0x00,0x00,0x00,0x00,0x00,0x00,0x00,0x00,0x00,0x00,
    0x07,0xE0,0x1F,0xF0,0x3C,0x38,0x38,0x1C,0x70,0x0C,0x70,0x0E,0x60,0x0E,0x60,0x0E,
    0x60,0x0E,0x70,0x0E,0x70,0x0C,0x38,0x1C,0x3C,0x38,0x1F,0xF0,0x07,0xE0,0x00,0x70,
    0x00,0x30,0x00,0x38,0x00,0x00,0x00,0x00,0x00,0x00,0x00,0x00,0x00,0x00,0x00,0x00,
    0x3F,0xC0,0x3F,0xE0,0x30,0xE0,0x30,0x70,0x30,0x60,0x30,0xE0,0x3F,0xC0,0x3F,0xC0,
    0x31,0xC0,0x30,0x60,0x30,0x70,0x30,0x70,0x30,0x30,0x30,0x38,0x30,0x18,0x00,0x00,
    0x00,0x00,0x00,0x00,0x00,0x00,0x00,0x00,0x00,0x00,0x00,0x00,0x00,0x00,0x00,0x00,
    0x1F,0xC0,0x3F,0xE0,0x78,0x60,0x70,0x00,0x70,0x00,0x70,0x00,0x3E,0x00,0x1F,0xC0,
    0x03,0xE0,0x00,0x70,0x00,0x70,0x00,0x70,0x70,0xE0,0x7F,0xE0,0x3F,0x80,0x00,0x00,
    0x00,0x00,0x00,0x00,0x00,0x00,0x00,0x00,0x00,0x00,0x00,0x00,0x00,0x00,0x00,0x00,
    0xFF,0xF0,0xFF,0xF0,0x06,0x00,0x06,0x00,0x06,0x00,0x06,0x00,0x06,0x00,0x06,0x00,
    0x06,0x00,0x06,0x00,0x06,0x00,0x06,0x00,0x06,0x00,0x06,0x00,0x06,0x00,0x00,0x00,
    0x00,0x00,0x00,0x00,0x00,0x00,0x00,0x00,0x00,0x00,0x00,0x00,0x00,0x00,0x00,0x00,
    0x30,0x18,0x30,0x18,0x30,0x18,0x30,0x18,0x30,0x18,0x30,0x18,0x30,0x18,0x30,0x18,
    0x30,0x18,0x30,0x18,0x30,0x18,0x30,0x38,0x3C,0x70,0x1F,0xF0,0x0F,0xC0,0x00,0x00,
    0x00,0x00,0x00,0x00,0x00,0x00,0x00,0x00,0x00,0x00,0x00,0x00,0x00,0x00,0x00,0x00,
    0xE0,0x1C,0x60,0x18,0x60,0x38,0x70,0x30,0x30,0x30,0x30,0x70,0x38,0x60,0x18,0x60,
    0x1C,0xE0,0x1C,0xC0,0x0D,0xC0,0x0F,0x80,0x07,0x80,0x07,0x80,0x07,0x00,0x00,0x00,
    0x00,0x00,0x00,0x00,0x00,0x00,0x00,0x00,0x00,0x00,0x00,0x00,0x00,0x00,0x00,0x00,
    0x00,0x00,0x00,0x00,0x60,0xE0,0x60,0x60,0xF0,0x60,0x60,0xF0,0xE0,0x70,0xF0,0xC0,
    0x30,0xB0,0xC0,0x31,0x98,0xC0,0x31,0x99,0xC0,0x39,0x99,0x80,0x19,0x99,0x80,0x1B,
    0x19,0x80,0x1B,0x0F,0x80,0x1F,0x0F,0x00,0x0F,0x0F,0x00,0x0E,0x0F,0x00,0x0E,0x07,
    0x00,0x00,0x00,0x00,0x00,0x00,0x00,0x00,0x00,0x00,0x00,0x00,0x00,0x00,0x00,0x00,
    0x00,0x00,0x00,0x00,0x00,0x00,0x00,0x00,0x70,0x38,0x38,0x70,0x18,0x60,0x1C,0xE0,
    0x0D,0xC0,0x07,0x80,0x07,0x80,0x07,0x00,0x07,0x80,0x0F,0xC0,0x1C,0xC0,0x18,0x60,
    0x38,0x70,0x70,0x30,0x60,0x38,0x00,0x00,0x00,0x00,0x00,0x00,0x00,0x00,0x00,0x00,
    0x00,0x00,0x00,0x00,0x00,0x00,0x00,0x00,0xE0,0x30,0x60,0x60,0x70,0xE0,0x38,0xC0,
    0x19,0x80,0x1F,0x80,0x0F,0x00,0x07,0x00,0x06,0x00,0x06,0x00,0x06,0x00,0x06,0x00,
    0x06,0x00,0x06,0x00,0x06,0x00,0x00,0x00,0x00,0x00,0x00,0x00,0x00,0x00,0x00,0x00,
    0x00,0x00,0x00,0x00,0x00,0x00,0x00,0x00,0x7F,0xF8,0x7F,0xF8,0x00,0x30,0x00,0x60,
    0x00,0xC0,0x01,0xC0,0x03,0x80,0x03,0x00,0x06,0x00,0x0C,0x00,0x1C,0x00,0x38,0x00,
    0x30,0x00,0x7F,0xF8,0x7F,0xF8,0x00,0x00,0x00,0x00,0x00,0x00,0x00,0x00,0x00,0x00,
    0x00,0x00,0x00,0x00,0x3C,0x3C,0x30,0x30,0x30,0x30,0x30,0x30,0x30,0x30,0x30,0x30,
    0x30,0x30,0x30,0x30,0x3C,0x3C,0x00,0x00,0x00,0x00,0x00,0x00,0xC0,0xC0,0x60,0x60,
    0x60,0x30,0x30,0x30,0x18,0x18,0x18,0x18,0x0C,0x0C,0x0C,0x06,0x00,0x00,0x00,0x00,
    0x00,0x00,0x00,0x00,0x3C,0x3C,0x0C,0x0C,0x0C,0x0C,0x0C,0x0C,0x0C,0x0C,0x0C,0x0C,
    0x0C,0x0C,0x0C,0x0C,0x3C,0x3C,0x00,0x00,0x00,0x00,0x00,0x00,0x00,0x00,0x00,0x00,
    0x00,0x00,0x00,0x00,0x01,0xC0,0x00,0x03,0xE0,0x00,0x06,0x70,0x00,0x1C,0x18,0x00,
    0x38,0x0C,0x00,0x00,0x00,0x00,0x00,0x00,0x00,0x00,0x00,0x00,0x00,0x00,0x00,0x00,
    0x00,0x00,0x00,0x00,0x00,0x00,0x00,0x00,0x00,0x00,0x00,0x00,0x00,0x00,0x00,0x00,
    0x00,0x00,0x00,0x00,0x00,0x00,0x00,0x00,0x00,0x00,0x00,0x00,0x00,0x00,0x00,0x00,
    0x00,0x00,0x00,0x00,0x00,0x00,0x00,0x00,0x00,0x00,0x00,0x00,0x00,0x00,0x00,0x00,
    0x00,0x00,0x00,0x00,0x00,0x00,0x00,0x00,0x00,0x00,0x00,0x00,0x00,0x00,0x00,0x00,
    0x00,0x00,0x00,0x00,0x00,0x00,0x00,0x00,0x00,0x00,0x00,0x00,0xFF,0xC0,0xFF,0xC0,
    0x00,0x00,0x00,0x00,0x00,0x00,0x30,0x00,0x18,0x00,0x18,0x00,0x0C,0x00,0x00,0x00,
    0x00,0x00,0x00,0x00,0x00,0x00,0x00,0x00,0x00,0x00,0x00,0x00,0x00,0x00,0x00,0x00,
    0x00,0x00,0x00,0x00,0x00,0x00,0x00,0x00,0x00,0x00,0x00,0x00,0x00,0x00,0x00,0x00,
    0x00,0x00,0x00,0x00,0x00,0x00,0x00,0x00,0x00,0x00,0x00,0x00,0x00,0x00,0x00,0x00,
    0x1F,0x80,0x3F,0xC0,0x31,0xC0,0x00,0xC0,0x1F,0xE0,0x3F,0xE0,0x70,0xE0,0x60,0xE0,
    0x71,0xE0,0x3F,0xE0,0x1E,0xE0,0x00,0x00,0x00,0x00,0x00,0x00,0x00,0x00,0x00,0x00,
    0x00,0x00,0x00,0x00,0x00,0x00,0x00,0x00,0x30,0x00,0x30,0x00,0x30,0x00,0x30,0x00,
    0x37,0x80,0x3F,0xE0,0x38,0xE0,0x30,0x70,0x30,0x70,0x30,0x30,0x30,0x70,0x30,0x70,
    0x38,0xE0,0x3F,0xE0,0x37,0x80,0x00,0x00,0x00,0x00,0x00,0x00,0x00,0x00,0x00,0x00,
    0x00,0x00,0x00,0x00,0x00,0x00,0x00,0x00,0x00,0x00,0x00,0x00,0x00,0x00,0x00,0x00,
    0x0F,0x80,0x3F,0xC0,0x38,0xC0,0x70,0x00,0x60,0x00,0x60,0x00,0x60,0x00,0x70,0x00,
    0x38,0xC0,0x3F,0xC0,0x0F,0x80,0x00,0x00,0x00,0x00,0x00,0x00,0x00,0x00,0x00,0x00,
    0x00,0x00,0x00,0x00,0x00,0x00,0x00,0x00,0x00,0x60,0x00,0x60,0x00,0x60,0x00,0x60,
    0x1F,0x60,0x3F,0xE0,0x39,0xE0,0x70,0xE0,0x60,0x60,0x60,0x60,0x60,0x60,0x70,0xE0,
    0x39,0xE0,0x3F,0xE0,0x1F,0x60,0x00,0x00,0x00,0x00,0x00,0x00,0x00,0x00,0x00,0x00,
    0x00,0x00,0x00,0x00,0x00,0x00,0x00,0x00,0x00,0x00,0x00,0x00,0x00,0x00,0x00,0x00,
    0x0F,0x80,0x3F,0xC0,0x38,0xE0,0x60,0x60,0x7F,0xE0,0x7F,0xE0,0x60,0x00,0x70,0x00,
    0x38,0x60,0x3F,0xE0,0x0F,0xC0,0x00,0x00,0x00,0x00,0x00,0x00,0x00,0x00,0x00,0x00,
    0x00,0x00,0x00,0x00,0x1E,0x3E,0x30,0x30,0xFE,0xFE,0x30,0x30,0x30,0x30,0x30,0x30,
    0x30,0x30,0x30,0x00,0x00,0x00,0x00,0x00,0x00,0x00,0x00,0x00,0x00,0x00,0x00,0x00,
    0x00,0x00,0x00,0x00,0x00,0x00,0x00,0x00,0x1F,0x60,0x3F,0xE0,0x39,0xE0,0x70,0xE0,
    0x60,0x60,0x60,0x60,0x60,0x60,0x70,0xE0,0x39,0xE0,0x3F,0xE0,0x1F,0x60,0x00,0xE0,
    0x31,0xC0,0x3F,0xC0,0x1F,0x80,0x00,0x00,0x00,0x00,0x00,0x00,0x00,0x00,0x00,0x00,
    0x30,0x00,0x30,0x00,0x30,0x00,0x30,0x00,0x37,0x80,0x3F,0xC0,0x38,0xE0,0x30,0x60,
    0x30,0x60,0x30,0x60,0x30,0x60,0x30,0x60,0x30,0x60,0x30,0x60,0x30,0x60,0x00,0x00,
    0x00,0x00,0x00,0x00,0x00,0x00,0x00,0x00,0x00,0x00,0x00,0x00,0x30,0x30,0x00,0x00,
    0x30,0x30,0x30,0x30,0x30,0x30,0x30,0x30,0x30,0x30,0x30,0x00,0x00,0x00,0x00,0x00,
    0x00,0x00,0x00,0x00,0x30,0x30,0x00,0x00,0x30,0x30,0x30,0x30,0x30,0x30,0x30,0x30,
    0x30,0x30,0x30,0x30,0x70,0xE0,0xE0,0x00,0x00,0x00,0x00,0x00,0x00,0x00,0x00,0x00,
    0x30,0x00,0x30,0x00,0x30,0x00,0x30,0x00,0x30,0xE0,0x31,0xC0,0x33,0x80,0x37,0x00,
    0x3C,0x00,0x3C,0x00,0x3E,0x00,0x37,0x00,0x33,0x80,0x31,0xC0,0x30,0xE0,0x00,0x00,
    0x00,0x00,0x00,0x00,0x00,0x00,0x00,0x00,0x00,0x00,0x00,0x00,0x30,0x30,0x30,0x30,
    0x30,0x30,0x30,0x30,0x30,0x30,0x30,0x30,0x30,0x30,0x30,0x00,0x00,0x00,0x00,0x00,
    0x00,0x00,0x00,0x00,0x00,0x00,0x00,0x00,0x00,0x00,0x00,0x00,0x00,0x00,0x00,0x00,
    0x00,0x00,0x00,0x00,0x00,0x00,0x00,0x00,0x37,0x8F,0x00,0x3F,0xDF,0x80,0x38,0xF1,
    0xC0,0x30,0x60,0xC0,0x30,0x60,0xC0,0x30,0x60,0xC0,0x30,0x60,0xC0,0x30,0x60,0xC0,
    0x30,0x60,0xC0,0x30,0x60,0xC0,0x30,0x60,0xC0,0x00,0x00,0x00,0x00,0x00,0x00,0x00,
    0x00,0x00,0x00,0x00,0x00,0x00,0x00,0x00,0x00,0x00,0x00,0x00,0x00,0x00,0x00,0x00,
    0x00,0x00,0x00,0x00,0x00,0x00,0x00,0x00,0x37,0x80,0x3F,0xC0,0x38,0xE0,0x30,0x60,
    0x30,0x60,0x30,0x60,0x30,0x60,0x30,0x60,0x30,0x60,0x30,0x60,0x30,0x60,0x00,0x00,
    0x00,0x00,0x00,0x00,0x00,0x00,0x00,0x00,0x00,0x00,0x00,0x00,0x00,0x00,0x00,0x00,
    0x00,0x00,0x00,0x00,0x00,0x00,0x00,0x00,0x1F,0x80,0x3F,0xC0,0x39,0xE0,0x70,0x60,
    0x60,0x60,0x60,0x60,0x60,0x60,0x70,0x60,0x39,0xE0,0x3F,0xC0,0x1F,0x80,0x00,0x00,
    0x00,0x00,0x00,0x00,0x00,0x00,0x00,0x00,0x00,0x00,0x00,0x00,0x00,0x00,0x00,0x00,
    0x00,0x00,0x00,0x00,0x00,0x00,0x00,0x00,0x37,0x80,0x3F,0xE0,0x38,0xE0,0x30,0x70,
    0x30,0x70,0x30,0x30,0x30,0x70,0x30,0x70,0x38,0xE0,0x3F,0xE0,0x37,0x80,0x30,0x00,
    0x30,0x00,0x30,0x00,0x30,0x00,0x00,0x00,0x00,0x00,0x00,0x00,0x00,0x00,0x00,0x00,
    0x00,0x00,0x00,0x00,0x00,0x00,0x00,0x00,0x1F,0x60,0x3F,0xE0,0x39,0xE0,0x70,0xE0,
    0x60,0x60,0x60,0x60,0x60,0x60,0x70,0xE0,0x39,0xE0,0x3F,0xE0,0x1F,0x60,0x00,0x60,
    0x00,0x60,0x00,0x60,0x00,0x60,0x00,0x00,0x00,0x00,0x00,0x00,0x00,0x00,0x00,0x00,
    0x37,0x3F,0x38,0x30,0x30,0x30,0x30,0x30,0x30,0x30,0x30,0x00,0x00,0x00,0x00,0x00,
    0x00,0x00,0x00,0x00,0x00,0x00,0x00,0x00,0x00,0x00,0x00,0x00,0x00,0x00,0x00,0x00,
    0x1F,0x00,0x7F,0x80,0x71,0x80,0x60,0x00,0x70,0x00,0x3F,0x00,0x03,0x80,0x01,0xC0,
    0x61,0xC0,0x7F,0x80,0x3F,0x00,0x00,0x00,0x00,0x00,0x00,0x00,0x00,0x00,0x00,0x00,
    0x00,0x00,0x00,0x00,0x00,0x30,0x30,0x30,0xFF,0xFF,0x30,0x30,0x30,0x30,0x30,0x30,
    0x30,0x3F,0x1F,0x00,0x00,0x00,0x00,0x00,0x00,0x00,0x00,0x00,0x00,0x00,0x00,0x00,
    0x00,0x00,0x00,0x00,0x00,0x00,0x00,0x00,0x30,0x60,0x30,0x60,0x30,0x60,0x30,0x60,
    0x30,0x60,0x30,0x60,0x30,0x60,0x30,0xE0,0x39,0xE0,0x3F,0xE0,0x1F,0x60,0x00,0x00,
    0x00,0x00,0x00,0x00,0x00,0x00,0x00,0x00,0x00,0x00,0x00,0x00,0x00,0x00,0x00,0x00,
    0x00,0x00,0x00,0x00,0x00,0x00,0x00,0x00,0x60,0x60,0x60,0x60,0x70,0xC0,0x30,0xC0,
    0x31,0xC0,0x39,0x80,0x19,0x80,0x1B,0x80,0x0F,0x00,0x0F,0x00,0x0F,0x00,0x00,0x00,
    0x00,0x00,0x00,0x00,0x00,0x00,0x00,0x00,0x00,0x00,0x00,0x00,0x00,0x00,0x00,0x00,
    0x00,0x00,0x00,0x00,0x00,0x00,0x00,0x00,0x61,0xC7,0x61,0xC6,0x63,0xC6,0x33,0xC6,
    0x33,0x6E,0x32,0x6C,0x3E,0x6C,0x1E,0x7C,0x1E,0x38,0x1C,0x38,0x1C,0x38,0x00,0x00,
    0x00,0x00,0x00,0x00,0x00,0x00,0x00,0x00,0x00,0x00,0x00,0x00,0x00,0x00,0x00,0x00,
    0x00,0x00,0x00,0x00,0x00,0x00,0x00,0x00,0x70,0xE0,0x30,0xC0,0x19,0x80,0x1F,0x80,
    0x0F,0x00,0x0E,0x00,0x0F,0x00,0x1B,0x80,0x39,0xC0,0x70,0xC0,0x60,0x60,0x00,0x00,
    0x00,0x00,0x00,0x00,0x00,0x00,0x00,0x00,0x00,0x00,0x00,0x00,0x00,0x00,0x00,0x00,
    0x00,0x00,0x00,0x00,0x00,0x00,0x00,0x00,0x60,0x60,0x60,0x60,0x70,0xC0,0x30,0xC0,
    0x31,0xC0,0x19,0x80,0x19,0x80,0x0F,0x00,0x0F,0x00,0x0E,0x00,0x06,0x00,0x0E,0x00,
    0x0C,0x00,0x7C,0x00,0x78,0x00,0x00,0x00,0x00,0x00,0x00,0x00,0x00,0x00,0x00,0x00,
    0x00,0x00,0x00,0x00,0x00,0x00,0x00,0x00,0x7F,0xC0,0x7F,0xC0,0x01,0x80,0x03,0x00,
    0x06,0x00,0x0C,0x00,0x18,0x00,0x30,0x00,0x30,0x00,0x7F,0xC0,0x7F,0xC0,0x00,0x00,
    0x00,0x00,0x00,0x00,0x00,0x00,0x00,0x00,0x00,0x00,0x00,0x00,0x00,0x00,0x00,0x00,
    0x01,0xC0,0x03,0xC0,0x07,0x00,0x07,0x00,0x07,0x00,0x07,0x00,0x06,0x00,0x06,0x00,
    0x3E,0x00,0x3E,0x00,0x06,0x00,0x06,0x00,0x07,0x00,0x07,0x00,0x07,0x00,0x07,0x00,
    0x03,0xC0,0x01,0xC0,0x00,0x00,0x00,0x00,0x00,0x00,0x00,0x00,0x30,0x30,0x30,0x30,
    0x30,0x30,0x30,0x30,0x30,0x30,0x30,0x30,0x30,0x30,0x30,0x30,0x30,0x30,0x30,0x30,
    0x00,0x00,0x00,0x00,0x00,0x00,0x00,0x00,0x3C,0x00,0x3E,0x00,0x06,0x00,0x06,0x00,
    0x06,0x00,0x06,0x00,0x06,0x00,0x07,0x00,0x03,0xC0,0x03,0xC0,0x07,0x00,0x06,0x00,
    0x06,0x00,0x06,0x00,0x06,0x00,0x06,0x00,0x3E,0x00,0x3C,0x00,0x00,0x00,0x00,0x00,
    0x00,0x00,0x00,0x00,0x00,0x00,0x00,0x00,0x00,0x00,0x00,0x00,0x00,0x00,0x00,0x00,
    0x00,0x00,0x00,0x00,0x00,0x00,0x00,0x00,0x00,0x00,0x00,0x00,0x00,0x00,0x00,0x00,
    0x00,0x1F,0x86,0x00,0x3F,0xFE,0x00,0x31,0xF8,0x00,0x00,0x00,0x00,0x00,0x00,0x00,
    0x00,0x00,0x00,0x00,0x00,0x00,0x00,0x00,0x00,0x00,0x00,0x00,0x00,0x00,0x00,0x00,
    0x00,0x00,0x00,0x00,0x00,0x00,0x00,0x00,0x06,0x00,0x06,0x00,0x03,0x00,0x00,0x00,
    0x07,0x00,0x07,0x80,0x07,0x80,0x0F,0x80,0x0D,0xC0,0x1C,0xC0,0x1C,0xE0,0x18,0xE0,
    0x38,0x60,0x38,0x70,0x3F,0xF0,0x7F,0xF0,0x70,0x38,0x60,0x18,0xE0,0x1C,0x00,0x00,
    0x00,0x00,0x00,0x00,0x00,0x00,0x00,0x00,0x01,0x80,0x03,0x00,0x03,0x00,0x00,0x00,
    0x07,0x00,0x07,0x80,0x07,0x80,0x0F,0x80,0x0D,0xC0,0x1C,0xC0,0x1C,0xE0,0x18,0xE0,
    0x38,0x60,0x38,0x70,0x3F,0xF0,0x7F,0xF0,0x70,0x38,0x60,0x18,0xE0,0x1C,0x00,0x00,
    0x00,0x00,0x00,0x00,0x00,0x00,0x00,0x00,0x07,0x00,0x07,0x80,0x0C,0xC0,0x00,0x00,
    0x07,0x00,0x07,0x80,0x07,0x80,0x0F,0x80,0x0D,0xC0,0x1C,0xC0,0x1C,0xE0,0x18,0xE0,
    0x38,0x60,0x38,0x70,0x3F,0xF0,0x7F,0xF0,0x70,0x38,0x60,0x18,0xE0,0x1C,0x00,0x00,
    0x00,0x00,0x00,0x00,0x00,0x00,0x00,0x00,0x00,0x00,0x0E,0xC0,0x0B,0xC0,0x00,0x00,
    0x07,0x00,0x07,0x80,0x07,0x80,0x0F,0x80,0x0D,0xC0,0x1C,0xC0,0x1C,0xE0,0x18,0xE0,
    0x38,0x60,0x38,0x70,0x3F,0xF0,0x7F,0xF0,0x70,0x38,0x60,0x18,0xE0,0x1C,0x00,0x00,
    0x00,0x00,0x00,0x00,0x00,0x00,0x00,0x00,0x0C,0xC0,0x0C,0xC0,0x00,0x00,0x00,0x00,
    0x07,0x00,0x07,0x80,0x07,0x80,0x0F,0x80,0x0D,0xC0,0x1C,0xC0,0x1C,0xE0,0x18,0xE0,
    0x38,0x60,0x38,0x70,0x3F,0xF0,0x7F,0xF0,0x70,0x38,0x60,0x18,0xE0,0x1C,0x00,0x00,
    0x00,0x00,0x00,0x00,0x00,0x00,0x00,0x00,0x07,0x80,0x0C,0x80,0x0C,0xC0,0x0C,0xC0,
    0x07,0x80,0x07,0x80,0x07,0x80,0x0F,0x80,0x0D,0xC0,0x1C,0xC0,0x1C,0xE0,0x18,0xE0,
    0x38,0x60,0x38,0x70,0x3F,0xF0,0x7F,0xF0,0x70,0x38,0x60,0x18,0xE0,0x1C,0x00,0x00,
    0x00,0x00,0x00,0x00,0x00,0x00,0x00,0x00,0x00,0x00,0x00,0x00,0x00,0x00,0x00,0x00,
    0x00,0x00,0x00,0x00,0x03,0xFF,0xC0,0x07,0xFF,0xC0,0x07,0x60,0x00,0x06,0x60,0x00,
    0x0E,0x60,0x00,0x0C,0x60,0x00,0x1C,0x7F,0xC0,0x1C,0x7F,0xC0,0x18,0x60,0x00,0x38,
    0x60,0x00,0x3F,0xE0,0x00,0x7F,0xE0,0x00,0x70,0x60,0x00,0xE0,0x7F,0xC0,0xE0,0x7F,
    0xC0,0x00,0x00,0x00,0x00,0x00,0x00,0x00,0x00,0x00,0x00,0x00,0x00,0x00,0x00,0x00,
    0x00,0x00,0x00,0x00,0x00,0x00,0x00,0x00,0x07,0xF0,0x1F,0xF8,0x3C,0x18,0x38,0x00,
    0x70,0x00,0x70,0x00,0x60,0x00,0x60,0x00,0x60,0x00,0x70,0x00,0x70,0x00,0x38,0x00,
    0x3C,0x18,0x1F,0xF8,0x07,0xF0,0x00,0x80,0x00,0xC0,0x00,0xC0,0x03,0x80,0x00,0x00,
    0x0C,0x00,0x06,0x00,0x03,0x00,0x00,0x00,0x3F,0xE0,0x3F,0xE0,0x30,0x00,0x30,0x00,
    0x30,0x00,0x30,0x00,0x3F,0xE0,0x3F,0xE0,0x30,0x00,0x30,0x00,0x30,0x00,0x30,0x00,
    0x30,0x00,0x3F,0xF0,0x3F,0xF0,0x00,0x00,0x00,0x00,0x00,0x00,0x00,0x00,0x00,0x00,
    0x01,0x80,0x03,0x00,0x06,0x00,0x00,0x00,0x3F,0xE0,0x3F,0xE0,0x30,0x00,0x30,0x00,
    0x30,0x00,0x30,0x00,0x3F,0xE0,0x3F,0xE0,0x30,0x00,0x30,0x00,0x30,0x00,0x30,0x00,
    0x30,0x00,0x3F,0xF0,0x3F,0xF0,0x00,0x00,0x00,0x00,0x00,0x00,0x00,0x00,0x00,0x00,
    0x07,0x00,0x0D,0x80,0x0C,0x80,0x00,0x00,0x3F,0xE0,0x3F,0xE0,0x30,0x00,0x30,0x00,
    0x30,0x00,0x30,0x00,0x3F,0xE0,0x3F,0xE0,0x30,0x00,0x30,0x00,0x30,0x00,0x30,0x00,
    0x30,0x00,0x3F,0xF0,0x3F,0xF0,0x00,0x00,0x00,0x00,0x00,0x00,0x00,0x00,0x00,0x00,
    0x1D,0xC0,0x1D,0xC0,0x00,0x00,0x00,0x00,0x3F,0xE0,0x3F,0xE0,0x30,0x00,0x30,0x00,
    0x30,0x00,0x30,0x00,0x3F,0xE0,0x3F,0xE0,0x30,0x00,0x30,0x00,0x30,0x00,0x30,0x00,
    0x30,0x00,0x3F,0xF0,0x3F,0xF0,0x00,0x00,0x00,0x00,0x00,0x00,0x00,0x00,0x00,0x00,
    0x60,0x70,0x30,0x00,0x30,0x30,0x30,0x30,0x30,0x30,0x30,0x30,0x30,0x30,0x30,0x30,
    0x30,0x30,0x30,0x00,0x00,0x00,0x00,0x00,0x18,0x30,0x30,0x00,0x30,0x30,0x30,0x30,
    0x30,0x30,0x30,0x30,0x30,0x30,0x30,0x30,0x30,0x30,0x30,0x00,0x00,0x00,0x00,0x00,
    0x70,0x78,0xCC,0x00,0x30,0x30,0x30,0x30,0x30,0x30,0x30,0x30,0x30,0x30,0x30,0x30,
    0x30,0x30,0x30,0x00,0x00,0x00,0x00,0x00,0xCC,0xCC,0x00,0x00,0x30,0x30,0x30,0x30,
    0x30,0x30,0x30,0x30,0x30,0x30,0x30,0x30,0x30,0x30,0x30,0x00,0x00,0x00,0x00,0x00,
    0x00,0x00,0x00,0x00,0x00,0x00,0x00,0x00,0x3F,0xC0,0x3F,0xF0,0x30,0x78,0x30,0x1C,
    0x30,0x1C,0x30,0x0C,0x30,0x0C,0xFF,0x0C,0xFF,0x0C,0x30,0x0C,0x30,0x1C,0x30,0x1C,
    0x30,0x78,0x3F,0xF0,0x3F,0xC0,0x00,0x00,0x00,0x00,0x00,0x00,0x00,0x00,0x00,0x00,
    0x00,0x00,0x07,0x60,0x0D,0xC0,0x00,0x00,0x38,0x18,0x3C,0x18,0x3C,0x18,0x3E,0x18,
    0x36,0x18,0x37,0x18,0x33,0x18,0x33,0x98,0x31,0x98,0x31,0xD8,0x30,0xD8,0x30,0xF8,
    0x30,0x78,0x30,0x78,0x30,0x38,0x00,0x00,0x00,0x00,0x00,0x00,0x00,0x00,0x00,0x00,
    0x03,0x00,0x03,0x00,0x01,0x80,0x00,0x00,0x07,0xE0,0x1F,0xF0,0x3C,0x38,0x38,0x1C,
    0x70,0x0C,0x70,0x0E,0x60,0x0E,0x60,0x0E,0x60,0x0E,0x70,0x0E,0x70,0x0C,0x38,0x1C,
    0x3C,0x38,0x1F,0xF0,0x07,0xE0,0x00,0x00,0x00,0x00,0x00,0x00,0x00,0x00,0x00,0x00,
    0x00,0xC0,0x01,0x80,0x01,0x80,0x00,0x00,0x07,0xE0,0x1F,0xF0,0x3C,0x38,0x38,0x1C,
    0x70,0x0C,0x70,0x0E,0x60,0x0E,0x60,0x0E,0x60,0x0E,0x70,0x0E,0x70,0x0C,0x38,0x1C,
    0x3C,0x38,0x1F,0xF0,0x07,0xE0,0x00,0x00,0x00,0x00,0x00,0x00,0x00,0x00,0x00,0x00,
    0x03,0x80,0x03,0xC0,0x06,0x60,0x00,0x00,0x07,0xE0,0x1F,0xF0,0x3C,0x38,0x38,0x1C,
    0x70,0x0C,0x70,0x0E,0x60,0x0E,0x60,0x0E,0x60,0x0E,0x70,0x0E,0x70,0x0C,0x38,0x1C,
    0x3C,0x38,0x1F,0xF0,0x07,0xE0,0x00,0x00,0x00,0x00,0x00,0x00,0x00,0x00,0x00,0x00,
    0x00,0x00,0x07,0x20,0x05,0xE0,0x00,0x00,0x07,0xE0,0x1F,0xF0,0x3C,0x38,0x38,0x1C,
    0x70,0x0C,0x70,0x0E,0x60,0x0E,0x60,0x0E,0x60,0x0E,0x70,0x0E,0x70,0x0C,0x38,0x1C,
    0x3C,0x38,0x1F,0xF0,0x07,0xE0,0x00,0x00,0x00,0x00,0x00,0x00,0x00,0x00,0x00,0x00,
    0x06,0x60,0x06,0x60,0x00,0x00,0x00,0x00,0x07,0xE0,0x1F,0xF0,0x3C,0x38,0x38,0x1C,
    0x70,0x0C,0x70,0x0E,0x60,0x0E,0x60,0x0E,0x60,0x0E,0x70,0x0E,0x70,0x0C,0x38,0x1C,
    0x3C,0x38,0x1F,0xF0,0x07,0xE0,0x00,0x00,0x00,0x00,0x00,0x00,0x00,0x00,0x00,0x00,
    0x00,0x00,0x00,0x00,0x00,0x00,0x00,0x00,0x00,0x00,0x00,0x00,0x00,0x00,0x00,0x00,
    0x00,0x00,0x00,0x00,0x00,0x18,0x0C,0x00,0x1C,0x1C,0x00,0x0E,0x38,0x00,0x07,0x70,
    0x00,0x03,0xE0,0x00,0x01,0xC0,0x00,0x03,0xE0,0x00,0x07,0x70,0x00,0x0E,0x38,0x00,
    0x1C,0x1C,0x00,0x18,0x0C,0x00,0x00,0x00,0x00,0x00,0x00,0x00,0x00,0x00,0x00,0x00,
    0x00,0x00,0x00,0x00,0x00,0x00,0x00,0x00,0x00,0x00,0x00,0x00,0x00,0x00,0x00,0x00,
    0x07,0xE6,0x1F,0xFC,0x3C,0x3C,0x38,0x3C,0x70,0x3C,0x70,0x6E,0x60,0xCE,0x61,0x8E,
    0x63,0x0E,0x76,0x0E,0x7C,0x0C,0x38,0x1C,0x3C,0x38,0x3F,0xF0,0x67,0xE0,0x00,0x00,
    0x00,0x00,0x00,0x00,0x00,0x00,0x00,0x00,0x06,0x00,0x03,0x00,0x01,0x80,0x00,0x00,
    0x30,0x18,0x30,0x18,0x30,0x18,0x30,0x18,0x30,0x18,0x30,0x18,0x30,0x18,0x30,0x18,
    0x30,0x18,0x30,0x18,0x30,0x18,0x30,0x38,0x3C,0x70,0x1F,0xF0,0x0F,0xC0,0x00,0x00,
    0x00,0x00,0x00,0x00,0x00,0x00,0x00,0x00,0x01,0x80,0x01,0x80,0x03,0x00,0x00,0x00,
    0x30,0x18,0x30,0x18,0x30,0x18,0x30,0x18,0x30,0x18,0x30,0x18,0x30,0x18,0x30,0x18,
    0x30,0x18,0x30,0x18,0x30,0x18,0x30,0x38,0x3C,0x70,0x1F,0xF0,0x0F,0xC0,0x00,0x00,
    0x00,0x00,0x00,0x00,0x00,0x00,0x00,0x00,0x03,0x80,0x07,0x80,0x0C,0xC0,0x00,0x00,
    0x30,0x18,0x30,0x18,0x30,0x18,0x30,0x18,0x30,0x18,0x30,0x18,0x30,0x18,0x30,0x18,
    0x30,0x18,0x30,0x18,0x30,0x18,0x30,0x38,0x3C,0x70,0x1F,0xF0,0x0F,0xC0,0x00,0x00,
    0x00,0x00,0x00,0x00,0x00,0x00,0x00,0x00,0x0E,0xC0,0x0E,0xC0,0x00,0x00,0x00,0x00,
    0x30,0x18,0x30,0x18,0x30,0x18,0x30,0x18,0x30,0x18,0x30,0x18,0x30,0x18,0x30,0x18,
    0x30,0x18,0x30,0x18,0x30,0x18,0x30,0x38,0x3C,0x70,0x1F,0xF0,0x0F,0xC0,0x00,0x00,
    0x00,0x00,0x00,0x00,0x00,0x00,0x00,0x00,0x03,0x00,0x03,0x00,0x06,0x00,0x00,0x00,
    0xE0,0x30,0x60,0x60,0x70,0xE0,0x38,0xC0,0x19,0x80,0x1F,0x80,0x0F,0x00,0x07,0x00,
    0x06,0x00,0x06,0x00,0x06,0x00,0x06,0x00,0x06,0x00,0x06,0x00,0x06,0x00,0x00,0x00,
    0x00,0x00,0x00,0x00,0x00,0x00,0x00,0x00,0x00,0x00,0x00,0x00,0x00,0x00,0x00,0x00,
    0x30,0x00,0x30,0x00,0x30,0x00,0x3F,0x80,0x3F,0xE0,0x30,0xE0,0x30,0x60,0x30,0x70,
    0x30,0x60,0x30,0xE0,0x3F,0xE0,0x3F,0x80,0x30,0x00,0x30,0x00,0x30,0x00,0x00,0x00,
    0x00,0x00,0x00,0x00,0x00,0x00,0x00,0x00,0x00,0x00,0x00,0x00,0x00,0x00,0x00,0x00,
    0x0F,0x80,0x3F,0xC0,0x38,0xC0,0x30,0xE0,0x31,0xC0,0x33,0x00,0x37,0x00,0x33,0x80,
    0x31,0xC0,0x30,0xE0,0x30,0x70,0x30,0x30,0x34,0x70,0x37,0xE0,0x37,0xC0,0x00,0x00,
    0x00,0x00,0x00,0x00,0x00,0x00,0x00,0x00,0x00,0x00,0x00,0x00,0x00,0x00,0x18,0x00,
    0x1C,0x00,0x0C,0x00,0x06,0x00,0x00,0x00,0x1F,0x80,0x3F,0xC0,0x31,0xC0,0x00,0xC0,
    0x1F,0xE0,0x3F,0xE0,0x70,0xE0,0x60,0xE0,0x71,0xE0,0x3F,0xE0,0x1E,0xE0,0x00,0x00,
    0x00,0x00,0x00,0x00,0x00,0x00,0x00,0x00,0x00,0x00,0x00,0x00,0x00,0x00,0x01,0x80,
    0x03,0x00,0x06,0x00,0x06,0x00,0x00,0x00,0x1F,0x80,0x3F,0xC0,0x31,0xC0,0x00,0xC0,
    0x1F,0xE0,0x3F,0xE0,0x70,0xE0,0x60,0xE0,0x71,0xE0,0x3F,0xE0,0x1E,0xE0,0x00,0x00,
    0x00,0x00,0x00,0x00,0x00,0x00,0x00,0x00,0x00,0x00,0x00,0x00,0x00,0x00,0x06,0x00,
    0x0F,0x00,0x1B,0x00,0x19,0x80,0x00,0x00,0x1F,0x80,0x3F,0xC0,0x31,0xC0,0x00,0xC0,
    0x1F,0xE0,0x3F,0xE0,0x70,0xE0,0x60,0xE0,0x71,0xE0,0x3F,0xE0,0x1E,0xE0,0x00,0x00,
    0x00,0x00,0x00,0x00,0x00,0x00,0x00,0x00,0x00,0x00,0x00,0x00,0x00,0x00,0x1C,0x80,
    0x17,0x80,0x33,0x00,0x00,0x00,0x00,0x00,0x1F,0x80,0x3F,0xC0,0x31,0xC0,0x00,0xC0,
    0x1F,0xE0,0x3F,0xE0,0x70,0xE0,0x60,0xE0,0x71,0xE0,0x3F,0xE0,0x1E,0xE0,0x00,0x00,
    0x00,0x00,0x00,0x00,0x00,0x00,0x00,0x00,0x00,0x00,0x00,0x00,0x00,0x00,0x00,0x00,
    0x19,0x80,0x19,0x80,0x00,0x00,0x00,0x00,0x1F,0x80,0x3F,0xC0,0x31,0xC0,0x00,0xC0,
    0x1F,0xE0,0x3F,0xE0,0x70,0xE0,0x60,0xE0,0x71,0xE0,0x3F,0xE0,0x1E,0xE0,0x00,0x00,
    0x00,0x00,0x00,0x00,0x00,0x00,0x00,0x00,0x00,0x00,0x00,0x00,0x0F,0x00,0x19,0x00,
    0x19,0x80,0x19,0x00,0x0F,0x00,0x00,0x00,0x1F,0x80,0x3F,0xC0,0x31,0xC0,0x00,0xC0,
    0x1F,0xE0,0x3F,0xE0,0x70,0xE0,0x60,0xE0,0x71,0xE0,0x3F,0xE0,0x1E,0xE0,0x00,0x00,
    0x00,0x00,0x00,0x00,0x00,0x00,0x00,0x00,0x00,0x00,0x00,0x00,0x00,0x00,0x00,0x00,
    0x00,0x00,0x00,0x00,0x00,0x00,0x00,0x00,0x00,0x00,0x00,0x00,0x00,0x00,0x00,0x00,
    0x1F,0x1F,0x00,0x3F,0xFF,0xC0,0x31,0xF1,0xC0,0x00,0xE0,0xE0,0x1F,0xFF,0xE0,0x3F,
    0xFF,0xE0,0x70,0xE0,0x00,0x60,0xE0,0x00,0x71,0xF0,0xC0,0x3F,0xBF,0xC0,0x1F,0x1F,
    0x80,0x00,0x00,0x00,0x00,0x00,0x00,0x00,0x00,0x00,0x00,0x00,0x00,0x00,0x00,0x00,
    0x00,0x00,0x00,0x00,0x00,0x00,0x00,0x00,0x00,0x00,0x00,0x00,0x00,0x00,0x00,0x00,
    0x0F,0x80,0x3F,0xC0,0x38,0xC0,0x70,0x00,0x60,0x00,0x60,0x00,0x60,0x00,0x70,0x00,
    0x38,0xC0,0x3F,0xC0,0x0F,0x80,0x03,0x00,0x01,0x00,0x03,0x00,0x0F,0x00,0x00,0x00,
    0x00,0x00,0x00,0x00,0x00,0x00,0x18,0x00,0x0C,0x00,0x06,0x00,0x03,0x00,0x00,0x00,
    0x0F,0x80,0x3F,0xC0,0x38,0xE0,0x60,0x60,0x7F,0xE0,0x7F,0xE0,0x60,0x00,0x70,0x00,
    0x38,0x60,0x3F,0xE0,0x0F,0xC0,0x00,0x00,0x00,0x00,0x00,0x00,0x00,0x00,0x00,0x00,
    0x00,0x00,0x00,0x00,0x00,0x00,0x01,0x80,0x01,0x80,0x03,0x00,0x06,0x00,0x00,0x00,
    0x0F,0x80,0x3F,0xC0,0x38,0xE0,0x60,0x60,0x7F,0xE0,0x7F,0xE0,0x60,0x00,0x70,0x00,
    0x38,0x60,0x3F,0xE0,0x0F,0xC0,0x00,0x00,0x00,0x00,0x00,0x00,0x00,0x00,0x00,0x00,
    0x00,0x00,0x00,0x00,0x00,0x00,0x07,0x00,0x07,0x00,0x0D,0x80,0x18,0x80,0x00,0x00,
    0x0F,0x80,0x3F,0xC0,0x38,0xE0,0x60,0x60,0x7F,0xE0,0x7F,0xE0,0x60,0x00,0x70,0x00,
    0x38,0x60,0x3F,0xE0,0x0F,0xC0,0x00,0x00,0x00,0x00,0x00,0x00,0x00,0x00,0x00,0x00,
    0x00,0x00,0x00,0x00,0x00,0x00,0x00,0x00,0x1D,0x80,0x1D,0x80,0x00,0x00,0x00,0x00,
    0x0F,0x80,0x3F,0xC0,0x38,0xE0,0x60,0x60,0x7F,0xE0,0x7F,0xE0,0x60,0x00,0x70,0x00,
    0x38,0x60,0x3F,0xE0,0x0F,0xC0,0x00,0x00,0x00,0x00,0x00,0x00,0x00,0x00,0x00,0x00,
    0x00,0x00,0x00,0xC0,0xE0,0x60,0x30,0x00,0x30,0x30,0x30,0x30,0x30,0x30,0x30,0x30,
    0x30,0x30,0x30,0x00,0x00,0x00,0x00,0x00,0x00,0x00,0x00,0x0C,0x18,0x30,0x20,0x00,
    0x30,0x30,0x30,0x30,0x30,0x30,0x30,0x30,0x30,0x30,0x30,0x00,0x00,0x00,0x00,0x00,
    0x00,0x00,0x00,0x30,0x78,0xD8,0xCC,0x00,0x30,0x30,0x30,0x30,0x30,0x30,0x30,0x30,
    0x30,0x30,0x30,0x00,0x00,0x00,0x00,0x00,0x00,0x00,0x00,0x00,0xCC,0xCC,0x00,0x00,
    0x30,0x30,0x30,0x30,0x30,0x30,0x30,0x30,0x30,0x30,0x30,0x00,0x00,0x00,0x00,0x00,
    0x00,0x00,0x00,0x00,0x00,0x00,0x00,0x00,0x1C,0xC0,0x0F,0xC0,0x3F,0x00,0x03,0x80,
    0x1F,0xC0,0x3F,0xC0,0x38,0xE0,0x70,0x60,0x60,0x60,0x60,0x60,0x60,0x60,0x70,0x60,
    0x39,0xE0,0x3F,0xC0,0x0F,0x80,0x00,0x00,0x00,0x00,0x00,0x00,0x00,0x00,0x00,0x00,
    0x00,0x00,0x00,0x00,0x00,0x00,0x0E,0xC0,0x1F,0xC0,0x1B,0x80,0x00,0x00,0x00,0x00,
    0x37,0x80,0x3F,0xC0,0x38,0xE0,0x30,0x60,0x30,0x60,0x30,0x60,0x30,0x60,0x30,0x60,
    0x30,0x60,0x30,0x60,0x30,0x60,0x00,0x00,0x00,0x00,0x00,0x00,0x00,0x00,0x00,0x00,
    0x00,0x00,0x00,0x00,0x00,0x00,0x18,0x00,0x0C,0x00,0x06,0x00,0x06,0x00,0x00,0x00,
    0x1F,0x80,0x3F,0xC0,0x39,0xE0,0x70,0x60,0x60,0x60,0x60,0x60,0x60,0x60,0x70,0x60,
    0x39,0xE0,0x3F,0xC0,0x1F,0x80,0x00,0x00,0x00,0x00,0x00,0x00,0x00,0x00,0x00,0x00,
    0x00,0x00,0x00,0x00,0x00,0x00,0x01,0x80,0x03,0x00,0x03,0x00,0x06,0x00,0x00,0x00,
    0x1F,0x80,0x3F,0xC0,0x39,0xE0,0x70,0x60,0x60,0x60,0x60,0x60,0x60,0x60,0x70,0x60,
    0x39,0xE0,0x3F,0xC0,0x1F,0x80,0x00,0x00,0x00,0x00,0x00,0x00,0x00,0x00,0x00,0x00,
    0x00,0x00,0x00,0x00,0x00,0x00,0x06,0x00,0x0F,0x00,0x0D,0x80,0x19,0x80,0x00,0x00,
    0x1F,0x80,0x3F,0xC0,0x39,0xE0,0x70,0x60,0x60,0x60,0x60,0x60,0x60,0x60,0x70,0x60,
    0x39,0xE0,0x3F,0xC0,0x1F,0x80,0x00,0x00,0x00,0x00,0x00,0x00,0x00,0x00,0x00,0x00,
    0x00,0x00,0x00,0x00,0x00,0x00,0x0C,0x80,0x1E,0x80,0x13,0x80,0x00,0x00,0x00,0x00,
    0x1F,0x80,0x3F,0xC0,0x39,0xE0,0x70,0x60,0x60,0x60,0x60,0x60,0x60,0x60,0x70,0x60,
    0x39,0xE0,0x3F,0xC0,0x1F,0x80,0x00,0x00,0x00,0x00,0x00,0x00,0x00,0x00,0x00,0x00,
    0x00,0x00,0x00,0x00,0x00,0x00,0x00,0x00,0x19,0x80,0x19,0x80,0x00,0x00,0x00,0x00,
    0x1F,0x80,0x3F,0xC0,0x39,0xE0,0x70,0x60,0x60,0x60,0x60,0x60,0x60,0x60,0x70,0x60,
    0x39,0xE0,0x3F,0xC0,0x1F,0x80,0x00,0x00,0x00,0x00,0x00,0x00,0x00,0x00,0x00,0x00,
    0x00,0x00,0x00,0x00,0x00,0x00,0x00,0x00,0x00,0x00,0x00,0x00,0x00,0x00,0x00,0x00,
    0x00,0x00,0x00,0x00,0x00,0x00,0x00,0x00,0x01,0xC0,0x00,0x01,0xC0,0x00,0x00,0x00,
    0x00,0x00,0x00,0x00,0x3F,0xFE,0x00,0x3F,0xFE,0x00,0x00,0x00,0x00,0x00,0x00,0x00,
    0x01,0xC0,0x00,0x01,0xC0,0x00,0x00,0x00,0x00,0x00,0x00,0x00,0x00,0x00,0x00,0x00,
    0x00,0x00,0x00,0x00,0x00,0x00,0x00,0x00,0x00,0x00,0x00,0x00,0x00,0x00,0x00,0x00,
    0x00,0x00,0x00,0x00,0x00,0x00,0x00,0x20,0x1F,0x20,0x3F,0xE0,0x39,0xC0,0x71,0xE0,
    0x63,0x60,0x66,0x60,0x6C,0x60,0x78,0x60,0x39,0xE0,0x7F,0xC0,0x6F,0x80,0x40,0x00,
    0x00,0x00,0x00,0x00,0x00,0x00,0x00,0x00,0x00,0x00,0x00,0x00,0x00,0x00,0x18,0x00,
    0x0C,0x00,0x06,0x00,0x06,0x00,0x00,0x00,0x30,0x60,0x30,0x60,0x30,0x60,0x30,0x60,
    0x30,0x60,0x30,0x60,0x30,0x60,0x30,0xE0,0x39,0xE0,0x3F,0xE0,0x1F,0x60,0x00,0x00,
    0x00,0x00,0x00,0x00,0x00,0x00,0x00,0x00,0x00,0x00,0x00,0x00,0x00,0x00,0x01,0x80,
    0x03,0x80,0x03,0x00,0x06,0x00,0x00,0x00,0x30,0x60,0x30,0x60,0x30,0x60,0x30,0x60,
    0x30,0x60,0x30,0x60,0x30,0x60,0x30,0xE0,0x39,0xE0,0x3F,0xE0,0x1F,0x60,0x00,0x00,
    0x00,0x00,0x00,0x00,0x00,0x00,0x00,0x00,0x00,0x00,0x00,0x00,0x00,0x00,0x06,0x00,
    0x0F,0x00,0x0D,0x80,0x19,0x80,0x00,0x00,0x30,0x60,0x30,0x60,0x30,0x60,0x30,0x60,
    0x30,0x60,0x30,0x60,0x30,0x60,0x30,0xE0,0x39,0xE0,0x3F,0xE0,0x1F,0x60,0x00,0x00,
    0x00,0x00,0x00,0x00,0x00,0x00,0x00,0x00,0x00,0x00,0x00,0x00,0x00,0x00,0x00,0x00,
    0x19,0x80,0x19,0x80,0x00,0x00,0x00,0x00,0x30,0x60,0x30,0x60,0x30,0x60,0x30,0x60,
    0x30,0x60,0x30,0x60,0x30,0x60,0x30,0xE0,0x39,0xE0,0x3F,0xE0,0x1F,0x60,0x00,0x00,
    0x00,0x00,0x00,0x00,0x00,0x00,0x00,0x00,0x00,0x00,0x00,0x00,0x00,0x00,0x01,0x80,
    0x03,0x00,0x06,0x00,0x06,0x00,0x00,0x00,0x60,0x60,0x60,0x60,0x70,0xC0,0x30,0xC0,
    0x31,0xC0,0x19,0x80,0x19,0x80,0x0F,0x00,0x0F,0x00,0x0E,0x00,0x06,0x00,0x0E,0x00,
    0x0C,0x00,0x7C,0x00,0x78,0x00,0x00,0x00,0x00,0x00,0x00,0x00,0x00,0x00,0x00,0x00,
    0x30,0x00,0x30,0x00,0x30,0x00,0x30,0x00,0x37,0x80,0x3F,0xE0,0x38,0xE0,0x30,0x70,
    0x30,0x70,0x30,0x30,0x30,0x70,0x30,0x70,0x38,0xE0,0x3F,0xE0,0x37,0x80,0x30,0x00,
    0x30,0x00,0x30,0x00,0x30,0x00,0x00,0x00,0x00,0x00,0x00,0x00,0x00,0x00,0x00,0x00,
    0x19,0x80,0x19,0x80,0x00,0x00,0x00,0x00,0x60,0x60,0x60,0x60,0x70,0xC0,0x30,0xC0,
    0x31,0xC0,0x19,0x80,0x19,0x80,0x0F,0x00,0x0F,0x00,0x0E,0x00,0x06,0x00,0x0E,0x00,
    0x0C,0x00,0x7C,0x00,0x78,0x00,0x00,0x00,0x00,0x00,0x00,0x00,0x00,0x00,0x00,0x00,
    0x00,0x00,0x00,0x00,0x07,0xFF,0xF0,0x0F,0xFF,0xF0,0x1E,0x18,0x00,0x38,0x18,0x00,
    0x70,0x18,0x00,0x70,0x18,0x00,0x60,0x1F,0xF0,0x60,0x1F,0xF0,0x60,0x18,0x00,0x70,
    0x18,0x00,0x70,0x18,0x00,0x38,0x18,0x00,0x1E,0x18,0x00,0x0F,0xFF,0xF0,0x07,0xFF,
    0xF0,0x00,0x00,0x00,0x00,0x00,0x00,0x00,0x00,0x00,0x00,0x00,0x00,0x00,0x00,0x00,
    0x00,0x00,0x00,0x00,0x00,0x00,0x00,0x00,0x00,0x00,0x00,0x00,0x00,0x00,0x00,0x00,
    0x00,0x00,0x00,0x00,0x00,0x00,0x00,0x00,0x1F,0x8F,0x80,0x3F,0xFF,0xC0,0x39,0xF8,
    0xE0,0x70,0x70,0x60,0x60,0x7F,0xF0,0x60,0x7F,0xF0,0x60,0x60,0x00,0x70,0x70,0x00,
    0x39,0xF8,0x60,0x3F,0xFF,0xE0,0x1F,0x8F,0xC0,0x00,0x00,0x00,0x00,0x00,0x00,0x00,
    0x00,0x00,0x00,0x00,0x00,0x00,0x00,0x00,0x09,0x80,0x0F,0x00,0x07,0x00,0x00,0x00,
    0x1F,0xC0,0x3F,0xE0,0x78,0x60,0x70,0x00,0x70,0x00,0x70,0x00,0x3E,0x00,0x1F,0xC0,
    0x03,0xE0,0x00,0x70,0x00,0x70,0x00,0x70,0x70,0xE0,0x7F,0xE0,0x3F,0x80,0x00,0x00,
    0x00,0x00,0x00,0x00,0x00,0x00,0x00,0x00,0x00,0x00,0x00,0x00,0x00,0x00,0x31,0x00,
    0x1B,0x00,0x0E,0x00,0x0E,0x00,0x00,0x00,0x1F,0x00,0x7F,0x80,0x71,0x80,0x60,0x00,
    0x70,0x00,0x3F,0x00,0x03,0x80,0x01,0xC0,0x61,0xC0,0x7F,0x80,0x3F,0x00,0x00,0x00,
    0x00,0x00,0x00,0x00,0x00,0x00,0x00,0x00,0x0C,0xC0,0x07,0x80,0x07,0x00,0x00,0x00,
    0x7F,0xF8,0x7F,0xF8,0x00,0x30,0x00,0x60,0x00,0xC0,0x01,0xC0,0x03,0x80,0x03,0x00,
    0x06,0x00,0x0C,0x00,0x1C,0x00,0x38,0x00,0x30,0x00,0x7F,0xF8,0x7F,0xF8,0x00,0x00,
    0x00,0x00,0x00,0x00,0x00,0x00,0x00,0x00,0x00,0x00,0x00,0x00,0x00,0x00,0x33,0x00,
    0x1B,0x00,0x1E,0x00,0x0C,0x00,0x00,0x00,0x7F,0xC0,0x7F,0xC0,0x01,0x80,0x03,0x00,
    0x06,0x00,0x0C,0x00,0x18,0x00,0x30,0x00,0x30,0x00,0x7F,0xC0,0x7F,0xC0,0x00,0x00,
    0x00,0x00,0x00,0x00,0x00,0x00,0x00,0x00,0x19,0x80,0x19,0x80,0x00,0x00,0x00,0x00,
    0xE0,0x30,0x60,0x60,0x70,0xE0,0x38,0xC0,0x19,0x80,0x1F,0x80,0x0F,0x00,0x07,0x00,
    0x06,0x00,0x06,0x00,0x06,0x00,0x06,0x00,0x06,0x00,0x06,0x00,0x06,0x00,0x00,0x00,
    0x00,0x00,0x00,0x00,0x00,0x00,0x00,0x00,0x00,0x00,0x00,0x00,0x00,0x00,0x00,0x00,
    0x00,0x00,0x00,0x00,0x00,0x00,0x00,0x00,0x00,0x00,0x00,0x00,0x00,0x00,0x00,0x00,
    0x00,0x00,0x7F,0x80,0x7F,0x80,0x00,0x00,0x00,0x00,0x00,0x00,0x00,0x00,0x00,0x00,
    0x00,0x00,0x00,0x00,0x00,0x00,0x00,0x00,0x00,0x00,0x00,0x00,0x00,0x00,0x00,0x00,
    0x00,0x00,0x00,0x00,0x00,0x00,0x00,0x00,0x00,0x00,0x00,0x00,0x00,0x00,0x00,0x00,
    0x00,0x00,0x00,0x00,0x00,0x00,0x00,0x00,0x00,0x00,0x00,0x00,0x00,0x00,0x00,0x7F,
    0xFF,0xE0,0x7F,0xFF,0xE0,0x00,0x00,0x00,0x00,0x00,0x00,0x00,0x00,0x00,0x00,0x00,
    0x00,0x00,0x00,0x00,0x00,0x00,0x00,0x00,0x00,0x00,0x00,0x00,0x00,0x00,0x00,0x00,
    0x00,0x00,0x00,0x00,0x18,0x30,0x30,0x30,0x30,0x00,0x00,0x00,0x00,0x00,0x00,0x00,
    0x00,0x00,0x00,0x00,0x00,0x00,0x00,0x00,0x00,0x00,0x00,0x00,0x38,0x38,0x30,0x30,
    0x20,0x00,0x00,0x00,0x00,0x00,0x00,0x00,0x00,0x00,0x00,0x00,0x00,0x00,0x00,0x00,
    0x00,0x00,0x00,0x00,0x00,0x00,0x00,0x00,0x19,0x80,0x33,0x00,0x33,0x00,0x33,0x00,
    0x33,0x00,0x00,0x00,0x00,0x00,0x00,0x00,0x00,0x00,0x00,0x00,0x00,0x00,0x00,0x00,
    0x00,0x00,0x00,0x00,0x00,0x00,0x00,0x00,0x00,0x00,0x00,0x00,0x00,0x00,0x00,0x00,
    0x00,0x00,0x00,0x00,0x00,0x00,0x00,0x00,0x3B,0x80,0x3B,0x80,0x33,0x00,0x33,0x00,
    0x22,0x00,0x00,0x00,0x00,0x00,0x00,0x00,0x00,0x00,0x00,0x00,0x00,0x00,0x00,0x00,
    0x00,0x00,0x00,0x00,0x00,0x00,0x00,0x00,0x00,0x00,0x00,0x00,0x00,0x00,0x00,0x00,
    0x00,0x00,0x00,0x00,0x00,0x00,0x00,0x00,0x00,0x00,0x00,0x00,0x00,0x00,0x00,0x00,
    0x00,0x00,0x0F,0x00,0x1F,0x80,0x1F,0x80,0x1F,0x80,0x1F,0x80,0x0F,0x00,0x00,0x00,
    0x00,0x00,0x00,0x00,0x00,0x00,0x00,0x00,0x00,0x00,0x00,0x00,0x00,0x00,0x00,0x00,
    0x00,0x00,0x00,0x00,0x00,0x00,0x00,0x00,0x00,0x00,0x00,0x00,0x00,0x00,0x00,0x00,
    0x00,0x00,0x00,0x00,0x00,0x00,0x00,0x00,0x00,0x00,0x00,0x00,0x00,0x00,0x00,0x00,
    0x00,0x00,0x00,0x00,0x00,0x00,0x00,0x00,0x00,0x00,0x00,0x00,0x00,0x00,0x00,0x00,
    0x00,0x00,0x00,0x38,0x61,0xC0,0x38,0x61,0xC0,0x00,0x00,0x00,0x00,0x00,0x00,0x00,
    0x00,0x00,0x00,0x00,0x00,0x00,0x00,0x00,
};
const FontGlyph FONT_24_REG_GLYPHS[174] PROGMEM = {
    {6, 0},
    {8, 24},
    {9, 48},
    {17, 96},
    {13, 168},
    {19, 216},
    {16, 288},
    {6, 336},
    {8, 360},
    {8, 384},
    {10, 408},
    {17, 456},
    {6, 528},
    {7, 552},
    {6, 576},
    {7, 600},
    {13, 624},
    {13, 672},
    {13, 720},
    {13, 768},
    {13, 816},
    {13, 864},
    {13, 912},
    {13, 960},
    {13, 1008},
    {13, 1056},
    {7, 1104},
    {7, 1128},
    {17, 1152},
    {17, 1224},
    {17, 1296},
    {11, 1368},
    {20, 1416},
    {14, 1488},
    {14, 1536},
    {14, 1584},
    {15, 1632},
    {13, 1680},
    {12, 1728},
    {16, 1776},
    {15, 1824},
    {6, 1872},
    {6, 1896},
    {13, 1920},
    {11, 1968},
    {17, 2016},
    {15, 2088},
    {16, 2136},
    {12, 2184},
    {16, 2232},
    {14, 2280},
    {13, 2328},
    {12, 2376},
    {15, 2424},
    {14, 2472},
    {20, 2520},
    {14, 2592},
    {12, 2640},
    {14, 2688},
    {8, 2736},
    {7, 2760},
    {8, 2784},
    {17, 2808},
    {10, 2880},
    {10, 2928},
    {12, 2976},
    {13, 3024},
    {11, 3072},
    {13, 3120},
    {12, 3168},
    {7, 3216},
    {13, 3240},
    {13, 3288},
    {6, 3336},
    {6, 3360},
    {12, 3384},
    {6, 3432},
    {19, 3456},
    {13, 3528},
    {12, 3576},
    {13, 3624},
    {13, 3672},
    {8, 3720},
    {10, 3744},
    {8, 3792},
    {13, 3816},
    {12, 3864},
    {16, 3912},
    {12, 3960},
    {12, 4008},
    {10, 4056},
    {13, 4104},
    {7, 4152},
    {13, 4176},
    {17, 4224},
    {14, 4296},
    {14, 4344},
    {14, 4392},
    {14, 4440},
    {14, 4488},
    {14, 4536},
    {19, 4584},
    {14, 4656},
    {13, 4704},
    {13, 4752},
    {13, 4800},
    {13, 4848},
    {6, 4896},
    {6, 4920},
    {6, 4944},
    {6, 4968},
    {16, 4992},
    {15, 5040},
    {16, 5088},
    {16, 5136},
    {16, 5184},
    {16, 5232},
    {16, 5280},
    {17, 5328},
    {16, 5400},
    {15, 5448},
    {15, 5496},
    {15, 5544},
    {15, 5592},
    {12, 5640},
    {12, 5688},
    {13, 5736},
    {12, 5784},
    {12, 5832},
    {12, 5880},
    {12, 5928},
    {12, 5976},
    {12, 6024},
    {20, 6072},
    {11, 6144},
    {12, 6192},
    {12, 6240},
    {12, 6288},
    {12, 6336},
    {6, 6384},
    {6, 6408},
    {6, 6432},
    {6, 6456},
    {12, 6480},
    {13, 6528},
    {12, 6576},
    {12, 6624},
    {12, 6672},
    {12, 6720},
    {12, 6768},
    {17, 6816},
    {12, 6888},
    {13, 6936},
    {13, 6984},
    {13, 7032},
    {13, 7080},
    {12, 7128},
    {13, 7176},
    {12, 7224},
    {21, 7272},
    {20, 7344},
    {13, 7416},
    {10, 7464},
    {14, 7512},
    {10, 7560},
    {12, 7608},
    {10, 7656},
    {20, 7704},
    {6, 7776},
    {6, 7800},
    {10, 7824},
    {10, 7872},
    {12, 7920},
    {20, 7968},
};
const UiFont FONT_24_REG = {24, FONT_24_REG_GLYPHS, FONT_24_REG_BITS};

const uint8_t FONT_24_BOLD_BITS[] PROGMEM = {
    0x00,0x00,0x00,0x00,0x00,0x00,0x00,0x00,0x00,0x00,0x00,0x00,0x00,0x00,0x00,0x00,
    0x00,0x00,0x00,0x00,0x00,0x00,0x00,0x00,0x00,0x00,0x00,0x00,0x00,0x00,0x00,0x00,
    0x1E,0x00,0x1E,0x00,0x1E,0x00,0x1E,0x00,0x1E,0x00,0x1C,0x00,0x1C,0x00,0x1C,0x00,
    0x1C,0x00,0x1C,0x00,0x00,0x00,0x1E,0x00,0x1E,0x00,0x1E,0x00,0x1E,0x00,0x00,0x00,
    0x00,0x00,0x00,0x00,0x00,0x00,0x00,0x00,0x00,0x00,0x00,0x00,0x00,0x00,0x00,0x00,
    0x33,0x80,0x33,0x80,0x33,0x80,0x33,0x80,0x33,0x80,0x00,0x00,0x00,0x00,0x00,0x00,
    0x00,0x00,0x00,0x00,0x00,0x00,0x00,0x00,0x00,0x00,0x00,0x00,0x00,0x00,0x00,0x00,
    0x00,0x00,0x00,0x00,0x00,0x00,0x00,0x00,0x00,0x00,0x00,0x00,0x00,0x00,0x00,0x00,
    0x00,0x00,0x00,0x00,0x03,0x9C,0x00,0x03,0x98,0x00,0x03,0x18,0x00,0x03,0x38,0x00,
    0x3F,0xFF,0x00,0x3F,0xFF,0x00,0x06,0x30,0x00,0x06,0x70,0x00,0x0E,0x70,0x00,0x7F,
    0xFC,0x00,0x7F,0xFC,0x00,0x0C,0x60,0x00,0x0C,0xE0,0x00,0x1C,0xE0,0x00,0x1C,0xC0,
    0x00,0x00,0x00,0x00,0x00,0x00,0x00,0x00,0x00,0x00,0x00,0x00,0x00,0x00,0x00,0x00,
    0x00,0x00,0x00,0x00,0x00,0x00,0x00,0x00,0x03,0x00,0x03,0x00,0x0F,0xE0,0x3F,0xF0,
    0x3B,0x30,0x7B,0x00,0x7F,0x00,0x3F,0xC0,0x3F,0xF0,0x0F,0xF0,0x03,0xF8,0x03,0x78,
    0x73,0x78,0x7F,0xF0,0x1F,0xE0,0x03,0x00,0x03,0x00,0x03,0x00,0x00,0x00,0x00,0x00,
    0x00,0x00,0x00,0x00,0x00,0x00,0x00,0x00,0x00,0x00,0x00,0x00,0x3E,0x07,0x00,0x7F,
    0x0E,0x00,0x77,0x0C,0x00,0xE3,0x9C,0x00,0xE3,0x98,0x00,0x77,0x38,0x00,0x7F,0x70,
    0x00,0x3E,0x67,0xC0,0x00,0xEF,0xE0,0x00,0xCE,0xE0,0x01,0x9C,0x70,0x03,0x9C,0x70,
    0x03,0x0E,0xE0,0x07,0x0F,0xE0,0x06,0x07,0xC0,0x00,0x00,0x00,0x00,0x00,0x00,0x00,
    0x00,0x00,0x00,0x00,0x00,0x00,0x00,0x00,0x00,0x00,0x00,0x00,0x00,0x00,0x00,0x00,
    0x00,0x00,0x00,0x00,0x07,0xE0,0x00,0x0F,0xF0,0x00,0x1E,0x30,0x00,0x1E,0x00,0x00,
    0x1F,0x00,0x00,0x0F,0x00,0x00,0x1F,0x87,0x00,0x3F,0xCF,0x00,0x7B,0xEF,0x00,0x79,
    0xFE,0x00,0x78,0xFE,0x00,0x78,0x7C,0x00,0x3C,0x7C,0x00,0x3F,0xFE,0x00,0x0F,0xEF,
    0x00,0x00,0x00,0x00,0x00,0x00,0x00,0x00,0x00,0x00,0x00,0x00,0x00,0x00,0x00,0x00,
    0x00,0x00,0x00,0x00,0x30,0x30,0x30,0x30,0x30,0x00,0x00,0x00,0x00,0x00,0x00,0x00,
    0x00,0x00,0x00,0x00,0x00,0x00,0x00,0x00,0x00,0x00,0x00,0x00,0x00,0x00,0x00,0x00,
    0x0E,0x00,0x0E,0x00,0x1E,0x00,0x1C,0x00,0x3C,0x00,0x3C,0x00,0x38,0x00,0x38,0x00,
    0x38,0x00,0x38,0x00,0x38,0x00,0x38,0x00,0x3C,0x00,0x3C,0x00,0x1C,0x00,0x1E,0x00,
    0x0E,0x00,0x0E,0x00,0x00,0x00,0x00,0x00,0x00,0x00,0x00,0x00,0x00,0x00,0x00,0x00,
    0x38,0x00,0x3C,0x00,0x1C,0x00,0x1C,0x00,0x1E,0x00,0x1E,0x00,0x0E,0x00,0x0E,0x00,
    0x0F,0x00,0x0F,0x00,0x0E,0x00,0x0E,0x00,0x1E,0x00,0x1E,0x00,0x1C,0x00,0x1C,0x00,
    0x3C,0x00,0x38,0x00,0x00,0x00,0x00,0x00,0x00,0x00,0x00,0x00,0x00,0x00,0x00,0x00,
    0x0C,0x00,0x0C,0x00,0x6C,0xC0,0x7F,0xC0,0x1F,0x00,0x7F,0xC0,0x6C,0xC0,0x0C,0x00,
    0x0C,0x00,0x00,0x00,0x00,0x00,0x00,0x00,0x00,0x00,0x00,0x00,0x00,0x00,0x00,0x00,
    0x00,0x00,0x00,0x00,0x00,0x00,0x00,0x00,0x00,0x00,0x00,0x00,0x00,0x00,0x00,0x00,
    0x00,0x00,0x00,0x00,0x00,0x00,0x00,0x00,0x00,0x00,0x00,0x00,0x00,0x01,0xC0,0x00,
    0x01,0xC0,0x00,0x01,0xC0,0x00,0x01,0xC0,0x00,0x01,0xC0,0x00,0x3F,0xFE,0x00,0x3F,
    0xFE,0x00,0x01,0xC0,0x00,0x01,0xC0,0x00,0x01,0xC0,0x00,0x01,0xC0,0x00,0x01,0xC0,
    0x00,0x00,0x00,0x00,0x00,0x00,0x00,0x00,0x00,0x00,0x00,0x00,0x00,0x00,0x00,0x00,
    0x00,0x00,0x00,0x00,0x00,0x00,0x00,0x00,0x00,0x00,0x00,0x00,0x00,0x00,0x00,0x3C,
    0x3C,0x3C,0x3C,0x38,0x70,0x70,0x00,0x00,0x00,0x00,0x00,0x00,0x00,0x00,0x00,0x00,
    0x00,0x00,0x00,0x00,0x7E,0x7E,0x7E,0x00,0x00,0x00,0x00,0x00,0x00,0x00,0x00,0x00,
    0x00,0x00,0x00,0x00,0x00,0x00,0x00,0x00,0x00,0x00,0x00,0x00,0x00,0x00,0x00,0x3C,
    0x3C,0x3C,0x3C,0x00,0x00,0x00,0x00,0x00,0x00,0x00,0x00,0x00,0x06,0x0E,0x0E,0x0C,
    0x0C,0x1C,0x18,0x18,0x38,0x30,0x30,0x70,0x60,0x60,0xE0,0xE0,0x00,0x00,0x00,0x00,
    0x00,0x00,0x00,0x00,0x00,0x00,0x00,0x00,0x0F,0xC0,0x1F,0xE0,0x3C,0xF0,0x78,0x70,
    0x78,0x78,0x78,0x78,0x78,0x78,0x78,0x78,0x78,0x78,0x78,0x78,0x78,0x78,0x78,0x70,
    0x3C,0xF0,0x1F,0xE0,0x0F,0xC0,0x00,0x00,0x00,0x00,0x00,0x00,0x00,0x00,0x00,0x00,
    0x00,0x00,0x00,0x00,0x00,0x00,0x00,0x00,0x1F,0x80,0x3F,0x80,0x3F,0x80,0x07,0x80,
    0x07,0x80,0x07,0x80,0x07,0x80,0x07,0x80,0x07,0x80,0x07,0x80,0x07,0x80,0x07,0x80,
    0x07,0x80,0x3F,0xF8,0x3F,0xF8,0x00,0x00,0x00,0x00,0x00,0x00,0x00,0x00,0x00,0x00,
    0x00,0x00,0x00,0x00,0x00,0x00,0x00,0x00,0x1F,0xC0,0x7F,0xE0,0x71,0xF0,0x60,0xF0,
    0x00,0xF0,0x00,0xF0,0x00,0xF0,0x01,0xE0,0x03,0xC0,0x07,0xC0,0x0F,0x80,0x1E,0x00,
    0x3C,0x00,0x7F,0xF0,0x7F,0xF0,0x00,0x00,0x00,0x00,0x00,0x00,0x00,0x00,0x00,0x00,
    0x00,0x00,0x00,0x00,0x00,0x00,0x00,0x00,0x1F,0xC0,0x3F,0xE0,0x31,0xF0,0x00,0xF0,
    0x00,0xF0,0x01,0xF0,0x0F,0xC0,0x0F,0xE0,0x01,0xF0,0x00,0xF0,0x00,0xF0,0x00,0xF0,
    0x61,0xF0,0x7F,0xE0,0x3F,0xC0,0x00,0x00,0x00,0x00,0x00,0x00,0x00,0x00,0x00,0x00,
    0x00,0x00,0x00,0x00,0x00,0x00,0x00,0x00,0x03,0xE0,0x03,0xE0,0x07,0xE0,0x0F,0xE0,
    0x0F,0xE0,0x1D,0xE0,0x3D,0xE0,0x39,0xE0,0x71,0xE0,0x71,0xE0,0x7F,0xF8,0x7F,0xF8,
    0x01,0xE0,0x01,0xE0,0x01,0xE0,0x00,0x00,0x00,0x00,0x00,0x00,0x00,0x00,0x00,0x00,
    0x00,0x00,0x00,0x00,0x00,0x00,0x00,0x00,0x3F,0xF0,0x3F,0xF0,0x38,0x00,0x38,0x00,
    0x38,0x00,0x3F,0xC0,0x3F,0xE0,0x31,0xF0,0x00,0xF0,0x00,0xF8,0x00,0xF8,0x00,0xF0,
    0x71,0xF0,0x7F,0xE0,0x1F,0xC0,0x00,0x00,0x00,0x00,0x00,0x00,0x00,0x00,0x00,0x00,
    0x00,0x00,0x00,0x00,0x00,0x00,0x00,0x00,0x07,0xE0,0x1F,0xF0,0x1E,0x30,0x3C,0x00,
    0x38,0x00,0x7F,0xE0,0x7F,0xF0,0x7C,0xF0,0x7C,0x78,0x78,0x78,0x78,0x78,0x3C,0x78,
    0x3C,0xF0,0x1F,0xF0,0x0F,0xC0,0x00,0x00,0x00,0x00,0x00,0x00,0x00,0x00,0x00,0x00,
    0x00,0x00,0x00,0x00,0x00,0x00,0x00,0x00,0x7F,0xF8,0x7F,0xF8,0x00,0xF0,0x00,0xF0,
    0x01,0xE0,0x01,0xE0,0x03,0xE0,0x03,0xC0,0x07,0xC0,0x07,0x80,0x07,0x80,0x0F,0x00,
    0x0F,0x00,0x1E,0x00,0x1E,0x00,0x00,0x00,0x00,0x00,0x00,0x00,0x00,0x00,0x00,0x00,
    0x00,0x00,0x00,0x00,0x00,0x00,0x00,0x00,0x1F,0xC0,0x3F,0xF0,0x3C,0xF0,0x78,0x78,
    0x78,0x70,0x3C,0xF0,0x1F,0xE0,0x1F,0xE0,0x3C,0xF0,0x78,0x78,0x78,0x78,0x78,0x78,
    0x7C,0xF0,0x3F,0xF0,0x1F,0xE0,0x00,0x00,0x00,0x00,0x00,0x00,0x00,0x00,0x00,0x00,
    0x00,0x00,0x00,0x00,0x00,0x00,0x00,0x00,0x0F,0xC0,0x3F,0xE0,0x3C,0xF0,0x78,0xF0,
    0x78,0xF0,0x78,0xF8,0x78,0xF8,0x7C,0xF8,0x3F,0xF8,0x1F,0xF8,0x00,0x70,0x00,0xF0,
    0x31,0xE0,0x3F,0xC0,0x1F,0x80,0x00,0x00,0x00,0x00,0x00,0x00,0x00,0x00,0x00,0x00,
    0x00,0x00,0x00,0x00,0x00,0x00,0x00,0x00,0x3C,0x3C,0x3C,0x3C,0x00,0x00,0x00,0x3C,
    0x3C,0x3C,0x3C,0x00,0x00,0x00,0x00,0x00,0x00,0x00,0x00,0x00,0x00,0x00,0x00,0x00,
    0x3C,0x3C,0x3C,0x3C,0x00,0x00,0x00,0x3C,0x3C,0x3C,0x3C,0x38,0x70,0x70,0x00,0x00,
    0x00,0x00,0x00,0x00,0x00,0x00,0x00,0x00,0x00,0x00,0x00,0x00,0x00,0x00,0x00,0x00,
    0x00,0x00,0x00,0x00,0x00,0x00,0x06,0x00,0x00,0x3E,0x00,0x01,0xFC,0x00,0x0F,0xF0,
    0x00,0x3F,0x80,0x00,0x3C,0x00,0x00,0x3F,0x80,0x00,0x0F,0xF0,0x00,0x01,0xFC,0x00,
    0x00,0x3E,0x00,0x00,0x06,0x00,0x00,0x00,0x00,0x00,0x00,0x00,0x00,0x00,0x00,0x00,
    0x00,0x00,0x00,0x00,0x00,0x00,0x00,0x00,0x00,0x00,0x00,0x00,0x00,0x00,0x00,0x00,
    0x00,0x00,0x00,0x00,0x00,0x00,0x00,0x00,0x00,0x00,0x00,0x00,0x00,0x00,0x00,0x00,
    0x00,0x00,0x00,0x00,0x00,0x00,0x3F,0xFE,0x00,0x3F,0xFE,0x00,0x00,0x00,0x00,0x00,
    0x00,0x00,0x3F,0xFE,0x00,0x3F,0xFE,0x00,0x00,0x00,0x00,0x00,0x00,0x00,0x00,0x00,
    0x00,0x00,0x00,0x00,0x00,0x00,0x00,0x00,0x00,0x00,0x00,0x00,0x00,0x00,0x00,0x00,
    0x00,0x00,0x00,0x00,0x00,0x00,0x00,0x00,0x00,0x00,0x00,0x00,0x00,0x00,0x00,0x00,
    0x00,0x00,0x00,0x00,0x00,0x30,0x00,0x00,0x3E,0x00,0x00,0x3F,0xC0,0x00,0x07,0xF8,
    0x00,0x00,0xFE,0x00,0x00,0x1E,0x00,0x00,0xFE,0x00,0x07,0xF8,0x00,0x3F,0xC0,0x00,
    0x3E,0x00,0x00,0x30,0x00,0x00,0x00,0x00,0x00,0x00,0x00,0x00,0x00,0x00,0x00,0x00,
    0x00,0x00,0x00,0x00,0x00,0x00,0x00,0x00,0x00,0x00,0x00,0x00,0x00,0x00,0x00,0x00,
    0x3F,0x80,0x7F,0xC0,0x63,0xC0,0x01,0xC0,0x03,0xC0,0x07,0xC0,0x0F,0x80,0x0F,0x00,
    0x1E,0x00,0x1E,0x00,0x00,0x00,0x1E,0x00,0x1E,0x00,0x1E,0x00,0x1E,0x00,0x00,0x00,
    0x00,0x00,0x00,0x00,0x00,0x00,0x00,0x00,0x00,0x00,0x00,0x00,0x00,0x00,0x00,0x00,
    0x00,0x00,0x00,0x00,0x01,0xFC,0x00,0x07,0xFE,0x00,0x0F,0x0F,0x00,0x1C,0x03,0x80,
    0x38,0xED,0xC0,0x31,0xFC,0xC0,0x73,0x9C,0xE0,0x73,0x9C,0x60,0x63,0x0C,0x60,0x63,
    0x0C,0xE0,0x63,0x9C,0xC0,0x73,0x9D,0xC0,0x31,0xFF,0x80,0x38,0xEF,0x00,0x1C,0x02,
    0x00,0x0F,0x0F,0x00,0x07,0xFE,0x00,0x01,0xF8,0x00,0x00,0x00,0x00,0x00,0x00,0x00,
    0x00,0x00,0x00,0x00,0x00,0x00,0x00,0x00,0x07,0xC0,0x07,0xE0,0x0F,0xE0,0x0F,0xE0,
    0x0F,0xF0,0x1E,0xF0,0x1E,0xF8,0x1E,0x78,0x3C,0x78,0x3C,0x7C,0x3F,0xFC,0x7F,0xFC,
    0x78,0x1E,0xF8,0x1E,0xF0,0x1E,0x00,0x00,0x00,0x00,0x00,0x00,0x00,0x00,0x00,0x00,
    0x00,0x00,0x00,0x00,0x00,0x00,0x00,0x00,0x3F,0xE0,0x3F,0xF8,0x3C,0x78,0x3C,0x78,
    0x3C,0x78,0x3C,0x78,0x3F,0xF0,0x3F,0xF8,0x3C,0x78,0x3C,0x3C,0x3C,0x3C,0x3C,0x3C,
    0x3C,0x7C,0x3F,0xF8,0x3F,0xF0,0x00,0x00,0x00,0x00,0x00,0x00,0x00,0x00,0x00,0x00,
    0x00,0x00,0x00,0x00,0x00,0x00,0x00,0x00,0x07,0xF8,0x0F,0xFC,0x1F,0x0C,0x3C,0x00,
    0x7C,0x00,0x78,0x00,0x78,0x00,0x78,0x00,0x78,0x00,0x78,0x00,0x7C,0x00,0x3C,0x00,
    0x1F,0x0C,0x0F,0xFC,0x07,0xF8,0x00,0x00,0x00,0x00,0x00,0x00,0x00,0x00,0x00,0x00,
    0x00,0x00,0x00,0x00,0x00,0x00,0x00,0x00,0x00,0x00,0x00,0x00,0x3F,0xE0,0x00,0x3F,
    0xF8,0x00,0x3C,0x7C,0x00,0x3C,0x3E,0x00,0x3C,0x1E,0x00,0x3C,0x1F,0x00,0x3C,0x1F,
    0x00,0x3C,0x1F,0x00,0x3C,0x1F,0x00,0x3C,0x1F,0x00,0x3C,0x1E,0x00,0x3C,0x3E,0x00,
    0x3C,0x7C,0x00,0x3F,0xF8,0x00,0x3F,0xE0,0x00,0x00,0x00,0x00,0x00,0x00,0x00,0x00,
    0x00,0x00,0x00,0x00,0x00,0x00,0x00,0x00,0x00,0x00,0x00,0x00,0x00,0x00,0x00,0x00,
    0x3F,0xF0,0x3F,0xF0,0x3C,0x00,0x3C,0x00,0x3C,0x00,0x3C,0x00,0x3F,0xF0,0x3F,0xF0,
    0x3C,0x00,0x3C,0x00,0x3C,0x00,0x3C,0x00,0x3C,0x00,0x3F,0xF0,0x3F,0xF0,0x00,0x00,
    0x00,0x00,0x00,0x00,0x00,0x00,0x00,0x00,0x00,0x00,0x00,0x00,0x00,0x00,0x00,0x00,
    0x3F,0xF0,0x3F,0xF0,0x3C,0x00,0x3C,0x00,0x3C,0x00,0x3C,0x00,0x3F,0xF0,0x3F,0xF0,
    0x3C,0x00,0x3C,0x00,0x3C,0x00,0x3C,0x00,0x3C,0x00,0x3C,0x00,0x3C,0x00,0x00,0x00,
    0x00,0x00,0x00,0x00,0x00,0x00,0x00,0x00,0x00,0x00,0x00,0x00,0x00,0x00,0x00,0x00,
    0x07,0xFC,0x0F,0xFE,0x1F,0x0E,0x3C,0x00,0x7C,0x00,0x78,0x00,0x78,0x00,0x78,0x7E,
    0x78,0x7E,0x78,0x1E,0x7C,0x1E,0x3C,0x1E,0x1F,0x1E,0x0F,0xFE,0x07,0xFC,0x00,0x00,
    0x00,0x00,0x00,0x00,0x00,0x00,0x00,0x00,0x00,0x00,0x00,0x00,0x00,0x00,0x00,0x00,
    0x00,0x00,0x00,0x00,0x3C,0x1E,0x00,0x3C,0x1E,0x00,0x3C,0x1E,0x00,0x3C,0x1E,0x00,
    0x3C,0x1E,0x00,0x3C,0x1E,0x00,0x3F,0xFE,0x00,0x3F,0xFE,0x00,0x3C,0x1E,0x00,0x3C,
    0x1E,0x00,0x3C,0x1E,0x00,0x3C,0x1E,0x00,0x3C,0x1E,0x00,0x3C,0x1E,0x00,0x3C,0x1E,
    0x00,0x00,0x00,0x00,0x00,0x00,0x00,0x00,0x00,0x00,0x00,0x00,0x00,0x00,0x00,0x00,
    0x00,0x00,0x00,0x00,0x3C,0x3C,0x3C,0x3C,0x3C,0x3C,0x3C,0x3C,0x3C,0x3C,0x3C,0x3C,
    0x3C,0x3C,0x3C,0x00,0x00,0x00,0x00,0x00,0x00,0x00,0x00,0x00,0x3C,0x3C,0x3C,0x3C,
    0x3C,0x3C,0x3C,0x3C,0x3C,0x3C,0x3C,0x3C,0x3C,0x3C,0x3C,0x7C,0x78,0xF8,0xE0,0x00,
    0x00,0x00,0x00,0x00,0x00,0x00,0x00,0x00,0x3C,0x3E,0x3C,0x7C,0x3C,0xF8,0x3D,0xF0,
    0x3F,0xE0,0x3F,0xC0,0x3F,0x80,0x3F,0x80,0x3F,0xC0,0x3F,0xE0,0x3D,0xF0,0x3C,0xF8,
    0x3C,0x7C,0x3C,0x3E,0x3C,0x1F,0x00,0x00,0x00,0x00,0x00,0x00,0x00,0x00,0x00,0x00,
    0x00,0x00,0x00,0x00,0x00,0x00,0x00,0x00,0x3C,0x00,0x3C,0x00,0x3C,0x00,0x3C,0x00,
    0x3C,0x00,0x3C,0x00,0x3C,0x00,0x3C,0x00,0x3C,0x00,0x3C,0x00,0x3C,0x00,0x3C,0x00,
    0x3C,0x00,0x3F,0xF0,0x3F,0xF0,0x00,0x00,0x00,0x00,0x00,0x00,0x00,0x00,0x00,0x00,
    0x00,0x00,0x00,0x00,0x00,0x00,0x00,0x00,0x00,0x00,0x00,0x00,0x3E,0x07,0xC0,0x3E,
    0x0F,0xC0,0x3F,0x0F,0xC0,0x3F,0x0F,0xC0,0x3F,0x9F,0xC0,0x3F,0x9F,0xC0,0x3F,0xFF,
    0xC0,0x3D,0xFB,0xC0,0x3D,0xFB,0xC0,0x3C,0xF3,0xC0,0x3C,0xF3,0xC0,0x3C,0xF3,0xC0,
    0x3C,0x03,0xC0,0x3C,0x03,0xC0,0x3C,0x03,0xC0,0x00,0x00,0x00,0x00,0x00,0x00,0x00,
    0x00,0x00,0x00,0x00,0x00,0x00,0x00,0x00,0x00,0x00,0x00,0x00,0x00,0x00,0x00,0x00,
    0x00,0x00,0x00,0x00,0x3C,0x1E,0x00,0x3E,0x1E,0x00,0x3F,0x1E,0x00,0x3F,0x1E,0x00,
    0x3F,0x9E,0x00,0x3F,0x9E,0x00,0x3F,0xDE,0x00,0x3D,0xDE,0x00,0x3D,0xFE,0x00,0x3C,
    0xFE,0x00,0x3C,0xFE,0x00,0x3C,0x7E,0x00,0x3C,0x7E,0x00,0x3C,0x3E,0x00,0x3C,0x3E,
    0x00,0x00,0x00,0x00,0x00,0x00,0x00,0x00,0x00,0x00,0x00,0x00,0x00,0x00,0x00,0x00,
    0x00,0x00,0x00,0x00,0x00,0x00,0x00,0x00,0x00,0x00,0x00,0x00,0x07,0xF0,0x00,0x1F,
    0xFC,0x00,0x3E,0x3E,0x00,0x3C,0x1E,0x00,0x7C,0x1F,0x00,0x78,0x0F,0x00,0x78,0x0F,
    0x00,0x78,0x0F,0x00,0x78,0x0F,0x00,0x78,0x0F,0x00,0x7C,0x1F,0x00,0x3C,0x1E,0x00,
    0x3E,0x3E,0x00,0x1F,0xFC,0x00,0x07,0xF0,0x00,0x00,0x00,0x00,0x00,0x00,0x00,0x00,
    0x00,0x00,0x00,0x00,0x00,0x00,0x00,0x00,0x00,0x00,0x00,0x00,0x00,0x00,0x00,0x00,
    0x3F,0xE0,0x3F,0xF8,0x3C,0x78,0x3C,0x3C,0x3C,0x3C,0x3C,0x3C,0x3C,0x3C,0x3C,0x78,
    0x3F,0xF8,0x3F,0xE0,0x3C,0x00,0x3C,0x00,0x3C,0x00,0x3C,0x00,0x3C,0x00,0x00,0x00,
    0x00,0x00,0x00,0x00,0x00,0x00,0x00,0x00,0x00,0x00,0x00,0x00,0x00,0x00,0x00,0x00,
    0x00,0x00,0x00,0x00,0x07,0xF0,0x00,0x1F,0xFC,0x00,0x3E,0x3E,0x00,0x3C,0x1E,0x00,
    0x7C,0x1F,0x00,0x78,0x0F,0x00,0x78,0x0F,0x00,0x78,0x0F,0x00,0x78,0x0F,0x00,0x78,
    0x0F,0x00,0x7C,0x1F,0x00,0x3C,0x1E,0x00,0x3E,0x3E,0x00,0x1F,0xFC,0x00,0x07,0xF0,
    0x00,0x00,0x78,0x00,0x00,0x3C,0x00,0x00,0x1E,0x00,0x00,0x00,0x00,0x00,0x00,0x00,
    0x00,0x00,0x00,0x00,0x00,0x00,0x00,0x00,0x3F,0xE0,0x3F,0xF0,0x3C,0xF8,0x3C,0x78,
    0x3C,0x78,0x3C,0x78,0x3C,0xF8,0x3F,0xF0,0x3F,0xF0,0x3C,0xF8,0x3C,0x78,0x3C,0x7C,
    0x3C,0x3C,0x3C,0x3E,0x3C,0x1E,0x00,0x00,0x00,0x00,0x00,0x00,0x00,0x00,0x00,0x00,
    0x00,0x00,0x00,0x00,0x00,0x00,0x00,0x00,0x0F,0xF0,0x3F,0xF0,0x3C,0x70,0x78,0x10,
    0x78,0x00,0x7C,0x00,0x3F,0xC0,0x3F,0xF0,0x0F,0xF8,0x01,0xF8,0x00,0x78,0x60,0x78,
    0x78,0xF8,0x7F,0xF0,0x3F,0xE0,0x00,0x00,0x00,0x00,0x00,0x00,0x00,0x00,0x00,0x00,
    0x00,0x00,0x00,0x00,0x00,0x00,0x00,0x00,0xFF,0xFC,0xFF,0xFC,0x07,0x80,0x07,0x80,
    0x07,0x80,0x07,0x80,0x07,0x80,0x07,0x80,0x07,0x80,0x07,0x80,0x07,0x80,0x07,0x80,
    0x07,0x80,0x07,0x80,0x07,0x80,0x00,0x00,0x00,0x00,0x00,0x00,0x00,0x00,0x00,0x00,
    0x00,0x00,0x00,0x00,0x00,0x00,0x00,0x00,0x3C,0x3E,0x3C,0x3E,0x3C,0x3E,0x3C,0x3E,
    0x3C,0x3E,0x3C,0x3E,0x3C,0x3E,0x3C,0x3E,0x3C,0x3E,0x3C,0x3E,0x3C,0x3E,0x3C,0x3C,
    0x3E,0x7C,0x1F,0xF8,0x07,0xF0,0x00,0x00,0x00,0x00,0x00,0x00,0x00,0x00,0x00,0x00,
    0x00,0x00,0x00,0x00,0x00,0x00,0x00,0x00,0xF0,0x1E,0xF8,0x1E,0x78,0x1E,0x78,0x3C,
    0x3C,0x3C,0x3C,0x3C,0x3C,0x78,0x1E,0x78,0x1E,0xF8,0x1E,0xF0,0x0F,0xF0,0x0F,0xE0,
    0x0F,0xE0,0x07,0xE0,0x07,0xC0,0x00,0x00,0x00,0x00,0x00,0x00,0x00,0x00,0x00,0x00,
    0x00,0x00,0x00,0x00,0x00,0x00,0x00,0x00,0x00,0x00,0x00,0x00,0x78,0x78,0x3C,0x78,
    0x78,0x78,0x78,0xFC,0x78,0x78,0xFC,0x78,0x78,0xFC,0x78,0x3C,0xFC,0xF0,0x3C,0xFE,
    0xF0,0x3D,0xCE,0xF0,0x3D,0xCE,0xF0,0x1F,0xCF,0xE0,0x1F,0xCF,0xE0,0x1F,0x87,0xE0,
    0x1F,0x87,0xE0,0x0F,0x87,0xE0,0x0F,0x87,0xC0,0x00,0x00,0x00,0x00,0x00,0x00,0x00,
    0x00,0x00,0x00,0x00,0x00,0x00,0x00,0x00,0x00,0x00,0x00,0x00,0x00,0x00,0x00,0x00,
    0x78,0x3E,0x7C,0x3C,0x3C,0x78,0x1E,0xF8,0x1F,0xF0,0x0F,0xE0,0x07,0xE0,0x07,0xC0,
    0x0F,0xE0,0x0F,0xF0,0x1F,0xF0,0x1E,0x78,0x3C,0x7C,0x78,0x3C,0x78,0x1E,0x00,0x00,
    0x00,0x00,0x00,0x00,0x00,0x00,0x00,0x00,0x00,0x00,0x00,0x00,0x00,0x00,0x00,0x00,
    0xF0,0x3C,0x78,0x7C,0x7C,0x78,0x3C,0xF8,0x3E,0xF0,0x1F,0xE0,0x0F,0xE0,0x0F,0xC0,
    0x07,0x80,0x07,0x80,0x07,0x80,0x07,0x80,0x07,0x80,0x07,0x80,0x07,0x80,0x00,0x00,
    0x00,0x00,0x00,0x00,0x00,0x00,0x00,0x00,0x00,0x00,0x00,0x00,0x00,0x00,0x00,0x00,
    0x7F,0xFC,0x7F,0xFC,0x00,0xF8,0x01,0xF8,0x01,0xF0,0x03,0xE0,0x07,0xE0,0x0F,0xC0,
    0x0F,0x80,0x1F,0x00,0x3F,0x00,0x7E,0x00,0x7C,0x00,0x7F,0xFC,0x7F,0xFC,0x00,0x00,
    0x00,0x00,0x00,0x00,0x00,0x00,0x00,0x00,0x00,0x00,0x00,0x00,0x00,0x00,0x00,0x00,
    0x3F,0x00,0x3F,0x00,0x38,0x00,0x38,0x00,0x38,0x00,0x38,0x00,0x38,0x00,0x38,0x00,
    0x38,0x00,0x38,0x00,0x38,0x00,0x38,0x00,0x38,0x00,0x38,0x00,0x38,0x00,0x38,0x00,
    0x3F,0x00,0x3F,0x00,0x00,0x00,0x00,0x00,0x00,0x00,0x00,0x00,0xE0,0xE0,0x60,0x60,
    0x70,0x30,0x30,0x38,0x18,0x18,0x1C,0x0C,0x0C,0x0E,0x0E,0x06,0x00,0x00,0x00,0x00,
    0x00,0x00,0x00,0x00,0x00,0x00,0x00,0x00,0x7F,0x00,0x7F,0x00,0x0F,0x00,0x0F,0x00,
    0x0F,0x00,0x0F,0x00,0x0F,0x00,0x0F,0x00,0x0F,0x00,0x0F,0x00,0x0F,0x00,0x0F,0x00,
    0x0F,0x00,0x0F,0x00,0x0F,0x00,0x0F,0x00,0x7F,0x00,0x7F,0x00,0x00,0x00,0x00,0x00,
    0x00,0x00,0x00,0x00,0x00,0x00,0x00,0x00,0x00,0x00,0x00,0x00,0x03,0xC0,0x00,0x07,
    0xE0,0x00,0x0F,0xF0,0x00,0x1E,0x38,0x00,0x38,0x1C,0x00,0x00,0x00,0x00,0x00,0x00,
    0x00,0x00,0x00,0x00,0x00,0x00,0x00,0x00,0x00,0x00,0x00,0x00,0x00,0x00,0x00,0x00,
    0x00,0x00,0x00,0x00,0x00,0x00,0x00,0x00,0x00,0x00,0x00,0x00,0x00,0x00,0x00,0x00,
    0x00,0x00,0x00,0x00,0x00,0x00,0x00,0x00,0x00,0x00,0x00,0x00,0x00,0x00,0x00,0x00,
    0x00,0x00,0x00,0x00,0x00,0x00,0x00,0x00,0x00,0x00,0x00,0x00,0x00,0x00,0x00,0x00,
    0x00,0x00,0x00,0x00,0x00,0x00,0x00,0x00,0x00,0x00,0x00,0x00,0x00,0x00,0x00,0x00,
    0x00,0x00,0x00,0x00,0xFF,0xC0,0xFF,0xC0,0x00,0x00,0x00,0x00,0x00,0x00,0x70,0x00,
    0x38,0x00,0x1C,0x00,0x0C,0x00,0x00,0x00,0x00,0x00,0x00,0x00,0x00,0x00,0x00,0x00,
    0x00,0x00,0x00,0x00,0x00,0x00,0x00,0x00,0x00,0x00,0x00,0x00,0x00,0x00,0x00,0x00,
    0x00,0x00,0x00,0x00,0x00,0x00,0x00,0x00,0x00,0x00,0x00,0x00,0x00,0x00,0x00,0x00,
    0x00,0x00,0x00,0x00,0x00,0x00,0x00,0x00,0x3F,0xC0,0x3F,0xE0,0x00,0xF0,0x00,0xF0,
    0x1F,0xF0,0x7F,0xF0,0x78,0xF0,0x78,0xF0,0x79,0xF0,0x7F,0xF0,0x3E,0xF0,0x00,0x00,
    0x00,0x00,0x00,0x00,0x00,0x00,0x00,0x00,0x00,0x00,0x00,0x00,0x00,0x00,0x00,0x00,
    0x78,0x00,0x78,0x00,0x78,0x00,0x78,0x00,0x79,0xE0,0x7F,0xF0,0x7E,0xF8,0x7C,0x78,
    0x78,0x3C,0x78,0x3C,0x78,0x3C,0x7C,0x78,0x7C,0xF8,0x7F,0xF0,0x79,0xE0,0x00,0x00,
    0x00,0x00,0x00,0x00,0x00,0x00,0x00,0x00,0x00,0x00,0x00,0x00,0x00,0x00,0x00,0x00,
    0x00,0x00,0x00,0x00,0x00,0x00,0x00,0x00,0x0F,0xC0,0x3F,0xE0,0x7C,0x60,0x78,0x00,
    0x78,0x00,0x78,0x00,0x78,0x00,0x78,0x00,0x7C,0x60,0x3F,0xE0,0x0F,0xC0,0x00,0x00,
    0x00,0x00,0x00,0x00,0x00,0x00,0x00,0x00,0x00,0x00,0x00,0x00,0x00,0x00,0x00,0x00,
    0x00,0x78,0x00,0x78,0x00,0x78,0x00,0x78,0x1F,0x78,0x3F,0xF8,0x7C,0xF8,0x78,0x78,
    0x78,0x78,0x78,0x78,0x78,0x78,0x78,0x78,0x7C,0xF8,0x3F,0xF8,0x1F,0x78,0x00,0x00,
    0x00,0x00,0x00,0x00,0x00,0x00,0x00,0x00,0x00,0x00,0x00,0x00,0x00,0x00,0x00,0x00,
    0x00,0x00,0x00,0x00,0x00,0x00,0x00,0x00,0x0F,0xC0,0x3F,0xE0,0x7C,0xF0,0x78,0x78,
    0x7F,0xF8,0x7F,0xF8,0x78,0x00,0x78,0x00,0x7C,0x30,0x3F,0xF0,0x0F,0xE0,0x00,0x00,
    0x00,0x00,0x00,0x00,0x00,0x00,0x00,0x00,0x00,0x00,0x00,0x00,0x00,0x00,0x00,0x00,
    0x1F,0x80,0x3F,0x80,0x3C,0x00,0x3C,0x00,0xFF,0x80,0xFF,0x80,0x3C,0x00,0x3C,0x00,
    0x3C,0x00,0x3C,0x00,0x3C,0x00,0x3C,0x00,0x3C,0x00,0x3C,0x00,0x3C,0x00,0x00,0x00,
    0x00,0x00,0x00,0x00,0x00,0x00,0x00,0x00,0x00,0x00,0x00,0x00,0x00,0x00,0x00,0x00,
    0x00,0x00,0x00,0x00,0x00,0x00,0x00,0x00,0x1F,0x78,0x3F,0xF8,0x7C,0xF8,0x78,0x78,
    0x78,0x78,0x78,0x78,0x78,0x78,0x78,0x78,0x7C,0xF8,0x3F,0xF8,0x1F,0x78,0x00,0x78,
    0x31,0xF0,0x3F,0xE0,0x1F,0xC0,0x00,0x00,0x00,0x00,0x00,0x00,0x00,0x00,0x00,0x00,
    0x78,0x00,0x78,0x00,0x78,0x00,0x78,0x00,0x79,0xE0,0x7F,0xF0,0x7E,0xF8,0x7C,0x78,
    0x78,0x78,0x78,0x78,0x78,0x78,0x78,0x78,0x78,0x78,0x78,0x78,0x78,0x78,0x00,0x00,
    0x00,0x00,0x00,0x00,0x00,0x00,0x00,0x00,0x00,0x00,0x00,0x00,0x78,0x78,0x78,0x00,
    0x78,0x78,0x78,0x78,0x78,0x78,0x78,0x78,0x78,0x78,0x78,0x00,0x00,0x00,0x00,0x00,
    0x00,0x00,0x00,0x00,0x78,0x78,0x78,0x00,0x78,0x78,0x78,0x78,0x78,0x78,0x78,0x78,
    0x78,0x78,0x78,0x78,0x78,0xF8,0xF0,0x00,0x00,0x00,0x00,0x00,0x00,0x00,0x00,0x00,
    0x78,0x00,0x78,0x00,0x78,0x00,0x78,0x00,0x78,0xF8,0x79,0xF0,0x7B,0xE0,0x7F,0xC0,
    0x7F,0x80,0x7F,0x80,0x7F,0xC0,0x7B,0xE0,0x79,0xE0,0x78,0xF0,0x78,0x78,0x00,0x00,
    0x00,0x00,0x00,0x00,0x00,0x00,0x00,0x00,0x00,0x00,0x00,0x00,0x78,0x78,0x78,0x78,
    0x78,0x78,0x78,0x78,0x78,0x78,0x78,0x78,0x78,0x78,0x78,0x00,0x00,0x00,0x00,0x00,
    0x00,0x00,0x00,0x00,0x00,0x00,0x00,0x00,0x00,0x00,0x00,0x00,0x00,0x00,0x00,0x00,
    0x00,0x00,0x00,0x00,0x00,0x00,0x00,0x00,0x7B,0xE7,0xC0,0x7F,0xFF,0xE0,0x7C,0xF9,
    0xE0,0x7C,0xF8,0xE0,0x78,0x70,0xE0,0x78,0x70,0xE0,0x78,0x70,0xE0,0x78,0x70,0xE0,
    0x78,0x70,0xE0,0x78,0x70,0xE0,0x78,0x70,0xE0,0x00,0x00,0x00,0x00,0x00,0x00,0x00,
    0x00,0x00,0x00,0x00,0x00,0x00,0x00,0x00,0x00,0x00,0x00,0x00,0x00,0x00,0x00,0x00,
    0x00,0x00,0x00,0x00,0x00,0x00,0x00,0x00,0x79,0xE0,0x7F,0xF0,0x7E,0xF8,0x7C,0x78,
    0x78,0x78,0x78,0x78,0x78,0x78,0x78,0x78,0x78,0x78,0x78,0x78,0x78,0x78,0x00,0x00,
    0x00,0x00,0x00,0x00,0x00,0x00,0x00,0x00,0x00,0x00,0x00,0x00,0x00,0x00,0x00,0x00,
    0x00,0x00,0x00,0x00,0x00,0x00,0x00,0x00,0x0F,0xC0,0x3F,0xE0,0x7C,0xF0,0x78,0x78,
    0x78,0x78,0x78,0x78,0x78,0x78,0x78,0x78,0x7C,0xF0,0x3F,0xE0,0x0F,0xC0,0x00,0x00,
    0x00,0x00,0x00,0x00,0x00,0x00,0x00,0x00,0x00,0x00,0x00,0x00,0x00,0x00,0x00,0x00,
    0x00,0x00,0x00,0x00,0x00,0x00,0x00,0x00,0x79,0xE0,0x7F,0xF0,0x7E,0xF8,0x7C,0x78,
    0x78,0x3C,0x78,0x3C,0x78,0x3C,0x7C,0x78,0x7C,0xF8,0x7F,0xF0,0x79,0xE0,0x78,0x00,
    0x78,0x00,0x78,0x00,0x78,0x00,0x00,0x00,0x00,0x00,0x00,0x00,0x00,0x00,0x00,0x00,
    0x00,0x00,0x00,0x00,0x00,0x00,0x00,0x00,0x1F,0x78,0x3F,0xF8,0x7C,0xF8,0x78,0x78,
    0x78,0x78,0x78,0x78,0x78,0x78,0x78,0x78,0x7C,0xF8,0x3F,0xF8,0x1F,0x78,0x00,0x78,
    0x00,0x78,0x00,0x78,0x00,0x78,0x00,0x00,0x00,0x00,0x00,0x00,0x00,0x00,0x00,0x00,
    0x00,0x00,0x00,0x00,0x00,0x00,0x00,0x00,0x7B,0xC0,0x7F,0xC0,0x7E,0x00,0x7C,0x00,
    0x78,0x00,0x78,0x00,0x78,0x00,0x78,0x00,0x78,0x00,0x78,0x00,0x78,0x00,0x00,0x00,
    0x00,0x00,0x00,0x00,0x00,0x00,0x00,0x00,0x00,0x00,0x00,0x00,0x00,0x00,0x00,0x00,
    0x00,0x00,0x00,0x00,0x00,0x00,0x00,0x00,0x3F,0x80,0x7F,0xC0,0x78,0xC0,0x78,0x00,
    0x7F,0x80,0x3F,0xC0,0x1F,0xE0,0x01,0xE0,0x61,0xE0,0x7F,0xE0,0x3F,0x80,0x00,0x00,
    0x00,0x00,0x00,0x00,0x00,0x00,0x00,0x00,0x00,0x00,0x00,0x00,0x00,0x00,0x00,0x00,
    0x00,0x00,0x3C,0x00,0x3C,0x00,0x3C,0x00,0xFF,0x80,0xFF,0x80,0x3C,0x00,0x3C,0x00,
    0x3C,0x00,0x3C,0x00,0x3C,0x00,0x3C,0x00,0x3C,0x00,0x3F,0x80,0x1F,0x80,0x00,0x00,
    0x00,0x00,0x00,0x00,0x00,0x00,0x00,0x00,0x00,0x00,0x00,0x00,0x00,0x00,0x00,0x00,
    0x00,0x00,0x00,0x00,0x00,0x00,0x00,0x00,0x78,0x78,0x78,0x78,0x78,0x78,0x78,0x78,
    0x78,0x78,0x78,0x78,0x78,0x78,0x78,0x78,0x3C,0xF8,0x3F,0xF8,0x1F,0x78,0x00,0x00,
    0x00,0x00,0x00,0x00,0x00,0x00,0x00,0x00,0x00,0x00,0x00,0x00,0x00,0x00,0x00,0x00,
    0x00,0x00,0x00,0x00,0x00,0x00,0x00,0x00,0xF0,0x78,0x78,0x70,0x78,0xF0,0x78,0xF0,
    0x3D,0xE0,0x3D,0xE0,0x1D,0xC0,0x1F,0xC0,0x1F,0xC0,0x0F,0x80,0x0F,0x80,0x00,0x00,
    0x00,0x00,0x00,0x00,0x00,0x00,0x00,0x00,0x00,0x00,0x00,0x00,0x00,0x00,0x00,0x00,
    0x00,0x00,0x00,0x00,0x00,0x00,0x00,0x00,0x00,0x00,0x00,0x00,0x00,0x00,0x00,0x00,
    0x71,0xE3,0xC0,0x79,0xE3,0xC0,0x79,0xF3,0x80,0x79,0xF7,0x80,0x3B,0xF7,0x80,0x3F,
    0xB7,0x80,0x3F,0xBF,0x00,0x3F,0x3F,0x00,0x1F,0x3F,0x00,0x1F,0x1E,0x00,0x1F,0x1E,
    0x00,0x00,0x00,0x00,0x00,0x00,0x00,0x00,0x00,0x00,0x00,0x00,0x00,0x00,0x00,0x00,
    0x00,0x00,0x00,0x00,0x00,0x00,0x00,0x00,0x00,0x00,0x00,0x00,0x00,0x00,0x00,0x00,
    0x78,0xF0,0x79,0xE0,0x3D,0xE0,0x1F,0xC0,0x0F,0x80,0x0F,0x80,0x1F,0x80,0x1F,0xC0,
    0x3D,0xE0,0x78,0xF0,0xF8,0xF0,0x00,0x00,0x00,0x00,0x00,0x00,0x00,0x00,0x00,0x00,
    0x00,0x00,0x00,0x00,0x00,0x00,0x00,0x00,0x00,0x00,0x00,0x00,0x00,0x00,0x00,0x00,
    0xF0,0x78,0x78,0xF0,0x78,0xF0,0x38,0xF0,0x3D,0xE0,0x3D,0xE0,0x1F,0xC0,0x1F,0xC0,
    0x0F,0xC0,0x0F,0x80,0x07,0x80,0x07,0x00,0x0F,0x00,0x3E,0x00,0x3C,0x00,0x00,0x00,
    0x00,0x00,0x00,0x00,0x00,0x00,0x00,0x00,0x00,0x00,0x00,0x00,0x00,0x00,0x00,0x00,
    0x7F,0xE0,0x7F,0xE0,0x03,0xE0,0x07,0xC0,0x0F,0x80,0x1F,0x00,0x3E,0x00,0x3C,0x00,
    0x7C,0x00,0x7F,0xE0,0x7F,0xE0,0x00,0x00,0x00,0x00,0x00,0x00,0x00,0x00,0x00,0x00,
    0x00,0x00,0x00,0x00,0x00,0x00,0x00,0x00,0x01,0xF0,0x03,0xF0,0x07,0xC0,0x07,0x80,
    0x07,0x80,0x07,0x80,0x07,0x80,0x07,0x80,0x3F,0x00,0x3F,0x00,0x07,0x80,0x07,0x80,
    0x07,0x80,0x07,0x80,0x07,0x80,0x07,0xC0,0x03,0xF0,0x01,0xF0,0x00,0x00,0x00,0x00,
    0x00,0x00,0x00,0x00,0x38,0x38,0x38,0x38,0x38,0x38,0x38,0x38,0x38,0x38,0x38,0x38,
    0x38,0x38,0x38,0x38,0x38,0x38,0x38,0x38,0x00,0x00,0x00,0x00,0x00,0x00,0x00,0x00,
    0x3E,0x00,0x3F,0x00,0x07,0x80,0x07,0x80,0x07,0x80,0x07,0x80,0x07,0x80,0x07,0xC0,
    0x03,0xF0,0x03,0xF0,0x07,0xC0,0x07,0x80,0x07,0x80,0x07,0x80,0x07,0x80,0x07,0x80,
    0x3F,0x00,0x3E,0x00,0x00,0x00,0x00,0x00,0x00,0x00,0x00,0x00,0x00,0x00,0x00,0x00,
    0x00,0x00,0x00,0x00,0x00,0x00,0x00,0x00,0x00,0x00,0x00,0x00,0x00,0x00,0x00,0x00,
    0x00,0x00,0x00,0x00,0x00,0x00,0x00,0x00,0x00,0x1F,0x86,0x00,0x3F,0xFE,0x00,0x30,
    0xFC,0x00,0x00,0x00,0x00,0x00,0x00,0x00,0x00,0x00,0x00,0x00,0x00,0x00,0x00,0x00,
    0x00,0x00,0x00,0x00,0x00,0x00,0x00,0x00,0x00,0x00,0x00,0x00,0x00,0x00,0x00,0x00,
    0x0F,0x00,0x07,0x00,0x03,0x80,0x00,0x00,0x07,0xC0,0x07,0xE0,0x0F,0xE0,0x0F,0xE0,
    0x0F,0xF0,0x1E,0xF0,0x1E,0xF8,0x1E,0x78,0x3C,0x78,0x3C,0x7C,0x3F,0xFC,0x7F,0xFC,
    0x78,0x1E,0xF8,0x1E,0xF0,0x1E,0x00,0x00,0x00,0x00,0x00,0x00,0x00,0x00,0x00,0x00,
    0x01,0xE0,0x01,0xC0,0x03,0x80,0x00,0x00,0x07,0xC0,0x07,0xE0,0x0F,0xE0,0x0F,0xE0,
    0x0F,0xF0,0x1E,0xF0,0x1E,0xF8,0x1E,0x78,0x3C,0x78,0x3C,0x7C,0x3F,0xFC,0x7F,0xFC,
    0x78,0x1E,0xF8,0x1E,0xF0,0x1E,0x00,0x00,0x00,0x00,0x00,0x00,0x00,0x00,0x00,0x00,
    0x03,0xC0,0x07,0xE0,0x0E,0x60,0x00,0x00,0x07,0xC0,0x07,0xE0,0x0F,0xE0,0x0F,0xE0,
    0x0F,0xF0,0x1E,0xF0,0x1E,0xF8,0x1E,0x78,0x3C,0x78,0x3C,0x7C,0x3F,0xFC,0x7F,0xFC,
    0x78,0x1E,0xF8,0x1E,0xF0,0x1E,0x00,0x00,0x00,0x00,0x00,0x00,0x00,0x00,0x00,0x00,
    0x07,0x60,0x0F,0xE0,0x0D,0xE0,0x00,0x00,0x07,0xC0,0x07,0xE0,0x0F,0xE0,0x0F,0xE0,
    0x0F,0xF0,0x1E,0xF0,0x1E,0xF8,0x1E,0x78,0x3C,0x78,0x3C,0x7C,0x3F,0xFC,0x7F,0xFC,
    0x78,0x1E,0xF8,0x1E,0xF0,0x1E,0x00,0x00,0x00,0x00,0x00,0x00,0x00,0x00,0x00,0x00,
    0x0E,0xE0,0x0E,0xE0,0x00,0x00,0x00,0x00,0x07,0xC0,0x07,0xE0,0x0F,0xE0,0x0F,0xE0,
    0x0F,0xF0,0x1E,0xF0,0x1E,0xF8,0x1E,0x78,0x3C,0x78,0x3C,0x7C,0x3F,0xFC,0x7F,0xFC,
    0x78,0x1E,0xF8,0x1E,0xF0,0x1E,0x00,0x00,0x00,0x00,0x00,0x00,0x00,0x00,0x00,0x00,
    0x03,0x80,0x07,0xC0,0x06,0x60,0x06,0x60,0x07,0xC0,0x07,0xE0,0x0F,0xE0,0x0F,0xE0,
    0x0F,0xF0,0x1E,0xF0,0x1E,0xF8,0x1E,0x78,0x3C,0x78,0x3C,0x7C,0x3F,0xFC,0x7F,0xFC,
    0x78,0x1E,0xF8,0x1E,0xF0,0x1E,0x00,0x00,0x00,0x00,0x00,0x00,0x00,0x00,0x00,0x00,
    0x00,0x00,0x00,0x00,0x00,0x00,0x00,0x00,0x00,0x00,0x00,0x00,0x03,0xFF,0xF0,0x07,
    0xFF,0xF0,0x07,0xBC,0x00,0x0F,0x3C,0x00,0x0F,0x3C,0x00,0x0F,0x3C,0x00,0x1E,0x3F,
    0xF0,0x1E,0x3F,0xF0,0x3E,0x3C,0x00,0x3F,0xFC,0x00,0x3F,0xFC,0x00,0x78,0x3C,0x00,
    0x78,0x3C,0x00,0xF0,0x3F,0xF0,0xF0,0x3F,0xF0,0x00,0x00,0x00,0x00,0x00,0x00,0x00,
    0x00,0x00,0x00,0x00,0x00,0x00,0x00,0x00,0x00,0x00,0x00,0x00,0x00,0x00,0x00,0x00,
    0x07,0xF8,0x0F,0xFC,0x1F,0x0C,0x3C,0x00,0x7C,0x00,0x78,0x00,0x78,0x00,0x78,0x00,
    0x78,0x00,0x78,0x00,0x7C,0x00,0x3C,0x00,0x1F,0x0C,0x0F,0xFC,0x07,0xF8,0x00,0xC0,
    0x00,0x60,0x00,0x60,0x03,0xC0,0x00,0x00,0x0E,0x00,0x06,0x00,0x03,0x00,0x00,0x00,
    0x3F,0xF0,0x3F,0xF0,0x3C,0x00,0x3C,0x00,0x3C,0x00,0x3C,0x00,0x3F,0xF0,0x3F,0xF0,
    0x3C,0x00,0x3C,0x00,0x3C,0x00,0x3C,0x00,0x3C,0x00,0x3F,0xF0,0x3F,0xF0,0x00,0x00,
    0x00,0x00,0x00,0x00,0x00,0x00,0x00,0x00,0x01,0xC0,0x03,0x80,0x07,0x00,0x00,0x00,
    0x3F,0xF0,0x3F,0xF0,0x3C,0x00,0x3C,0x00,0x3C,0x00,0x3C,0x00,0x3F,0xF0,0x3F,0xF0,
    0x3C,0x00,0x3C,0x00,0x3C,0x00,0x3C,0x00,0x3C,0x00,0x3F,0xF0,0x3F,0xF0,0x00,0x00,
    0x00,0x00,0x00,0x00,0x00,0x00,0x00,0x00,0x07,0x80,0x0F,0xC0,0x1C,0xC0,0x00,0x00,
    0x3F,0xF0,0x3F,0xF0,0x3C,0x00,0x3C,0x00,0x3C,0x00,0x3C,0x00,0x3F,0xF0,0x3F,0xF0,
    0x3C,0x00,0x3C,0x00,0x3C,0x00,0x3C,0x00,0x3C,0x00,0x3F,0xF0,0x3F,0xF0,0x00,0x00,
    0x00,0x00,0x00,0x00,0x00,0x00,0x00,0x00,0x1D,0xC0,0x1D,0xC0,0x00,0x00,0x00,0x00,
    0x3F,0xF0,0x3F,0xF0,0x3C,0x00,0x3C,0x00,0x3C,0x00,0x3C,0x00,0x3F,0xF0,0x3F,0xF0,
    0x3C,0x00,0x3C,0x00,0x3C,0x00,0x3C,0x00,0x3C,0x00,0x3F,0xF0,0x3F,0xF0,0x00,0x00,
    0x00,0x00,0x00,0x00,0x00,0x00,0x00,0x00,0xE0,0x70,0x38,0x00,0x3C,0x3C,0x3C,0x3C,
    0x3C,0x3C,0x3C,0x3C,0x3C,0x3C,0x3C,0x3C,0x3C,0x3C,0x3C,0x00,0x00,0x00,0x00,0x00,
    0x1C,0x1C,0x38,0x00,0x3C,0x3C,0x3C,0x3C,0x3C,0x3C,0x3C,0x3C,0x3C,0x3C,0x3C,0x3C,
    0x3C,0x3C,0x3C,0x00,0x00,0x00,0x00,0x00,0x3C,0x7E,0xE6,0x00,0x3C,0x3C,0x3C,0x3C,
    0x3C,0x3C,0x3C,0x3C,0x3C,0x3C,0x3C,0x3C,0x3C,0x3C,0x3C,0x00,0x00,0x00,0x00,0x00,
    0xEE,0xEE,0x00,0x00,0x3C,0x3C,0x3C,0x3C,0x3C,0x3C,0x3C,0x3C,0x3C,0x3C,0x3C,0x3C,
    0x3C,0x3C,0x3C,0x00,0x00,0x00,0x00,0x00,0x00,0x00,0x00,0x00,0x00,0x00,0x00,0x00,
    0x00,0x00,0x00,0x00,0x3F,0xE0,0x00,0x3F,0xF8,0x00,0x3C,0x7C,0x00,0x3C,0x3E,0x00,
    0x3C,0x1E,0x00,0x3C,0x1F,0x00,0x3C,0x0F,0x00,0xFF,0x0F,0x00,0xFF,0x0F,0x00,0x3C,
    0x1F,0x00,0x3C,0x1E,0x00,0x3C,0x3E,0x00,0x3C,0x7C,0x00,0x3F,0xF8,0x00,0x3F,0xE0,
    0x00,0x00,0x00,0x00,0x00,0x00,0x00,0x00,0x00,0x00,0x00,0x00,0x00,0x00,0x00,0x00,
    0x07,0x30,0x00,0x07,0xE0,0x00,0x0C,0xE0,0x00,0x00,0x00,0x00,0x3C,0x1E,0x00,0x3E,
    0x1E,0x00,0x3F,0x1E,0x00,0x3F,0x1E,0x00,0x3F,0x9E,0x00,0x3F,0x9E,0x00,0x3F,0xDE,
    0x00,0x3D,0xDE,0x00,0x3D,0xFE,0x00,0x3C,0xFE,0x00,0x3C,0xFE,0x00,0x3C,0x7E,0x00,
    0x3C,0x7E,0x00,0x3C,0x3E,0x00,0x3C,0x3E,0x00,0x00,0x00,0x00,0x00,0x00,0x00,0x00,
    0x00,0x00,0x00,0x00,0x00,0x00,0x00,0x00,0x07,0x00,0x00,0x03,0x80,0x00,0x01,0xC0,
    0x00,0x00,0x00,0x00,0x07,0xF0,0x00,0x1F,0xFC,0x00,0x3E,0x3E,0x00,0x3C,0x1E,0x00,
    0x7C,0x1F,0x00,0x78,0x0F,0x00,0x78,0x0F,0x00,0x78,0x0F,0x00,0x78,0x0F,0x00,0x78,
    0x0F,0x00,0x7C,0x1F,0x00,0x3C,0x1E,0x00,0x3E,0x3E,0x00,0x1F,0xFC,0x00,0x07,0xF0,
    0x00,0x00,0x00,0x00,0x00,0x00,0x00,0x00,0x00,0x00,0x00,0x00,0x00,0x00,0x00,0x00,
    0x00,0xE0,0x00,0x00,0xC0,0x00,0x01,0x80,0x00,0x00,0x00,0x00,0x07,0xF0,0x00,0x1F,
    0xFC,0x00,0x3E,0x3E,0x00,0x3C,0x1E,0x00,0x7C,0x1F,0x00,0x78,0x0F,0x00,0x78,0x0F,
    0x00,0x78,0x0F,0x00,0x78,0x0F,0x00,0x78,0x0F,0x00,0x7C,0x1F,0x00,0x3C,0x1E,0x00,
    0x3E,0x3E,0x00,0x1F,0xFC,0x00,0x07,0xF0,0x00,0x00,0x00,0x00,0x00,0x00,0x00,0x00,
    0x00,0x00,0x00,0x00,0x00,0x00,0x00,0x00,0x03,0xC0,0x00,0x07,0xE0,0x00,0x06,0x70,
    0x00,0x00,0x00,0x00,0x07,0xF0,0x00,0x1F,0xFC,0x00,0x3E,0x3E,0x00,0x3C,0x1E,0x00,
    0x7C,0x1F,0x00,0x78,0x0F,0x00,0x78,0x0F,0x00,0x78,0x0F,0x00,0x78,0x0F,0x00,0x78,
    0x0F,0x00,0x7C,0x1F,0x00,0x3C,0x1E,0x00,0x3E,0x3E,0x00,0x1F,0xFC,0x00,0x07,0xF0,
    0x00,0x00,0x00,0x00,0x00,0x00,0x00,0x00,0x00,0x00,0x00,0x00,0x00,0x00,0x00,0x00,
    0x03,0xB0,0x00,0x07,0xF0,0x00,0x06,0xE0,0x00,0x00,0x00,0x00,0x07,0xF0,0x00,0x1F,
    0xFC,0x00,0x3E,0x3E,0x00,0x3C,0x1E,0x00,0x7C,0x1F,0x00,0x78,0x0F,0x00,0x78,0x0F,
    0x00,0x78,0x0F,0x00,0x78,0x0F,0x00,0x78,0x0F,0x00,0x7C,0x1F,0x00,0x3C,0x1E,0x00,
    0x3E,0x3E,0x00,0x1F,0xFC,0x00,0x07,0xF0,0x00,0x00,0x00,0x00,0x00,0x00,0x00,0x00,
    0x00,0x00,0x00,0x00,0x00,0x00,0x00,0x00,0x07,0x70,0x00,0x07,0x70,0x00,0x00,0x00,
    0x00,0x00,0x00,0x00,0x07,0xF0,0x00,0x1F,0xFC,0x00,0x3E,0x3E,0x00,0x3C,0x1E,0x00,
    0x7C,0x1F,0x00,0x78,0x0F,0x00,0x78,0x0F,0x00,0x78,0x0F,0x00,0x78,0x0F,0x00,0x78,
    0x0F,0x00,0x7C,0x1F,0x00,0x3C,0x1E,0x00,0x3E,0x3E,0x00,0x1F,0xFC,0x00,0x07,0xF0,
    0x00,0x00,0x00,0x00,0x00,0x00,0x00,0x00,0x00,0x00,0x00,0x00,0x00,0x00,0x00,0x00,
    0x00,0x00,0x00,0x00,0x00,0x00,0x00,0x00,0x00,0x00,0x00,0x00,0x00,0x00,0x00,0x00,
    0x00,0x00,0x00,0x00,0x00,0x18,0x08,0x00,0x1C,0x1C,0x00,0x1E,0x3C,0x00,0x0F,0x78,
    0x00,0x07,0xF0,0x00,0x03,0xE0,0x00,0x03,0xE0,0x00,0x07,0xF0,0x00,0x0F,0x78,0x00,
    0x1E,0x3C,0x00,0x1C,0x1C,0x00,0x18,0x08,0x00,0x00,0x00,0x00,0x00,0x00,0x00,0x00,
    0x00,0x00,0x00,0x00,0x00,0x00,0x00,0x00,0x00,0x00,0x00,0x00,0x00,0x00,0x00,0x00,
    0x00,0x00,0x00,0x00,0x07,0xF3,0x00,0x1F,0xFE,0x00,0x1E,0x3E,0x00,0x3C,0x1F,0x00,
    0x7C,0x3F,0x00,0x78,0x7F,0x00,0x78,0xEF,0x00,0x79,0xCF,0x00,0x7B,0x8F,0x00,0x7F,
    0x0F,0x00,0x7E,0x1F,0x00,0x7C,0x1E,0x00,0x3E,0x3C,0x00,0x3F,0xFC,0x00,0x6F,0xF0,
    0x00,0x00,0x00,0x00,0x00,0x00,0x00,0x00,0x00,0x00,0x00,0x00,0x00,0x00,0x00,0x00,
    0x07,0x00,0x03,0x80,0x01,0x80,0x00,0x00,0x3C,0x3E,0x3C,0x3E,0x3C,0x3E,0x3C,0x3E,
    0x3C,0x3E,0x3C,0x3E,0x3C,0x3E,0x3C,0x3E,0x3C,0x3E,0x3C,0x3E,0x3C,0x3E,0x3C,0x3C,
    0x3E,0x7C,0x1F,0xF8,0x07,0xF0,0x00,0x00,0x00,0x00,0x00,0x00,0x00,0x00,0x00,0x00,
    0x00,0xE0,0x01,0xC0,0x01,0x80,0x00,0x00,0x3C,0x3E,0x3C,0x3E,0x3C,0x3E,0x3C,0x3E,
    0x3C,0x3E,0x3C,0x3E,0x3C,0x3E,0x3C,0x3E,0x3C,0x3E,0x3C,0x3E,0x3C,0x3E,0x3C,0x3C,
    0x3E,0x7C,0x1F,0xF8,0x07,0xF0,0x00,0x00,0x00,0x00,0x00,0x00,0x00,0x00,0x00,0x00,
    0x03,0xC0,0x07,0xE0,0x06,0x70,0x00,0x00,0x3C,0x3E,0x3C,0x3E,0x3C,0x3E,0x3C,0x3E,
    0x3C,0x3E,0x3C,0x3E,0x3C,0x3E,0x3C,0x3E,0x3C,0x3E,0x3C,0x3E,0x3C,0x3E,0x3C,0x3C,
    0x3E,0x7C,0x1F,0xF8,0x07,0xF0,0x00,0x00,0x00,0x00,0x00,0x00,0x00,0x00,0x00,0x00,
    0x07,0x60,0x07,0x60,0x00,0x00,0x00,0x00,0x3C,0x3E,0x3C,0x3E,0x3C,0x3E,0x3C,0x3E,
    0x3C,0x3E,0x3C,0x3E,0x3C,0x3E,0x3C,0x3E,0x3C,0x3E,0x3C,0x3E,0x3C,0x3E,0x3C,0x3C,
    0x3E,0x7C,0x1F,0xF8,0x07,0xF0,0x00,0x00,0x00,0x00,0x00,0x00,0x00,0x00,0x00,0x00,
    0x01,0xC0,0x03,0x80,0x03,0x00,0x00,0x00,0xF0,0x3C,0x78,0x7C,0x7C,0x78,0x3C,0xF8,
    0x3E,0xF0,0x1F,0xE0,0x0F,0xE0,0x0F,0xC0,0x07,0x80,0x07,0x80,0x07,0x80,0x07,0x80,
    0x07,0x80,0x07,0x80,0x07,0x80,0x00,0x00,0x00,0x00,0x00,0x00,0x00,0x00,0x00,0x00,
    0x00,0x00,0x00,0x00,0x00,0x00,0x00,0x00,0x3C,0x00,0x3C,0x00,0x3C,0x00,0x3F,0xE0,
    0x3F,0xF8,0x3C,0x78,0x3C,0x7C,0x3C,0x3C,0x3C,0x3C,0x3C,0x3C,0x3C,0x78,0x3F,0xF8,
    0x3F,0xE0,0x3C,0x00,0x3C,0x00,0x00,0x00,0x00,0x00,0x00,0x00,0x00,0x00,0x00,0x00,
    0x00,0x00,0x00,0x00,0x00,0x00,0x00,0x00,0x0F,0xC0,0x3F,0xF0,0x3C,0xF0,0x38,0x70,
    0x79,0xF0,0x7B,0xC0,0x7B,0xC0,0x7B,0xE0,0x79,0xF0,0x78,0xF8,0x78,0x7C,0x78,0x3C,
    0x7A,0x7C,0x7B,0xF8,0x79,0xF0,0x00,0x00,0x00,0x00,0x00,0x00,0x00,0x00,0x00,0x00,
    0x00,0x00,0x00,0x00,0x00,0x00,0x1C,0x00,0x0E,0x00,0x06,0x00,0x03,0x00,0x00,0x00,
    0x3F,0xC0,0x3F,0xE0,0x00,0xF0,0x00,0xF0,0x1F,0xF0,0x7F,0xF0,0x78,0xF0,0x78,0xF0,
    0x79,0xF0,0x7F,0xF0,0x3E,0xF0,0x00,0x00,0x00,0x00,0x00,0x00,0x00,0x00,0x00,0x00,
    0x00,0x00,0x00,0x00,0x00,0x00,0x00,0xE0,0x01,0xC0,0x03,0x80,0x03,0x00,0x00,0x00,
    0x3F,0xC0,0x3F,0xE0,0x00,0xF0,0x00,0xF0,0x1F,0xF0,0x7F,0xF0,0x78,0xF0,0x78,0xF0,
    0x79,0xF0,0x7F,0xF0,0x3E,0xF0,0x00,0x00,0x00,0x00,0x00,0x00,0x00,0x00,0x00,0x00,
    0x00,0x00,0x00,0x00,0x00,0x00,0x07,0x00,0x0F,0x80,0x0D,0xC0,0x18,0xC0,0x00,0x00,
    0x3F,0xC0,0x3F,0xE0,0x00,0xF0,0x00,0xF0,0x1F,0xF0,0x7F,0xF0,0x78,0xF0,0x78,0xF0,
    0x79,0xF0,0x7F,0xF0,0x3E,0xF0,0x00,0x00,0x00,0x00,0x00,0x00,0x00,0x00,0x00,0x00,
    0x00,0x00,0x00,0x00,0x00,0x00,0x0E,0x40,0x0F,0xC0,0x1B,0xC0,0x19,0xC0,0x00,0x00,
    0x3F,0xC0,0x3F,0xE0,0x00,0xF0,0x00,0xF0,0x1F,0xF0,0x7F,0xF0,0x78,0xF0,0x78,0xF0,
    0x79,0xF0,0x7F,0xF0,0x3E,0xF0,0x00,0x00,0x00,0x00,0x00,0x00,0x00,0x00,0x00,0x00,
    0x00,0x00,0x00,0x00,0x00,0x00,0x00,0x00,0x0D,0xC0,0x0D,0xC0,0x00,0x00,0x00,0x00,
    0x3F,0xC0,0x3F,0xE0,0x00,0xF0,0x00,0xF0,0x1F,0xF0,0x7F,0xF0,0x78,0xF0,0x78,0xF0,
    0x79,0xF0,0x7F,0xF0,0x3E,0xF0,0x00,0x00,0x00,0x00,0x00,0x00,0x00,0x00,0x00,0x00,
    0x00,0x00,0x07,0x80,0x0D,0x80,0x0C,0xC0,0x0C,0xC0,0x0D,0x80,0x07,0x80,0x00,0x00,
    0x3F,0xC0,0x3F,0xE0,0x00,0xF0,0x00,0xF0,0x1F,0xF0,0x7F,0xF0,0x78,0xF0,0x78,0xF0,
    0x79,0xF0,0x7F,0xF0,0x3E,0xF0,0x00,0x00,0x00,0x00,0x00,0x00,0x00,0x00,0x00,0x00,
    0x00,0x00,0x00,0x00,0x00,0x00,0x00,0x00,0x00,0x00,0x00,0x00,0x00,0x00,0x00,0x00,
    0x00,0x00,0x00,0x00,0x00,0x00,0x00,0x00,0x3F,0x8F,0x80,0x3F,0xDF,0xE0,0x00,0xF9,
    0xE0,0x00,0xF0,0xF0,0x1F,0xFF,0xF0,0x7F,0xFF,0xF0,0x78,0xF0,0x00,0x78,0xF0,0x00,
    0x79,0xF8,0x70,0x7F,0xBF,0xF0,0x3F,0x1F,0xC0,0x00,0x00,0x00,0x00,0x00,0x00,0x00,
    0x00,0x00,0x00,0x00,0x00,0x00,0x00,0x00,0x00,0x00,0x00,0x00,0x00,0x00,0x00,0x00,
    0x00,0x00,0x00,0x00,0x00,0x00,0x00,0x00,0x0F,0xC0,0x3F,0xE0,0x7C,0x60,0x78,0x00,
    0x78,0x00,0x78,0x00,0x78,0x00,0x78,0x00,0x7C,0x60,0x3F,0xE0,0x0F,0xC0,0x03,0x00,
    0x01,0x80,0x01,0x80,0x0F,0x00,0x00,0x00,0x00,0x00,0x00,0x00,0x00,0x00,0x1C,0x00,
    0x0E,0x00,0x07,0x00,0x03,0x00,0x00,0x00,0x0F,0xC0,0x3F,0xE0,0x7C,0xF0,0x78,0x78,
    0x7F,0xF8,0x7F,0xF8,0x78,0x00,0x78,0x00,0x7C,0x30,0x3F,0xF0,0x0F,0xE0,0x00,0x00,
    0x00,0x00,0x00,0x00,0x00,0x00,0x00,0x00,0x00,0x00,0x00,0x00,0x00,0x00,0x00,0xE0,
    0x01,0xC0,0x01,0x80,0x03,0x00,0x00,0x00,0x0F,0xC0,0x3F,0xE0,0x7C,0xF0,0x78,0x78,
    0x7F,0xF8,0x7F,0xF8,0x78,0x00,0x78,0x00,0x7C,0x30,0x3F,0xF0,0x0F,0xE0,0x00,0x00,
    0x00,0x00,0x00,0x00,0x00,0x00,0x00,0x00,0x00,0x00,0x00,0x00,0x00,0x00,0x07,0x80,
    0x07,0x80,0x0E,0xC0,0x0C,0xE0,0x00,0x00,0x0F,0xC0,0x3F,0xE0,0x7C,0xF0,0x78,0x78,
    0x7F,0xF8,0x7F,0xF8,0x78,0x00,0x78,0x00,0x7C,0x30,0x3F,0xF0,0x0F,0xE0,0x00,0x00,
    0x00,0x00,0x00,0x00,0x00,0x00,0x00,0x00,0x00,0x00,0x00,0x00,0x00,0x00,0x00,0x00,
    0x0E,0xC0,0x0E,0xC0,0x00,0x00,0x00,0x00,0x0F,0xC0,0x3F,0xE0,0x7C,0xF0,0x78,0x78,
    0x7F,0xF8,0x7F,0xF8,0x78,0x00,0x78,0x00,0x7C,0x30,0x3F,0xF0,0x0F,0xE0,0x00,0x00,
    0x00,0x00,0x00,0x00,0x00,0x00,0x00,0x00,0x00,0x00,0x00,0xE0,0x70,0x30,0x18,0x00,
    0x78,0x78,0x78,0x78,0x78,0x78,0x78,0x78,0x78,0x78,0x78,0x00,0x00,0x00,0x00,0x00,
    0x00,0x00,0x00,0x0E,0x0E,0x1C,0x38,0x00,0x78,0x78,0x78,0x78,0x78,0x78,0x78,0x78,
    0x78,0x78,0x78,0x00,0x00,0x00,0x00,0x00,0x00,0x00,0x00,0x38,0x7C,0xEC,0xC6,0x00,
    0x78,0x78,0x78,0x78,0x78,0x78,0x78,0x78,0x78,0x78,0x78,0x00,0x00,0x00,0x00,0x00,
    0x00,0x00,0x00,0x00,0xEE,0xEE,0x00,0x00,0x78,0x78,0x78,0x78,0x78,0x78,0x78,0x78,
    0x78,0x78,0x78,0x00,0x00,0x00,0x00,0x00,0x00,0x00,0x00,0x00,0x00,0x00,0x00,0x00,
    0x0E,0x70,0x0F,0xF0,0x1F,0x80,0x3B,0xC0,0x01,0xE0,0x1F,0xF0,0x3F,0xF0,0x7C,0xF8,
    0x78,0x78,0x78,0x78,0x78,0x78,0x78,0x78,0x7C,0xF0,0x3F,0xF0,0x0F,0xC0,0x00,0x00,
    0x00,0x00,0x00,0x00,0x00,0x00,0x00,0x00,0x00,0x00,0x00,0x00,0x00,0x00,0x06,0x60,
    0x0F,0x60,0x0D,0xE0,0x0C,0xC0,0x00,0x00,0x79,0xE0,0x7F,0xF0,0x7E,0xF8,0x7C,0x78,
    0x78,0x78,0x78,0x78,0x78,0x78,0x78,0x78,0x78,0x78,0x78,0x78,0x78,0x78,0x00,0x00,
    0x00,0x00,0x00,0x00,0x00,0x00,0x00,0x00,0x00,0x00,0x00,0x00,0x00,0x00,0x1C,0x00,
    0x0E,0x00,0x07,0x00,0x03,0x00,0x00,0x00,0x0F,0xC0,0x3F,0xE0,0x7C,0xF0,0x78,0x78,
    0x78,0x78,0x78,0x78,0x78,0x78,0x78,0x78,0x7C,0xF0,0x3F,0xE0,0x0F,0xC0,0x00,0x00,
    0x00,0x00,0x00,0x00,0x00,0x00,0x00,0x00,0x00,0x00,0x00,0x00,0x00,0x00,0x00,0xE0,
    0x01,0xC0,0x03,0x80,0x03,0x00,0x00,0x00,0x0F,0xC0,0x3F,0xE0,0x7C,0xF0,0x78,0x78,
    0x78,0x78,0x78,0x78,0x78,0x78,0x78,0x78,0x7C,0xF0,0x3F,0xE0,0x0F,0xC0,0x00,0x00,
    0x00,0x00,0x00,0x00,0x00,0x00,0x00,0x00,0x00,0x00,0x00,0x00,0x00,0x00,0x07,0x80,
    0x07,0x80,0x0D,0xC0,0x1C,0xC0,0x00,0x00,0x0F,0xC0,0x3F,0xE0,0x7C,0xF0,0x78,0x78,
    0x78,0x78,0x78,0x78,0x78,0x78,0x78,0x78,0x7C,0xF0,0x3F,0xE0,0x0F,0xC0,0x00,0x00,
    0x00,0x00,0x00,0x00,0x00,0x00,0x00,0x00,0x00,0x00,0x00,0x00,0x00,0x00,0x0E,0x40,
    0x0F,0xC0,0x1B,0xC0,0x19,0xC0,0x00,0x00,0x0F,0xC0,0x3F,0xE0,0x7C,0xF0,0x78,0x78,
    0x78,0x78,0x78,0x78,0x78,0x78,0x78,0x78,0x7C,0xF0,0x3F,0xE0,0x0F,0xC0,0x00,0x00,
    0x00,0x00,0x00,0x00,0x00,0x00,0x00,0x00,0x00,0x00,0x00,0x00,0x00,0x00,0x00,0x00,
    0x0D,0xC0,0x0D,0xC0,0x00,0x00,0x00,0x00,0x0F,0xC0,0x3F,0xE0,0x7C,0xF0,0x78,0x78,
    0x78,0x78,0x78,0x78,0x78,0x78,0x78,0x78,0x7C,0xF0,0x3F,0xE0,0x0F,0xC0,0x00,0x00,
    0x00,0x00,0x00,0x00,0x00,0x00,0x00,0x00,0x00,0x00,0x00,0x00,0x00,0x00,0x00,0x00,
    0x00,0x00,0x00,0x00,0x00,0x00,0x00,0x00,0x00,0x00,0x00,0x00,0x00,0x00,0x00,0x00,
    0x01,0xC0,0x00,0x01,0xC0,0x00,0x01,0xC0,0x00,0x00,0x00,0x00,0x3F,0xFE,0x00,0x3F,
    0xFE,0x00,0x00,0x00,0x00,0x01,0xC0,0x00,0x01,0xC0,0x00,0x01,0xC0,0x00,0x00,0x00,
    0x00,0x00,0x00,0x00,0x00,0x00,0x00,0x00,0x00,0x00,0x00,0x00,0x00,0x00,0x00,0x00,
    0x00,0x00,0x00,0x00,0x00,0x00,0x00,0x00,0x00,0x00,0x00,0x00,0x00,0x00,0x00,0x10,
    0x0F,0xF8,0x3F,0xF0,0x3C,0xF0,0x79,0xF8,0x79,0xF8,0x7B,0x78,0x7E,0x78,0x7C,0x78,
    0x7C,0xF0,0x3F,0xE0,0x7F,0xC0,0x40,0x00,0x00,0x00,0x00,0x00,0x00,0x00,0x00,0x00,
    0x00,0x00,0x00,0x00,0x00,0x00,0x0E,0x00,0x0E,0x00,0x07,0x00,0x03,0x80,0x00,0x00,
    0x78,0x78,0x78,0x78,0x78,0x78,0x78,0x78,0x78,0x78,0x78,0x78,0x78,0x78,0x78,0x78,
    0x3C,0xF8,0x3F,0xF8,0x1F,0x78,0x00,0x00,0x00,0x00,0x00,0x00,0x00,0x00,0x00,0x00,
    0x00,0x00,0x00,0x00,0x00,0x00,0x00,0xE0,0x01,0xC0,0x01,0x80,0x03,0x00,0x00,0x00,
    0x78,0x78,0x78,0x78,0x78,0x78,0x78,0x78,0x78,0x78,0x78,0x78,0x78,0x78,0x78,0x78,
    0x3C,0xF8,0x3F,0xF8,0x1F,0x78,0x00,0x00,0x00,0x00,0x00,0x00,0x00,0x00,0x00,0x00,
    0x00,0x00,0x00,0x00,0x00,0x00,0x07,0x80,0x07,0x80,0x0E,0xC0,0x0C,0xE0,0x00,0x00,
    0x78,0x78,0x78,0x78,0x78,0x78,0x78,0x78,0x78,0x78,0x78,0x78,0x78,0x78,0x78,0x78,
    0x3C,0xF8,0x3F,0xF8,0x1F,0x78,0x00,0x00,0x00,0x00,0x00,0x00,0x00,0x00,0x00,0x00,
    0x00,0x00,0x00,0x00,0x00,0x00,0x00,0x00,0x0C,0xC0,0x0C,0xC0,0x00,0x00,0x00,0x00,
    0x78,0x78,0x78,0x78,0x78,0x78,0x78,0x78,0x78,0x78,0x78,0x78,0x78,0x78,0x78,0x78,
    0x3C,0xF8,0x3F,0xF8,0x1F,0x78,0x00,0x00,0x00,0x00,0x00,0x00,0x00,0x00,0x00,0x00,
    0x00,0x00,0x00,0x00,0x00,0x00,0x01,0xC0,0x01,0x80,0x03,0x80,0x07,0x00,0x00,0x00,
    0xF0,0x78,0x78,0xF0,0x78,0xF0,0x38,0xF0,0x3D,0xE0,0x3D,0xE0,0x1F,0xC0,0x1F,0xC0,
    0x0F,0xC0,0x0F,0x80,0x07,0x80,0x07,0x00,0x0F,0x00,0x3E,0x00,0x3C,0x00,0x00,0x00,
    0x00,0x00,0x00,0x00,0x00,0x00,0x00,0x00,0x78,0x00,0x78,0x00,0x78,0x00,0x78,0x00,
    0x79,0xE0,0x7F,0xF0,0x7E,0xF8,0x7C,0x78,0x78,0x3C,0x78,0x3C,0x78,0x3C,0x7C,0x78,
    0x7C,0xF8,0x7F,0xF0,0x79,0xE0,0x78,0x00,0x78,0x00,0x78,0x00,0x78,0x00,0x00,0x00,
    0x00,0x00,0x00,0x00,0x00,0x00,0x00,0x00,0x1D,0xC0,0x1D,0xC0,0x00,0x00,0x00,0x00,
    0xF0,0x78,0x78,0xF0,0x78,0xF0,0x38,0xF0,0x3D,0xE0,0x3D,0xE0,0x1F,0xC0,0x1F,0xC0,
    0x0F,0xC0,0x0F,0x80,0x07,0x80,0x07,0x00,0x0F,0x00,0x3E,0x00,0x3C,0x00,0x00,0x00,
    0x00,0x00,0x00,0x00,0x00,0x00,0x00,0x00,0x00,0x00,0x00,0x00,0x03,0xFF,0xFC,0x0F,
    0xFF,0xFC,0x1F,0x1E,0x00,0x3C,0x1E,0x00,0x7C,0x1E,0x00,0x78,0x1E,0x00,0x78,0x1F,
    0xF8,0x78,0x1F,0xF8,0x78,0x1E,0x00,0x78,0x1E,0x00,0x7C,0x1E,0x00,0x3C,0x1E,0x00,
    0x1F,0x1E,0x00,0x0F,0xFF,0xFC,0x03,0xFF,0xFC,0x00,0x00,0x00,0x00,0x00,0x00,0x00,
    0x00,0x00,0x00,0x00,0x00,0x00,0x00,0x00,0x00,0x00,0x00,0x00,0x00,0x00,0x00,0x00,
    0x00,0x00,0x00,0x00,0x00,0x00,0x00,0x00,0x00,0x00,0x00,0x00,0x00,0x00,0x00,0x00,
    0x0F,0xCF,0xC0,0x3F,0xFF,0xF0,0x7C,0xFC,0xF0,0x78,0x78,0x78,0x78,0x7F,0xF8,0x78,
    0x7F,0xF8,0x78,0x78,0x00,0x78,0x78,0x00,0x7C,0xFC,0x38,0x3F,0xFF,0xF8,0x0F,0xCF,
    0xE0,0x00,0x00,0x00,0x00,0x00,0x00,0x00,0x00,0x00,0x00,0x00,0x00,0x00,0x00,0x00,
    0x1C,0xC0,0x0F,0xC0,0x07,0x80,0x00,0x00,0x0F,0xF0,0x3F,0xF0,0x3C,0x70,0x78,0x10,
    0x78,0x00,0x7C,0x00,0x3F,0xC0,0x3F,0xF0,0x0F,0xF8,0x01,0xF8,0x00,0x78,0x60,0x78,
    0x78,0xF8,0x7F,0xF0,0x3F,0xE0,0x00,0x00,0x00,0x00,0x00,0x00,0x00,0x00,0x00,0x00,
    0x00,0x00,0x00,0x00,0x00,0x00,0x39,0x80,0x1B,0x80,0x0F,0x00,0x0F,0x00,0x00,0x00,
    0x3F,0x80,0x7F,0xC0,0x78,0xC0,0x78,0x00,0x7F,0x80,0x3F,0xC0,0x1F,0xE0,0x01,0xE0,
    0x61,0xE0,0x7F,0xE0,0x3F,0x80,0x00,0x00,0x00,0x00,0x00,0x00,0x00,0x00,0x00,0x00,
    0x0C,0xE0,0x0F,0xC0,0x07,0x80,0x00,0x00,0x7F,0xFC,0x7F,0xFC,0x00,0xF8,0x01,0xF8,
    0x01,0xF0,0x03,0xE0,0x07,0xE0,0x0F,0xC0,0x0F,0x80,0x1F,0x00,0x3F,0x00,0x7E,0x00,
    0x7C,0x00,0x7F,0xFC,0x7F,0xFC,0x00,0x00,0x00,0x00,0x00,0x00,0x00,0x00,0x00,0x00,
    0x00,0x00,0x00,0x00,0x00,0x00,0x31,0x80,0x1B,0x80,0x0F,0x00,0x0F,0x00,0x00,0x00,
    0x7F,0xE0,0x7F,0xE0,0x03,0xE0,0x07,0xC0,0x0F,0x80,0x1F,0x00,0x3E,0x00,0x3C,0x00,
    0x7C,0x00,0x7F,0xE0,0x7F,0xE0,0x00,0x00,0x00,0x00,0x00,0x00,0x00,0x00,0x00,0x00,
    0x0E,0xE0,0x0E,0xE0,0x00,0x00,0x00,0x00,0xF0,0x3C,0x78,0x7C,0x7C,0x78,0x3C,0xF8,
    0x3E,0xF0,0x1F,0xE0,0x0F,0xE0,0x0F,0xC0,0x07,0x80,0x07,0x80,0x07,0x80,0x07,0x80,
    0x07,0x80,0x07,0x80,0x07,0x80,0x00,0x00,0x00,0x00,0x00,0x00,0x00,0x00,0x00,0x00,
    0x00,0x00,0x00,0x00,0x00,0x00,0x00,0x00,0x00,0x00,0x00,0x00,0x00,0x00,0x00,0x00,
    0x00,0x00,0x00,0x00,0x00,0x00,0x00,0x00,0x7F,0x80,0x7F,0x80,0x7F,0x80,0x00,0x00,
    0x00,0x00,0x00,0x00,0x00,0x00,0x00,0x00,0x00,0x00,0x00,0x00,0x00,0x00,0x00,0x00,
    0x00,0x00,0x00,0x00,0x00,0x00,0x00,0x00,0x00,0x00,0x00,0x00,0x00,0x00,0x00,0x00,
    0x00,0x00,0x00,0x00,0x00,0x00,0x00,0x00,0x00,0x00,0x00,0x00,0x00,0x00,0x00,0x00,
    0x00,0x00,0x00,0x00,0x7F,0xFF,0xE0,0x7F,0xFF,0xE0,0x7F,0xFF,0xE0,0x00,0x00,0x00,
    0x00,0x00,0x00,0x00,0x00,0x00,0x00,0x00,0x00,0x00,0x00,0x00,0x00,0x00,0x00,0x00,
    0x00,0x00,0x00,0x00,0x00,0x00,0x00,0x00,0x00,0x00,0x00,0x00,0x0C,0x1C,0x3C,0x3C,
    0x3C,0x3C,0x00,0x00,0x00,0x00,0x00,0x00,0x00,0x00,0x00,0x00,0x00,0x00,0x00,0x00,
    0x00,0x00,0x00,0x00,0x3C,0x3C,0x3C,0x38,0x38,0x70,0x00,0x00,0x00,0x00,0x00,0x00,
    0x00,0x00,0x00,0x00,0x00,0x00,0x00,0x00,0x00,0x00,0x00,0x00,0x00,0x00,0x00,0x00,
    0x0C,0x60,0x1C,0xE0,0x3D,0xE0,0x3D,0xE0,0x3D,0xE0,0x3D,0xE0,0x00,0x00,0x00,0x00,
    0x00,0x00,0x00,0x00,0x00,0x00,0x00,0x00,0x00,0x00,0x00,0x00,0x00,0x00,0x00,0x00,
    0x00,0x00,0x00,0x00,0x00,0x00,0x00,0x00,0x00,0x00,0x00,0x00,0x00,0x00,0x00,0x00,
    0x1C,0xE0,0x1C,0xE0,0x1C,0xE0,0x3D,0xE0,0x39,0xC0,0x31,0x80,0x00,0x00,0x00,0x00,
    0x00,0x00,0x00,0x00,0x00,0x00,0x00,0x00,0x00,0x00,0x00,0x00,0x00,0x00,0x00,0x00,
    0x00,0x00,0x00,0x00,0x00,0x00,0x00,0x00,0x00,0x00,0x00,0x00,0x00,0x00,0x00,0x00,
    0x00,0x00,0x00,0x00,0x00,0x00,0x00,0x00,0x0F,0x00,0x1F,0x80,0x1F,0xC0,0x1F,0xC0,
    0x1F,0xC0,0x1F,0x80,0x0F,0x00,0x00,0x00,0x00,0x00,0x00,0x00,0x00,0x00,0x00,0x00,
    0x00,0x00,0x00,0x00,0x00,0x00,0x00,0x00,0x00,0x00,0x00,0x00,0x00,0x00,0x00,0x00,
    0x00,0x00,0x00,0x00,0x00,0x00,0x00,0x00,0x00,0x00,0x00,0x00,0x00,0x00,0x00,0x00,
    0x00,0x00,0x00,0x00,0x00,0x00,0x00,0x00,0x00,0x00,0x00,0x00,0x00,0x00,0x00,0x00,
    0x00,0x00,0x00,0x00,0x00,0x78,0xF1,0xE0,0x78,0xF1,0xE0,0x78,0xF1,0xE0,0x78,0xF1,
    0xE0,0x00,0x00,0x00,0x00,0x00,0x00,0x00,0x00,0x00,0x00,0x00,0x00,0x00,0x00,0x00,
};
const FontGlyph FONT_24_BOLD_GLYPHS[174] PROGMEM = {
    {7, 0},
    {9, 24},
    {10, 72},
    {17, 120},
    {14, 192},
    {20, 240},
    {17, 312},
    {6, 384},
    {9, 408},
    {9, 456},
    {10, 504},
    {17, 552},
    {8, 624},
    {8, 648},
    {8, 672},
    {7, 696},
    {14, 720},
    {14, 768},
    {14, 816},
    {14, 864},
    {14, 912},
    {14, 960},
    {14, 1008},
    {14, 1056},
    {14, 1104},
    {14, 1152},
    {8, 1200},
    {8, 1224},
    {17, 1248},
    {17, 1320},
    {17, 1392},
    {12, 1464},
    {20, 1512},
    {15, 1584},
    {15, 1632},
    {15, 1680},
    {17, 1728},
    {14, 1800},
    {14, 1848},
    {16, 1896},
    {17, 1944},
    {7, 2016},
    {7, 2040},
    {16, 2064},
    {13, 2112},
    {20, 2160},
    {17, 2232},
    {17, 2304},
    {15, 2376},
    {17, 2424},
    {15, 2496},
    {14, 2544},
    {14, 2592},
    {16, 2640},
    {15, 2688},
    {22, 2736},
    {15, 2808},
    {14, 2856},
    {14, 2904},
    {9, 2952},
    {7, 3000},
    {9, 3024},
    {17, 3072},
    {10, 3144},
    {10, 3192},
    {14, 3240},
    {14, 3288},
    {12, 3336},
    {14, 3384},
    {14, 3432},
    {9, 3480},
    {14, 3528},
    {14, 3576},
    {7, 3624},
    {7, 3648},
    {13, 3672},
    {7, 3720},
    {21, 3744},
    {14, 3816},
    {14, 3864},
    {14, 3912},
    {14, 3960},
    {10, 4008},
    {12, 4056},
    {10, 4104},
    {14, 4152},
    {13, 4200},
    {18, 4248},
    {13, 4320},
    {13, 4368},
    {12, 4416},
    {14, 4464},
    {7, 4512},
    {14, 4536},
    {17, 4584},
    {15, 4656},
    {15, 4704},
    {15, 4752},
    {15, 4800},
    {15, 4848},
    {15, 4896},
    {22, 4944},
    {15, 5016},
    {14, 5064},
    {14, 5112},
    {14, 5160},
    {14, 5208},
    {7, 5256},
    {7, 5280},
    {7, 5304},
    {7, 5328},
    {17, 5352},
    {17, 5424},
    {17, 5496},
    {17, 5568},
    {17, 5640},
    {17, 5712},
    {17, 5784},
    {17, 5856},
    {17, 5928},
    {16, 6000},
    {16, 6048},
    {16, 6096},
    {16, 6144},
    {14, 6192},
    {15, 6240},
    {14, 6288},
    {14, 6336},
    {14, 6384},
    {14, 6432},
    {14, 6480},
    {14, 6528},
    {14, 6576},
    {21, 6624},
    {12, 6696},
    {14, 6744},
    {14, 6792},
    {14, 6840},
    {14, 6888},
    {7, 6936},
    {7, 6960},
    {7, 6984},
    {7, 7008},
    {14, 7032},
    {14, 7080},
    {14, 7128},
    {14, 7176},
    {14, 7224},
    {14, 7272},
    {14, 7320},
    {17, 7368},
    {14, 7440},
    {14, 7488},
    {14, 7536},
    {14, 7584},
    {14, 7632},
    {13, 7680},
    {14, 7728},
    {13, 7776},
    {23, 7824},
    {22, 7896},
    {14, 7968},
    {12, 8016},
    {14, 8064},
    {12, 8112},
    {14, 8160},
    {10, 8208},
    {20, 8256},
    {8, 8328},
    {8, 8352},
    {13, 8376},
    {13, 8424},
    {13, 8472},
    {20, 8520},
};
const UiFont FONT_24_BOLD = {24, FONT_24_BOLD_GLYPHS, FONT_24_BOLD_BITS};

const uint8_t FONT_24_ITAL_BITS[] PROGMEM = {
    0x00,0x00,0x00,0x00,0x00,0x00,0x00,0x00,0x00,0x00,0x00,0x00,0x00,0x00,0x00,0x00,
    0x00,0x00,0x00,0x00,0x00,0x00,0x00,0x00,0x00,0x00,0x00,0x00,0x0C,0x0C,0x0C,0x0C,
    0x1C,0x1C,0x18,0x18,0x18,0x18,0x18,0x00,0x00,0x30,0x30,0x00,0x00,0x00,0x00,0x00,
    0x00,0x00,0x00,0x00,0x00,0x00,0x00,0x00,0x36,0x00,0x36,0x00,0x36,0x00,0x36,0x00,
    0x36,0x00,0x00,0x00,0x00,0x00,0x00,0x00,0x00,0x00,0x00,0x00,0x00,0x00,0x00,0x00,
    0x00,0x00,0x00,0x00,0x00,0x00,0x00,0x00,0x00,0x00,0x00,0x00,0x00,0x00,0x00,0x00,
    0x00,0x00,0x00,0x00,0x00,0x00,0x00,0x00,0x00,0x00,0x00,0x00,0x01,0x98,0x00,0x01,
    0x98,0x00,0x03,0x18,0x00,0x03,0x10,0x00,0x1F,0xFF,0x00,0x3F,0xFE,0x00,0x06,0x30,
    0x00,0x06,0x30,0x00,0x06,0x60,0x00,0x7F,0xFC,0x00,0x7F,0xFC,0x00,0x0C,0x60,0x00,
    0x0C,0xC0,0x00,0x0C,0xC0,0x00,0x08,0xC0,0x00,0x00,0x00,0x00,0x00,0x00,0x00,0x00,
    0x00,0x00,0x00,0x00,0x00,0x00,0x00,0x00,0x00,0x00,0x00,0x00,0x00,0x00,0x00,0x00,
    0x01,0x80,0x01,0x00,0x07,0xE0,0x1F,0xE0,0x3F,0x60,0x33,0x00,0x32,0x00,0x3E,0x00,
    0x1F,0x80,0x07,0xC0,0x06,0xE0,0x04,0xE0,0x65,0xE0,0x7F,0xC0,0x7F,0x00,0x0C,0x00,
    0x08,0x00,0x08,0x00,0x00,0x00,0x00,0x00,0x00,0x00,0x00,0x00,0x00,0x00,0x00,0x00,
    0x00,0x00,0x00,0x00,0x0F,0x03,0x00,0x1B,0x86,0x00,0x31,0x86,0x00,0x31,0x8C,0x00,
    0x31,0x98,0x00,0x31,0xB0,0x00,0x33,0x60,0x00,0x1E,0x6F,0x00,0x00,0xD9,0x80,0x01,
    0xB1,0x80,0x03,0x31,0x80,0x06,0x31,0x80,0x06,0x31,0x80,0x0C,0x3B,0x00,0x18,0x1E,
    0x00,0x00,0x00,0x00,0x00,0x00,0x00,0x00,0x00,0x00,0x00,0x00,0x00,0x00,0x00,0x00,
    0x00,0x00,0x00,0x00,0x00,0x00,0x00,0x00,0x03,0xE0,0x07,0xF0,0x0E,0x30,0x0C,0x00,
    0x0C,0x00,0x0E,0x00,0x0F,0x00,0x3F,0x06,0x33,0x8C,0x61,0xCC,0x60,0xF8,0x60,0x70,
    0x70,0xF0,0x3F,0xF8,0x1F,0x1C,0x00,0x00,0x00,0x00,0x00,0x00,0x00,0x00,0x00,0x00,
    0x00,0x00,0x00,0x00,0x30,0x30,0x30,0x30,0x30,0x00,0x00,0x00,0x00,0x00,0x00,0x00,
    0x00,0x00,0x00,0x00,0x00,0x00,0x00,0x00,0x00,0x00,0x00,0x00,0x03,0x07,0x06,0x0C,
    0x1C,0x18,0x38,0x30,0x30,0x30,0x70,0x70,0x70,0x30,0x30,0x30,0x30,0x18,0x00,0x00,
    0x00,0x00,0x00,0x00,0x30,0x18,0x18,0x1C,0x0C,0x0C,0x0C,0x0C,0x1C,0x1C,0x18,0x18,
    0x30,0x30,0x60,0xE0,0xC0,0x80,0x00,0x00,0x00,0x00,0x00,0x00,0x00,0x00,0x00,0x00,
    0x0C,0x00,0x0C,0x00,0x4C,0x80,0x7F,0x80,0x1E,0x00,0x1E,0x00,0x7F,0x80,0x4C,0x80,
    0x0C,0x00,0x0C,0x00,0x00,0x00,0x00,0x00,0x00,0x00,0x00,0x00,0x00,0x00,0x00,0x00,
    0x00,0x00,0x00,0x00,0x00,0x00,0x00,0x00,0x00,0x00,0x00,0x00,0x00,0x00,0x00,0x00,
    0x00,0x00,0x00,0x00,0x00,0x00,0x00,0x00,0x00,0x00,0x00,0x00,0x00,0x01,0x80,0x00,
    0x01,0x80,0x00,0x01,0x80,0x00,0x01,0x80,0x00,0x01,0x80,0x00,0x3F,0xFE,0x00,0x3F,
    0xFE,0x00,0x01,0x80,0x00,0x01,0x80,0x00,0x01,0x80,0x00,0x01,0x80,0x00,0x01,0x80,
    0x00,0x00,0x00,0x00,0x00,0x00,0x00,0x00,0x00,0x00,0x00,0x00,0x00,0x00,0x00,0x00,
    0x00,0x00,0x00,0x00,0x00,0x00,0x00,0x00,0x00,0x00,0x00,0x00,0x00,0x00,0x00,0x00,
    0x00,0x30,0x70,0x60,0x60,0xC0,0x00,0x00,0x00,0x00,0x00,0x00,0x00,0x00,0x00,0x00,
    0x00,0x00,0x00,0x00,0x00,0x7E,0x7C,0x00,0x00,0x00,0x00,0x00,0x00,0x00,0x00,0x00,
    0x00,0x00,0x00,0x00,0x00,0x00,0x00,0x00,0x00,0x00,0x00,0x00,0x00,0x00,0x00,0x00,
    0x00,0x70,0x70,0x00,0x00,0x00,0x00,0x00,0x00,0x00,0x00,0x00,0x02,0x02,0x06,0x06,
    0x0C,0x0C,0x18,0x18,0x30,0x30,0x60,0x60,0xC0,0xC0,0x80,0x80,0x00,0x00,0x00,0x00,
    0x00,0x00,0x00,0x00,0x00,0x00,0x00,0x00,0x07,0xC0,0x0F,0xE0,0x1C,0x60,0x38,0x70,
    0x30,0x30,0x30,0x30,0x70,0x70,0x60,0x70,0x60,0x60,0x60,0x60,0x60,0xE0,0x60,0xC0,
    0x73,0xC0,0x3F,0x80,0x1F,0x00,0x00,0x00,0x00,0x00,0x00,0x00,0x00,0x00,0x00,0x00,
    0x00,0x00,0x00,0x00,0x00,0x00,0x00,0x00,0x07,0x80,0x1F,0x80,0x1F,0x80,0x03,0x80,
    0x03,0x00,0x03,0x00,0x03,0x00,0x07,0x00,0x07,0x00,0x06,0x00,0x06,0x00,0x06,0x00,
    0x0E,0x00,0x7F,0xC0,0x7F,0xC0,0x00,0x00,0x00,0x00,0x00,0x00,0x00,0x00,0x00,0x00,
    0x00,0x00,0x00,0x00,0x00,0x00,0x00,0x00,0x0F,0xC0,0x1F,0xE0,0x38,0xE0,0x00,0x70,
    0x00,0x70,0x00,0x60,0x00,0xE0,0x01,0xC0,0x03,0x80,0x0E,0x00,0x1C,0x00,0x38,0x00,
    0x70,0x00,0xFF,0xC0,0xFF,0xC0,0x00,0x00,0x00,0x00,0x00,0x00,0x00,0x00,0x00,0x00,
    0x00,0x00,0x00,0x00,0x00,0x00,0x00,0x00,0x0F,0xC0,0x1F,0xE0,0x18,0xF0,0x00,0x70,
    0x00,0x60,0x00,0xE0,0x0F,0xC0,0x0F,0xC0,0x01,0xC0,0x00,0xE0,0x00,0xE0,0x00,0xC0,
    0xC3,0xC0,0xFF,0x80,0x7E,0x00,0x00,0x00,0x00,0x00,0x00,0x00,0x00,0x00,0x00,0x00,
    0x00,0x00,0x00,0x00,0x00,0x00,0x00,0x00,0x00,0xE0,0x01,0xE0,0x03,0xE0,0x03,0xE0,
    0x06,0xC0,0x0C,0xC0,0x18,0xC0,0x30,0xC0,0x31,0xC0,0x61,0x80,0xFF,0xE0,0xFF,0xE0,
    0x01,0x80,0x03,0x80,0x03,0x80,0x00,0x00,0x00,0x00,0x00,0x00,0x00,0x00,0x00,0x00,
    0x00,0x00,0x00,0x00,0x00,0x00,0x00,0x00,0x0F,0xF0,0x1F,0xF0,0x18,0x00,0x18,0x00,
    0x18,0x00,0x1F,0x80,0x3F,0xC0,0x31,0xE0,0x00,0xE0,0x00,0x60,0x00,0xE0,0x00,0xC0,
    0xC3,0xC0,0xFF,0x80,0x7E,0x00,0x00,0x00,0x00,0x00,0x00,0x00,0x00,0x00,0x00,0x00,
    0x00,0x00,0x00,0x00,0x00,0x00,0x00,0x00,0x03,0xE0,0x0F,0xF0,0x0E,0x30,0x1C,0x00,
    0x38,0x00,0x30,0x00,0x37,0xC0,0x7F,0xE0,0x78,0xE0,0x70,0x60,0x70,0x60,0x70,0xE0,
    0x71,0xC0,0x3F,0xC0,0x1F,0x00,0x00,0x00,0x00,0x00,0x00,0x00,0x00,0x00,0x00,0x00,
    0x00,0x00,0x00,0x00,0x00,0x00,0x00,0x00,0x3F,0xF8,0x3F,0xF0,0x00,0x70,0x00,0x60,
    0x00,0xC0,0x01,0xC0,0x01,0x80,0x03,0x80,0x03,0x00,0x06,0x00,0x0E,0x00,0x0C,0x00,
    0x1C,0x00,0x18,0x00,0x38,0x00,0x00,0x00,0x00,0x00,0x00,0x00,0x00,0x00,0x00,0x00,
    0x00,0x00,0x00,0x00,0x00,0x00,0x00,0x00,0x07,0xC0,0x1F,0xE0,0x1C,0x70,0x38,0x30,
    0x38,0x70,0x18,0xE0,0x0F,0xC0,0x1F,0xC0,0x79,0xE0,0x60,0x60,0x60,0x60,0x60,0xE0,
    0x71,0xC0,0x7F,0xC0,0x3F,0x00,0x00,0x00,0x00,0x00,0x00,0x00,0x00,0x00,0x00,0x00,
    0x00,0x00,0x00,0x00,0x00,0x00,0x00,0x00,0x0F,0xC0,0x1F,0xE0,0x3C,0xE0,0x30,0x70,
    0x30,0x70,0x70,0x70,0x39,0xF0,0x3F,0xE0,0x1F,0x60,0x00,0xE0,0x00,0xC0,0x01,0xC0,
    0x63,0x80,0x7F,0x00,0x7E,0x00,0x00,0x00,0x00,0x00,0x00,0x00,0x00,0x00,0x00,0x00,
    0x00,0x00,0x00,0x00,0x00,0x00,0x00,0x00,0x00,0x18,0x18,0x00,0x00,0x00,0x00,0x00,
    0x00,0x70,0x60,0x00,0x00,0x00,0x00,0x00,0x00,0x00,0x00,0x00,0x00,0x00,0x00,0x00,
    0x00,0x18,0x18,0x00,0x00,0x00,0x00,0x00,0x00,0x70,0x70,0x60,0xC0,0xC0,0x00,0x00,
    0x00,0x00,0x00,0x00,0x00,0x00,0x00,0x00,0x00,0x00,0x00,0x00,0x00,0x00,0x00,0x00,
    0x00,0x00,0x00,0x00,0x00,0x00,0x06,0x00,0x00,0x3E,0x00,0x01,0xF8,0x00,0x07,0xE0,
    0x00,0x3F,0x00,0x00,0x3C,0x00,0x00,0x3F,0x00,0x00,0x07,0xE0,0x00,0x01,0xF8,0x00,
    0x00,0x3E,0x00,0x00,0x06,0x00,0x00,0x00,0x00,0x00,0x00,0x00,0x00,0x00,0x00,0x00,
    0x00,0x00,0x00,0x00,0x00,0x00,0x00,0x00,0x00,0x00,0x00,0x00,0x00,0x00,0x00,0x00,
    0x00,0x00,0x00,0x00,0x00,0x00,0x00,0x00,0x00,0x00,0x00,0x00,0x00,0x00,0x00,0x00,
    0x00,0x00,0x00,0x00,0x00,0x00,0x3F,0xFE,0x00,0x3F,0xFE,0x00,0x00,0x00,0x00,0x00,
    0x00,0x00,0x3F,0xFE,0x00,0x3F,0xFE,0x00,0x00,0x00,0x00,0x00,0x00,0x00,0x00,0x00,
    0x00,0x00,0x00,0x00,0x00,0x00,0x00,0x00,0x00,0x00,0x00,0x00,0x00,0x00,0x00,0x00,
    0x00,0x00,0x00,0x00,0x00,0x00,0x00,0x00,0x00,0x00,0x00,0x00,0x00,0x00,0x00,0x00,
    0x00,0x00,0x00,0x00,0x00,0x30,0x00,0x00,0x3E,0x00,0x00,0x1F,0x80,0x00,0x03,0xF0,
    0x00,0x00,0x7C,0x00,0x00,0x1E,0x00,0x00,0x7C,0x00,0x03,0xF0,0x00,0x1F,0x80,0x00,
    0x3E,0x00,0x00,0x30,0x00,0x00,0x00,0x00,0x00,0x00,0x00,0x00,0x00,0x00,0x00,0x00,
    0x00,0x00,0x00,0x00,0x00,0x00,0x00,0x00,0x00,0x00,0x00,0x00,0x00,0x00,0x00,0x00,
    0x0F,0x80,0x1F,0xC0,0x31,0xC0,0x00,0xC0,0x00,0xC0,0x01,0xC0,0x03,0x80,0x07,0x00,
    0x0E,0x00,0x0C,0x00,0x1C,0x00,0x18,0x00,0x00,0x00,0x18,0x00,0x38,0x00,0x00,0x00,
    0x00,0x00,0x00,0x00,0x00,0x00,0x00,0x00,0x00,0x00,0x00,0x00,0x00,0x00,0x00,0x00,
    0x00,0x00,0x00,0x00,0x00,0x00,0x00,0x00,0xFE,0x00,0x03,0xFF,0x80,0x07,0x83,0xC0,
    0x0E,0x00,0xC0,0x1C,0x00,0x60,0x38,0xF6,0x60,0x31,0xFE,0x60,0x63,0x8E,0x60,0x63,
    0x04,0x60,0x63,0x0C,0xC0,0x63,0x1D,0xC0,0x63,0xFF,0x80,0x61,0xEE,0x00,0x30,0x00,
    0x00,0x38,0x04,0x00,0x1E,0x1C,0x00,0x0F,0xF8,0x00,0x07,0xE0,0x00,0x00,0x00,0x00,
    0x00,0x00,0x00,0x00,0x00,0x00,0x00,0x00,0x01,0xC0,0x03,0xC0,0x03,0xC0,0x07,0xC0,
    0x06,0xE0,0x0E,0xE0,0x0C,0x60,0x18,0x60,0x38,0x60,0x30,0x70,0x7F,0xF0,0x7F,0xF0,
    0xE0,0x30,0xC0,0x30,0xC0,0x30,0x00,0x00,0x00,0x00,0x00,0x00,0x00,0x00,0x00,0x00,
    0x00,0x00,0x00,0x00,0x00,0x00,0x00,0x00,0x1F,0xE0,0x1F,0xF0,0x18,0x38,0x18,0x38,
    0x38,0x30,0x30,0x70,0x3F,0xE0,0x3F,0xE0,0x30,0x70,0x70,0x70,0x70,0x70,0x60,0x70,
    0x60,0xE0,0x7F,0xE0,0xFF,0x80,0x00,0x00,0x00,0x00,0x00,0x00,0x00,0x00,0x00,0x00,
    0x00,0x00,0x00,0x00,0x00,0x00,0x00,0x00,0x03,0xF8,0x0F,0xFC,0x1E,0x0C,0x1C,0x00,
    0x38,0x00,0x70,0x00,0x70,0x00,0x60,0x00,0x60,0x00,0x60,0x00,0x60,0x00,0x70,0x00,
    0x78,0x30,0x3F,0xF0,0x0F,0xE0,0x00,0x00,0x00,0x00,0x00,0x00,0x00,0x00,0x00,0x00,
    0x00,0x00,0x00,0x00,0x00,0x00,0x00,0x00,0x1F,0xE0,0x1F,0xF8,0x18,0x3C,0x18,0x1C,
    0x38,0x0C,0x38,0x0E,0x30,0x0E,0x30,0x0C,0x30,0x0C,0x70,0x1C,0x70,0x1C,0x60,0x38,
    0x60,0xF0,0x7F,0xE0,0xFF,0x80,0x00,0x00,0x00,0x00,0x00,0x00,0x00,0x00,0x00,0x00,
    0x00,0x00,0x00,0x00,0x00,0x00,0x00,0x00,0x1F,0xF8,0x1F,0xF8,0x18,0x00,0x18,0x00,
    0x38,0x00,0x30,0x00,0x3F,0xE0,0x3F,0xE0,0x30,0x00,0x70,0x00,0x70,0x00,0x60,0x00,
    0x60,0x00,0x7F,0xC0,0xFF,0xC0,0x00,0x00,0x00,0x00,0x00,0x00,0x00,0x00,0x00,0x00,
    0x00,0x00,0x00,0x00,0x00,0x00,0x00,0x00,0x1F,0xF0,0x1F,0xF0,0x18,0x00,0x18,0x00,
    0x38,0x00,0x30,0x00,0x3F,0xC0,0x3F,0xC0,0x30,0x00,0x70,0x00,0x70,0x00,0x60,0x00,
    0x60,0x00,0x60,0x00,0xE0,0x00,0x00,0x00,0x00,0x00,0x00,0x00,0x00,0x00,0x00,0x00,
    0x00,0x00,0x00,0x00,0x00,0x00,0x00,0x00,0x03,0xF8,0x0F,0xFE,0x1F,0x0C,0x1C,0x00,
    0x38,0x00,0x70,0x00,0x70,0x00,0x60,0xFC,0x60,0xFC,0x60,0x1C,0x60,0x18,0x70,0x18,
    0x38,0x38,0x3F,0xF0,0x0F,0xC0,0x00,0x00,0x00,0x00,0x00,0x00,0x00,0x00,0x00,0x00,
    0x00,0x00,0x00,0x00,0x00,0x00,0x00,0x00,0x18,0x0E,0x18,0x0C,0x18,0x0C,0x18,0x0C,
    0x38,0x1C,0x30,0x1C,0x3F,0xF8,0x3F,0xF8,0x30,0x18,0x70,0x18,0x70,0x38,0x60,0x38,
    0x60,0x30,0x60,0x30,0xE0,0x30,0x00,0x00,0x00,0x00,0x00,0x00,0x00,0x00,0x00,0x00,
    0x00,0x00,0x00,0x00,0x18,0x18,0x18,0x18,0x38,0x38,0x30,0x30,0x30,0x70,0x70,0x60,
    0x60,0x60,0xE0,0x00,0x00,0x00,0x00,0x00,0x00,0x00,0x00,0x00,0x18,0x18,0x18,0x38,
    0x38,0x30,0x30,0x30,0x30,0x70,0x60,0x60,0x60,0x60,0xE0,0xC0,0xC0,0x80,0x00,0x00,
    0x00,0x00,0x00,0x00,0x00,0x00,0x00,0x00,0x18,0x18,0x18,0x38,0x18,0x70,0x19,0xC0,
    0x3B,0x80,0x3F,0x00,0x3E,0x00,0x3C,0x00,0x3E,0x00,0x77,0x00,0x73,0x80,0x61,0x80,
    0x60,0xC0,0x60,0xE0,0xE0,0x70,0x00,0x00,0x00,0x00,0x00,0x00,0x00,0x00,0x00,0x00,
    0x00,0x00,0x00,0x00,0x00,0x00,0x00,0x00,0x18,0x00,0x18,0x00,0x18,0x00,0x18,0x00,
    0x38,0x00,0x30,0x00,0x30,0x00,0x30,0x00,0x30,0x00,0x70,0x00,0x70,0x00,0x60,0x00,
    0x60,0x00,0x7F,0xC0,0xFF,0xC0,0x00,0x00,0x00,0x00,0x00,0x00,0x00,0x00,0x00,0x00,
    0x00,0x00,0x00,0x00,0x00,0x00,0x00,0x00,0x00,0x00,0x00,0x00,0x1E,0x07,0x80,0x1E,
    0x07,0x80,0x1E,0x0F,0x00,0x1E,0x0F,0x00,0x3E,0x1B,0x00,0x36,0x3B,0x00,0x33,0x37,
    0x00,0x33,0x66,0x00,0x33,0x66,0x00,0x73,0xC6,0x00,0x63,0xC6,0x00,0x61,0x8E,0x00,
    0x60,0x0E,0x00,0x60,0x0C,0x00,0xE0,0x0C,0x00,0x00,0x00,0x00,0x00,0x00,0x00,0x00,
    0x00,0x00,0x00,0x00,0x00,0x00,0x00,0x00,0x00,0x00,0x00,0x00,0x00,0x00,0x00,0x00,
    0x1C,0x0E,0x1E,0x0C,0x1E,0x0C,0x1E,0x0C,0x3F,0x1C,0x33,0x1C,0x33,0x18,0x33,0x98,
    0x31,0x98,0x71,0x98,0x71,0xF8,0x60,0xF0,0x60,0xF0,0x60,0xF0,0xE0,0x70,0x00,0x00,
    0x00,0x00,0x00,0x00,0x00,0x00,0x00,0x00,0x00,0x00,0x00,0x00,0x00,0x00,0x00,0x00,
    0x03,0xF0,0x0F,0xF8,0x1E,0x1C,0x1C,0x0E,0x38,0x0E,0x70,0x06,0x70,0x06,0x60,0x0E,
    0x60,0x0E,0x60,0x0C,0x60,0x1C,0x70,0x38,0x78,0xF0,0x3F,0xE0,0x0F,0xC0,0x00,0x00,
    0x00,0x00,0x00,0x00,0x00,0x00,0x00,0x00,0x00,0x00,0x00,0x00,0x00,0x00,0x00,0x00,
    0x1F,0xC0,0x1F,0xF0,0x18,0x70,0x18,0x30,0x38,0x30,0x30,0x70,0x30,0xF0,0x3F,0xE0,
    0x3F,0x80,0x70,0x00,0x70,0x00,0x60,0x00,0x60,0x00,0x60,0x00,0xE0,0x00,0x00,0x00,
    0x00,0x00,0x00,0x00,0x00,0x00,0x00,0x00,0x00,0x00,0x00,0x00,0x00,0x00,0x00,0x00,
    0x03,0xF0,0x0F,0xF8,0x1E,0x1C,0x1C,0x0E,0x38,0x0E,0x70,0x06,0x70,0x06,0x60,0x0E,
    0x60,0x0E,0x60,0x0C,0x60,0x1C,0x70,0x38,0x78,0xF0,0x3F,0xE0,0x0F,0xC0,0x01,0xC0,
    0x00,0xC0,0x00,0xE0,0x00,0x00,0x00,0x00,0x00,0x00,0x00,0x00,0x00,0x00,0x00,0x00,
    0x1F,0xE0,0x1F,0xF0,0x18,0x70,0x18,0x30,0x38,0x70,0x30,0xE0,0x3F,0xC0,0x3F,0xC0,
    0x31,0xC0,0x70,0xE0,0x60,0xE0,0x60,0x60,0x60,0x60,0x60,0x70,0xE0,0x30,0x00,0x00,
    0x00,0x00,0x00,0x00,0x00,0x00,0x00,0x00,0x00,0x00,0x00,0x00,0x00,0x00,0x00,0x00,
    0x07,0xE0,0x1F,0xF0,0x3C,0x30,0x38,0x00,0x30,0x00,0x30,0x00,0x3E,0x00,0x1F,0xC0,
    0x03,0xE0,0x00,0xE0,0x00,0x60,0x00,0xE0,0xE1,0xE0,0xFF,0xC0,0x7F,0x00,0x00,0x00,
    0x00,0x00,0x00,0x00,0x00,0x00,0x00,0x00,0x00,0x00,0x00,0x00,0x00,0x00,0x00,0x00,
    0x7F,0xF0,0x7F,0xF0,0x03,0x00,0x03,0x00,0x07,0x00,0x07,0x00,0x06,0x00,0x06,0x00,
    0x06,0x00,0x0E,0x00,0x0E,0x00,0x0C,0x00,0x0C,0x00,0x0C,0x00,0x1C,0x00,0x00,0x00,
    0x00,0x00,0x00,0x00,0x00,0x00,0x00,0x00,0x00,0x00,0x00,0x00,0x00,0x00,0x00,0x00,
    0x18,0x0C,0x18,0x0C,0x38,0x0C,0x38,0x1C,0x30,0x1C,0x30,0x18,0x30,0x18,0x70,0x18,
    0x70,0x38,0x60,0x38,0x60,0x30,0x70,0x70,0x78,0xE0,0x3F,0xE0,0x1F,0x80,0x00,0x00,
    0x00,0x00,0x00,0x00,0x00,0x00,0x00,0x00,0x00,0x00,0x00,0x00,0x00,0x00,0x00,0x00,
    0x70,0x0C,0x30,0x0C,0x30,0x1C,0x30,0x18,0x30,0x38,0x38,0x70,0x38,0x60,0x18,0xE0,
    0x18,0xC0,0x19,0xC0,0x19,0x80,0x1F,0x80,0x0F,0x00,0x0E,0x00,0x0E,0x00,0x00,0x00,
    0x00,0x00,0x00,0x00,0x00,0x00,0x00,0x00,0x00,0x00,0x00,0x00,0x00,0x00,0x00,0x00,
    0x00,0x00,0x00,0x00,0x30,0x30,0x30,0x30,0x78,0x30,0x30,0x78,0x70,0x30,0xF8,0x60,
    0x30,0xD8,0xE0,0x31,0xD8,0xC0,0x31,0x99,0xC0,0x31,0x99,0x80,0x33,0x19,0x80,0x3B,
    0x1B,0x00,0x3E,0x1B,0x00,0x3E,0x1F,0x00,0x3E,0x1E,0x00,0x1C,0x1E,0x00,0x1C,0x1C,
    0x00,0x00,0x00,0x00,0x00,0x00,0x00,0x00,0x00,0x00,0x00,0x00,0x00,0x00,0x00,0x00,
    0x00,0x00,0x00,0x00,0x00,0x00,0x00,0x00,0x18,0x1C,0x1C,0x38,0x0C,0x70,0x0E,0x60,
    0x06,0xC0,0x07,0xC0,0x03,0x80,0x07,0x00,0x0F,0x80,0x0D,0x80,0x19,0xC0,0x38,0xC0,
    0x70,0xE0,0xE0,0x60,0xC0,0x70,0x00,0x00,0x00,0x00,0x00,0x00,0x00,0x00,0x00,0x00,
    0x00,0x00,0x00,0x00,0x00,0x00,0x00,0x00,0x70,0x10,0x30,0x30,0x38,0x70,0x18,0xE0,
    0x1D,0xC0,0x0F,0x80,0x0F,0x00,0x06,0x00,0x06,0x00,0x0E,0x00,0x0E,0x00,0x0C,0x00,
    0x0C,0x00,0x0C,0x00,0x1C,0x00,0x00,0x00,0x00,0x00,0x00,0x00,0x00,0x00,0x00,0x00,
    0x00,0x00,0x00,0x00,0x00,0x00,0x00,0x00,0x3F,0xFC,0x3F,0xFC,0x00,0x38,0x00,0x70,
    0x00,0xE0,0x01,0xC0,0x01,0x80,0x03,0x00,0x06,0x00,0x0C,0x00,0x18,0x00,0x30,0x00,
    0x60,0x00,0xFF,0xF0,0xFF,0xF0,0x00,0x00,0x00,0x00,0x00,0x00,0x00,0x00,0x00,0x00,
    0x00,0x00,0x00,0x00,0x0F,0x0F,0x0C,0x1C,0x18,0x18,0x18,0x18,0x38,0x30,0x30,0x30,
    0x30,0x70,0x60,0x60,0x78,0x78,0x00,0x00,0x00,0x00,0x00,0x00,0x30,0x30,0x30,0x30,
    0x30,0x30,0x30,0x30,0x18,0x18,0x18,0x18,0x18,0x18,0x18,0x18,0x00,0x00,0x00,0x00,
    0x00,0x00,0x00,0x00,0x3E,0x3E,0x0E,0x0C,0x0C,0x0C,0x0C,0x1C,0x18,0x18,0x18,0x18,
    0x38,0x30,0x30,0x30,0xF0,0xF0,0x00,0x00,0x00,0x00,0x00,0x00,0x00,0x00,0x00,0x00,
    0x00,0x00,0x00,0x00,0x01,0xC0,0x00,0x03,0xE0,0x00,0x06,0x70,0x00,0x1C,0x18,0x00,
    0x38,0x0C,0x00,0x00,0x00,0x00,0x00,0x00,0x00,0x00,0x00,0x00,0x00,0x00,0x00,0x00,
    0x00,0x00,0x00,0x00,0x00,0x00,0x00,0x00,0x00,0x00,0x00,0x00,0x00,0x00,0x00,0x00,
    0x00,0x00,0x00,0x00,0x00,0x00,0x00,0x00,0x00,0x00,0x00,0x00,0x00,0x00,0x00,0x00,
    0x00,0x00,0x00,0x00,0x00,0x00,0x00,0x00,0x00,0x00,0x00,0x00,0x00,0x00,0x00,0x00,
    0x00,0x00,0x00,0x00,0x00,0x00,0x00,0x00,0x00,0x00,0x00,0x00,0x00,0x00,0x00,0x00,
    0x00,0x00,0x00,0x00,0x00,0x00,0x00,0x00,0x00,0x00,0x00,0x00,0xFF,0xC0,0xFF,0xC0,
    0x00,0x00,0x00,0x00,0x00,0x00,0x0C,0x00,0x06,0x00,0x06,0x00,0x03,0x00,0x00,0x00,
    0x00,0x00,0x00,0x00,0x00,0x00,0x00,0x00,0x00,0x00,0x00,0x00,0x00,0x00,0x00,0x00,
    0x00,0x00,0x00,0x00,0x00,0x00,0x00,0x00,0x00,0x00,0x00,0x00,0x00,0x00,0x00,0x00,
    0x00,0x00,0x00,0x00,0x00,0x00,0x00,0x00,0x00,0x00,0x00,0x00,0x00,0x00,0x00,0x00,
    0x0F,0xC0,0x1F,0xE0,0x18,0xE0,0x00,0x60,0x1F,0xE0,0x3F,0xE0,0x70,0xE0,0x60,0xC0,
    0x63,0xC0,0x7F,0xC0,0x3C,0xC0,0x00,0x00,0x00,0x00,0x00,0x00,0x00,0x00,0x00,0x00,
    0x00,0x00,0x00,0x00,0x00,0x00,0x00,0x00,0x1C,0x00,0x18,0x00,0x18,0x00,0x18,0x00,
    0x1B,0xC0,0x3F,0xE0,0x3C,0x70,0x38,0x30,0x30,0x30,0x30,0x30,0x70,0x60,0x70,0x60,
    0x79,0xC0,0x7F,0xC0,0x6F,0x00,0x00,0x00,0x00,0x00,0x00,0x00,0x00,0x00,0x00,0x00,
    0x00,0x00,0x00,0x00,0x00,0x00,0x00,0x00,0x00,0x00,0x00,0x00,0x00,0x00,0x00,0x00,
    0x07,0xC0,0x1F,0xE0,0x3C,0x60,0x30,0x00,0x70,0x00,0x60,0x00,0x60,0x00,0x60,0x00,
    0x71,0x80,0x3F,0x80,0x1F,0x00,0x00,0x00,0x00,0x00,0x00,0x00,0x00,0x00,0x00,0x00,
    0x00,0x00,0x00,0x00,0x00,0x00,0x00,0x00,0x00,0x18,0x00,0x18,0x00,0x30,0x00,0x30,
    0x0F,0xB0,0x1F,0xF0,0x38,0xF0,0x30,0x60,0x60,0x60,0x60,0x60,0x60,0x60,0x60,0xE0,
    0x71,0xE0,0x7F,0xC0,0x3E,0xC0,0x00,0x00,0x00,0x00,0x00,0x00,0x00,0x00,0x00,0x00,
    0x00,0x00,0x00,0x00,0x00,0x00,0x00,0x00,0x00,0x00,0x00,0x00,0x00,0x00,0x00,0x00,
    0x0F,0xC0,0x1F,0xE0,0x38,0x60,0x30,0x70,0x7F,0xF0,0x7F,0xE0,0x60,0x00,0x60,0x00,
    0x70,0xC0,0x3F,0xC0,0x1F,0x80,0x00,0x00,0x00,0x00,0x00,0x00,0x00,0x00,0x00,0x00,
    0x00,0x00,0x00,0x00,0x06,0x0E,0x0C,0x1C,0x3E,0x7E,0x18,0x18,0x18,0x30,0x30,0x30,
    0x30,0x70,0x60,0x00,0x00,0x00,0x00,0x00,0x00,0x00,0x00,0x00,0x00,0x00,0x00,0x00,
    0x00,0x00,0x00,0x00,0x00,0x00,0x00,0x00,0x0F,0xB0,0x1F,0xF0,0x38,0xF0,0x30,0x60,
    0x60,0x60,0x60,0x60,0x60,0x60,0x60,0xE0,0x71,0xC0,0x7F,0xC0,0x3E,0xC0,0x01,0xC0,
    0x43,0x80,0x7F,0x00,0x7E,0x00,0x00,0x00,0x00,0x00,0x00,0x00,0x00,0x00,0x00,0x00,
    0x1C,0x00,0x18,0x00,0x18,0x00,0x18,0x00,0x1B,0xC0,0x3F,0xE0,0x3C,0x60,0x38,0x60,
    0x30,0x60,0x30,0x60,0x70,0x60,0x60,0x60,0x60,0xE0,0x60,0xC0,0x60,0xC0,0x00,0x00,
    0x00,0x00,0x00,0x00,0x00,0x00,0x00,0x00,0x00,0x00,0x00,0x00,0x1C,0x18,0x00,0x00,
    0x18,0x38,0x30,0x30,0x30,0x30,0x70,0x60,0x60,0x60,0x60,0x00,0x00,0x00,0x00,0x00,
    0x00,0x00,0x00,0x00,0x1C,0x18,0x00,0x00,0x18,0x38,0x30,0x30,0x30,0x30,0x70,0x60,
    0x60,0x60,0x60,0xE0,0xC0,0xC0,0x80,0x00,0x00,0x00,0x00,0x00,0x00,0x00,0x00,0x00,
    0x1C,0x00,0x18,0x00,0x18,0x00,0x18,0x00,0x18,0x70,0x38,0xE0,0x33,0x80,0x37,0x00,
    0x3E,0x00,0x3C,0x00,0x7E,0x00,0x67,0x00,0x63,0x00,0x61,0x80,0x60,0xC0,0x00,0x00,
    0x00,0x00,0x00,0x00,0x00,0x00,0x00,0x00,0x00,0x00,0x00,0x00,0x1C,0x18,0x18,0x18,
    0x18,0x38,0x30,0x30,0x30,0x30,0x70,0x60,0x60,0x60,0x60,0x00,0x00,0x00,0x00,0x00,
    0x00,0x00,0x00,0x00,0x00,0x00,0x00,0x00,0x00,0x00,0x00,0x00,0x00,0x00,0x00,0x00,
    0x00,0x00,0x00,0x00,0x00,0x00,0x00,0x00,0x1B,0xC7,0x80,0x3F,0xEF,0xC0,0x3C,0xF8,
    0xC0,0x38,0x70,0xC0,0x30,0x60,0xC0,0x30,0x60,0xC0,0x70,0x60,0xC0,0x60,0xE1,0xC0,
    0x60,0xC1,0x80,0x60,0xC1,0x80,0x60,0xC1,0x80,0x00,0x00,0x00,0x00,0x00,0x00,0x00,
    0x00,0x00,0x00,0x00,0x00,0x00,0x00,0x00,0x00,0x00,0x00,0x00,0x00,0x00,0x00,0x00,
    0x00,0x00,0x00,0x00,0x00,0x00,0x00,0x00,0x1B,0xC0,0x3F,0xE0,0x3C,0x60,0x38,0x60,
    0x30,0x60,0x30,0x60,0x70,0x60,0x60,0x60,0x60,0xE0,0x60,0xC0,0x60,0xC0,0x00,0x00,
    0x00,0x00,0x00,0x00,0x00,0x00,0x00,0x00,0x00,0x00,0x00,0x00,0x00,0x00,0x00,0x00,
    0x00,0x00,0x00,0x00,0x00,0x00,0x00,0x00,0x0F,0xC0,0x1F,0xE0,0x38,0xE0,0x30,0x60,
    0x60,0x60,0x60,0x60,0x60,0x60,0x60,0xE0,0x71,0xC0,0x3F,0x80,0x1F,0x00,0x00,0x00,
    0x00,0x00,0x00,0x00,0x00,0x00,0x00,0x00,0x00,0x00,0x00,0x00,0x00,0x00,0x00,0x00,
    0x00,0x00,0x00,0x00,0x00,0x00,0x00,0x00,0x1B,0xC0,0x3F,0xE0,0x3C,0x70,0x38,0x30,
    0x30,0x30,0x30,0x30,0x70,0x70,0x70,0x60,0x79,0xE0,0x7F,0xC0,0x6F,0x00,0xE0,0x00,
    0xC0,0x00,0xC0,0x00,0xC0,0x00,0x00,0x00,0x00,0x00,0x00,0x00,0x00,0x00,0x00,0x00,
    0x00,0x00,0x00,0x00,0x00,0x00,0x00,0x00,0x0F,0xB0,0x1F,0xF0,0x38,0xF0,0x30,0x60,
    0x60,0x60,0x60,0x60,0x60,0x60,0x60,0xE0,0x71,0xC0,0x7F,0xC0,0x3E,0xC0,0x00,0xC0,
    0x01,0xC0,0x01,0xC0,0x01,0x80,0x00,0x00,0x00,0x00,0x00,0x00,0x00,0x00,0x00,0x00,
    0x1B,0x3F,0x3C,0x38,0x30,0x30,0x70,0x60,0x60,0x60,0x60,0x00,0x00,0x00,0x00,0x00,
    0x00,0x00,0x00,0x00,0x00,0x00,0x00,0x00,0x00,0x00,0x00,0x00,0x00,0x00,0x00,0x00,
    0x0F,0x80,0x3F,0xC0,0x38,0xC0,0x30,0x00,0x38,0x00,0x1F,0x00,0x03,0x80,0x01,0x80,
    0xC3,0x80,0xFF,0x00,0x7E,0x00,0x00,0x00,0x00,0x00,0x00,0x00,0x00,0x00,0x00,0x00,
    0x00,0x00,0x00,0x00,0x00,0x1C,0x18,0x18,0x7F,0x7F,0x38,0x30,0x30,0x30,0x30,0x70,
    0x70,0x3E,0x3E,0x00,0x00,0x00,0x00,0x00,0x00,0x00,0x00,0x00,0x00,0x00,0x00,0x00,
    0x00,0x00,0x00,0x00,0x00,0x00,0x00,0x00,0x38,0x30,0x30,0x70,0x30,0x60,0x30,0x60,
    0x70,0x60,0x60,0x60,0x60,0xE0,0x60,0xE0,0x73,0xC0,0x7F,0xC0,0x3C,0xC0,0x00,0x00,
    0x00,0x00,0x00,0x00,0x00,0x00,0x00,0x00,0x00,0x00,0x00,0x00,0x00,0x00,0x00,0x00,
    0x00,0x00,0x00,0x00,0x00,0x00,0x00,0x00,0x70,0x30,0x30,0x60,0x30,0x60,0x30,0xC0,
    0x31,0xC0,0x31,0x80,0x3B,0x80,0x1B,0x00,0x1E,0x00,0x1E,0x00,0x1C,0x00,0x00,0x00,
    0x00,0x00,0x00,0x00,0x00,0x00,0x00,0x00,0x00,0x00,0x00,0x00,0x00,0x00,0x00,0x00,
    0x00,0x00,0x00,0x00,0x00,0x00,0x00,0x00,0x30,0xC3,0x31,0xC3,0x31,0xC6,0x33,0x66,
    0x33,0x6E,0x36,0x6C,0x36,0x6C,0x3C,0x78,0x3C,0x78,0x38,0x70,0x38,0x70,0x00,0x00,
    0x00,0x00,0x00,0x00,0x00,0x00,0x00,0x00,0x00,0x00,0x00,0x00,0x00,0x00,0x00,0x00,
    0x00,0x00,0x00,0x00,0x00,0x00,0x00,0x00,0x38,0x70,0x18,0xE0,0x1D,0xC0,0x0F,0x80,
    0x0F,0x00,0x0E,0x00,0x1F,0x00,0x1B,0x00,0x33,0x80,0x61,0x80,0xC0,0xC0,0x00,0x00,
    0x00,0x00,0x00,0x00,0x00,0x00,0x00,0x00,0x00,0x00,0x00,0x00,0x00,0x00,0x00,0x00,
    0x00,0x00,0x00,0x00,0x00,0x00,0x00,0x00,0x70,0x30,0x30,0x60,0x30,0xE0,0x30,0xC0,
    0x31,0x80,0x19,0x80,0x1B,0x00,0x1B,0x00,0x1E,0x00,0x1C,0x00,0x0C,0x00,0x18,0x00,
    0x38,0x00,0xF0,0x00,0xE0,0x00,0x00,0x00,0x00,0x00,0x00,0x00,0x00,0x00,0x00,0x00,
    0x00,0x00,0x00,0x00,0x00,0x00,0x00,0x00,0x3F,0xC0,0x3F,0xC0,0x00,0xC0,0x01,0x80,
    0x02,0x00,0x0C,0x00,0x18,0x00,0x30,0x00,0x60,0x00,0xFF,0x80,0xFF,0x80,0x00,0x00,
    0x00,0x00,0x00,0x00,0x00,0x00,0x00,0x00,0x00,0x00,0x00,0x00,0x00,0x00,0x00,0x00,
    0x00,0xF0,0x01,0xF0,0x01,0x80,0x01,0x80,0x03,0x80,0x03,0x00,0x03,0x00,0x07,0x00,
    0x3E,0x00,0x3C,0x00,0x0E,0x00,0x06,0x00,0x06,0x00,0x0E,0x00,0x0C,0x00,0x0E,0x00,
    0x0F,0x80,0x07,0x80,0x00,0x00,0x00,0x00,0x00,0x00,0x00,0x00,0x30,0x30,0x30,0x30,
    0x30,0x30,0x30,0x30,0x30,0x30,0x30,0x30,0x30,0x30,0x30,0x30,0x30,0x30,0x30,0x30,
    0x00,0x00,0x00,0x00,0x00,0x00,0x00,0x00,0x1E,0x00,0x1F,0x00,0x03,0x00,0x03,0x00,
    0x03,0x00,0x07,0x00,0x06,0x00,0x07,0x00,0x03,0xC0,0x07,0xC0,0x06,0x00,0x0C,0x00,
    0x0C,0x00,0x0C,0x00,0x1C,0x00,0x18,0x00,0xF8,0x00,0xF0,0x00,0x00,0x00,0x00,0x00,
    0x00,0x00,0x00,0x00,0x00,0x00,0x00,0x00,0x00,0x00,0x00,0x00,0x00,0x00,0x00,0x00,
    0x00,0x00,0x00,0x00,0x00,0x00,0x00,0x00,0x00,0x00,0x00,0x00,0x00,0x00,0x00,0x00,
    0x00,0x1F,0x86,0x00,0x3F,0xFE,0x00,0x31,0xF8,0x00,0x00,0x00,0x00,0x00,0x00,0x00,
    0x00,0x00,0x00,0x00,0x00,0x00,0x00,0x00,0x00,0x00,0x00,0x00,0x00,0x00,0x00,0x00,
    0x00,0x00,0x00,0x00,0x00,0x00,0x00,0x00,0x01,0x80,0x01,0x80,0x00,0xC0,0x00,0x00,
    0x01,0xC0,0x03,0xC0,0x03,0xC0,0x07,0xC0,0x06,0xE0,0x0E,0xE0,0x0C,0x60,0x18,0x60,
    0x38,0x60,0x30,0x70,0x7F,0xF0,0x7F,0xF0,0xE0,0x30,0xC0,0x30,0xC0,0x30,0x00,0x00,
    0x00,0x00,0x00,0x00,0x00,0x00,0x00,0x00,0x00,0x60,0x00,0xC0,0x01,0x80,0x00,0x00,
    0x01,0xC0,0x03,0xC0,0x03,0xC0,0x07,0xC0,0x06,0xE0,0x0E,0xE0,0x0C,0x60,0x18,0x60,
    0x38,0x60,0x30,0x70,0x7F,0xF0,0x7F,0xF0,0xE0,0x30,0xC0,0x30,0xC0,0x30,0x00,0x00,
    0x00,0x00,0x00,0x00,0x00,0x00,0x00,0x00,0x01,0xE0,0x01,0xE0,0x03,0x30,0x00,0x00,
    0x01,0xC0,0x03,0xC0,0x03,0xC0,0x07,0xC0,0x06,0xE0,0x0E,0xE0,0x0C,0x60,0x18,0x60,
    0x38,0x60,0x30,0x70,0x7F,0xF0,0x7F,0xF0,0xE0,0x30,0xC0,0x30,0xC0,0x30,0x00,0x00,
    0x00,0x00,0x00,0x00,0x00,0x00,0x00,0x00,0x03,0x90,0x06,0xF0,0x00,0x00,0x00,0x00,
    0x01,0xC0,0x03,0xC0,0x03,0xC0,0x07,0xC0,0x06,0xE0,0x0E,0xE0,0x0C,0x60,0x18,0x60,
    0x38,0x60,0x30,0x70,0x7F,0xF0,0x7F,0xF0,0xE0,0x30,0xC0,0x30,0xC0,0x30,0x00,0x00,
    0x00,0x00,0x00,0x00,0x00,0x00,0x00,0x00,0x03,0x30,0x03,0x70,0x00,0x00,0x00,0x00,
    0x01,0xC0,0x03,0xC0,0x03,0xC0,0x07,0xC0,0x06,0xE0,0x0E,0xE0,0x0C,0x60,0x18,0x60,
    0x38,0x60,0x30,0x70,0x7F,0xF0,0x7F,0xF0,0xE0,0x30,0xC0,0x30,0xC0,0x30,0x00,0x00,
    0x00,0x00,0x00,0x00,0x00,0x00,0x00,0x00,0x01,0xC0,0x03,0x60,0x02,0x20,0x03,0x60,
    0x03,0xE0,0x03,0xC0,0x03,0xC0,0x06,0xC0,0x06,0xE0,0x0C,0xE0,0x1C,0x60,0x18,0x60,
    0x38,0x60,0x30,0x70,0x7F,0xF0,0x7F,0xF0,0xE0,0x30,0xC0,0x30,0xC0,0x30,0x00,0x00,
    0x00,0x00,0x00,0x00,0x00,0x00,0x00,0x00,0x00,0x00,0x00,0x00,0x00,0x00,0x00,0x00,
    0x00,0x00,0x00,0x00,0x00,0xFF,0xE0,0x01,0xFF,0xE0,0x03,0xB0,0x00,0x03,0x30,0x00,
    0x07,0x30,0x00,0x06,0x30,0x00,0x0E,0x7F,0xE0,0x1C,0x7F,0xC0,0x18,0x60,0x00,0x38,
    0x60,0x00,0x3F,0xE0,0x00,0x7F,0xE0,0x00,0xE0,0xC0,0x00,0xC0,0xFF,0xC0,0xC0,0xFF,
    0x80,0x00,0x00,0x00,0x00,0x00,0x00,0x00,0x00,0x00,0x00,0x00,0x00,0x00,0x00,0x00,
    0x00,0x00,0x00,0x00,0x00,0x00,0x00,0x00,0x03,0xF8,0x0F,0xFC,0x1E,0x0C,0x1C,0x00,
    0x38,0x00,0x70,0x00,0x70,0x00,0x60,0x00,0x60,0x00,0x60,0x00,0x60,0x00,0x70,0x00,
    0x78,0x30,0x3F,0xF0,0x0F,0xE0,0x03,0x00,0x03,0x00,0x03,0x00,0x0E,0x00,0x00,0x00,
    0x03,0x00,0x01,0x80,0x01,0x80,0x00,0x00,0x1F,0xF8,0x1F,0xF8,0x18,0x00,0x18,0x00,
    0x38,0x00,0x30,0x00,0x3F,0xE0,0x3F,0xE0,0x30,0x00,0x70,0x00,0x70,0x00,0x60,0x00,
    0x60,0x00,0x7F,0xC0,0xFF,0xC0,0x00,0x00,0x00,0x00,0x00,0x00,0x00,0x00,0x00,0x00,
    0x00,0xE0,0x00,0xC0,0x01,0x80,0x00,0x00,0x1F,0xF8,0x1F,0xF8,0x18,0x00,0x18,0x00,
    0x38,0x00,0x30,0x00,0x3F,0xE0,0x3F,0xE0,0x30,0x00,0x70,0x00,0x70,0x00,0x60,0x00,
    0x60,0x00,0x7F,0xC0,0xFF,0xC0,0x00,0x00,0x00,0x00,0x00,0x00,0x00,0x00,0x00,0x00,
    0x01,0xC0,0x03,0xC0,0x06,0x60,0x00,0x00,0x1F,0xF8,0x1F,0xF8,0x18,0x00,0x18,0x00,
    0x38,0x00,0x30,0x00,0x3F,0xE0,0x3F,0xE0,0x30,0x00,0x70,0x00,0x70,0x00,0x60,0x00,
    0x60,0x00,0x7F,0xC0,0xFF,0xC0,0x00,0x00,0x00,0x00,0x00,0x00,0x00,0x00,0x00,0x00,
    0x07,0x60,0x06,0x60,0x00,0x00,0x00,0x00,0x1F,0xF8,0x1F,0xF8,0x18,0x00,0x18,0x00,
    0x38,0x00,0x30,0x00,0x3F,0xE0,0x3F,0xE0,0x30,0x00,0x70,0x00,0x70,0x00,0x60,0x00,
    0x60,0x00,0x7F,0xC0,0xFF,0xC0,0x00,0x00,0x00,0x00,0x00,0x00,0x00,0x00,0x00,0x00,
    0x18,0x18,0x0C,0x00,0x18,0x18,0x18,0x18,0x38,0x38,0x30,0x30,0x30,0x70,0x70,0x60,
    0x60,0x60,0xE0,0x00,0x00,0x00,0x00,0x00,0x04,0x0C,0x18,0x00,0x18,0x18,0x18,0x18,
    0x38,0x38,0x30,0x30,0x30,0x70,0x70,0x60,0x60,0x60,0xE0,0x00,0x00,0x00,0x00,0x00,
    0x1C,0x3C,0x30,0x00,0x18,0x18,0x18,0x18,0x38,0x38,0x30,0x30,0x30,0x70,0x70,0x60,
    0x60,0x60,0xE0,0x00,0x00,0x00,0x00,0x00,0x30,0x34,0x00,0x00,0x18,0x18,0x18,0x18,
    0x38,0x38,0x30,0x30,0x30,0x70,0x70,0x60,0x60,0x60,0xE0,0x00,0x00,0x00,0x00,0x00,
    0x00,0x00,0x00,0x00,0x00,0x00,0x00,0x00,0x1F,0xE0,0x1F,0xF8,0x18,0x3C,0x18,0x0C,
    0x38,0x0E,0x38,0x0E,0xFF,0x0E,0xFE,0x0E,0x30,0x0C,0x70,0x0C,0x70,0x1C,0x60,0x38,
    0x60,0xF0,0x7F,0xE0,0x7F,0x80,0x00,0x00,0x00,0x00,0x00,0x00,0x00,0x00,0x00,0x00,
    0x01,0xD8,0x02,0x70,0x00,0x00,0x00,0x00,0x1C,0x0E,0x1E,0x0C,0x1E,0x0C,0x1E,0x0C,
    0x3F,0x1C,0x33,0x1C,0x33,0x18,0x33,0x98,0x31,0x98,0x71,0x98,0x71,0xF8,0x60,0xF0,
    0x60,0xF0,0x60,0xF0,0xE0,0x70,0x00,0x00,0x00,0x00,0x00,0x00,0x00,0x00,0x00,0x00,
    0x00,0xC0,0x00,0x60,0x00,0x60,0x00,0x00,0x03,0xF0,0x0F,0xF8,0x1E,0x1C,0x1C,0x0E,
    0x38,0x0E,0x70,0x06,0x70,0x06,0x60,0x0E,0x60,0x0E,0x60,0x0C,0x60,0x1C,0x70,0x38,
    0x78,0xF0,0x3F,0xE0,0x0F,0xC0,0x00,0x00,0x00,0x00,0x00,0x00,0x00,0x00,0x00,0x00,
    0x00,0x38,0x00,0x70,0x00,0x60,0x00,0x00,0x03,0xF0,0x0F,0xF8,0x1E,0x1C,0x1C,0x0E,
    0x38,0x0E,0x70,0x06,0x70,0x06,0x60,0x0E,0x60,0x0E,0x60,0x0C,0x60,0x1C,0x70,0x38,
    0x78,0xF0,0x3F,0xE0,0x0F,0xC0,0x00,0x00,0x00,0x00,0x00,0x00,0x00,0x00,0x00,0x00,
    0x00,0x70,0x00,0xF0,0x01,0x98,0x00,0x00,0x03,0xF0,0x0F,0xF8,0x1E,0x1C,0x1C,0x0E,
    0x38,0x0E,0x70,0x06,0x70,0x06,0x60,0x0E,0x60,0x0E,0x60,0x0C,0x60,0x1C,0x70,0x38,
    0x78,0xF0,0x3F,0xE0,0x0F,0xC0,0x00,0x00,0x00,0x00,0x00,0x00,0x00,0x00,0x00,0x00,
    0x01,0xEC,0x01,0x38,0x00,0x00,0x00,0x00,0x03,0xF0,0x0F,0xF8,0x1E,0x1C,0x1C,0x0E,
    0x38,0x0E,0x70,0x06,0x70,0x06,0x60,0x0E,0x60,0x0E,0x60,0x0C,0x60,0x1C,0x70,0x38,
    0x78,0xF0,0x3F,0xE0,0x0F,0xC0,0x00,0x00,0x00,0x00,0x00,0x00,0x00,0x00,0x00,0x00,
    0x01,0x98,0x01,0x98,0x00,0x00,0x00,0x00,0x03,0xF0,0x0F,0xF8,0x1E,0x1C,0x1C,0x0E,
    0x38,0x0E,0x70,0x06,0x70,0x06,0x60,0x0E,0x60,0x0E,0x60,0x0C,0x60,0x1C,0x70,0x38,
    0x78,0xF0,0x3F,0xE0,0x0F,0xC0,0x00,0x00,0x00,0x00,0x00,0x00,0x00,0x00,0x00,0x00,
    0x00,0x00,0x00,0x00,0x00,0x00,0x00,0x00,0x00,0x00,0x00,0x00,0x00,0x00,0x00,0x00,
    0x00,0x00,0x00,0x00,0x00,0x18,0x0C,0x00,0x1C,0x1C,0x00,0x0E,0x38,0x00,0x07,0x70,
    0x00,0x03,0xE0,0x00,0x01,0xC0,0x00,0x03,0xE0,0x00,0x07,0x70,0x00,0x0E,0x38,0x00,
    0x1C,0x1C,0x00,0x18,0x0C,0x00,0x00,0x00,0x00,0x00,0x00,0x00,0x00,0x00,0x00,0x00,
    0x00,0x00,0x00,0x00,0x00,0x00,0x00,0x00,0x00,0x00,0x00,0x00,0x00,0x00,0x00,0x00,
    0x03,0xF3,0x0F,0xFF,0x1E,0x1E,0x3C,0x1E,0x38,0x3E,0x70,0x66,0x70,0xC6,0x61,0x8E,
    0x67,0x0E,0x6E,0x0C,0x78,0x1C,0x70,0x38,0x78,0xF0,0xDF,0xE0,0x8F,0xC0,0x00,0x00,
    0x00,0x00,0x00,0x00,0x00,0x00,0x00,0x00,0x01,0x80,0x00,0xC0,0x00,0xC0,0x00,0x00,
    0x18,0x0C,0x18,0x0C,0x38,0x0C,0x38,0x1C,0x30,0x1C,0x30,0x18,0x30,0x18,0x70,0x18,
    0x70,0x38,0x60,0x38,0x60,0x30,0x70,0x70,0x78,0xE0,0x3F,0xE0,0x1F,0x80,0x00,0x00,
    0x00,0x00,0x00,0x00,0x00,0x00,0x00,0x00,0x00,0x70,0x00,0x60,0x00,0xC0,0x00,0x00,
    0x18,0x0C,0x18,0x0C,0x38,0x0C,0x38,0x1C,0x30,0x1C,0x30,0x18,0x30,0x18,0x70,0x18,
    0x70,0x38,0x60,0x38,0x60,0x30,0x70,0x70,0x78,0xE0,0x3F,0xE0,0x1F,0x80,0x00,0x00,
    0x00,0x00,0x00,0x00,0x00,0x00,0x00,0x00,0x00,0xE0,0x01,0xE0,0x03,0x30,0x00,0x00,
    0x18,0x0C,0x18,0x0C,0x38,0x0C,0x38,0x1C,0x30,0x1C,0x30,0x18,0x30,0x18,0x70,0x18,
    0x70,0x38,0x60,0x38,0x60,0x30,0x70,0x70,0x78,0xE0,0x3F,0xE0,0x1F,0x80,0x00,0x00,
    0x00,0x00,0x00,0x00,0x00,0x00,0x00,0x00,0x03,0x30,0x03,0x30,0x00,0x00,0x00,0x00,
    0x18,0x0C,0x18,0x0C,0x38,0x0C,0x38,0x1C,0x30,0x1C,0x30,0x18,0x30,0x18,0x70,0x18,
    0x70,0x38,0x60,0x38,0x60,0x30,0x70,0x70,0x78,0xE0,0x3F,0xE0,0x1F,0x80,0x00,0x00,
    0x00,0x00,0x00,0x00,0x00,0x00,0x00,0x00,0x00,0xE0,0x01,0xC0,0x03,0x80,0x00,0x00,
    0x70,0x10,0x30,0x30,0x38,0x70,0x18,0xE0,0x1D,0xC0,0x0F,0x80,0x0F,0x00,0x06,0x00,
    0x06,0x00,0x0E,0x00,0x0E,0x00,0x0C,0x00,0x0C,0x00,0x0C,0x00,0x1C,0x00,0x00,0x00,
    0x00,0x00,0x00,0x00,0x00,0x00,0x00,0x00,0x00,0x00,0x00,0x00,0x00,0x00,0x00,0x00,
    0x18,0x00,0x18,0x00,0x18,0x00,0x1F,0xC0,0x3F,0xE0,0x38,0xF0,0x30,0x70,0x30,0x70,
    0x30,0x60,0x70,0xE0,0x7F,0xC0,0x7F,0x80,0x60,0x00,0x60,0x00,0xE0,0x00,0x00,0x00,
    0x00,0x00,0x00,0x00,0x00,0x00,0x00,0x00,0x00,0x00,0x00,0x00,0x00,0x00,0x00,0x00,
    0x07,0xC0,0x0F,0xE0,0x0C,0x70,0x18,0x30,0x18,0xF0,0x19,0x80,0x3B,0x00,0x33,0x80,
    0x31,0xC0,0x30,0xE0,0x30,0x70,0x70,0x70,0x68,0xE0,0x6F,0xE0,0x6F,0x80,0x00,0x00,
    0x00,0x00,0x00,0x00,0x00,0x00,0x00,0x00,0x00,0x00,0x00,0x00,0x00,0x00,0x06,0x00,
    0x03,0x00,0x03,0x00,0x01,0x80,0x00,0x00,0x0F,0xC0,0x1F,0xE0,0x18,0xE0,0x00,0x60,
    0x1F,0xE0,0x3F,0xE0,0x70,0xE0,0x60,0xC0,0x63,0xC0,0x7F,0xC0,0x3C,0xC0,0x00,0x00,
    0x00,0x00,0x00,0x00,0x00,0x00,0x00,0x00,0x00,0x00,0x00,0x00,0x00,0x00,0x00,0x60,
    0x00,0xC0,0x01,0x80,0x03,0x00,0x00,0x00,0x0F,0xC0,0x1F,0xE0,0x18,0xE0,0x00,0x60,
    0x1F,0xE0,0x3F,0xE0,0x70,0xE0,0x60,0xC0,0x63,0xC0,0x7F,0xC0,0x3C,0xC0,0x00,0x00,
    0x00,0x00,0x00,0x00,0x00,0x00,0x00,0x00,0x00,0x00,0x00,0x00,0x00,0x00,0x01,0x80,
    0x03,0xC0,0x06,0xC0,0x0C,0x60,0x00,0x00,0x0F,0xC0,0x1F,0xE0,0x18,0xE0,0x00,0x60,
    0x1F,0xE0,0x3F,0xE0,0x70,0xE0,0x60,0xC0,0x63,0xC0,0x7F,0xC0,0x3C,0xC0,0x00,0x00,
    0x00,0x00,0x00,0x00,0x00,0x00,0x00,0x00,0x00,0x00,0x00,0x00,0x00,0x00,0x07,0x20,
    0x05,0xE0,0x0D,0xC0,0x00,0x00,0x00,0x00,0x0F,0xC0,0x1F,0xE0,0x18,0xE0,0x00,0x60,
    0x1F,0xE0,0x3F,0xE0,0x70,0xE0,0x60,0xC0,0x63,0xC0,0x7F,0xC0,0x3C,0xC0,0x00,0x00,
    0x00,0x00,0x00,0x00,0x00,0x00,0x00,0x00,0x00,0x00,0x00,0x00,0x00,0x00,0x00,0x00,
    0x06,0x60,0x06,0xE0,0x00,0x00,0x00,0x00,0x0F,0xC0,0x1F,0xE0,0x18,0xE0,0x00,0x60,
    0x1F,0xE0,0x3F,0xE0,0x70,0xE0,0x60,0xC0,0x63,0xC0,0x7F,0xC0,0x3C,0xC0,0x00,0x00,
    0x00,0x00,0x00,0x00,0x00,0x00,0x00,0x00,0x00,0x00,0x00,0x00,0x03,0xC0,0x06,0x40,
    0x06,0x60,0x06,0x40,0x03,0xC0,0x00,0x00,0x0F,0xC0,0x1F,0xE0,0x18,0xE0,0x00,0x60,
    0x1F,0xE0,0x3F,0xE0,0x70,0xE0,0x60,0xC0,0x63,0xC0,0x7F,0xC0,0x3C,0xC0,0x00,0x00,
    0x00,0x00,0x00,0x00,0x00,0x00,0x00,0x00,0x00,0x00,0x00,0x00,0x00,0x00,0x00,0x00,
    0x00,0x00,0x00,0x00,0x00,0x00,0x00,0x00,0x00,0x00,0x00,0x00,0x00,0x00,0x00,0x00,
    0x0F,0x8F,0x80,0x1F,0xDF,0xC0,0x18,0xF8,0xE0,0x00,0x60,0x60,0x1F,0xFF,0xE0,0x3F,
    0xFF,0xE0,0x70,0xE0,0x00,0x60,0xE0,0x00,0x63,0xF0,0xC0,0x7F,0x7F,0xC0,0x3E,0x1F,
    0x80,0x00,0x00,0x00,0x00,0x00,0x00,0x00,0x00,0x00,0x00,0x00,0x00,0x00,0x00,0x00,
    0x00,0x00,0x00,0x00,0x00,0x00,0x00,0x00,0x00,0x00,0x00,0x00,0x00,0x00,0x00,0x00,
    0x07,0xC0,0x1F,0xE0,0x3C,0x60,0x30,0x00,0x70,0x00,0x60,0x00,0x60,0x00,0x60,0x00,
    0x71,0x80,0x3F,0x80,0x1F,0x00,0x04,0x00,0x06,0x00,0x06,0x00,0x3C,0x00,0x00,0x00,
    0x00,0x00,0x00,0x00,0x00,0x00,0x06,0x00,0x03,0x00,0x03,0x00,0x01,0x80,0x00,0x00,
    0x0F,0xC0,0x1F,0xE0,0x38,0x60,0x30,0x70,0x7F,0xF0,0x7F,0xE0,0x60,0x00,0x60,0x00,
    0x70,0xC0,0x3F,0xC0,0x1F,0x80,0x00,0x00,0x00,0x00,0x00,0x00,0x00,0x00,0x00,0x00,
    0x00,0x00,0x00,0x00,0x00,0x00,0x00,0x60,0x00,0xC0,0x01,0x80,0x03,0x00,0x00,0x00,
    0x0F,0xC0,0x1F,0xE0,0x38,0x60,0x30,0x70,0x7F,0xF0,0x7F,0xE0,0x60,0x00,0x60,0x00,
    0x70,0xC0,0x3F,0xC0,0x1F,0x80,0x00,0x00,0x00,0x00,0x00,0x00,0x00,0x00,0x00,0x00,
    0x00,0x00,0x00,0x00,0x00,0x00,0x01,0x80,0x03,0xC0,0x06,0xC0,0x04,0x60,0x00,0x00,
    0x0F,0xC0,0x1F,0xE0,0x38,0x60,0x30,0x70,0x7F,0xF0,0x7F,0xE0,0x60,0x00,0x60,0x00,
    0x70,0xC0,0x3F,0xC0,0x1F,0x80,0x00,0x00,0x00,0x00,0x00,0x00,0x00,0x00,0x00,0x00,
    0x00,0x00,0x00,0x00,0x00,0x00,0x00,0x00,0x06,0x60,0x06,0xE0,0x00,0x00,0x00,0x00,
    0x0F,0xC0,0x1F,0xE0,0x38,0x60,0x30,0x70,0x7F,0xF0,0x7F,0xE0,0x60,0x00,0x60,0x00,
    0x70,0xC0,0x3F,0xC0,0x1F,0x80,0x00,0x00,0x00,0x00,0x00,0x00,0x00,0x00,0x00,0x00,
    0x00,0x00,0x00,0x70,0x30,0x18,0x18,0x00,0x18,0x38,0x30,0x30,0x30,0x30,0x70,0x60,
    0x60,0x60,0x60,0x00,0x00,0x00,0x00,0x00,0x00,0x00,0x00,0x04,0x0C,0x0C,0x18,0x00,
    0x18,0x38,0x30,0x30,0x30,0x30,0x70,0x60,0x60,0x60,0x60,0x00,0x00,0x00,0x00,0x00,
    0x00,0x00,0x00,0x1C,0x1C,0x34,0x64,0x00,0x18,0x38,0x30,0x30,0x30,0x30,0x70,0x60,
    0x60,0x60,0x60,0x00,0x00,0x00,0x00,0x00,0x00,0x00,0x00,0x00,0x74,0x64,0x00,0x00,
    0x18,0x38,0x30,0x30,0x30,0x30,0x70,0x60,0x60,0x60,0x60,0x00,0x00,0x00,0x00,0x00,
    0x00,0x00,0x00,0x00,0x00,0x00,0x00,0x00,0x07,0x30,0x03,0xE0,0x1F,0x80,0x00,0xC0,
    0x0F,0xE0,0x1F,0xE0,0x3C,0x60,0x30,0x60,0x60,0x60,0x60,0x60,0x60,0x60,0x60,0xE0,
    0x71,0xC0,0x3F,0x80,0x1F,0x00,0x00,0x00,0x00,0x00,0x00,0x00,0x00,0x00,0x00,0x00,
    0x00,0x00,0x00,0x00,0x00,0x00,0x03,0xB0,0x07,0xA0,0x04,0xE0,0x00,0x00,0x00,0x00,
    0x1B,0xC0,0x3F,0xE0,0x3C,0x60,0x38,0x60,0x30,0x60,0x30,0x60,0x70,0x60,0x60,0x60,
    0x60,0xE0,0x60,0xC0,0x60,0xC0,0x00,0x00,0x00,0x00,0x00,0x00,0x00,0x00,0x00,0x00,
    0x00,0x00,0x00,0x00,0x00,0x00,0x06,0x00,0x03,0x00,0x03,0x00,0x01,0x80,0x00,0x00,
    0x0F,0xC0,0x1F,0xE0,0x38,0xE0,0x30,0x60,0x60,0x60,0x60,0x60,0x60,0x60,0x60,0xE0,
    0x71,0xC0,0x3F,0x80,0x1F,0x00,0x00,0x00,0x00,0x00,0x00,0x00,0x00,0x00,0x00,0x00,
    0x00,0x00,0x00,0x00,0x00,0x00,0x00,0x60,0x00,0xC0,0x01,0x80,0x03,0x00,0x00,0x00,
    0x0F,0xC0,0x1F,0xE0,0x38,0xE0,0x30,0x60,0x60,0x60,0x60,0x60,0x60,0x60,0x60,0xE0,
    0x71,0xC0,0x3F,0x80,0x1F,0x00,0x00,0x00,0x00,0x00,0x00,0x00,0x00,0x00,0x00,0x00,
    0x00,0x00,0x00,0x00,0x00,0x00,0x01,0x80,0x03,0xC0,0x06,0xC0,0x04,0x60,0x00,0x00,
    0x0F,0xC0,0x1F,0xE0,0x38,0xE0,0x30,0x60,0x60,0x60,0x60,0x60,0x60,0x60,0x60,0xE0,
    0x71,0xC0,0x3F,0x80,0x1F,0x00,0x00,0x00,0x00,0x00,0x00,0x00,0x00,0x00,0x00,0x00,
    0x00,0x00,0x00,0x00,0x00,0x00,0x07,0x20,0x05,0xE0,0x0D,0xC0,0x00,0x00,0x00,0x00,
    0x0F,0xC0,0x1F,0xE0,0x38,0xE0,0x30,0x60,0x60,0x60,0x60,0x60,0x60,0x60,0x60,0xE0,
    0x71,0xC0,0x3F,0x80,0x1F,0x00,0x00,0x00,0x00,0x00,0x00,0x00,0x00,0x00,0x00,0x00,
    0x00,0x00,0x00,0x00,0x00,0x00,0x00,0x00,0x06,0x60,0x06,0x60,0x00,0x00,0x00,0x00,
    0x0F,0xC0,0x1F,0xE0,0x38,0xE0,0x30,0x60,0x60,0x60,0x60,0x60,0x60,0x60,0x60,0xE0,
    0x71,0xC0,0x3F,0x80,0x1F,0x00,0x00,0x00,0x00,0x00,0x00,0x00,0x00,0x00,0x00,0x00,
    0x00,0x00,0x00,0x00,0x00,0x00,0x00,0x00,0x00,0x00,0x00,0x00,0x00,0x00,0x00,0x00,
    0x00,0x00,0x00,0x00,0x00,0x00,0x00,0x00,0x01,0xC0,0x00,0x01,0xC0,0x00,0x00,0x00,
    0x00,0x00,0x00,0x00,0x3F,0xFE,0x00,0x3F,0xFE,0x00,0x00,0x00,0x00,0x00,0x00,0x00,
    0x01,0xC0,0x00,0x01,0xC0,0x00,0x00,0x00,0x00,0x00,0x00,0x00,0x00,0x00,0x00,0x00,
    0x00,0x00,0x00,0x00,0x00,0x00,0x00,0x00,0x00,0x00,0x00,0x00,0x00,0x00,0x00,0x00,
    0x00,0x00,0x00,0x00,0x00,0x00,0x00,0x00,0x0F,0x90,0x1F,0xF0,0x38,0xE0,0x71,0xE0,
    0x63,0x60,0x66,0x60,0x6C,0x60,0x78,0xE0,0x71,0xC0,0x7F,0x80,0xDF,0x00,0x80,0x00,
    0x00,0x00,0x00,0x00,0x00,0x00,0x00,0x00,0x00,0x00,0x00,0x00,0x00,0x00,0x06,0x00,
    0x03,0x00,0x03,0x00,0x01,0x80,0x00,0x00,0x38,0x30,0x30,0x70,0x30,0x60,0x30,0x60,
    0x70,0x60,0x60,0x60,0x60,0xE0,0x60,0xE0,0x73,0xC0,0x7F,0xC0,0x3C,0xC0,0x00,0x00,
    0x00,0x00,0x00,0x00,0x00,0x00,0x00,0x00,0x00,0x00,0x00,0x00,0x00,0x00,0x00,0x60,
    0x00,0xC0,0x01,0x80,0x03,0x00,0x00,0x00,0x38,0x30,0x30,0x70,0x30,0x60,0x30,0x60,
    0x70,0x60,0x60,0x60,0x60,0xE0,0x60,0xE0,0x73,0xC0,0x7F,0xC0,0x3C,0xC0,0x00,0x00,
    0x00,0x00,0x00,0x00,0x00,0x00,0x00,0x00,0x00,0x00,0x00,0x00,0x00,0x00,0x01,0x80,
    0x03,0xC0,0x06,0xC0,0x04,0x60,0x00,0x00,0x38,0x30,0x30,0x70,0x30,0x60,0x30,0x60,
    0x70,0x60,0x60,0x60,0x60,0xE0,0x60,0xE0,0x73,0xC0,0x7F,0xC0,0x3C,0xC0,0x00,0x00,
    0x00,0x00,0x00,0x00,0x00,0x00,0x00,0x00,0x00,0x00,0x00,0x00,0x00,0x00,0x00,0x00,
    0x06,0x60,0x06,0xE0,0x00,0x00,0x00,0x00,0x38,0x30,0x30,0x70,0x30,0x60,0x30,0x60,
    0x70,0x60,0x60,0x60,0x60,0xE0,0x60,0xE0,0x73,0xC0,0x7F,0xC0,0x3C,0xC0,0x00,0x00,
    0x00,0x00,0x00,0x00,0x00,0x00,0x00,0x00,0x00,0x00,0x00,0x00,0x00,0x00,0x00,0x60,
    0x00,0xC0,0x01,0x80,0x03,0x00,0x00,0x00,0x70,0x30,0x30,0x60,0x30,0xE0,0x30,0xC0,
    0x31,0x80,0x19,0x80,0x1B,0x00,0x1B,0x00,0x1E,0x00,0x1C,0x00,0x0C,0x00,0x18,0x00,
    0x38,0x00,0xF0,0x00,0xE0,0x00,0x00,0x00,0x00,0x00,0x00,0x00,0x00,0x00,0x00,0x00,
    0x1C,0x00,0x18,0x00,0x18,0x00,0x18,0x00,0x1B,0xC0,0x3F,0xE0,0x3C,0x70,0x38,0x30,
    0x30,0x30,0x30,0x30,0x70,0x70,0x70,0x60,0x79,0xE0,0x7F,0xC0,0x6F,0x00,0xE0,0x00,
    0xC0,0x00,0xC0,0x00,0xC0,0x00,0x00,0x00,0x00,0x00,0x00,0x00,0x00,0x00,0x00,0x00,
    0x06,0x60,0x06,0xE0,0x00,0x00,0x00,0x00,0x70,0x30,0x30,0x60,0x30,0xE0,0x30,0xC0,
    0x31,0x80,0x19,0x80,0x1B,0x00,0x1B,0x00,0x1E,0x00,0x1C,0x00,0x0C,0x00,0x18,0x00,
    0x38,0x00,0xF0,0x00,0xE0,0x00,0x00,0x00,0x00,0x00,0x00,0x00,0x00,0x00,0x00,0x00,
    0x00,0x00,0x00,0x00,0x01,0xFF,0xF8,0x07,0xFF,0xF8,0x0F,0x0C,0x00,0x1C,0x1C,0x00,
    0x38,0x18,0x00,0x30,0x18,0x00,0x70,0x1F,0xF0,0x60,0x1F,0xF0,0x60,0x38,0x00,0x60,
    0x38,0x00,0x60,0x30,0x00,0x70,0x30,0x00,0x3C,0x30,0x00,0x3F,0xFF,0xE0,0x0F,0xFF,
    0xE0,0x00,0x00,0x00,0x00,0x00,0x00,0x00,0x00,0x00,0x00,0x00,0x00,0x00,0x00,0x00,
    0x00,0x00,0x00,0x00,0x00,0x00,0x00,0x00,0x00,0x00,0x00,0x00,0x00,0x00,0x00,0x00,
    0x00,0x00,0x00,0x00,0x00,0x00,0x00,0x00,0x0F,0x87,0xC0,0x1F,0xCF,0xE0,0x38,0xFC,
    0x70,0x30,0x70,0x30,0x60,0x7F,0xF0,0x60,0x7F,0xF0,0x60,0x60,0x00,0x60,0xE0,0x00,
    0x71,0xF0,0x40,0x3F,0xBF,0xC0,0x1F,0x1F,0x80,0x00,0x00,0x00,0x00,0x00,0x00,0x00,
    0x00,0x00,0x00,0x00,0x00,0x00,0x00,0x00,0x06,0x60,0x03,0xC0,0x01,0xC0,0x00,0x00,
    0x07,0xE0,0x1F,0xF0,0x3C,0x30,0x38,0x00,0x30,0x00,0x30,0x00,0x3E,0x00,0x1F,0xC0,
    0x03,0xE0,0x00,0xE0,0x00,0x60,0x00,0xE0,0xE1,0xE0,0xFF,0xC0,0x7F,0x00,0x00,0x00,
    0x00,0x00,0x00,0x00,0x00,0x00,0x00,0x00,0x00,0x00,0x00,0x00,0x00,0x00,0x0C,0xC0,
    0x06,0x80,0x07,0x80,0x03,0x00,0x00,0x00,0x0F,0x80,0x3F,0xC0,0x38,0xC0,0x30,0x00,
    0x38,0x00,0x1F,0x00,0x03,0x80,0x01,0x80,0xC3,0x80,0xFF,0x00,0x7E,0x00,0x00,0x00,
    0x00,0x00,0x00,0x00,0x00,0x00,0x00,0x00,0x03,0x30,0x03,0xE0,0x01,0xC0,0x00,0x00,
    0x3F,0xFC,0x3F,0xFC,0x00,0x38,0x00,0x70,0x00,0xE0,0x01,0xC0,0x01,0x80,0x03,0x00,
    0x06,0x00,0x0C,0x00,0x18,0x00,0x30,0x00,0x60,0x00,0xFF,0xF0,0xFF,0xF0,0x00,0x00,
    0x00,0x00,0x00,0x00,0x00,0x00,0x00,0x00,0x00,0x00,0x00,0x00,0x00,0x00,0x0C,0xC0,
    0x06,0xC0,0x07,0x80,0x03,0x00,0x00,0x00,0x3F,0xC0,0x3F,0xC0,0x00,0xC0,0x01,0x80,
    0x02,0x00,0x0C,0x00,0x18,0x00,0x30,0x00,0x60,0x00,0xFF,0x80,0xFF,0x80,0x00,0x00,
    0x00,0x00,0x00,0x00,0x00,0x00,0x00,0x00,0x06,0x60,0x06,0x60,0x00,0x00,0x00,0x00,
    0x70,0x10,0x30,0x30,0x38,0x70,0x18,0xE0,0x1D,0xC0,0x0F,0x80,0x0F,0x00,0x06,0x00,
    0x06,0x00,0x0E,0x00,0x0E,0x00,0x0C,0x00,0x0C,0x00,0x0C,0x00,0x1C,0x00,0x00,0x00,
    0x00,0x00,0x00,0x00,0x00,0x00,0x00,0x00,0x00,0x00,0x00,0x00,0x00,0x00,0x00,0x00,
    0x00,0x00,0x00,0x00,0x00,0x00,0x00,0x00,0x00,0x00,0x00,0x00,0x00,0x00,0x00,0x00,
    0x00,0x00,0x7F,0x80,0x7F,0x80,0x00,0x00,0x00,0x00,0x00,0x00,0x00,0x00,0x00,0x00,
    0x00,0x00,0x00,0x00,0x00,0x00,0x00,0x00,0x00,0x00,0x00,0x00,0x00,0x00,0x00,0x00,
    0x00,0x00,0x00,0x00,0x00,0x00,0x00,0x00,0x00,0x00,0x00,0x00,0x00,0x00,0x00,0x00,
    0x00,0x00,0x00,0x00,0x00,0x00,0x00,0x00,0x00,0x00,0x00,0x00,0x00,0x00,0x00,0x7F,
    0xFF,0xE0,0x7F,0xFF,0xE0,0x00,0x00,0x00,0x00,0x00,0x00,0x00,0x00,0x00,0x00,0x00,
    0x00,0x00,0x00,0x00,0x00,0x00,0x00,0x00,0x00,0x00,0x00,0x00,0x00,0x00,0x00,0x00,
    0x00,0x00,0x00,0x00,0x04,0x0C,0x1C,0x18,0x18,0x00,0x00,0x00,0x00,0x00,0x00,0x00,
    0x00,0x00,0x00,0x00,0x00,0x00,0x00,0x00,0x00,0x00,0x00,0x00,0x0C,0x0C,0x0C,0x18,
    0x10,0x00,0x00,0x00,0x00,0x00,0x00,0x00,0x00,0x00,0x00,0x00,0x00,0x00,0x00,0x00,
    0x00,0x00,0x00,0x00,0x00,0x00,0x00,0x00,0x04,0x40,0x0C,0xC0,0x1D,0xC0,0x19,0x80,
    0x19,0x80,0x00,0x00,0x00,0x00,0x00,0x00,0x00,0x00,0x00,0x00,0x00,0x00,0x00,0x00,
    0x00,0x00,0x00,0x00,0x00,0x00,0x00,0x00,0x00,0x00,0x00,0x00,0x00,0x00,0x00,0x00,
    0x00,0x00,0x00,0x00,0x00,0x00,0x00,0x00,0x0E,0xC0,0x0C,0xC0,0x0C,0xC0,0x19,0x80,
    0x11,0x00,0x00,0x00,0x00,0x00,0x00,0x00,0x00,0x00,0x00,0x00,0x00,0x00,0x00,0x00,
    0x00,0x00,0x00,0x00,0x00,0x00,0x00,0x00,0x00,0x00,0x00,0x00,0x00,0x00,0x00,0x00,
    0x00,0x00,0x00,0x00,0x00,0x00,0x00,0x00,0x00,0x00,0x00,0x00,0x00,0x00,0x00,0x00,
    0x0F,0x00,0x1F,0x80,0x1F,0x80,0x1F,0x80,0x1F,0x80,0x0F,0x00,0x00,0x00,0x00,0x00,
    0x00,0x00,0x00,0x00,0x00,0x00,0x00,0x00,0x00,0x00,0x00,0x00,0x00,0x00,0x00,0x00,
    0x00,0x00,0x00,0x00,0x00,0x00,0x00,0x00,0x00,0x00,0x00,0x00,0x00,0x00,0x00,0x00,
    0x00,0x00,0x00,0x00,0x00,0x00,0x00,0x00,0x00,0x00,0x00,0x00,0x00,0x00,0x00,0x00,
    0x00,0x00,0x00,0x00,0x00,0x00,0x00,0x00,0x00,0x00,0x00,0x00,0x00,0x00,0x00,0x00,
    0x00,0x00,0x00,0x70,0xE1,0x80,0x70,0xC1,0x80,0x00,0x00,0x00,0x00,0x00,0x00,0x00,
    0x00,0x00,0x00,0x00,0x00,0x00,0x00,0x00,
};
const FontGlyph FONT_24_ITAL_GLYPHS[174] PROGMEM = {
    {6, 0},
    {8, 24},
    {9, 48},
    {17, 96},
    {13, 168},
    {19, 216},
    {16, 288},
    {6, 336},
    {8, 360},
    {8, 384},
    {10, 408},
    {17, 456},
    {6, 528},
    {7, 552},
    {6, 576},
    {7, 600},
    {13, 624},
    {13, 672},
    {13, 720},
    {13, 768},
    {13, 816},
    {13, 864},
    {13, 912},
    {13, 960},
    {13, 1008},
    {13, 1056},
    {7, 1104},
    {7, 1128},
    {17, 1152},
    {17, 1224},
    {17, 1296},
    {11, 1368},
    {20, 1416},
    {14, 1488},
    {14, 1536},
    {14, 1584},
    {15, 1632},
    {13, 1680},
    {12, 1728},
    {16, 1776},
    {15, 1824},
    {6, 1872},
    {6, 1896},
    {13, 1920},
    {11, 1968},
    {17, 2016},
    {15, 2088},
    {16, 2136},
    {12, 2184},
    {16, 2232},
    {14, 2280},
    {13, 2328},
    {12, 2376},
    {15, 2424},
    {14, 2472},
    {20, 2520},
    {14, 2592},
    {12, 2640},
    {14, 2688},
    {8, 2736},
    {7, 2760},
    {8, 2784},
    {17, 2808},
    {10, 2880},
    {10, 2928},
    {12, 2976},
    {13, 3024},
    {11, 3072},
    {13, 3120},
    {12, 3168},
    {7, 3216},
    {13, 3240},
    {13, 3288},
    {6, 3336},
    {6, 3360},
    {12, 3384},
    {6, 3432},
    {19, 3456},
    {13, 3528},
    {12, 3576},
    {13, 3624},
    {13, 3672},
    {8, 3720},
    {10, 3744},
    {8, 3792},
    {13, 3816},
    {12, 3864},
    {16, 3912},
    {12, 3960},
    {12, 4008},
    {10, 4056},
    {13, 4104},
    {7, 4152},
    {13, 4176},
    {17, 4224},
    {14, 4296},
    {14, 4344},
    {14, 4392},
    {14, 4440},
    {14, 4488},
    {14, 4536},
    {19, 4584},
    {14, 4656},
    {13, 4704},
    {13, 4752},
    {13, 4800},
    {13, 4848},
    {6, 4896},
    {6, 4920},
    {6, 4944},
    {6, 4968},
    {16, 4992},
    {15, 5040},
    {16, 5088},
    {16, 5136},
    {16, 5184},
    {16, 5232},
    {16, 5280},
    {17, 5328},
    {16, 5400},
    {15, 5448},
    {15, 5496},
    {15, 5544},
    {15, 5592},
    {12, 5640},
    {12, 5688},
    {13, 5736},
    {12, 5784},
    {12, 5832},
    {12, 5880},
    {12, 5928},
    {12, 5976},
    {12, 6024},
    {20, 6072},
    {11, 6144},
    {12, 6192},
    {12, 6240},
    {12, 6288},
    {12, 6336},
    {6, 6384},
    {6, 6408},
    {6, 6432},
    {6, 6456},
    {12, 6480},
    {13, 6528},
    {12, 6576},
    {12, 6624},
    {12, 6672},
    {12, 6720},
    {12, 6768},
    {17, 6816},
    {12, 6888},
    {13, 6936},
    {13, 6984},
    {13, 7032},
    {13, 7080},
    {12, 7128},
    {13, 7176},
    {12, 7224},
    {21, 7272},
    {21, 7344},
    {13, 7416},
    {10, 7464},
    {14, 7512},
    {10, 7560},
    {12, 7608},
    {10, 7656},
    {20, 7704},
    {6, 7776},
    {6, 7800},
    {10, 7824},
    {10, 7872},
    {12, 7920},
    {20, 7968},
};
const UiFont FONT_24_ITAL = {24, FONT_24_ITAL_GLYPHS, FONT_24_ITAL_BITS};

const uint8_t FONT_32_REG_BITS[] PROGMEM = {
    0x00,0x00,0x00,0x00,0x00,0x00,0x00,0x00,0x00,0x00,0x00,0x00,0x00,0x00,0x00,0x00,
    0x00,0x00,0x00,0x00,0x00,0x00,0x00,0x00,0x00,0x00,0x00,0x00,0x00,0x00,0x00,0x00,
    0x00,0x00,0x00,0x00,0x00,0x00,0x00,0x00,0x00,0x00,0x00,0x00,0x0E,0x00,0x0E,0x00,
    0x0E,0x00,0x0E,0x00,0x0E,0x00,0x0E,0x00,0x0E,0x00,0x0E,0x00,0x0E,0x00,0x0E,0x00,
    0x0E,0x00,0x0E,0x00,0x0C,0x00,0x00,0x00,0x00,0x00,0x00,0x00,0x0E,0x00,0x0E,0x00,
    0x0E,0x00,0x00,0x00,0x00,0x00,0x00,0x00,0x00,0x00,0x00,0x00,0x00,0x00,0x00,0x00,
    0x00,0x00,0x00,0x00,0x00,0x00,0x00,0x00,0x00,0x00,0x00,0x00,0x39,0xC0,0x39,0xC0,
    0x39,0xC0,0x39,0xC0,0x39,0xC0,0x39,0xC0,0x39,0xC0,0x00,0x00,0x00,0x00,0x00,0x00,
    0x00,0x00,0x00,0x00,0x00,0x00,0x00,0x00,0x00,0x00,0x00,0x00,0x00,0x00,0x00,0x00,
    0x00,0x00,0x00,0x00,0x00,0x00,0x00,0x00,0x00,0x00,0x00,0x00,0x00,0x00,0x00,0x00,
    0x00,0x00,0x00,0x00,0x00,0x00,0x00,0x00,0x00,0x00,0x00,0x00,0x00,0x00,0x00,0x00,
    0x00,0x00,0x00,0x00,0x00,0x00,0x61,0x80,0x00,0x61,0x80,0x00,0xE3,0x80,0x00,0xE3,
    0x00,0x00,0xC3,0x00,0x1F,0xFF,0xF0,0x1F,0xFF,0xF0,0x01,0xC6,0x00,0x01,0x86,0x00,
    0x01,0x8E,0x00,0x03,0x8E,0x00,0x3F,0xFF,0xE0,0x3F,0xFF,0xE0,0x03,0x1C,0x00,0x07,
    0x1C,0x00,0x07,0x18,0x00,0x06,0x18,0x00,0x06,0x38,0x00,0x00,0x00,0x00,0x00,0x00,
    0x00,0x00,0x00,0x00,0x00,0x00,0x00,0x00,0x00,0x00,0x00,0x00,0x00,0x00,0x00,0x00,
    0x00,0x00,0x00,0x00,0x00,0x00,0x00,0x00,0x00,0x00,0x00,0x00,0x00,0x00,0x00,0x01,
    0x80,0x00,0x01,0x80,0x00,0x01,0x80,0x00,0x07,0xF0,0x00,0x1F,0xF8,0x00,0x1D,0x98,
    0x00,0x39,0x80,0x00,0x39,0x80,0x00,0x39,0x80,0x00,0x3D,0x80,0x00,0x1F,0xC0,0x00,
    0x0F,0xF0,0x00,0x03,0xFC,0x00,0x01,0xBC,0x00,0x01,0x8E,0x00,0x01,0x8E,0x00,0x01,
    0x8C,0x00,0x31,0xBC,0x00,0x3F,0xF8,0x00,0x1F,0xF0,0x00,0x01,0x80,0x00,0x01,0x80,
    0x00,0x01,0x80,0x00,0x01,0x80,0x00,0x00,0x00,0x00,0x00,0x00,0x00,0x00,0x00,0x00,
    0x00,0x00,0x00,0x00,0x00,0x00,0x00,0x00,0x00,0x00,0x00,0x00,0x00,0x00,0x00,0x00,
    0x00,0x00,0x00,0x00,0x00,0x00,0x00,0x00,0x1F,0x00,0x60,0x00,0x3F,0x80,0xE0,0x00,
    0x39,0xC0,0xC0,0x00,0x70,0xC1,0x80,0x00,0x70,0xC3,0x80,0x00,0x70,0xC3,0x00,0x00,
    0x70,0xC6,0x00,0x00,0x39,0xCE,0x00,0x00,0x3F,0x8C,0x00,0x00,0x1F,0x1C,0x78,0x00,
    0x00,0x19,0xFC,0x00,0x00,0x31,0xCE,0x00,0x00,0x73,0x86,0x00,0x00,0x63,0x86,0x00,
    0x00,0xC3,0x86,0x00,0x01,0xC3,0x86,0x00,0x01,0x81,0xCE,0x00,0x03,0x81,0xFC,0x00,
    0x03,0x00,0xF8,0x00,0x00,0x00,0x00,0x00,0x00,0x00,0x00,0x00,0x00,0x00,0x00,0x00,
    0x00,0x00,0x00,0x00,0x00,0x00,0x00,0x00,0x00,0x00,0x00,0x00,0x00,0x00,0x00,0x00,
    0x00,0x00,0x00,0x00,0x00,0x00,0x00,0x00,0x00,0x00,0x00,0x00,0x00,0x00,0x00,0x00,
    0x00,0x00,0x03,0xF0,0x00,0x07,0xF8,0x00,0x0F,0x18,0x00,0x0E,0x00,0x00,0x0C,0x00,
    0x00,0x0E,0x00,0x00,0x0E,0x00,0x00,0x07,0x00,0x00,0x0F,0x80,0x00,0x1D,0xC0,0xE0,
    0x38,0xE0,0xC0,0x38,0x70,0xC0,0x30,0x39,0xC0,0x70,0x1F,0x80,0x38,0x0F,0x80,0x38,
    0x07,0x00,0x1E,0x1F,0x80,0x0F,0xFD,0xC0,0x07,0xF0,0xE0,0x00,0x00,0x00,0x00,0x00,
    0x00,0x00,0x00,0x00,0x00,0x00,0x00,0x00,0x00,0x00,0x00,0x00,0x00,0x00,0x00,0x00,
    0x00,0x00,0x00,0x00,0x00,0x00,0x38,0x38,0x38,0x38,0x38,0x38,0x38,0x00,0x00,0x00,
    0x00,0x00,0x00,0x00,0x00,0x00,0x00,0x00,0x00,0x00,0x00,0x00,0x00,0x00,0x00,0x00,
    0x00,0x00,0x00,0x00,0x00,0x00,0x00,0x00,0x00,0x00,0x03,0x00,0x06,0x00,0x0E,0x00,
    0x0E,0x00,0x0C,0x00,0x1C,0x00,0x1C,0x00,0x18,0x00,0x38,0x00,0x38,0x00,0x38,0x00,
    0x38,0x00,0x38,0x00,0x38,0x00,0x38,0x00,0x18,0x00,0x1C,0x00,0x1C,0x00,0x0C,0x00,
    0x0E,0x00,0x0E,0x00,0x06,0x00,0x03,0x00,0x00,0x00,0x00,0x00,0x00,0x00,0x00,0x00,
    0x00,0x00,0x00,0x00,0x00,0x00,0x00,0x00,0x00,0x00,0x38,0x00,0x18,0x00,0x1C,0x00,
    0x0C,0x00,0x0E,0x00,0x0E,0x00,0x06,0x00,0x07,0x00,0x07,0x00,0x07,0x00,0x07,0x00,
    0x07,0x00,0x07,0x00,0x07,0x00,0x07,0x00,0x07,0x00,0x06,0x00,0x0E,0x00,0x0E,0x00,
    0x0C,0x00,0x1C,0x00,0x18,0x00,0x38,0x00,0x00,0x00,0x00,0x00,0x00,0x00,0x00,0x00,
    0x00,0x00,0x00,0x00,0x00,0x00,0x00,0x00,0x00,0x00,0x00,0x00,0x02,0x00,0x02,0x00,
    0x62,0x30,0x72,0x70,0x3F,0xE0,0x0F,0x80,0x0F,0x80,0x3F,0xE0,0x72,0x70,0x62,0x30,
    0x02,0x00,0x02,0x00,0x00,0x00,0x00,0x00,0x00,0x00,0x00,0x00,0x00,0x00,0x00,0x00,
    0x00,0x00,0x00,0x00,0x00,0x00,0x00,0x00,0x00,0x00,0x00,0x00,0x00,0x00,0x00,0x00,
    0x00,0x00,0x00,0x00,0x00,0x00,0x00,0x00,0x00,0x00,0x00,0x00,0x00,0x00,0x00,0x00,
    0x00,0x00,0x00,0x00,0x00,0x00,0x00,0x00,0x00,0x00,0x00,0x00,0x30,0x00,0x00,0x30,
    0x00,0x00,0x30,0x00,0x00,0x30,0x00,0x00,0x30,0x00,0x00,0x30,0x00,0x00,0x30,0x00,
    0x1F,0xFF,0xE0,0x1F,0xFF,0xE0,0x00,0x30,0x00,0x00,0x30,0x00,0x00,0x30,0x00,0x00,
    0x30,0x00,0x00,0x30,0x00,0x00,0x30,0x00,0x00,0x30,0x00,0x00,0x00,0x00,0x00,0x00,
    0x00,0x00,0x00,0x00,0x00,0x00,0x00,0x00,0x00,0x00,0x00,0x00,0x00,0x00,0x00,0x00,
    0x00,0x00,0x00,0x00,0x00,0x00,0x00,0x00,0x00,0x00,0x00,0x00,0x00,0x00,0x00,0x00,
    0x00,0x00,0x00,0x00,0x00,0x00,0x1C,0x1C,0x1C,0x38,0x38,0x30,0x00,0x00,0x00,0x00,
    0x00,0x00,0x00,0x00,0x00,0x00,0x00,0x00,0x00,0x00,0x00,0x00,0x00,0x00,0x00,0x00,
    0x00,0x00,0x00,0x00,0x00,0x00,0x00,0x00,0x00,0x00,0x00,0x00,0x00,0x00,0x00,0x00,
    0x00,0x00,0x7F,0x00,0x7F,0x00,0x00,0x00,0x00,0x00,0x00,0x00,0x00,0x00,0x00,0x00,
    0x00,0x00,0x00,0x00,0x00,0x00,0x00,0x00,0x00,0x00,0x00,0x00,0x00,0x00,0x00,0x00,
    0x00,0x00,0x00,0x00,0x00,0x00,0x00,0x00,0x00,0x00,0x00,0x00,0x00,0x00,0x00,0x00,
    0x00,0x00,0x00,0x00,0x00,0x00,0x1C,0x1C,0x1C,0x00,0x00,0x00,0x00,0x00,0x00,0x00,
    0x00,0x00,0x00,0x00,0x00,0x00,0x00,0x00,0x00,0x00,0x00,0x00,0x03,0x80,0x03,0x00,
    0x03,0x00,0x07,0x00,0x07,0x00,0x06,0x00,0x0E,0x00,0x0E,0x00,0x0C,0x00,0x1C,0x00,
    0x1C,0x00,0x18,0x00,0x38,0x00,0x38,0x00,0x30,0x00,0x30,0x00,0x70,0x00,0x60,0x00,
    0x60,0x00,0xE0,0x00,0xE0,0x00,0x00,0x00,0x00,0x00,0x00,0x00,0x00,0x00,0x00,0x00,
    0x00,0x00,0x00,0x00,0x00,0x00,0x00,0x00,0x00,0x00,0x00,0x00,0x00,0x00,0x00,0x00,
    0x00,0x00,0x07,0xE0,0x00,0x0F,0xF0,0x00,0x1E,0x38,0x00,0x1C,0x1C,0x00,0x38,0x1C,
    0x00,0x38,0x0E,0x00,0x38,0x0E,0x00,0x38,0x0E,0x00,0x38,0x0E,0x00,0x30,0x0E,0x00,
    0x38,0x0E,0x00,0x38,0x0E,0x00,0x38,0x0E,0x00,0x38,0x0E,0x00,0x38,0x1C,0x00,0x1C,
    0x1C,0x00,0x1E,0x38,0x00,0x0F,0xF0,0x00,0x07,0xE0,0x00,0x00,0x00,0x00,0x00,0x00,
    0x00,0x00,0x00,0x00,0x00,0x00,0x00,0x00,0x00,0x00,0x00,0x00,0x00,0x00,0x00,0x00,
    0x00,0x00,0x00,0x00,0x00,0x00,0x00,0x00,0x00,0x00,0x00,0x00,0x00,0x00,0x00,0x00,
    0x00,0x00,0x0F,0xC0,0x00,0x1F,0xC0,0x00,0x1D,0xC0,0x00,0x01,0xC0,0x00,0x01,0xC0,
    0x00,0x01,0xC0,0x00,0x01,0xC0,0x00,0x01,0xC0,0x00,0x01,0xC0,0x00,0x01,0xC0,0x00,
    0x01,0xC0,0x00,0x01,0xC0,0x00,0x01,0xC0,0x00,0x01,0xC0,0x00,0x01,0xC0,0x00,0x01,
    0xC0,0x00,0x01,0xC0,0x00,0x1F,0xFC,0x00,0x1F,0xFC,0x00,0x00,0x00,0x00,0x00,0x00,
    0x00,0x00,0x00,0x00,0x00,0x00,0x00,0x00,0x00,0x00,0x00,0x00,0x00,0x00,0x00,0x00,
    0x00,0x00,0x00,0x00,0x00,0x00,0x00,0x00,0x00,0x00,0x00,0x00,0x00,0x00,0x00,0x00,
    0x00,0x00,0x1F,0xE0,0x00,0x3F,0xF0,0x00,0x3C,0x78,0x00,0x20,0x3C,0x00,0x00,0x1C,
    0x00,0x00,0x1C,0x00,0x00,0x1C,0x00,0x00,0x3C,0x00,0x00,0x38,0x00,0x00,0x70,0x00,
    0x00,0xF0,0x00,0x01,0xE0,0x00,0x03,0xC0,0x00,0x07,0x80,0x00,0x0F,0x00,0x00,0x1E,
    0x00,0x00,0x3C,0x00,0x00,0x3F,0xFC,0x00,0x3F,0xFC,0x00,0x00,0x00,0x00,0x00,0x00,
    0x00,0x00,0x00,0x00,0x00,0x00,0x00,0x00,0x00,0x00,0x00,0x00,0x00,0x00,0x00,0x00,
    0x00,0x00,0x00,0x00,0x00,0x00,0x00,0x00,0x00,0x00,0x00,0x00,0x00,0x00,0x00,0x00,
    0x00,0x00,0x0F,0xE0,0x00,0x3F,0xF8,0x00,0x38,0x7C,0x00,0x00,0x1C,0x00,0x00,0x1C,
    0x00,0x00,0x1C,0x00,0x00,0x1C,0x00,0x00,0x78,0x00,0x07,0xF0,0x00,0x07,0xF0,0x00,
    0x00,0x7C,0x00,0x00,0x1C,0x00,0x00,0x0E,0x00,0x00,0x0E,0x00,0x00,0x0E,0x00,0x00,
    0x1C,0x00,0x30,0x7C,0x00,0x3F,0xF8,0x00,0x1F,0xE0,0x00,0x00,0x00,0x00,0x00,0x00,
    0x00,0x00,0x00,0x00,0x00,0x00,0x00,0x00,0x00,0x00,0x00,0x00,0x00,0x00,0x00,0x00,
    0x00,0x00,0x00,0x00,0x00,0x00,0x00,0x00,0x00,0x00,0x00,0x00,0x00,0x00,0x00,0x00,
    0x00,0x00,0x00,0x78,0x00,0x00,0xF8,0x00,0x01,0xF8,0x00,0x01,0xB8,0x00,0x03,0x38,
    0x00,0x07,0x38,0x00,0x06,0x38,0x00,0x0E,0x38,0x00,0x1C,0x38,0x00,0x18,0x38,0x00,
    0x38,0x38,0x00,0x70,0x38,0x00,0x7F,0xFE,0x00,0x7F,0xFE,0x00,0x00,0x38,0x00,0x00,
    0x38,0x00,0x00,0x38,0x00,0x00,0x38,0x00,0x00,0x38,0x00,0x00,0x00,0x00,0x00,0x00,
    0x00,0x00,0x00,0x00,0x00,0x00,0x00,0x00,0x00,0x00,0x00,0x00,0x00,0x00,0x00,0x00,
    0x00,0x00,0x00,0x00,0x00,0x00,0x00,0x00,0x00,0x00,0x00,0x00,0x00,0x00,0x00,0x00,
    0x00,0x00,0x1F,0xF8,0x00,0x1F,0xF8,0x00,0x18,0x00,0x00,0x18,0x00,0x00,0x18,0x00,
    0x00,0x18,0x00,0x00,0x1F,0xE0,0x00,0x1F,0xF0,0x00,0x18,0x78,0x00,0x00,0x3C,0x00,
    0x00,0x1C,0x00,0x00,0x1C,0x00,0x00,0x1C,0x00,0x00,0x1C,0x00,0x00,0x1C,0x00,0x00,
    0x3C,0x00,0x30,0x78,0x00,0x3F,0xF0,0x00,0x1F,0xE0,0x00,0x00,0x00,0x00,0x00,0x00,
    0x00,0x00,0x00,0x00,0x00,0x00,0x00,0x00,0x00,0x00,0x00,0x00,0x00,0x00,0x00,0x00,
    0x00,0x00,0x00,0x00,0x00,0x00,0x00,0x00,0x00,0x00,0x00,0x00,0x00,0x00,0x00,0x00,
    0x00,0x00,0x03,0xF8,0x00,0x07,0xFC,0x00,0x0F,0x0C,0x00,0x1C,0x00,0x00,0x1C,0x00,
    0x00,0x38,0x00,0x00,0x38,0x00,0x00,0x3B,0xF0,0x00,0x3F,0xF8,0x00,0x3E,0x3C,0x00,
    0x3C,0x1E,0x00,0x38,0x0E,0x00,0x38,0x0E,0x00,0x38,0x0E,0x00,0x38,0x0E,0x00,0x1C,
    0x1E,0x00,0x1E,0x3C,0x00,0x0F,0xF8,0x00,0x03,0xF0,0x00,0x00,0x00,0x00,0x00,0x00,
    0x00,0x00,0x00,0x00,0x00,0x00,0x00,0x00,0x00,0x00,0x00,0x00,0x00,0x00,0x00,0x00,
    0x00,0x00,0x00,0x00,0x00,0x00,0x00,0x00,0x00,0x00,0x00,0x00,0x00,0x00,0x00,0x00,
    0x00,0x00,0x3F,0xFE,0x00,0x3F,0xFC,0x00,0x00,0x1C,0x00,0x00,0x3C,0x00,0x00,0x38,
    0x00,0x00,0x38,0x00,0x00,0x70,0x00,0x00,0x70,0x00,0x00,0x70,0x00,0x00,0xE0,0x00,
    0x00,0xE0,0x00,0x01,0xE0,0x00,0x01,0xC0,0x00,0x01,0xC0,0x00,0x03,0x80,0x00,0x03,
    0x80,0x00,0x03,0x80,0x00,0x07,0x00,0x00,0x07,0x00,0x00,0x00,0x00,0x00,0x00,0x00,
    0x00,0x00,0x00,0x00,0x00,0x00,0x00,0x00,0x00,0x00,0x00,0x00,0x00,0x00,0x00,0x00,
    0x00,0x00,0x00,0x00,0x00,0x00,0x00,0x00,0x00,0x00,0x00,0x00,0x00,0x00,0x00,0x00,
    0x00,0x00,0x07,0xF0,0x00,0x1F,0xF8,0x00,0x1E,0x3C,0x00,0x38,0x1C,0x00,0x38,0x1C,
    0x00,0x38,0x1C,0x00,0x38,0x1C,0x00,0x1E,0x38,0x00,0x0F,0xF0,0x00,0x0F,0xF8,0x00,
    0x1E,0x3C,0x00,0x38,0x1E,0x00,0x38,0x0E,0x00,0x38,0x0E,0x00,0x38,0x0E,0x00,0x38,
    0x1E,0x00,0x3E,0x3C,0x00,0x1F,0xF8,0x00,0x07,0xF0,0x00,0x00,0x00,0x00,0x00,0x00,
    0x00,0x00,0x00,0x00,0x00,0x00,0x00,0x00,0x00,0x00,0x00,0x00,0x00,0x00,0x00,0x00,
    0x00,0x00,0x00,0x00,0x00,0x00,0x00,0x00,0x00,0x00,0x00,0x00,0x00,0x00,0x00,0x00,
    0x00,0x00,0x07,0xE0,0x00,0x1F,0xF0,0x00,0x3C,0x38,0x00,0x38,0x1C,0x00,0x38,0x1C,
    0x00,0x70,0x1C,0x00,0x70,0x1E,0x00,0x38,0x1E,0x00,0x38,0x1E,0x00,0x3C,0x3E,0x00,
    0x1F,0xFE,0x00,0x07,0xCE,0x00,0x00,0x0E,0x00,0x00,0x1C,0x00,0x00,0x1C,0x00,0x00,
    0x38,0x00,0x18,0x78,0x00,0x1F,0xF0,0x00,0x0F,0xC0,0x00,0x00,0x00,0x00,0x00,0x00,
    0x00,0x00,0x00,0x00,0x00,0x00,0x00,0x00,0x00,0x00,0x00,0x00,0x00,0x00,0x00,0x00,
    0x00,0x00,0x00,0x00,0x00,0x00,0x00,0x00,0x00,0x00,0x00,0x00,0x00,0x00,0x00,0x00,
    0x00,0x00,0x00,0x00,0x00,0x00,0x00,0x00,0x1C,0x00,0x1C,0x00,0x1C,0x00,0x00,0x00,
    0x00,0x00,0x00,0x00,0x00,0x00,0x00,0x00,0x00,0x00,0x00,0x00,0x1C,0x00,0x1C,0x00,
    0x1C,0x00,0x00,0x00,0x00,0x00,0x00,0x00,0x00,0x00,0x00,0x00,0x00,0x00,0x00,0x00,
    0x00,0x00,0x00,0x00,0x00,0x00,0x00,0x00,0x00,0x00,0x00,0x00,0x00,0x00,0x00,0x00,
    0x00,0x00,0x00,0x00,0x00,0x00,0x00,0x00,0x1C,0x00,0x1C,0x00,0x1C,0x00,0x00,0x00,
    0x00,0x00,0x00,0x00,0x00,0x00,0x00,0x00,0x00,0x00,0x00,0x00,0x1C,0x00,0x1C,0x00,
    0x1C,0x00,0x38,0x00,0x38,0x00,0x30,0x00,0x00,0x00,0x00,0x00,0x00,0x00,0x00,0x00,
    0x00,0x00,0x00,0x00,0x00,0x00,0x00,0x00,0x00,0x00,0x00,0x00,0x00,0x00,0x00,0x00,
    0x00,0x00,0x00,0x00,0x00,0x00,0x00,0x00,0x00,0x00,0x00,0x00,0x00,0x00,0x00,0x00,
    0x60,0x00,0x03,0xE0,0x00,0x0F,0xE0,0x00,0x7F,0x00,0x03,0xF8,0x00,0x1F,0xE0,0x00,
    0x1F,0x00,0x00,0x1F,0x00,0x00,0x1F,0xE0,0x00,0x03,0xF8,0x00,0x00,0x7F,0x00,0x00,
    0x0F,0xE0,0x00,0x03,0xE0,0x00,0x00,0x60,0x00,0x00,0x00,0x00,0x00,0x00,0x00,0x00,
    0x00,0x00,0x00,0x00,0x00,0x00,0x00,0x00,0x00,0x00,0x00,0x00,0x00,0x00,0x00,0x00,
    0x00,0x00,0x00,0x00,0x00,0x00,0x00,0x00,0x00,0x00,0x00,0x00,0x00,0x00,0x00,0x00,
    0x00,0x00,0x00,0x00,0x00,0x00,0x00,0x00,0x00,0x00,0x00,0x00,0x00,0x00,0x00,0x00,
    0x00,0x00,0x00,0x00,0x00,0x00,0x00,0x1F,0xFF,0xE0,0x1F,0xFF,0xE0,0x00,0x00,0x00,
    0x00,0x00,0x00,0x00,0x00,0x00,0x1F,0xFF,0xE0,0x1F,0xFF,0xE0,0x00,0x00,0x00,0x00,
    0x00,0x00,0x00,0x00,0x00,0x00,0x00,0x00,0x00,0x00,0x00,0x00,0x00,0x00,0x00,0x00,
    0x00,0x00,0x00,0x00,0x00,0x00,0x00,0x00,0x00,0x00,0x00,0x00,0x00,0x00,0x00,0x00,
    0x00,0x00,0x00,0x00,0x00,0x00,0x00,0x00,0x00,0x00,0x00,0x00,0x00,0x00,0x00,0x00,
    0x00,0x00,0x00,0x00,0x00,0x00,0x00,0x00,0x00,0x00,0x00,0x00,0x00,0x00,0x18,0x00,
    0x00,0x1E,0x00,0x00,0x1F,0xC0,0x00,0x07,0xF8,0x00,0x00,0xFF,0x00,0x00,0x1F,0xC0,
    0x00,0x03,0xE0,0x00,0x03,0xE0,0x00,0x1F,0xC0,0x00,0xFF,0x00,0x03,0xF8,0x00,0x1F,
    0xC0,0x00,0x1E,0x00,0x00,0x18,0x00,0x00,0x00,0x00,0x00,0x00,0x00,0x00,0x00,0x00,
    0x00,0x00,0x00,0x00,0x00,0x00,0x00,0x00,0x00,0x00,0x00,0x00,0x00,0x00,0x00,0x00,
    0x00,0x00,0x00,0x00,0x00,0x00,0x00,0x00,0x00,0x00,0x00,0x00,0x0F,0xC0,0x3F,0xE0,
    0x38,0xF0,0x20,0x70,0x00,0x70,0x00,0x70,0x00,0xF0,0x01,0xE0,0x03,0xC0,0x03,0x80,
    0x07,0x00,0x07,0x00,0x07,0x00,0x07,0x00,0x00,0x00,0x00,0x00,0x07,0x00,0x07,0x00,
    0x07,0x00,0x00,0x00,0x00,0x00,0x00,0x00,0x00,0x00,0x00,0x00,0x00,0x00,0x00,0x00,
    0x00,0x00,0x00,0x00,0x00,0x00,0x00,0x00,0x00,0x00,0x00,0x00,0x00,0x00,0x00,0x00,
    0x00,0x00,0x00,0x00,0x00,0x00,0x00,0x00,0x00,0x00,0x00,0x00,0x00,0x7F,0x80,0x00,
    0x01,0xFF,0xE0,0x00,0x03,0xE0,0xF8,0x00,0x07,0x00,0x3C,0x00,0x0E,0x00,0x0E,0x00,
    0x1C,0x00,0x06,0x00,0x18,0x3E,0xE7,0x00,0x38,0x7F,0xE3,0x00,0x30,0xF3,0xE3,0x00,
    0x30,0xC0,0xE3,0x00,0x30,0xC0,0xE3,0x00,0x31,0xC0,0xE3,0x00,0x30,0xC0,0xE3,0x00,
    0x30,0xC0,0xE6,0x00,0x30,0xF3,0xEE,0x00,0x38,0x7F,0xFC,0x00,0x18,0x3E,0xF0,0x00,
    0x1C,0x00,0x00,0x00,0x0E,0x00,0x00,0x00,0x07,0x00,0x30,0x00,0x03,0xE0,0xF0,0x00,
    0x01,0xFF,0xE0,0x00,0x00,0x7F,0x80,0x00,0x00,0x00,0x00,0x00,0x00,0x00,0x00,0x00,
    0x00,0x00,0x00,0x00,0x00,0x00,0x00,0x00,0x00,0x00,0x00,0x00,0x00,0x00,0x00,0x00,
    0x00,0x00,0x01,0xE0,0x00,0x01,0xE0,0x00,0x03,0xE0,0x00,0x03,0xF0,0x00,0x03,0x70,
    0x00,0x07,0x38,0x00,0x07,0x38,0x00,0x0E,0x18,0x00,0x0E,0x1C,0x00,0x0E,0x1C,0x00,
    0x1C,0x0E,0x00,0x1C,0x0E,0x00,0x3F,0xFE,0x00,0x3F,0xFF,0x00,0x38,0x07,0x00,0x70,
    0x03,0x00,0x70,0x03,0x80,0x70,0x03,0x80,0xE0,0x01,0xC0,0x00,0x00,0x00,0x00,0x00,
    0x00,0x00,0x00,0x00,0x00,0x00,0x00,0x00,0x00,0x00,0x00,0x00,0x00,0x00,0x00,0x00,
    0x00,0x00,0x00,0x00,0x00,0x00,0x00,0x00,0x00,0x00,0x00,0x00,0x00,0x00,0x00,0x00,
    0x00,0x00,0x3F,0xF8,0x00,0x3F,0xFC,0x00,0x38,0x1E,0x00,0x38,0x0E,0x00,0x38,0x0E,
    0x00,0x38,0x0E,0x00,0x38,0x0E,0x00,0x38,0x1E,0x00,0x3F,0xF8,0x00,0x3F,0xFC,0x00,
    0x38,0x1E,0x00,0x38,0x07,0x00,0x38,0x07,0x00,0x38,0x07,0x00,0x38,0x07,0x00,0x38,
    0x07,0x00,0x38,0x1E,0x00,0x3F,0xFE,0x00,0x3F,0xF8,0x00,0x00,0x00,0x00,0x00,0x00,
    0x00,0x00,0x00,0x00,0x00,0x00,0x00,0x00,0x00,0x00,0x00,0x00,0x00,0x00,0x00,0x00,
    0x00,0x00,0x00,0x00,0x00,0x00,0x00,0x00,0x00,0x00,0x00,0x00,0x00,0x00,0x00,0x00,
    0x00,0x00,0x01,0xFC,0x00,0x07,0xFF,0x00,0x0F,0x87,0x80,0x1E,0x01,0x80,0x3C,0x00,
    0x80,0x38,0x00,0x00,0x38,0x00,0x00,0x78,0x00,0x00,0x70,0x00,0x00,0x70,0x00,0x00,
    0x70,0x00,0x00,0x78,0x00,0x00,0x38,0x00,0x00,0x38,0x00,0x00,0x3C,0x00,0x80,0x1E,
    0x01,0x80,0x0F,0x87,0x80,0x07,0xFF,0x00,0x01,0xFC,0x00,0x00,0x00,0x00,0x00,0x00,
    0x00,0x00,0x00,0x00,0x00,0x00,0x00,0x00,0x00,0x00,0x00,0x00,0x00,0x00,0x00,0x00,
    0x00,0x00,0x00,0x00,0x00,0x00,0x00,0x00,0x00,0x00,0x00,0x00,0x00,0x00,0x00,0x00,
    0x00,0x00,0x3F,0xF8,0x00,0x3F,0xFE,0x00,0x38,0x1F,0x00,0x38,0x07,0x80,0x38,0x03,
    0xC0,0x38,0x01,0xC0,0x38,0x01,0xC0,0x38,0x01,0xE0,0x38,0x00,0xE0,0x38,0x00,0xE0,
    0x38,0x00,0xE0,0x38,0x01,0xE0,0x38,0x01,0xC0,0x38,0x01,0xC0,0x38,0x03,0xC0,0x38,
    0x07,0x80,0x38,0x1F,0x00,0x3F,0xFE,0x00,0x3F,0xF8,0x00,0x00,0x00,0x00,0x00,0x00,
    0x00,0x00,0x00,0x00,0x00,0x00,0x00,0x00,0x00,0x00,0x00,0x00,0x00,0x00,0x00,0x00,
    0x00,0x00,0x00,0x00,0x00,0x00,0x00,0x00,0x00,0x00,0x00,0x00,0x3F,0xFE,0x3F,0xFE,
    0x38,0x00,0x38,0x00,0x38,0x00,0x38,0x00,0x38,0x00,0x38,0x00,0x3F,0xFC,0x3F,0xFC,
    0x38,0x00,0x38,0x00,0x38,0x00,0x38,0x00,0x38,0x00,0x38,0x00,0x38,0x00,0x3F,0xFE,
    0x3F,0xFE,0x00,0x00,0x00,0x00,0x00,0x00,0x00,0x00,0x00,0x00,0x00,0x00,0x00,0x00,
    0x00,0x00,0x00,0x00,0x00,0x00,0x00,0x00,0x00,0x00,0x00,0x00,0x3F,0xFC,0x3F,0xFC,
    0x38,0x00,0x38,0x00,0x38,0x00,0x38,0x00,0x38,0x00,0x38,0x00,0x3F,0xF8,0x3F,0xF8,
    0x38,0x00,0x38,0x00,0x38,0x00,0x38,0x00,0x38,0x00,0x38,0x00,0x38,0x00,0x38,0x00,
    0x38,0x00,0x00,0x00,0x00,0x00,0x00,0x00,0x00,0x00,0x00,0x00,0x00,0x00,0x00,0x00,
    0x00,0x00,0x00,0x00,0x00,0x00,0x00,0x00,0x00,0x00,0x00,0x00,0x00,0x00,0x00,0x00,
    0x00,0x00,0x01,0xFE,0x00,0x07,0xFF,0x80,0x0F,0x87,0xC0,0x1E,0x01,0xC0,0x3C,0x00,
    0x40,0x38,0x00,0x00,0x38,0x00,0x00,0x78,0x00,0x00,0x70,0x00,0x00,0x70,0x1F,0xC0,
    0x70,0x1F,0xC0,0x78,0x01,0xC0,0x38,0x01,0xC0,0x38,0x01,0xC0,0x3C,0x01,0xC0,0x1E,
    0x01,0xC0,0x0F,0x83,0xC0,0x07,0xFF,0x80,0x01,0xFE,0x00,0x00,0x00,0x00,0x00,0x00,
    0x00,0x00,0x00,0x00,0x00,0x00,0x00,0x00,0x00,0x00,0x00,0x00,0x00,0x00,0x00,0x00,
    0x00,0x00,0x00,0x00,0x00,0x00,0x00,0x00,0x00,0x00,0x00,0x00,0x00,0x00,0x00,0x00,
    0x00,0x00,0x38,0x03,0x80,0x38,0x03,0x80,0x38,0x03,0x80,0x38,0x03,0x80,0x38,0x03,
    0x80,0x38,0x03,0x80,0x38,0x03,0x80,0x38,0x03,0x80,0x3F,0xFF,0x80,0x3F,0xFF,0x80,
    0x38,0x03,0x80,0x38,0x03,0x80,0x38,0x03,0x80,0x38,0x03,0x80,0x38,0x03,0x80,0x38,
    0x03,0x80,0x38,0x03,0x80,0x38,0x03,0x80,0x38,0x03,0x80,0x00,0x00,0x00,0x00,0x00,
    0x00,0x00,0x00,0x00,0x00,0x00,0x00,0x00,0x00,0x00,0x00,0x00,0x00,0x00,0x00,0x00,
    0x00,0x00,0x00,0x00,0x00,0x00,0x38,0x38,0x38,0x38,0x38,0x38,0x38,0x38,0x38,0x38,
    0x38,0x38,0x38,0x38,0x38,0x38,0x38,0x38,0x38,0x00,0x00,0x00,0x00,0x00,0x00,0x00,
    0x00,0x00,0x00,0x00,0x00,0x00,0x38,0x38,0x38,0x38,0x38,0x38,0x38,0x38,0x38,0x38,
    0x38,0x38,0x38,0x38,0x38,0x38,0x38,0x38,0x38,0x38,0x38,0x78,0xF0,0xE0,0x00,0x00,
    0x00,0x00,0x00,0x00,0x00,0x00,0x00,0x00,0x00,0x00,0x00,0x00,0x00,0x00,0x00,0x00,
    0x00,0x00,0x38,0x07,0x80,0x38,0x0F,0x00,0x38,0x1C,0x00,0x38,0x38,0x00,0x38,0x70,
    0x00,0x38,0xE0,0x00,0x39,0xC0,0x00,0x3F,0x80,0x00,0x3F,0x00,0x00,0x3F,0x00,0x00,
    0x3F,0x80,0x00,0x39,0xC0,0x00,0x38,0xE0,0x00,0x38,0x70,0x00,0x38,0x38,0x00,0x38,
    0x1C,0x00,0x38,0x0E,0x00,0x38,0x07,0x00,0x38,0x03,0x80,0x00,0x00,0x00,0x00,0x00,
    0x00,0x00,0x00,0x00,0x00,0x00,0x00,0x00,0x00,0x00,0x00,0x00,0x00,0x00,0x00,0x00,
    0x00,0x00,0x00,0x00,0x00,0x00,0x00,0x00,0x00,0x00,0x00,0x00,0x38,0x00,0x38,0x00,
    0x38,0x00,0x38,0x00,0x38,0x00,0x38,0x00,0x38,0x00,0x38,0x00,0x38,0x00,0x38,0x00,
    0x38,0x00,0x38,0x00,0x38,0x00,0x38,0x00,0x38,0x00,0x38,0x00,0x38,0x00,0x3F,0xFC,
    0x3F,0xFC,0x00,0x00,0x00,0x00,0x00,0x00,0x00,0x00,0x00,0x00,0x00,0x00,0x00,0x00,
    0x00,0x00,0x00,0x00,0x00,0x00,0x00,0x00,0x00,0x00,0x00,0x00,0x00,0x00,0x00,0x00,
    0x00,0x00,0x3E,0x00,0xF0,0x3E,0x01,0xF0,0x3F,0x01,0xF0,0x3F,0x01,0xF0,0x3B,0x03,
    0xF0,0x3B,0x83,0x70,0x3B,0x87,0x70,0x39,0x87,0x70,0x39,0xC6,0x70,0x38,0xCE,0x70,
    0x38,0xEC,0x70,0x38,0xFC,0x70,0x38,0x7C,0x70,0x38,0x78,0x70,0x38,0x38,0x70,0x38,
    0x00,0x70,0x38,0x00,0x70,0x38,0x00,0x70,0x38,0x00,0x70,0x00,0x00,0x00,0x00,0x00,
    0x00,0x00,0x00,0x00,0x00,0x00,0x00,0x00,0x00,0x00,0x00,0x00,0x00,0x00,0x00,0x00,
    0x00,0x00,0x00,0x00,0x00,0x00,0x00,0x00,0x00,0x00,0x00,0x00,0x00,0x00,0x00,0x00,
    0x00,0x00,0x3C,0x03,0x80,0x3E,0x03,0x80,0x3F,0x03,0x80,0x3F,0x03,0x80,0x3B,0x83,
    0x80,0x3B,0x83,0x80,0x39,0xC3,0x80,0x39,0xC3,0x80,0x38,0xE3,0x80,0x38,0xE3,0x80,
    0x38,0x73,0x80,0x38,0x73,0x80,0x38,0x3B,0x80,0x38,0x3B,0x80,0x38,0x1F,0x80,0x38,
    0x1F,0x80,0x38,0x0F,0x80,0x38,0x0F,0x80,0x38,0x07,0x80,0x00,0x00,0x00,0x00,0x00,
    0x00,0x00,0x00,0x00,0x00,0x00,0x00,0x00,0x00,0x00,0x00,0x00,0x00,0x00,0x00,0x00,
    0x00,0x00,0x00,0x00,0x00,0x00,0x00,0x00,0x00,0x00,0x00,0x00,0x00,0x00,0x00,0x00,
    0x00,0x00,0x01,0xFC,0x00,0x07,0xFF,0x00,0x0F,0x0F,0x80,0x1E,0x03,0x80,0x3C,0x01,
    0xC0,0x38,0x01,0xE0,0x38,0x00,0xE0,0x78,0x00,0xE0,0x70,0x00,0xE0,0x70,0x00,0xE0,
    0x70,0x00,0xE0,0x78,0x00,0xE0,0x38,0x00,0xE0,0x38,0x01,0xE0,0x3C,0x01,0xC0,0x1E,
    0x03,0x80,0x0F,0x0F,0x80,0x07,0xFF,0x00,0x01,0xFC,0x00,0x00,0x00,0x00,0x00,0x00,
    0x00,0x00,0x00,0x00,0x00,0x00,0x00,0x00,0x00,0x00,0x00,0x00,0x00,0x00,0x00,0x00,
    0x00,0x00,0x00,0x00,0x00,0x00,0x00,0x00,0x00,0x00,0x00,0x00,0x3F,0xF0,0x3F,0xF8,
    0x38,0x3C,0x38,0x1E,0x38,0x0E,0x38,0x0E,0x38,0x0E,0x38,0x1E,0x38,0x3C,0x3F,0xF8,
    0x3F,0xF0,0x38,0x00,0x38,0x00,0x38,0x00,0x38,0x00,0x38,0x00,0x38,0x00,0x38,0x00,
    0x38,0x00,0x00,0x00,0x00,0x00,0x00,0x00,0x00,0x00,0x00,0x00,0x00,0x00,0x00,0x00,
    0x00,0x00,0x00,0x00,0x00,0x00,0x00,0x00,0x00,0x00,0x00,0x00,0x00,0x00,0x00,0x00,
    0x00,0x00,0x01,0xFC,0x00,0x07,0xFF,0x00,0x0F,0x0F,0x80,0x1E,0x03,0x80,0x3C,0x01,
    0xC0,0x38,0x01,0xE0,0x38,0x00,0xE0,0x78,0x00,0xE0,0x70,0x00,0xE0,0x70,0x00,0xE0,
    0x70,0x00,0xE0,0x78,0x00,0xE0,0x38,0x00,0xE0,0x38,0x01,0xE0,0x3C,0x01,0xC0,0x1E,
    0x03,0x80,0x0F,0x0F,0x80,0x07,0xFF,0x00,0x01,0xFC,0x00,0x00,0x0E,0x00,0x00,0x07,
    0x00,0x00,0x07,0x80,0x00,0x00,0x00,0x00,0x00,0x00,0x00,0x00,0x00,0x00,0x00,0x00,
    0x00,0x00,0x00,0x00,0x00,0x00,0x00,0x00,0x00,0x00,0x00,0x00,0x00,0x00,0x00,0x00,
    0x00,0x00,0x3F,0xF0,0x00,0x3F,0xF8,0x00,0x38,0x3C,0x00,0x38,0x1E,0x00,0x38,0x0E,
    0x00,0x38,0x0E,0x00,0x38,0x0E,0x00,0x38,0x1E,0x00,0x38,0x3C,0x00,0x3F,0xF8,0x00,
    0x3F,0xF0,0x00,0x38,0x38,0x00,0x38,0x1C,0x00,0x38,0x0E,0x00,0x38,0x0E,0x00,0x38,
    0x07,0x00,0x38,0x07,0x00,0x38,0x03,0x80,0x38,0x03,0x80,0x00,0x00,0x00,0x00,0x00,
    0x00,0x00,0x00,0x00,0x00,0x00,0x00,0x00,0x00,0x00,0x00,0x00,0x00,0x00,0x00,0x00,
    0x00,0x00,0x00,0x00,0x00,0x00,0x00,0x00,0x00,0x00,0x00,0x00,0x07,0xF8,0x1F,0xFC,
    0x3E,0x1C,0x38,0x04,0x38,0x00,0x38,0x00,0x38,0x00,0x3C,0x00,0x1F,0xE0,0x0F,0xF8,
    0x01,0xFC,0x00,0x1E,0x00,0x0E,0x00,0x0E,0x00,0x0E,0x20,0x0E,0x3C,0x3C,0x3F,0xFC,
    0x1F,0xF0,0x00,0x00,0x00,0x00,0x00,0x00,0x00,0x00,0x00,0x00,0x00,0x00,0x00,0x00,
    0x00,0x00,0x00,0x00,0x00,0x00,0x00,0x00,0x00,0x00,0x00,0x00,0xFF,0xFF,0xFF,0xFF,
    0x03,0x80,0x03,0x80,0x03,0x80,0x03,0x80,0x03,0x80,0x03,0x80,0x03,0x80,0x03,0x80,
    0x03,0x80,0x03,0x80,0x03,0x80,0x03,0x80,0x03,0x80,0x03,0x80,0x03,0x80,0x03,0x80,
    0x03,0x80,0x00,0x00,0x00,0x00,0x00,0x00,0x00,0x00,0x00,0x00,0x00,0x00,0x00,0x00,
    0x00,0x00,0x00,0x00,0x00,0x00,0x00,0x00,0x00,0x00,0x00,0x00,0x00,0x00,0x00,0x00,
    0x00,0x00,0x38,0x03,0x80,0x38,0x03,0x80,0x38,0x03,0x80,0x38,0x03,0x80,0x38,0x03,
    0x80,0x38,0x03,0x80,0x38,0x03,0x80,0x38,0x03,0x80,0x38,0x03,0x80,0x38,0x03,0x80,
    0x38,0x03,0x80,0x38,0x03,0x80,0x38,0x03,0x80,0x38,0x03,0x80,0x38,0x03,0x80,0x1C,
    0x07,0x00,0x1F,0x0F,0x00,0x0F,0xFE,0x00,0x03,0xF8,0x00,0x00,0x00,0x00,0x00,0x00,
    0x00,0x00,0x00,0x00,0x00,0x00,0x00,0x00,0x00,0x00,0x00,0x00,0x00,0x00,0x00,0x00,
    0x00,0x00,0x00,0x00,0x00,0x00,0x00,0x00,0x00,0x00,0x00,0x00,0x00,0x00,0x00,0x00,
    0x00,0x00,0xE0,0x01,0xC0,0x70,0x03,0x80,0x70,0x03,0x80,0x70,0x07,0x00,0x38,0x07,
    0x00,0x38,0x07,0x00,0x3C,0x0E,0x00,0x1C,0x0E,0x00,0x1C,0x0E,0x00,0x0E,0x1C,0x00,
    0x0E,0x1C,0x00,0x0E,0x38,0x00,0x07,0x38,0x00,0x07,0x38,0x00,0x03,0xF0,0x00,0x03,
    0xF0,0x00,0x03,0xE0,0x00,0x01,0xE0,0x00,0x01,0xE0,0x00,0x00,0x00,0x00,0x00,0x00,
    0x00,0x00,0x00,0x00,0x00,0x00,0x00,0x00,0x00,0x00,0x00,0x00,0x00,0x00,0x00,0x00,
    0x00,0x00,0x00,0x00,0x00,0x00,0x00,0x00,0x00,0x00,0x00,0x00,0x00,0x00,0x00,0x00,
    0x00,0x00,0x00,0x00,0x00,0x00,0x00,0x00,0x70,0x1E,0x03,0x80,0x70,0x1E,0x03,0x80,
    0x70,0x1E,0x07,0x00,0x38,0x3E,0x07,0x00,0x38,0x3F,0x07,0x00,0x38,0x37,0x07,0x00,
    0x38,0x33,0x0E,0x00,0x1C,0x73,0x0E,0x00,0x1C,0x73,0x8E,0x00,0x1C,0x63,0x8E,0x00,
    0x1C,0x61,0x9C,0x00,0x0C,0xE1,0x9C,0x00,0x0E,0xE1,0xDC,0x00,0x0E,0xC1,0xDC,0x00,
    0x0E,0xC0,0xF8,0x00,0x07,0xC0,0xF8,0x00,0x07,0xC0,0xF8,0x00,0x07,0x80,0xF8,0x00,
    0x07,0x80,0x70,0x00,0x00,0x00,0x00,0x00,0x00,0x00,0x00,0x00,0x00,0x00,0x00,0x00,
    0x00,0x00,0x00,0x00,0x00,0x00,0x00,0x00,0x00,0x00,0x00,0x00,0x00,0x00,0x00,0x00,
    0x00,0x00,0x00,0x00,0x00,0x00,0x00,0x00,0x00,0x00,0x00,0x00,0x00,0x00,0x00,0x00,
    0x00,0x00,0x38,0x07,0x00,0x3C,0x07,0x00,0x1C,0x0E,0x00,0x0E,0x1C,0x00,0x0F,0x1C,
    0x00,0x07,0x38,0x00,0x03,0xF0,0x00,0x03,0xF0,0x00,0x01,0xE0,0x00,0x01,0xE0,0x00,
    0x03,0xF0,0x00,0x03,0xF0,0x00,0x07,0x38,0x00,0x0F,0x3C,0x00,0x0E,0x1C,0x00,0x1C,
    0x0E,0x00,0x38,0x0F,0x00,0x38,0x07,0x00,0x70,0x03,0x80,0x00,0x00,0x00,0x00,0x00,
    0x00,0x00,0x00,0x00,0x00,0x00,0x00,0x00,0x00,0x00,0x00,0x00,0x00,0x00,0x00,0x00,
    0x00,0x00,0x00,0x00,0x00,0x00,0x00,0x00,0x00,0x00,0x00,0x00,0xE0,0x07,0x70,0x0E,
    0x78,0x1C,0x38,0x1C,0x1C,0x38,0x1E,0x70,0x0E,0x70,0x07,0xE0,0x07,0xC0,0x03,0xC0,
    0x03,0x80,0x03,0x80,0x03,0x80,0x03,0x80,0x03,0x80,0x03,0x80,0x03,0x80,0x03,0x80,
    0x03,0x80,0x00,0x00,0x00,0x00,0x00,0x00,0x00,0x00,0x00,0x00,0x00,0x00,0x00,0x00,
    0x00,0x00,0x00,0x00,0x00,0x00,0x00,0x00,0x00,0x00,0x00,0x00,0x00,0x00,0x00,0x00,
    0x00,0x00,0x7F,0xFF,0x80,0x7F,0xFF,0x80,0x00,0x07,0x00,0x00,0x0E,0x00,0x00,0x1E,
    0x00,0x00,0x3C,0x00,0x00,0x78,0x00,0x00,0x70,0x00,0x00,0xE0,0x00,0x01,0xE0,0x00,
    0x03,0xC0,0x00,0x07,0x80,0x00,0x07,0x00,0x00,0x0E,0x00,0x00,0x1E,0x00,0x00,0x3C,
    0x00,0x00,0x78,0x00,0x00,0x7F,0xFF,0x80,0x7F,0xFF,0x80,0x00,0x00,0x00,0x00,0x00,
    0x00,0x00,0x00,0x00,0x00,0x00,0x00,0x00,0x00,0x00,0x00,0x00,0x00,0x00,0x00,0x00,
    0x00,0x00,0x00,0x00,0x00,0x00,0x00,0x00,0x00,0x00,0x3F,0x00,0x3F,0x00,0x38,0x00,
    0x38,0x00,0x38,0x00,0x38,0x00,0x38,0x00,0x38,0x00,0x38,0x00,0x38,0x00,0x38,0x00,
    0x38,0x00,0x38,0x00,0x38,0x00,0x38,0x00,0x38,0x00,0x38,0x00,0x38,0x00,0x38,0x00,
    0x38,0x00,0x38,0x00,0x3F,0x00,0x3F,0x00,0x00,0x00,0x00,0x00,0x00,0x00,0x00,0x00,
    0x00,0x00,0x00,0x00,0x00,0x00,0x00,0x00,0x00,0x00,0x00,0x00,0xC0,0x00,0xE0,0x00,
    0x60,0x00,0x60,0x00,0x70,0x00,0x30,0x00,0x30,0x00,0x38,0x00,0x38,0x00,0x18,0x00,
    0x1C,0x00,0x1C,0x00,0x0C,0x00,0x0E,0x00,0x0E,0x00,0x06,0x00,0x07,0x00,0x07,0x00,
    0x03,0x00,0x03,0x00,0x03,0x80,0x00,0x00,0x00,0x00,0x00,0x00,0x00,0x00,0x00,0x00,
    0x00,0x00,0x00,0x00,0x00,0x00,0x00,0x00,0x00,0x00,0x3F,0x00,0x3F,0x00,0x07,0x00,
    0x07,0x00,0x07,0x00,0x07,0x00,0x07,0x00,0x07,0x00,0x07,0x00,0x07,0x00,0x07,0x00,
    0x07,0x00,0x07,0x00,0x07,0x00,0x07,0x00,0x07,0x00,0x07,0x00,0x07,0x00,0x07,0x00,
    0x07,0x00,0x07,0x00,0x3F,0x00,0x3F,0x00,0x00,0x00,0x00,0x00,0x00,0x00,0x00,0x00,
    0x00,0x00,0x00,0x00,0x00,0x00,0x00,0x00,0x00,0x00,0x00,0x00,0x00,0x00,0x00,0x00,
    0x00,0x00,0x00,0x78,0x00,0x00,0xFC,0x00,0x01,0xFE,0x00,0x03,0x8F,0x00,0x07,0x07,
    0x80,0x0E,0x01,0xC0,0x1C,0x00,0xE0,0x00,0x00,0x00,0x00,0x00,0x00,0x00,0x00,0x00,
    0x00,0x00,0x00,0x00,0x00,0x00,0x00,0x00,0x00,0x00,0x00,0x00,0x00,0x00,0x00,0x00,
    0x00,0x00,0x00,0x00,0x00,0x00,0x00,0x00,0x00,0x00,0x00,0x00,0x00,0x00,0x00,0x00,
    0x00,0x00,0x00,0x00,0x00,0x00,0x00,0x00,0x00,0x00,0x00,0x00,0x00,0x00,0x00,0x00,
    0x00,0x00,0x00,0x00,0x00,0x00,0x00,0x00,0x00,0x00,0x00,0x00,0x00,0x00,0x00,0x00,
    0x00,0x00,0x00,0x00,0x00,0x00,0x00,0x00,0x00,0x00,0x00,0x00,0x00,0x00,0x00,0x00,
    0x00,0x00,0x00,0x00,0x00,0x00,0x00,0x00,0x00,0x00,0x00,0x00,0x00,0x00,0x00,0x00,
    0x00,0x00,0x00,0x00,0x00,0x00,0x00,0x00,0x00,0x00,0xFF,0xF8,0xFF,0xF8,0x00,0x00,
    0x00,0x00,0x00,0x00,0x00,0x00,0x00,0x00,0x38,0x00,0x1C,0x00,0x0E,0x00,0x06,0x00,
    0x03,0x00,0x00,0x00,0x00,0x00,0x00,0x00,0x00,0x00,0x00,0x00,0x00,0x00,0x00,0x00,
    0x00,0x00,0x00,0x00,0x00,0x00,0x00,0x00,0x00,0x00,0x00,0x00,0x00,0x00,0x00,0x00,
    0x00,0x00,0x00,0x00,0x00,0x00,0x00,0x00,0x00,0x00,0x00,0x00,0x00,0x00,0x00,0x00,
    0x00,0x00,0x00,0x00,0x00,0x00,0x00,0x00,0x00,0x00,0x00,0x00,0x00,0x00,0x00,0x00,
    0x00,0x00,0x00,0x00,0x00,0x00,0x0F,0xE0,0x3F,0xF0,0x38,0x78,0x00,0x18,0x00,0x1C,
    0x0F,0xFC,0x1F,0xFC,0x3C,0x1C,0x30,0x1C,0x70,0x1C,0x70,0x3C,0x38,0x7C,0x3F,0xDC,
    0x0F,0x9C,0x00,0x00,0x00,0x00,0x00,0x00,0x00,0x00,0x00,0x00,0x00,0x00,0x00,0x00,
    0x00,0x00,0x00,0x00,0x00,0x00,0x00,0x00,0x00,0x00,0x38,0x00,0x38,0x00,0x38,0x00,
    0x38,0x00,0x38,0x00,0x38,0x00,0x39,0xF0,0x3B,0xF8,0x3E,0x3C,0x3C,0x1E,0x38,0x0E,
    0x38,0x0E,0x38,0x0E,0x38,0x0E,0x38,0x0E,0x38,0x0E,0x3C,0x1E,0x3E,0x3C,0x3B,0xF8,
    0x39,0xF0,0x00,0x00,0x00,0x00,0x00,0x00,0x00,0x00,0x00,0x00,0x00,0x00,0x00,0x00,
    0x00,0x00,0x00,0x00,0x00,0x00,0x00,0x00,0x00,0x00,0x00,0x00,0x00,0x00,0x00,0x00,
    0x00,0x00,0x00,0x00,0x00,0x00,0x07,0xF0,0x0F,0xF8,0x1E,0x18,0x38,0x00,0x38,0x00,
    0x70,0x00,0x70,0x00,0x70,0x00,0x70,0x00,0x38,0x00,0x38,0x00,0x1E,0x18,0x0F,0xF8,
    0x07,0xF0,0x00,0x00,0x00,0x00,0x00,0x00,0x00,0x00,0x00,0x00,0x00,0x00,0x00,0x00,
    0x00,0x00,0x00,0x00,0x00,0x00,0x00,0x00,0x00,0x00,0x00,0x0C,0x00,0x0C,0x00,0x0C,
    0x00,0x0C,0x00,0x0C,0x00,0x0C,0x07,0xCC,0x1F,0xEC,0x3C,0x7C,0x38,0x1C,0x30,0x1C,
    0x70,0x1C,0x70,0x0C,0x70,0x0C,0x70,0x1C,0x30,0x1C,0x38,0x1C,0x3C,0x7C,0x1F,0xEC,
    0x07,0xCC,0x00,0x00,0x00,0x00,0x00,0x00,0x00,0x00,0x00,0x00,0x00,0x00,0x00,0x00,
    0x00,0x00,0x00,0x00,0x00,0x00,0x00,0x00,0x00,0x00,0x00,0x00,0x00,0x00,0x00,0x00,
    0x00,0x00,0x00,0x00,0x00,0x00,0x07,0xE0,0x0F,0xF8,0x1E,0x3C,0x38,0x1C,0x38,0x0E,
    0x70,0x0E,0x7F,0xFE,0x7F,0xFE,0x70,0x00,0x30,0x00,0x38,0x00,0x1E,0x0C,0x0F,0xFC,
    0x07,0xF8,0x00,0x00,0x00,0x00,0x00,0x00,0x00,0x00,0x00,0x00,0x00,0x00,0x00,0x00,
    0x00,0x00,0x00,0x00,0x00,0x00,0x00,0x00,0x00,0x00,0x07,0x80,0x0F,0x80,0x1C,0x00,
    0x1C,0x00,0x18,0x00,0x18,0x00,0xFF,0x80,0xFF,0x80,0x18,0x00,0x18,0x00,0x18,0x00,
    0x18,0x00,0x18,0x00,0x18,0x00,0x18,0x00,0x18,0x00,0x18,0x00,0x18,0x00,0x18,0x00,
    0x18,0x00,0x00,0x00,0x00,0x00,0x00,0x00,0x00,0x00,0x00,0x00,0x00,0x00,0x00,0x00,
    0x00,0x00,0x00,0x00,0x00,0x00,0x00,0x00,0x00,0x00,0x00,0x00,0x00,0x00,0x00,0x00,
    0x00,0x00,0x00,0x00,0x00,0x00,0x07,0xCC,0x1F,0xEC,0x3C,0x7C,0x38,0x1C,0x30,0x1C,
    0x70,0x1C,0x70,0x0C,0x70,0x0C,0x70,0x1C,0x30,0x1C,0x38,0x1C,0x3C,0x7C,0x1F,0xEC,
    0x07,0xCC,0x00,0x1C,0x00,0x1C,0x18,0x78,0x1F,0xF8,0x0F,0xE0,0x00,0x00,0x00,0x00,
    0x00,0x00,0x00,0x00,0x00,0x00,0x00,0x00,0x00,0x00,0x38,0x00,0x38,0x00,0x38,0x00,
    0x38,0x00,0x38,0x00,0x38,0x00,0x39,0xF0,0x3B,0xF8,0x3E,0x3C,0x3C,0x1C,0x38,0x0C,
    0x38,0x0C,0x38,0x0C,0x38,0x0C,0x38,0x0C,0x38,0x0C,0x38,0x0C,0x38,0x0C,0x38,0x0C,
    0x38,0x0C,0x00,0x00,0x00,0x00,0x00,0x00,0x00,0x00,0x00,0x00,0x00,0x00,0x00,0x00,
    0x00,0x00,0x00,0x00,0x00,0x38,0x38,0x38,0x00,0x00,0x00,0x38,0x38,0x38,0x38,0x38,
    0x38,0x38,0x38,0x38,0x38,0x38,0x38,0x38,0x38,0x00,0x00,0x00,0x00,0x00,0x00,0x00,
    0x00,0x00,0x00,0x00,0x00,0x38,0x38,0x38,0x00,0x00,0x00,0x38,0x38,0x38,0x38,0x38,
    0x38,0x38,0x38,0x38,0x38,0x38,0x38,0x38,0x38,0x38,0x38,0x78,0xF0,0xE0,0x00,0x00,
    0x00,0x00,0x00,0x00,0x00,0x00,0x00,0x00,0x00,0x00,0x38,0x00,0x38,0x00,0x38,0x00,
    0x38,0x00,0x38,0x00,0x38,0x00,0x38,0x1C,0x38,0x38,0x38,0x70,0x39,0xE0,0x3B,0xC0,
    0x3F,0x80,0x3F,0x00,0x3F,0x00,0x3B,0x80,0x39,0xC0,0x38,0xF0,0x38,0x78,0x38,0x3C,
    0x38,0x1E,0x00,0x00,0x00,0x00,0x00,0x00,0x00,0x00,0x00,0x00,0x00,0x00,0x00,0x00,
    0x00,0x00,0x00,0x00,0x00,0x38,0x38,0x38,0x38,0x38,0x38,0x38,0x38,0x38,0x38,0x38,
    0x38,0x38,0x38,0x38,0x38,0x38,0x38,0x38,0x38,0x00,0x00,0x00,0x00,0x00,0x00,0x00,
    0x00,0x00,0x00,0x00,0x00,0x00,0x00,0x00,0x00,0x00,0x00,0x00,0x00,0x00,0x00,0x00,
    0x00,0x00,0x00,0x00,0x00,0x00,0x00,0x00,0x00,0x00,0x00,0x00,0x00,0x00,0x00,0x00,
    0x00,0x00,0x00,0x00,0x00,0x00,0x00,0x00,0x00,0x00,0x00,0x00,0x39,0xF0,0xF8,0x00,
    0x3B,0xF9,0xFC,0x00,0x3E,0x3B,0x1E,0x00,0x3C,0x1E,0x0E,0x00,0x38,0x1C,0x0E,0x00,
    0x38,0x1C,0x06,0x00,0x38,0x1C,0x06,0x00,0x38,0x1C,0x06,0x00,0x38,0x1C,0x06,0x00,
    0x38,0x1C,0x06,0x00,0x38,0x1C,0x06,0x00,0x38,0x1C,0x06,0x00,0x38,0x1C,0x06,0x00,
    0x38,0x1C,0x06,0x00,0x00,0x00,0x00,0x00,0x00,0x00,0x00,0x00,0x00,0x00,0x00,0x00,
    0x00,0x00,0x00,0x00,0x00,0x00,0x00,0x00,0x00,0x00,0x00,0x00,0x00,0x00,0x00,0x00,
    0x00,0x00,0x00,0x00,0x00,0x00,0x00,0x00,0x00,0x00,0x00,0x00,0x00,0x00,0x00,0x00,
    0x00,0x00,0x00,0x00,0x00,0x00,0x39,0xF0,0x3B,0xF8,0x3E,0x3C,0x3C,0x1C,0x38,0x0C,
    0x38,0x0C,0x38,0x0C,0x38,0x0C,0x38,0x0C,0x38,0x0C,0x38,0x0C,0x38,0x0C,0x38,0x0C,
    0x38,0x0C,0x00,0x00,0x00,0x00,0x00,0x00,0x00,0x00,0x00,0x00,0x00,0x00,0x00,0x00,
    0x00,0x00,0x00,0x00,0x00,0x00,0x00,0x00,0x00,0x00,0x00,0x00,0x00,0x00,0x00,0x00,
    0x00,0x00,0x00,0x00,0x00,0x00,0x07,0xE0,0x1F,0xF8,0x1C,0x78,0x38,0x1C,0x38,0x1C,
    0x70,0x0E,0x70,0x0E,0x70,0x0E,0x70,0x0E,0x38,0x1C,0x38,0x1C,0x1C,0x38,0x1F,0xF8,
    0x07,0xE0,0x00,0x00,0x00,0x00,0x00,0x00,0x00,0x00,0x00,0x00,0x00,0x00,0x00,0x00,
    0x00,0x00,0x00,0x00,0x00,0x00,0x00,0x00,0x00,0x00,0x00,0x00,0x00,0x00,0x00,0x00,
    0x00,0x00,0x00,0x00,0x00,0x00,0x39,0xF0,0x3B,0xF8,0x3E,0x3C,0x3C,0x1E,0x38,0x0E,
    0x38,0x0E,0x38,0x0E,0x38,0x0E,0x38,0x0E,0x38,0x0E,0x3C,0x1E,0x3E,0x3C,0x3B,0xF8,
    0x39,0xF0,0x38,0x00,0x38,0x00,0x38,0x00,0x38,0x00,0x38,0x00,0x00,0x00,0x00,0x00,
    0x00,0x00,0x00,0x00,0x00,0x00,0x00,0x00,0x00,0x00,0x00,0x00,0x00,0x00,0x00,0x00,
    0x00,0x00,0x00,0x00,0x00,0x00,0x07,0xCC,0x1F,0xEC,0x3C,0x7C,0x38,0x1C,0x30,0x1C,
    0x70,0x1C,0x70,0x0C,0x70,0x0C,0x70,0x1C,0x30,0x1C,0x38,0x1C,0x3C,0x7C,0x1F,0xEC,
    0x07,0xCC,0x00,0x0C,0x00,0x0C,0x00,0x0C,0x00,0x0C,0x00,0x0C,0x00,0x00,0x00,0x00,
    0x00,0x00,0x00,0x00,0x00,0x00,0x00,0x00,0x00,0x00,0x00,0x00,0x00,0x00,0x00,0x00,
    0x00,0x00,0x00,0x00,0x00,0x00,0x39,0xE0,0x3B,0xE0,0x3E,0x00,0x3C,0x00,0x38,0x00,
    0x38,0x00,0x38,0x00,0x38,0x00,0x38,0x00,0x38,0x00,0x38,0x00,0x38,0x00,0x38,0x00,
    0x38,0x00,0x00,0x00,0x00,0x00,0x00,0x00,0x00,0x00,0x00,0x00,0x00,0x00,0x00,0x00,
    0x00,0x00,0x00,0x00,0x00,0x00,0x00,0x00,0x00,0x00,0x00,0x00,0x00,0x00,0x00,0x00,
    0x00,0x00,0x00,0x00,0x00,0x00,0x0F,0xE0,0x3F,0xF0,0x38,0x30,0x70,0x00,0x70,0x00,
    0x3C,0x00,0x3F,0xC0,0x0F,0xE0,0x00,0xF0,0x00,0x70,0x00,0x30,0x70,0xF0,0x7F,0xE0,
    0x3F,0xC0,0x00,0x00,0x00,0x00,0x00,0x00,0x00,0x00,0x00,0x00,0x00,0x00,0x00,0x00,
    0x00,0x00,0x00,0x00,0x00,0x00,0x00,0x00,0x00,0x00,0x00,0x00,0x00,0x00,0x38,0x00,
    0x38,0x00,0x38,0x00,0x38,0x00,0x7F,0xC0,0x7F,0xC0,0x38,0x00,0x38,0x00,0x38,0x00,
    0x38,0x00,0x38,0x00,0x38,0x00,0x38,0x00,0x38,0x00,0x38,0x00,0x3C,0x00,0x1F,0xC0,
    0x0F,0xC0,0x00,0x00,0x00,0x00,0x00,0x00,0x00,0x00,0x00,0x00,0x00,0x00,0x00,0x00,
    0x00,0x00,0x00,0x00,0x00,0x00,0x00,0x00,0x00,0x00,0x00,0x00,0x00,0x00,0x00,0x00,
    0x00,0x00,0x00,0x00,0x00,0x00,0x38,0x0C,0x38,0x0C,0x38,0x0C,0x38,0x0C,0x38,0x0C,
    0x38,0x0C,0x38,0x0C,0x38,0x0C,0x38,0x1C,0x38,0x1C,0x38,0x1C,0x1C,0x7C,0x1F,0xEC,
    0x07,0xCC,0x00,0x00,0x00,0x00,0x00,0x00,0x00,0x00,0x00,0x00,0x00,0x00,0x00,0x00,
    0x00,0x00,0x00,0x00,0x00,0x00,0x00,0x00,0x00,0x00,0x00,0x00,0x00,0x00,0x00,0x00,
    0x00,0x00,0x00,0x00,0x00,0x00,0x70,0x0E,0x70,0x1C,0x30,0x1C,0x38,0x18,0x38,0x38,
    0x1C,0x38,0x1C,0x70,0x1C,0x70,0x0E,0x70,0x0E,0xE0,0x06,0xE0,0x07,0xC0,0x07,0xC0,
    0x03,0xC0,0x00,0x00,0x00,0x00,0x00,0x00,0x00,0x00,0x00,0x00,0x00,0x00,0x00,0x00,
    0x00,0x00,0x00,0x00,0x00,0x00,0x00,0x00,0x00,0x00,0x00,0x00,0x00,0x00,0x00,0x00,
    0x00,0x00,0x00,0x00,0x00,0x00,0x00,0x00,0x00,0x00,0x00,0x00,0x00,0x00,0x00,0x00,
    0x00,0x70,0x70,0x30,0x70,0x78,0x70,0x30,0xF8,0x70,0x38,0xF8,0x60,0x38,0xD8,0xE0,
    0x38,0xDC,0xE0,0x19,0xCC,0xE0,0x1D,0x8C,0xC0,0x1D,0x8D,0xC0,0x1D,0x8F,0xC0,0x0F,
    0x87,0xC0,0x0F,0x07,0x80,0x0F,0x07,0x80,0x0F,0x07,0x80,0x00,0x00,0x00,0x00,0x00,
    0x00,0x00,0x00,0x00,0x00,0x00,0x00,0x00,0x00,0x00,0x00,0x00,0x00,0x00,0x00,0x00,
    0x00,0x00,0x00,0x00,0x00,0x00,0x00,0x00,0x00,0x00,0x00,0x00,0x00,0x00,0x00,0x00,
    0x00,0x00,0x00,0x00,0x00,0x00,0x78,0x1C,0x38,0x38,0x1C,0x78,0x0E,0x70,0x0F,0xE0,
    0x07,0xC0,0x03,0xC0,0x07,0xC0,0x07,0xE0,0x0E,0xE0,0x1C,0x70,0x3C,0x38,0x38,0x3C,
    0x70,0x1C,0x00,0x00,0x00,0x00,0x00,0x00,0x00,0x00,0x00,0x00,0x00,0x00,0x00,0x00,
    0x00,0x00,0x00,0x00,0x00,0x00,0x00,0x00,0x00,0x00,0x00,0x00,0x00,0x00,0x00,0x00,
    0x00,0x00,0x00,0x00,0x00,0x00,0x70,0x0E,0x70,0x1C,0x30,0x1C,0x38,0x18,0x38,0x38,
    0x1C,0x30,0x1C,0x70,0x0C,0x70,0x0E,0xE0,0x06,0xE0,0x07,0xC0,0x07,0xC0,0x03,0xC0,
    0x03,0x80,0x03,0x80,0x03,0x00,0x07,0x00,0x3E,0x00,0x3C,0x00,0x00,0x00,0x00,0x00,
    0x00,0x00,0x00,0x00,0x00,0x00,0x00,0x00,0x00,0x00,0x00,0x00,0x00,0x00,0x00,0x00,
    0x00,0x00,0x00,0x00,0x00,0x00,0x7F,0xF8,0x7F,0xF8,0x00,0x70,0x00,0xE0,0x01,0xE0,
    0x01,0xC0,0x03,0x80,0x07,0x00,0x0E,0x00,0x1C,0x00,0x38,0x00,0x70,0x00,0x7F,0xF8,
    0x7F,0xF8,0x00,0x00,0x00,0x00,0x00,0x00,0x00,0x00,0x00,0x00,0x00,0x00,0x00,0x00,
    0x00,0x00,0x00,0x00,0x00,0x00,0x00,0x00,0x00,0x00,0x00,0x00,0x00,0x00,0x00,0x00,
    0x78,0x00,0x00,0xF8,0x00,0x01,0xE0,0x00,0x01,0xC0,0x00,0x01,0xC0,0x00,0x01,0xC0,
    0x00,0x01,0xC0,0x00,0x01,0xC0,0x00,0x01,0xC0,0x00,0x01,0xC0,0x00,0x03,0x80,0x00,
    0x1F,0x00,0x00,0x1F,0x00,0x00,0x03,0x80,0x00,0x01,0xC0,0x00,0x01,0xC0,0x00,0x01,
    0xC0,0x00,0x01,0xC0,0x00,0x01,0xC0,0x00,0x01,0xC0,0x00,0x01,0xC0,0x00,0x01,0xE0,
    0x00,0x00,0xF8,0x00,0x00,0x78,0x00,0x00,0x00,0x00,0x00,0x00,0x00,0x00,0x00,0x00,
    0x00,0x00,0x00,0x00,0x00,0x00,0x00,0x00,0x00,0x00,0x1C,0x00,0x1C,0x00,0x1C,0x00,
    0x1C,0x00,0x1C,0x00,0x1C,0x00,0x1C,0x00,0x1C,0x00,0x1C,0x00,0x1C,0x00,0x1C,0x00,
    0x1C,0x00,0x1C,0x00,0x1C,0x00,0x1C,0x00,0x1C,0x00,0x1C,0x00,0x1C,0x00,0x1C,0x00,
    0x1C,0x00,0x1C,0x00,0x1C,0x00,0x1C,0x00,0x1C,0x00,0x1C,0x00,0x1C,0x00,0x00,0x00,
    0x00,0x00,0x00,0x00,0x00,0x00,0x00,0x00,0x00,0x00,0x00,0x00,0x00,0x00,0x00,0x1F,
    0x00,0x00,0x1F,0x80,0x00,0x03,0x80,0x00,0x01,0x80,0x00,0x01,0x80,0x00,0x01,0xC0,
    0x00,0x01,0xC0,0x00,0x01,0xC0,0x00,0x01,0xC0,0x00,0x01,0xC0,0x00,0x01,0xE0,0x00,
    0x00,0xF8,0x00,0x00,0xF8,0x00,0x01,0xE0,0x00,0x01,0xC0,0x00,0x01,0xC0,0x00,0x01,
    0xC0,0x00,0x01,0xC0,0x00,0x01,0xC0,0x00,0x01,0xC0,0x00,0x01,0x80,0x00,0x03,0x80,
    0x00,0x1F,0x80,0x00,0x1F,0x00,0x00,0x00,0x00,0x00,0x00,0x00,0x00,0x00,0x00,0x00,
    0x00,0x00,0x00,0x00,0x00,0x00,0x00,0x00,0x00,0x00,0x00,0x00,0x00,0x00,0x00,0x00,
    0x00,0x00,0x00,0x00,0x00,0x00,0x00,0x00,0x00,0x00,0x00,0x00,0x00,0x00,0x00,0x00,
    0x00,0x00,0x00,0x00,0x00,0x00,0x00,0x00,0x00,0x00,0x00,0x00,0x00,0x07,0xC0,0x20,
    0x1F,0xF8,0xE0,0x1C,0x7F,0xE0,0x10,0x1F,0x80,0x00,0x00,0x00,0x00,0x00,0x00,0x00,
    0x00,0x00,0x00,0x00,0x00,0x00,0x00,0x00,0x00,0x00,0x00,0x00,0x00,0x00,0x00,0x00,
    0x00,0x00,0x00,0x00,0x00,0x00,0x00,0x00,0x00,0x00,0x00,0x00,0x00,0x00,0x00,0x00,
    0x00,0x00,0x00,0x03,0x80,0x00,0x01,0xC0,0x00,0x00,0xC0,0x00,0x00,0x00,0x00,0x00,
    0x00,0x00,0x01,0xE0,0x00,0x01,0xE0,0x00,0x03,0xE0,0x00,0x03,0xF0,0x00,0x03,0x70,
    0x00,0x07,0x38,0x00,0x07,0x38,0x00,0x0E,0x18,0x00,0x0E,0x1C,0x00,0x0E,0x1C,0x00,
    0x1C,0x0E,0x00,0x1C,0x0E,0x00,0x3F,0xFE,0x00,0x3F,0xFF,0x00,0x38,0x07,0x00,0x70,
    0x03,0x00,0x70,0x03,0x80,0x70,0x03,0x80,0xE0,0x01,0xC0,0x00,0x00,0x00,0x00,0x00,
    0x00,0x00,0x00,0x00,0x00,0x00,0x00,0x00,0x00,0x00,0x00,0x00,0x00,0x00,0x00,0x00,
    0x00,0x00,0x00,0x00,0x70,0x00,0x00,0xE0,0x00,0x01,0xC0,0x00,0x00,0x00,0x00,0x00,
    0x00,0x00,0x01,0xE0,0x00,0x01,0xE0,0x00,0x03,0xE0,0x00,0x03,0xF0,0x00,0x03,0x70,
    0x00,0x07,0x38,0x00,0x07,0x38,0x00,0x0E,0x18,0x00,0x0E,0x1C,0x00,0x0E,0x1C,0x00,
    0x1C,0x0E,0x00,0x1C,0x0E,0x00,0x3F,0xFE,0x00,0x3F,0xFF,0x00,0x38,0x07,0x00,0x70,
    0x03,0x00,0x70,0x03,0x80,0x70,0x03,0x80,0xE0,0x01,0xC0,0x00,0x00,0x00,0x00,0x00,
    0x00,0x00,0x00,0x00,0x00,0x00,0x00,0x00,0x00,0x00,0x00,0x00,0x00,0x00,0x00,0x00,
    0x00,0x00,0x00,0x01,0xE0,0x00,0x03,0xF0,0x00,0x07,0x38,0x00,0x00,0x00,0x00,0x00,
    0x00,0x00,0x01,0xE0,0x00,0x01,0xE0,0x00,0x03,0xE0,0x00,0x03,0xF0,0x00,0x03,0x70,
    0x00,0x07,0x38,0x00,0x07,0x38,0x00,0x0E,0x18,0x00,0x0E,0x1C,0x00,0x0E,0x1C,0x00,
    0x1C,0x0E,0x00,0x1C,0x0E,0x00,0x3F,0xFE,0x00,0x3F,0xFF,0x00,0x38,0x07,0x00,0x70,
    0x03,0x00,0x70,0x03,0x80,0x70,0x03,0x80,0xE0,0x01,0xC0,0x00,0x00,0x00,0x00,0x00,
    0x00,0x00,0x00,0x00,0x00,0x00,0x00,0x00,0x00,0x00,0x00,0x00,0x00,0x00,0x00,0x00,
    0x00,0x00,0x00,0x03,0xD8,0x00,0x07,0xF8,0x00,0x06,0xF0,0x00,0x00,0x00,0x00,0x00,
    0x00,0x00,0x01,0xE0,0x00,0x01,0xE0,0x00,0x03,0xE0,0x00,0x03,0xF0,0x00,0x03,0x70,
    0x00,0x07,0x38,0x00,0x07,0x38,0x00,0x0E,0x18,0x00,0x0E,0x1C,0x00,0x0E,0x1C,0x00,
    0x1C,0x0E,0x00,0x1C,0x0E,0x00,0x3F,0xFE,0x00,0x3F,0xFF,0x00,0x38,0x07,0x00,0x70,
    0x03,0x00,0x70,0x03,0x80,0x70,0x03,0x80,0xE0,0x01,0xC0,0x00,0x00,0x00,0x00,0x00,
    0x00,0x00,0x00,0x00,0x00,0x00,0x00,0x00,0x00,0x00,0x00,0x00,0x00,0x00,0x00,0x00,
    0x00,0x00,0x00,0x07,0x38,0x00,0x07,0x38,0x00,0x07,0x38,0x00,0x00,0x00,0x00,0x00,
    0x00,0x00,0x01,0xE0,0x00,0x01,0xE0,0x00,0x03,0xE0,0x00,0x03,0xF0,0x00,0x03,0x70,
    0x00,0x07,0x38,0x00,0x07,0x38,0x00,0x0E,0x18,0x00,0x0E,0x1C,0x00,0x0E,0x1C,0x00,
    0x1C,0x0E,0x00,0x1C,0x0E,0x00,0x3F,0xFE,0x00,0x3F,0xFF,0x00,0x38,0x07,0x00,0x70,
    0x03,0x00,0x70,0x03,0x80,0x70,0x03,0x80,0xE0,0x01,0xC0,0x00,0x00,0x00,0x00,0x00,
    0x00,0x00,0x00,0x00,0x00,0x00,0x00,0x00,0x00,0x00,0x00,0x00,0x00,0x00,0x00,0x00,
    0x00,0x00,0x00,0x01,0xE0,0x00,0x03,0xF0,0x00,0x07,0x30,0x00,0x06,0x18,0x00,0x07,
    0x30,0x00,0x03,0xF0,0x00,0x01,0xE0,0x00,0x03,0xF0,0x00,0x03,0xF0,0x00,0x07,0x70,
    0x00,0x07,0x38,0x00,0x07,0x38,0x00,0x0E,0x18,0x00,0x0E,0x1C,0x00,0x0E,0x1C,0x00,
    0x1C,0x0E,0x00,0x1C,0x0E,0x00,0x3F,0xFE,0x00,0x3F,0xFF,0x00,0x38,0x07,0x00,0x70,
    0x03,0x00,0x70,0x03,0x80,0x70,0x03,0x80,0xE0,0x01,0xC0,0x00,0x00,0x00,0x00,0x00,
    0x00,0x00,0x00,0x00,0x00,0x00,0x00,0x00,0x00,0x00,0x00,0x00,0x00,0x00,0x00,0x00,
    0x00,0x00,0x00,0x00,0x00,0x00,0x00,0x00,0x00,0x00,0x00,0x00,0x00,0x00,0x00,0x00,
    0x00,0x00,0x00,0x00,0x00,0x00,0x00,0x00,0x00,0xFF,0xFF,0x00,0x01,0xFF,0xFF,0x00,
    0x01,0xDC,0x00,0x00,0x03,0x9C,0x00,0x00,0x03,0x9C,0x00,0x00,0x03,0x9C,0x00,0x00,
    0x07,0x1C,0x00,0x00,0x07,0x1C,0x00,0x00,0x0E,0x1F,0xFE,0x00,0x0E,0x1F,0xFE,0x00,
    0x1C,0x1C,0x00,0x00,0x1C,0x1C,0x00,0x00,0x1F,0xFC,0x00,0x00,0x3F,0xFC,0x00,0x00,
    0x38,0x1C,0x00,0x00,0x70,0x1C,0x00,0x00,0x70,0x1C,0x00,0x00,0x60,0x1F,0xFF,0x00,
    0xE0,0x1F,0xFF,0x00,0x00,0x00,0x00,0x00,0x00,0x00,0x00,0x00,0x00,0x00,0x00,0x00,
    0x00,0x00,0x00,0x00,0x00,0x00,0x00,0x00,0x00,0x00,0x00,0x00,0x00,0x00,0x00,0x00,
    0x00,0x00,0x00,0x00,0x00,0x00,0x00,0x00,0x00,0x00,0x00,0x00,0x00,0x00,0x00,0x00,
    0x00,0x00,0x01,0xFC,0x00,0x07,0xFF,0x00,0x0F,0x87,0x80,0x1E,0x01,0x80,0x3C,0x00,
    0x80,0x38,0x00,0x00,0x38,0x00,0x00,0x78,0x00,0x00,0x70,0x00,0x00,0x70,0x00,0x00,
    0x70,0x00,0x00,0x78,0x00,0x00,0x38,0x00,0x00,0x38,0x00,0x00,0x3C,0x00,0x80,0x1E,
    0x01,0x80,0x0F,0x87,0x80,0x07,0xFF,0x00,0x01,0xFC,0x00,0x00,0x30,0x00,0x00,0x18,
    0x00,0x00,0x18,0x00,0x01,0xF8,0x00,0x01,0xF0,0x00,0x00,0x00,0x00,0x00,0x00,0x00,
    0x00,0x00,0x03,0x00,0x01,0x80,0x00,0xC0,0x00,0x00,0x00,0x00,0x3F,0xFE,0x3F,0xFE,
    0x38,0x00,0x38,0x00,0x38,0x00,0x38,0x00,0x38,0x00,0x38,0x00,0x3F,0xFC,0x3F,0xFC,
    0x38,0x00,0x38,0x00,0x38,0x00,0x38,0x00,0x38,0x00,0x38,0x00,0x38,0x00,0x3F,0xFE,
    0x3F,0xFE,0x00,0x00,0x00,0x00,0x00,0x00,0x00,0x00,0x00,0x00,0x00,0x00,0x00,0x00,
    0x00,0x00,0x00,0x60,0x00,0xC0,0x01,0x80,0x00,0x00,0x00,0x00,0x3F,0xFE,0x3F,0xFE,
    0x38,0x00,0x38,0x00,0x38,0x00,0x38,0x00,0x38,0x00,0x38,0x00,0x3F,0xFC,0x3F,0xFC,
    0x38,0x00,0x38,0x00,0x38,0x00,0x38,0x00,0x38,0x00,0x38,0x00,0x38,0x00,0x3F,0xFE,
    0x3F,0xFE,0x00,0x00,0x00,0x00,0x00,0x00,0x00,0x00,0x00,0x00,0x00,0x00,0x00,0x00,
    0x00,0x00,0x01,0xC0,0x03,0x60,0x06,0x30,0x00,0x00,0x00,0x00,0x3F,0xFE,0x3F,0xFE,
    0x38,0x00,0x38,0x00,0x38,0x00,0x38,0x00,0x38,0x00,0x38,0x00,0x3F,0xFC,0x3F,0xFC,
    0x38,0x00,0x38,0x00,0x38,0x00,0x38,0x00,0x38,0x00,0x38,0x00,0x38,0x00,0x3F,0xFE,
    0x3F,0xFE,0x00,0x00,0x00,0x00,0x00,0x00,0x00,0x00,0x00,0x00,0x00,0x00,0x00,0x00,
    0x00,0x00,0x07,0x70,0x07,0x70,0x07,0x70,0x00,0x00,0x00,0x00,0x3F,0xFE,0x3F,0xFE,
    0x38,0x00,0x38,0x00,0x38,0x00,0x38,0x00,0x38,0x00,0x38,0x00,0x3F,0xFC,0x3F,0xFC,
    0x38,0x00,0x38,0x00,0x38,0x00,0x38,0x00,0x38,0x00,0x38,0x00,0x38,0x00,0x3F,0xFE,
    0x3F,0xFE,0x00,0x00,0x00,0x00,0x00,0x00,0x00,0x00,0x00,0x00,0x00,0x00,0x00,0x00,
    0x00,0x70,0x38,0x18,0x00,0x00,0x38,0x38,0x38,0x38,0x38,0x38,0x38,0x38,0x38,0x38,
    0x38,0x38,0x38,0x38,0x38,0x38,0x38,0x38,0x38,0x00,0x00,0x00,0x00,0x00,0x00,0x00,
    0x00,0x0E,0x1C,0x38,0x00,0x00,0x38,0x38,0x38,0x38,0x38,0x38,0x38,0x38,0x38,0x38,
    0x38,0x38,0x38,0x38,0x38,0x38,0x38,0x38,0x38,0x00,0x00,0x00,0x00,0x00,0x00,0x00,
    0x00,0x3C,0x7E,0xC6,0x00,0x00,0x38,0x38,0x38,0x38,0x38,0x38,0x38,0x38,0x38,0x38,
    0x38,0x38,0x38,0x38,0x38,0x38,0x38,0x38,0x38,0x00,0x00,0x00,0x00,0x00,0x00,0x00,
    0x00,0xE7,0xE7,0xE7,0x00,0x00,0x38,0x38,0x38,0x38,0x38,0x38,0x38,0x38,0x38,0x38,
    0x38,0x38,0x38,0x38,0x38,0x38,0x38,0x38,0x38,0x00,0x00,0x00,0x00,0x00,0x00,0x00,
    0x00,0x00,0x00,0x00,0x00,0x00,0x00,0x00,0x00,0x00,0x00,0x00,0x00,0x00,0x00,0x00,
    0x00,0x00,0x3F,0xF8,0x00,0x3F,0xFE,0x00,0x38,0x1F,0x00,0x38,0x07,0x80,0x38,0x03,
    0xC0,0x38,0x01,0xC0,0x38,0x01,0xC0,0x38,0x00,0xE0,0xFF,0xC0,0xE0,0xFF,0xC0,0xE0,
    0x38,0x00,0xE0,0x38,0x00,0xE0,0x38,0x01,0xC0,0x38,0x01,0xC0,0x38,0x03,0xC0,0x38,
    0x07,0x80,0x38,0x1F,0x00,0x3F,0xFE,0x00,0x3F,0xF8,0x00,0x00,0x00,0x00,0x00,0x00,
    0x00,0x00,0x00,0x00,0x00,0x00,0x00,0x00,0x00,0x00,0x00,0x00,0x00,0x00,0x00,0x00,
    0x00,0x00,0x00,0x03,0xCC,0x00,0x03,0xFC,0x00,0x07,0x78,0x00,0x00,0x00,0x00,0x00,
    0x00,0x00,0x3C,0x03,0x80,0x3E,0x03,0x80,0x3F,0x03,0x80,0x3F,0x03,0x80,0x3B,0x83,
    0x80,0x3B,0x83,0x80,0x39,0xC3,0x80,0x39,0xC3,0x80,0x38,0xE3,0x80,0x38,0xE3,0x80,
    0x38,0x73,0x80,0x38,0x73,0x80,0x38,0x3B,0x80,0x38,0x3B,0x80,0x38,0x1F,0x80,0x38,
    0x1F,0x80,0x38,0x0F,0x80,0x38,0x0F,0x80,0x38,0x07,0x80,0x00,0x00,0x00,0x00,0x00,
    0x00,0x00,0x00,0x00,0x00,0x00,0x00,0x00,0x00,0x00,0x00,0x00,0x00,0x00,0x00,0x00,
    0x00,0x00,0x00,0x01,0xC0,0x00,0x00,0xE0,0x00,0x00,0x70,0x00,0x00,0x00,0x00,0x00,
    0x00,0x00,0x01,0xFC,0x00,0x07,0xFF,0x00,0x0F,0x0F,0x80,0x1E,0x03,0x80,0x3C,0x01,
    0xC0,0x38,0x01,0xE0,0x38,0x00,0xE0,0x78,0x00,0xE0,0x70,0x00,0xE0,0x70,0x00,0xE0,
    0x70,0x00,0xE0,0x78,0x00,0xE0,0x38,0x00,0xE0,0x38,0x01,0xE0,0x3C,0x01,0xC0,0x1E,
    0x03,0x80,0x0F,0x0F,0x80,0x07,0xFF,0x00,0x01,0xFC,0x00,0x00,0x00,0x00,0x00,0x00,
    0x00,0x00,0x00,0x00,0x00,0x00,0x00,0x00,0x00,0x00,0x00,0x00,0x00,0x00,0x00,0x00,
    0x00,0x00,0x00,0x00,0x38,0x00,0x00,0x70,0x00,0x00,0x60,0x00,0x00,0x00,0x00,0x00,
    0x00,0x00,0x01,0xFC,0x00,0x07,0xFF,0x00,0x0F,0x0F,0x80,0x1E,0x03,0x80,0x3C,0x01,
    0xC0,0x38,0x01,0xE0,0x38,0x00,0xE0,0x78,0x00,0xE0,0x70,0x00,0xE0,0x70,0x00,0xE0,
    0x70,0x00,0xE0,0x78,0x00,0xE0,0x38,0x00,0xE0,0x38,0x01,0xE0,0x3C,0x01,0xC0,0x1E,
    0x03,0x80,0x0F,0x0F,0x80,0x07,0xFF,0x00,0x01,0xFC,0x00,0x00,0x00,0x00,0x00,0x00,
    0x00,0x00,0x00,0x00,0x00,0x00,0x00,0x00,0x00,0x00,0x00,0x00,0x00,0x00,0x00,0x00,
    0x00,0x00,0x00,0x00,0xF0,0x00,0x00,0xD8,0x00,0x01,0x8C,0x00,0x00,0x00,0x00,0x00,
    0x00,0x00,0x01,0xFC,0x00,0x07,0xFF,0x00,0x0F,0x0F,0x80,0x1E,0x03,0x80,0x3C,0x01,
    0xC0,0x38,0x01,0xE0,0x38,0x00,0xE0,0x78,0x00,0xE0,0x70,0x00,0xE0,0x70,0x00,0xE0,
    0x70,0x00,0xE0,0x78,0x00,0xE0,0x38,0x00,0xE0,0x38,0x01,0xE0,0x3C,0x01,0xC0,0x1E,
    0x03,0x80,0x0F,0x0F,0x80,0x07,0xFF,0x00,0x01,0xFC,0x00,0x00,0x00,0x00,0x00,0x00,
    0x00,0x00,0x00,0x00,0x00,0x00,0x00,0x00,0x00,0x00,0x00,0x00,0x00,0x00,0x00,0x00,
    0x00,0x00,0x00,0x01,0xEE,0x00,0x03,0xFC,0x00,0x03,0x3C,0x00,0x00,0x00,0x00,0x00,
    0x00,0x00,0x01,0xFC,0x00,0x07,0xFF,0x00,0x0F,0x0F,0x80,0x1E,0x03,0x80,0x3C,0x01,
    0xC0,0x38,0x01,0xE0,0x38,0x00,0xE0,0x78,0x00,0xE0,0x70,0x00,0xE0,0x70,0x00,0xE0,
    0x70,0x00,0xE0,0x78,0x00,0xE0,0x38,0x00,0xE0,0x38,0x01,0xE0,0x3C,0x01,0xC0,0x1E,
    0x03,0x80,0x0F,0x0F,0x80,0x07,0xFF,0x00,0x01,0xFC,0x00,0x00,0x00,0x00,0x00,0x00,
    0x00,0x00,0x00,0x00,0x00,0x00,0x00,0x00,0x00,0x00,0x00,0x00,0x00,0x00,0x00,0x00,
    0x00,0x00,0x00,0x03,0x9C,0x00,0x03,0x9C,0x00,0x03,0x9C,0x00,0x00,0x00,0x00,0x00,
    0x00,0x00,0x01,0xFC,0x00,0x07,0xFF,0x00,0x0F,0x0F,0x80,0x1E,0x03,0x80,0x3C,0x01,
    0xC0,0x38,0x01,0xE0,0x38,0x00,0xE0,0x78,0x00,0xE0,0x70,0x00,0xE0,0x70,0x00,0xE0,
    0x70,0x00,0xE0,0x78,0x00,0xE0,0x38,0x00,0xE0,0x38,0x01,0xE0,0x3C,0x01,0xC0,0x1E,
    0x03,0x80,0x0F,0x0F,0x80,0x07,0xFF,0x00,0x01,0xFC,0x00,0x00,0x00,0x00,0x00,0x00,
    0x00,0x00,0x00,0x00,0x00,0x00,0x00,0x00,0x00,0x00,0x00,0x00,0x00,0x00,0x00,0x00,
    0x00,0x00,0x00,0x00,0x00,0x00,0x00,0x00,0x00,0x00,0x00,0x00,0x00,0x00,0x00,0x00,
    0x00,0x00,0x00,0x00,0x00,0x00,0x00,0x00,0x00,0x00,0x00,0x0C,0x00,0x80,0x0E,0x01,
    0xC0,0x0F,0x03,0xC0,0x07,0x87,0x80,0x03,0xCF,0x00,0x01,0xFE,0x00,0x00,0xFC,0x00,
    0x00,0x78,0x00,0x00,0xFC,0x00,0x01,0xFE,0x00,0x03,0xCF,0x00,0x07,0x87,0x80,0x0F,
    0x03,0xC0,0x0E,0x01,0xC0,0x0C,0x00,0x80,0x00,0x00,0x00,0x00,0x00,0x00,0x00,0x00,
    0x00,0x00,0x00,0x00,0x00,0x00,0x00,0x00,0x00,0x00,0x00,0x00,0x00,0x00,0x00,0x00,
    0x00,0x00,0x00,0x00,0x00,0x00,0x00,0x00,0x00,0x00,0x00,0x00,0x00,0x00,0x00,0x00,
    0x00,0x00,0x01,0xFC,0x60,0x07,0xFF,0xE0,0x0F,0x0F,0xC0,0x1E,0x03,0x80,0x3C,0x07,
    0xC0,0x38,0x0F,0xC0,0x38,0x0C,0xE0,0x78,0x18,0xE0,0x70,0x30,0xE0,0x70,0x70,0xE0,
    0x70,0xE0,0xE0,0x79,0xC0,0xE0,0x3B,0x80,0xE0,0x3F,0x01,0xE0,0x3E,0x01,0xC0,0x1E,
    0x03,0x80,0x1F,0x0F,0x80,0x3F,0xFF,0x00,0x71,0xFC,0x00,0x20,0x00,0x00,0x00,0x00,
    0x00,0x00,0x00,0x00,0x00,0x00,0x00,0x00,0x00,0x00,0x00,0x00,0x00,0x00,0x00,0x00,
    0x00,0x00,0x00,0x01,0x80,0x00,0x00,0xC0,0x00,0x00,0x60,0x00,0x00,0x00,0x00,0x00,
    0x00,0x00,0x38,0x03,0x80,0x38,0x03,0x80,0x38,0x03,0x80,0x38,0x03,0x80,0x38,0x03,
    0x80,0x38,0x03,0x80,0x38,0x03,0x80,0x38,0x03,0x80,0x38,0x03,0x80,0x38,0x03,0x80,
    0x38,0x03,0x80,0x38,0x03,0x80,0x38,0x03,0x80,0x38,0x03,0x80,0x38,0x03,0x80,0x1C,
    0x07,0x00,0x1F,0x0F,0x00,0x0F,0xFE,0x00,0x03,0xF8,0x00,0x00,0x00,0x00,0x00,0x00,
    0x00,0x00,0x00,0x00,0x00,0x00,0x00,0x00,0x00,0x00,0x00,0x00,0x00,0x00,0x00,0x00,
    0x00,0x00,0x00,0x00,0x30,0x00,0x00,0x60,0x00,0x00,0xC0,0x00,0x00,0x00,0x00,0x00,
    0x00,0x00,0x38,0x03,0x80,0x38,0x03,0x80,0x38,0x03,0x80,0x38,0x03,0x80,0x38,0x03,
    0x80,0x38,0x03,0x80,0x38,0x03,0x80,0x38,0x03,0x80,0x38,0x03,0x80,0x38,0x03,0x80,
    0x38,0x03,0x80,0x38,0x03,0x80,0x38,0x03,0x80,0x38,0x03,0x80,0x38,0x03,0x80,0x1C,
    0x07,0x00,0x1F,0x0F,0x00,0x0F,0xFE,0x00,0x03,0xF8,0x00,0x00,0x00,0x00,0x00,0x00,
    0x00,0x00,0x00,0x00,0x00,0x00,0x00,0x00,0x00,0x00,0x00,0x00,0x00,0x00,0x00,0x00,
    0x00,0x00,0x00,0x00,0xE0,0x00,0x01,0xB0,0x00,0x03,0x18,0x00,0x00,0x00,0x00,0x00,
    0x00,0x00,0x38,0x03,0x80,0x38,0x03,0x80,0x38,0x03,0x80,0x38,0x03,0x80,0x38,0x03,
    0x80,0x38,0x03,0x80,0x38,0x03,0x80,0x38,0x03,0x80,0x38,0x03,0x80,0x38,0x03,0x80,
    0x38,0x03,0x80,0x38,0x03,0x80,0x38,0x03,0x80,0x38,0x03,0x80,0x38,0x03,0x80,0x1C,
    0x07,0x00,0x1F,0x0F,0x00,0x0F,0xFE,0x00,0x03,0xF8,0x00,0x00,0x00,0x00,0x00,0x00,
    0x00,0x00,0x00,0x00,0x00,0x00,0x00,0x00,0x00,0x00,0x00,0x00,0x00,0x00,0x00,0x00,
    0x00,0x00,0x00,0x03,0x98,0x00,0x03,0x98,0x00,0x03,0x98,0x00,0x00,0x00,0x00,0x00,
    0x00,0x00,0x38,0x03,0x80,0x38,0x03,0x80,0x38,0x03,0x80,0x38,0x03,0x80,0x38,0x03,
    0x80,0x38,0x03,0x80,0x38,0x03,0x80,0x38,0x03,0x80,0x38,0x03,0x80,0x38,0x03,0x80,
    0x38,0x03,0x80,0x38,0x03,0x80,0x38,0x03,0x80,0x38,0x03,0x80,0x38,0x03,0x80,0x1C,
    0x07,0x00,0x1F,0x0F,0x00,0x0F,0xFE,0x00,0x03,0xF8,0x00,0x00,0x00,0x00,0x00,0x00,
    0x00,0x00,0x00,0x00,0x00,0x00,0x00,0x00,0x00,0x00,0x00,0x00,0x00,0x00,0x00,0x00,
    0x00,0x00,0x00,0xE0,0x01,0xC0,0x03,0x80,0x00,0x00,0x00,0x00,0xE0,0x07,0x70,0x0E,
    0x78,0x1C,0x38,0x1C,0x1C,0x38,0x1E,0x70,0x0E,0x70,0x07,0xE0,0x07,0xC0,0x03,0xC0,
    0x03,0x80,0x03,0x80,0x03,0x80,0x03,0x80,0x03,0x80,0x03,0x80,0x03,0x80,0x03,0x80,
    0x03,0x80,0x00,0x00,0x00,0x00,0x00,0x00,0x00,0x00,0x00,0x00,0x00,0x00,0x00,0x00,
    0x00,0x00,0x00,0x00,0x00,0x00,0x00,0x00,0x00,0x00,0x00,0x00,0x38,0x00,0x38,0x00,
    0x38,0x00,0x3F,0xF0,0x3F,0xF8,0x38,0x3C,0x38,0x1E,0x38,0x0E,0x38,0x0E,0x38,0x0E,
    0x38,0x1E,0x38,0x3C,0x3F,0xF8,0x3F,0xF0,0x38,0x00,0x38,0x00,0x38,0x00,0x38,0x00,
    0x38,0x00,0x00,0x00,0x00,0x00,0x00,0x00,0x00,0x00,0x00,0x00,0x00,0x00,0x00,0x00,
    0x00,0x00,0x00,0x00,0x00,0x00,0x00,0x00,0x00,0x00,0x07,0xE0,0x0F,0xF0,0x1E,0x38,
    0x38,0x18,0x38,0x1C,0x38,0x7C,0x38,0xE0,0x39,0xC0,0x39,0xC0,0x39,0xC0,0x38,0xE0,
    0x38,0xF8,0x38,0x3C,0x38,0x1E,0x38,0x0E,0x38,0x06,0x38,0x0E,0x3B,0x1E,0x3B,0xFC,
    0x39,0xF8,0x00,0x00,0x00,0x00,0x00,0x00,0x00,0x00,0x00,0x00,0x00,0x00,0x00,0x00,
    0x00,0x00,0x00,0x00,0x00,0x00,0x00,0x00,0x1C,0x00,0x0E,0x00,0x07,0x00,0x03,0x00,
    0x01,0x80,0x00,0x00,0x00,0x00,0x0F,0xE0,0x3F,0xF0,0x38,0x78,0x00,0x18,0x00,0x1C,
    0x0F,0xFC,0x1F,0xFC,0x3C,0x1C,0x30,0x1C,0x70,0x1C,0x70,0x3C,0x38,0x7C,0x3F,0xDC,
    0x0F,0x9C,0x00,0x00,0x00,0x00,0x00,0x00,0x00,0x00,0x00,0x00,0x00,0x00,0x00,0x00,
    0x00,0x00,0x00,0x00,0x00,0x00,0x00,0x00,0x00,0x70,0x00,0xE0,0x01,0xC0,0x01,0x80,
    0x03,0x00,0x00,0x00,0x00,0x00,0x0F,0xE0,0x3F,0xF0,0x38,0x78,0x00,0x18,0x00,0x1C,
    0x0F,0xFC,0x1F,0xFC,0x3C,0x1C,0x30,0x1C,0x70,0x1C,0x70,0x3C,0x38,0x7C,0x3F,0xDC,
    0x0F,0x9C,0x00,0x00,0x00,0x00,0x00,0x00,0x00,0x00,0x00,0x00,0x00,0x00,0x00,0x00,
    0x00,0x00,0x00,0x00,0x00,0x00,0x00,0x00,0x03,0x80,0x07,0xC0,0x06,0xC0,0x0E,0x60,
    0x0C,0x60,0x00,0x00,0x00,0x00,0x0F,0xE0,0x3F,0xF0,0x38,0x78,0x00,0x18,0x00,0x1C,
    0x0F,0xFC,0x1F,0xFC,0x3C,0x1C,0x30,0x1C,0x70,0x1C,0x70,0x3C,0x38,0x7C,0x3F,0xDC,
    0x0F,0x9C,0x00,0x00,0x00,0x00,0x00,0x00,0x00,0x00,0x00,0x00,0x00,0x00,0x00,0x00,
    0x00,0x00,0x00,0x00,0x00,0x00,0x00,0x00,0x00,0x00,0x0E,0x30,0x0F,0x30,0x19,0xE0,
    0x18,0xE0,0x00,0x00,0x00,0x00,0x0F,0xE0,0x3F,0xF0,0x38,0x78,0x00,0x18,0x00,0x1C,
    0x0F,0xFC,0x1F,0xFC,0x3C,0x1C,0x30,0x1C,0x70,0x1C,0x70,0x3C,0x38,0x7C,0x3F,0xDC,
    0x0F,0x9C,0x00,0x00,0x00,0x00,0x00,0x00,0x00,0x00,0x00,0x00,0x00,0x00,0x00,0x00,
    0x00,0x00,0x00,0x00,0x00,0x00,0x00,0x00,0x00,0x00,0x0E,0x70,0x0E,0x70,0x0E,0x70,
    0x00,0x00,0x00,0x00,0x00,0x00,0x0F,0xE0,0x3F,0xF0,0x38,0x78,0x00,0x18,0x00,0x1C,
    0x0F,0xFC,0x1F,0xFC,0x3C,0x1C,0x30,0x1C,0x70,0x1C,0x70,0x3C,0x38,0x7C,0x3F,0xDC,
    0x0F,0x9C,0x00,0x00,0x00,0x00,0x00,0x00,0x00,0x00,0x00,0x00,0x00,0x00,0x00,0x00,
    0x00,0x00,0x00,0x00,0x07,0xC0,0x07,0xE0,0x0C,0x60,0x0C,0x60,0x0C,0x60,0x07,0xE0,
    0x07,0xC0,0x00,0x00,0x00,0x00,0x0F,0xE0,0x3F,0xF0,0x38,0x78,0x00,0x18,0x00,0x1C,
    0x0F,0xFC,0x1F,0xFC,0x3C,0x1C,0x30,0x1C,0x70,0x1C,0x70,0x3C,0x38,0x7C,0x3F,0xDC,
    0x0F,0x9C,0x00,0x00,0x00,0x00,0x00,0x00,0x00,0x00,0x00,0x00,0x00,0x00,0x00,0x00,
    0x00,0x00,0x00,0x00,0x00,0x00,0x00,0x00,0x00,0x00,0x00,0x00,0x00,0x00,0x00,0x00,
    0x00,0x00,0x00,0x00,0x00,0x00,0x00,0x00,0x00,0x00,0x00,0x00,0x00,0x00,0x00,0x00,
    0x00,0x00,0x00,0x00,0x00,0x00,0x00,0x00,0x00,0x00,0x00,0x00,0x0F,0xE1,0xF8,0x00,
    0x3F,0xF7,0xFC,0x00,0x38,0x7F,0x0E,0x00,0x00,0x1E,0x07,0x00,0x00,0x1C,0x07,0x00,
    0x0F,0xFC,0x03,0x00,0x1F,0xFF,0xFF,0x00,0x3C,0x1F,0xFF,0x00,0x30,0x1C,0x00,0x00,
    0x70,0x1C,0x00,0x00,0x70,0x3E,0x00,0x00,0x38,0x7F,0x07,0x00,0x3F,0xE7,0xFF,0x00,
    0x0F,0xC1,0xFE,0x00,0x00,0x00,0x00,0x00,0x00,0x00,0x00,0x00,0x00,0x00,0x00,0x00,
    0x00,0x00,0x00,0x00,0x00,0x00,0x00,0x00,0x00,0x00,0x00,0x00,0x00,0x00,0x00,0x00,
    0x00,0x00,0x00,0x00,0x00,0x00,0x00,0x00,0x00,0x00,0x00,0x00,0x00,0x00,0x00,0x00,
    0x00,0x00,0x00,0x00,0x00,0x00,0x07,0xF0,0x0F,0xF8,0x1E,0x18,0x38,0x00,0x38,0x00,
    0x70,0x00,0x70,0x00,0x70,0x00,0x70,0x00,0x38,0x00,0x38,0x00,0x1E,0x18,0x0F,0xF8,
    0x07,0xF0,0x00,0xC0,0x00,0x60,0x00,0x60,0x07,0xE0,0x07,0xC0,0x00,0x00,0x00,0x00,
    0x00,0x00,0x00,0x00,0x00,0x00,0x00,0x00,0x0E,0x00,0x07,0x00,0x03,0x00,0x01,0x80,
    0x01,0xC0,0x00,0x00,0x00,0x00,0x07,0xE0,0x0F,0xF8,0x1E,0x3C,0x38,0x1C,0x38,0x0E,
    0x70,0x0E,0x7F,0xFE,0x7F,0xFE,0x70,0x00,0x30,0x00,0x38,0x00,0x1E,0x0C,0x0F,0xFC,
    0x07,0xF8,0x00,0x00,0x00,0x00,0x00,0x00,0x00,0x00,0x00,0x00,0x00,0x00,0x00,0x00,
    0x00,0x00,0x00,0x00,0x00,0x00,0x00,0x00,0x00,0x70,0x00,0x70,0x00,0xE0,0x01,0xC0,
    0x01,0x80,0x00,0x00,0x00,0x00,0x07,0xE0,0x0F,0xF8,0x1E,0x3C,0x38,0x1C,0x38,0x0E,
    0x70,0x0E,0x7F,0xFE,0x7F,0xFE,0x70,0x00,0x30,0x00,0x38,0x00,0x1E,0x0C,0x0F,0xFC,
    0x07,0xF8,0x00,0x00,0x00,0x00,0x00,0x00,0x00,0x00,0x00,0x00,0x00,0x00,0x00,0x00,
    0x00,0x00,0x00,0x00,0x00,0x00,0x00,0x00,0x01,0xC0,0x03,0xC0,0x03,0x60,0x06,0x70,
    0x0E,0x30,0x00,0x00,0x00,0x00,0x07,0xE0,0x0F,0xF8,0x1E,0x3C,0x38,0x1C,0x38,0x0E,
    0x70,0x0E,0x7F,0xFE,0x7F,0xFE,0x70,0x00,0x30,0x00,0x38,0x00,0x1E,0x0C,0x0F,0xFC,
    0x07,0xF8,0x00,0x00,0x00,0x00,0x00,0x00,0x00,0x00,0x00,0x00,0x00,0x00,0x00,0x00,
    0x00,0x00,0x00,0x00,0x00,0x00,0x00,0x00,0x00,0x00,0x0E,0x70,0x0E,0x70,0x0E,0x70,
    0x00,0x00,0x00,0x00,0x00,0x00,0x07,0xE0,0x0F,0xF8,0x1E,0x3C,0x38,0x1C,0x38,0x0E,
    0x70,0x0E,0x7F,0xFE,0x7F,0xFE,0x70,0x00,0x30,0x00,0x38,0x00,0x1E,0x0C,0x0F,0xFC,
    0x07,0xF8,0x00,0x00,0x00,0x00,0x00,0x00,0x00,0x00,0x00,0x00,0x00,0x00,0x00,0x00,
    0x00,0x00,0x00,0x00,0xC0,0xE0,0x70,0x30,0x18,0x00,0x00,0x38,0x38,0x38,0x38,0x38,
    0x38,0x38,0x38,0x38,0x38,0x38,0x38,0x38,0x38,0x00,0x00,0x00,0x00,0x00,0x00,0x00,
    0x00,0x00,0x00,0x00,0x06,0x0E,0x1C,0x18,0x30,0x00,0x00,0x38,0x38,0x38,0x38,0x38,
    0x38,0x38,0x38,0x38,0x38,0x38,0x38,0x38,0x38,0x00,0x00,0x00,0x00,0x00,0x00,0x00,
    0x00,0x00,0x00,0x00,0x38,0x3C,0x6C,0xE6,0xC6,0x00,0x00,0x38,0x38,0x38,0x38,0x38,
    0x38,0x38,0x38,0x38,0x38,0x38,0x38,0x38,0x38,0x00,0x00,0x00,0x00,0x00,0x00,0x00,
    0x00,0x00,0x00,0x00,0x00,0xE6,0xE6,0xE6,0x00,0x00,0x00,0x38,0x38,0x38,0x38,0x38,
    0x38,0x38,0x38,0x38,0x38,0x38,0x38,0x38,0x38,0x00,0x00,0x00,0x00,0x00,0x00,0x00,
    0x00,0x00,0x00,0x00,0x00,0x00,0x00,0x00,0x00,0x00,0x0E,0x08,0x07,0x78,0x03,0xE0,
    0x1F,0xC0,0x1C,0xE0,0x00,0xF0,0x07,0xF0,0x1F,0xF8,0x1E,0x3C,0x38,0x1C,0x38,0x1C,
    0x70,0x0E,0x70,0x0E,0x70,0x0E,0x70,0x0E,0x38,0x1C,0x38,0x1C,0x1C,0x78,0x1F,0xF0,
    0x07,0xE0,0x00,0x00,0x00,0x00,0x00,0x00,0x00,0x00,0x00,0x00,0x00,0x00,0x00,0x00,
    0x00,0x00,0x00,0x00,0x00,0x00,0x00,0x00,0x00,0x00,0x07,0x18,0x07,0x98,0x0C,0xF0,
    0x0C,0x70,0x00,0x00,0x00,0x00,0x39,0xF0,0x3B,0xF8,0x3E,0x3C,0x3C,0x1C,0x38,0x0C,
    0x38,0x0C,0x38,0x0C,0x38,0x0C,0x38,0x0C,0x38,0x0C,0x38,0x0C,0x38,0x0C,0x38,0x0C,
    0x38,0x0C,0x00,0x00,0x00,0x00,0x00,0x00,0x00,0x00,0x00,0x00,0x00,0x00,0x00,0x00,
    0x00,0x00,0x00,0x00,0x00,0x00,0x00,0x00,0x0E,0x00,0x06,0x00,0x07,0x00,0x03,0x80,
    0x01,0xC0,0x00,0x00,0x00,0x00,0x07,0xE0,0x1F,0xF8,0x1C,0x78,0x38,0x1C,0x38,0x1C,
    0x70,0x0E,0x70,0x0E,0x70,0x0E,0x70,0x0E,0x38,0x1C,0x38,0x1C,0x1C,0x38,0x1F,0xF8,
    0x07,0xE0,0x00,0x00,0x00,0x00,0x00,0x00,0x00,0x00,0x00,0x00,0x00,0x00,0x00,0x00,
    0x00,0x00,0x00,0x00,0x00,0x00,0x00,0x00,0x00,0x70,0x00,0xE0,0x00,0xC0,0x01,0xC0,
    0x03,0x80,0x00,0x00,0x00,0x00,0x07,0xE0,0x1F,0xF8,0x1C,0x78,0x38,0x1C,0x38,0x1C,
    0x70,0x0E,0x70,0x0E,0x70,0x0E,0x70,0x0E,0x38,0x1C,0x38,0x1C,0x1C,0x38,0x1F,0xF8,
    0x07,0xE0,0x00,0x00,0x00,0x00,0x00,0x00,0x00,0x00,0x00,0x00,0x00,0x00,0x00,0x00,
    0x00,0x00,0x00,0x00,0x00,0x00,0x00,0x00,0x01,0x80,0x03,0xC0,0x07,0xE0,0x06,0x60,
    0x0C,0x30,0x00,0x00,0x00,0x00,0x07,0xE0,0x1F,0xF8,0x1C,0x78,0x38,0x1C,0x38,0x1C,
    0x70,0x0E,0x70,0x0E,0x70,0x0E,0x70,0x0E,0x38,0x1C,0x38,0x1C,0x1C,0x38,0x1F,0xF8,
    0x07,0xE0,0x00,0x00,0x00,0x00,0x00,0x00,0x00,0x00,0x00,0x00,0x00,0x00,0x00,0x00,
    0x00,0x00,0x00,0x00,0x00,0x00,0x00,0x00,0x00,0x00,0x07,0x30,0x0F,0xB0,0x0D,0xF0,
    0x0C,0xE0,0x00,0x00,0x00,0x00,0x07,0xE0,0x1F,0xF8,0x1C,0x78,0x38,0x1C,0x38,0x1C,
    0x70,0x0E,0x70,0x0E,0x70,0x0E,0x70,0x0E,0x38,0x1C,0x38,0x1C,0x1C,0x38,0x1F,0xF8,
    0x07,0xE0,0x00,0x00,0x00,0x00,0x00,0x00,0x00,0x00,0x00,0x00,0x00,0x00,0x00,0x00,
    0x00,0x00,0x00,0x00,0x00,0x00,0x00,0x00,0x00,0x00,0x0E,0x70,0x0E,0x70,0x0E,0x70,
    0x00,0x00,0x00,0x00,0x00,0x00,0x07,0xE0,0x1F,0xF8,0x1C,0x78,0x38,0x1C,0x38,0x1C,
    0x70,0x0E,0x70,0x0E,0x70,0x0E,0x70,0x0E,0x38,0x1C,0x38,0x1C,0x1C,0x38,0x1F,0xF8,
    0x07,0xE0,0x00,0x00,0x00,0x00,0x00,0x00,0x00,0x00,0x00,0x00,0x00,0x00,0x00,0x00,
    0x00,0x00,0x00,0x00,0x00,0x00,0x00,0x00,0x00,0x00,0x00,0x00,0x00,0x00,0x00,0x00,
    0x00,0x00,0x00,0x00,0x00,0x00,0x00,0x00,0x00,0x00,0x00,0x00,0x00,0x00,0x00,0x00,
    0x00,0x00,0x78,0x00,0x00,0x78,0x00,0x00,0x78,0x00,0x00,0x00,0x00,0x00,0x00,0x00,
    0x1F,0xFF,0xE0,0x1F,0xFF,0xE0,0x00,0x00,0x00,0x00,0x00,0x00,0x00,0x78,0x00,0x00,
    0x78,0x00,0x00,0x78,0x00,0x00,0x00,0x00,0x00,0x00,0x00,0x00,0x00,0x00,0x00,0x00,
    0x00,0x00,0x00,0x00,0x00,0x00,0x00,0x00,0x00,0x00,0x00,0x00,0x00,0x00,0x00,0x00,
    0x00,0x00,0x00,0x00,0x00,0x00,0x00,0x00,0x00,0x00,0x00,0x00,0x00,0x00,0x00,0x00,
    0x00,0x00,0x00,0x00,0x00,0x04,0x07,0xEE,0x1F,0xFC,0x3C,0x78,0x38,0x3C,0x38,0x7C,
    0x70,0xEE,0x71,0xCE,0x73,0x8E,0x77,0x0E,0x3E,0x1C,0x3C,0x1C,0x3C,0x38,0x3F,0xF8,
    0x67,0xE0,0x60,0x00,0x00,0x00,0x00,0x00,0x00,0x00,0x00,0x00,0x00,0x00,0x00,0x00,
    0x00,0x00,0x00,0x00,0x00,0x00,0x00,0x00,0x0E,0x00,0x06,0x00,0x03,0x00,0x03,0x80,
    0x01,0xC0,0x00,0x00,0x00,0x00,0x38,0x0C,0x38,0x0C,0x38,0x0C,0x38,0x0C,0x38,0x0C,
    0x38,0x0C,0x38,0x0C,0x38,0x0C,0x38,0x1C,0x38,0x1C,0x38,0x1C,0x1C,0x7C,0x1F,0xEC,
    0x07,0xCC,0x00,0x00,0x00,0x00,0x00,0x00,0x00,0x00,0x00,0x00,0x00,0x00,0x00,0x00,
    0x00,0x00,0x00,0x00,0x00,0x00,0x00,0x00,0x00,0x70,0x00,0x60,0x00,0xC0,0x01,0xC0,
    0x03,0x80,0x00,0x00,0x00,0x00,0x38,0x0C,0x38,0x0C,0x38,0x0C,0x38,0x0C,0x38,0x0C,
    0x38,0x0C,0x38,0x0C,0x38,0x0C,0x38,0x1C,0x38,0x1C,0x38,0x1C,0x1C,0x7C,0x1F,0xEC,
    0x07,0xCC,0x00,0x00,0x00,0x00,0x00,0x00,0x00,0x00,0x00,0x00,0x00,0x00,0x00,0x00,
    0x00,0x00,0x00,0x00,0x00,0x00,0x00,0x00,0x01,0x80,0x03,0xC0,0x07,0xE0,0x06,0x60,
    0x0C,0x30,0x00,0x00,0x00,0x00,0x38,0x0C,0x38,0x0C,0x38,0x0C,0x38,0x0C,0x38,0x0C,
    0x38,0x0C,0x38,0x0C,0x38,0x0C,0x38,0x1C,0x38,0x1C,0x38,0x1C,0x1C,0x7C,0x1F,0xEC,
    0x07,0xCC,0x00,0x00,0x00,0x00,0x00,0x00,0x00,0x00,0x00,0x00,0x00,0x00,0x00,0x00,
    0x00,0x00,0x00,0x00,0x00,0x00,0x00,0x00,0x00,0x00,0x0E,0x70,0x0E,0x70,0x0E,0x70,
    0x00,0x00,0x00,0x00,0x00,0x00,0x38,0x0C,0x38,0x0C,0x38,0x0C,0x38,0x0C,0x38,0x0C,
    0x38,0x0C,0x38,0x0C,0x38,0x0C,0x38,0x1C,0x38,0x1C,0x38,0x1C,0x1C,0x7C,0x1F,0xEC,
    0x07,0xCC,0x00,0x00,0x00,0x00,0x00,0x00,0x00,0x00,0x00,0x00,0x00,0x00,0x00,0x00,
    0x00,0x00,0x00,0x00,0x00,0x00,0x00,0x00,0x00,0x70,0x00,0xE0,0x01,0xC0,0x01,0x80,
    0x03,0x00,0x00,0x00,0x00,0x00,0x70,0x0E,0x70,0x1C,0x30,0x1C,0x38,0x18,0x38,0x38,
    0x1C,0x30,0x1C,0x70,0x0C,0x70,0x0E,0xE0,0x06,0xE0,0x07,0xC0,0x07,0xC0,0x03,0xC0,
    0x03,0x80,0x03,0x80,0x03,0x00,0x07,0x00,0x3E,0x00,0x3C,0x00,0x00,0x00,0x00,0x00,
    0x00,0x00,0x00,0x00,0x00,0x00,0x00,0x00,0x00,0x00,0x38,0x00,0x38,0x00,0x38,0x00,
    0x38,0x00,0x38,0x00,0x38,0x00,0x39,0xF0,0x3B,0xF8,0x3E,0x3C,0x3C,0x1E,0x38,0x0E,
    0x38,0x0E,0x38,0x0E,0x38,0x0E,0x38,0x0E,0x38,0x0E,0x3C,0x1E,0x3E,0x3C,0x3B,0xF8,
    0x39,0xF0,0x38,0x00,0x38,0x00,0x38,0x00,0x38,0x00,0x38,0x00,0x00,0x00,0x00,0x00,
    0x00,0x00,0x00,0x00,0x00,0x00,0x00,0x00,0x00,0x00,0x0E,0x70,0x0E,0x70,0x0E,0x70,
    0x00,0x00,0x00,0x00,0x00,0x00,0x70,0x0E,0x70,0x1C,0x30,0x1C,0x38,0x18,0x38,0x38,
    0x1C,0x30,0x1C,0x70,0x0C,0x70,0x0E,0xE0,0x06,0xE0,0x07,0xC0,0x07,0xC0,0x03,0xC0,
    0x03,0x80,0x03,0x80,0x03,0x00,0x07,0x00,0x3E,0x00,0x3C,0x00,0x00,0x00,0x00,0x00,
    0x00,0x00,0x00,0x00,0x00,0x00,0x00,0x00,0x00,0x00,0x00,0x00,0x00,0x00,0x00,0x00,
    0x00,0x00,0x00,0x00,0x00,0x00,0x00,0x00,0x00,0xFF,0xFF,0xC0,0x07,0xFF,0xFF,0xC0,
    0x0F,0x83,0x80,0x00,0x1E,0x03,0x80,0x00,0x3C,0x03,0x80,0x00,0x38,0x03,0x80,0x00,
    0x38,0x03,0x80,0x00,0x78,0x03,0x80,0x00,0x70,0x03,0xFF,0xC0,0x70,0x03,0xFF,0xC0,
    0x70,0x03,0x80,0x00,0x78,0x03,0x80,0x00,0x38,0x03,0x80,0x00,0x38,0x03,0x80,0x00,
    0x3C,0x03,0x80,0x00,0x1E,0x03,0x80,0x00,0x0F,0x83,0x80,0x00,0x07,0xFF,0xFF,0xC0,
    0x00,0xFF,0xFF,0xC0,0x00,0x00,0x00,0x00,0x00,0x00,0x00,0x00,0x00,0x00,0x00,0x00,
    0x00,0x00,0x00,0x00,0x00,0x00,0x00,0x00,0x00,0x00,0x00,0x00,0x00,0x00,0x00,0x00,
    0x00,0x00,0x00,0x00,0x00,0x00,0x00,0x00,0x00,0x00,0x00,0x00,0x00,0x00,0x00,0x00,
    0x00,0x00,0x00,0x00,0x00,0x00,0x00,0x00,0x00,0x00,0x00,0x00,0x00,0x00,0x00,0x00,
    0x00,0x00,0x00,0x00,0x00,0x00,0x00,0x00,0x00,0x00,0x00,0x00,0x07,0xE0,0xFC,0x00,
    0x1F,0xF3,0xFE,0x00,0x1C,0x7F,0x87,0x00,0x38,0x1F,0x03,0x80,0x38,0x1E,0x03,0x80,
    0x70,0x0E,0x01,0x80,0x70,0x0F,0xFF,0x80,0x70,0x0F,0xFF,0x80,0x70,0x0E,0x00,0x00,
    0x38,0x1E,0x00,0x00,0x38,0x1F,0x00,0x00,0x1C,0x3F,0x83,0x80,0x1F,0xF3,0xFF,0x80,
    0x07,0xE0,0xFF,0x00,0x00,0x00,0x00,0x00,0x00,0x00,0x00,0x00,0x00,0x00,0x00,0x00,
    0x00,0x00,0x00,0x00,0x00,0x00,0x00,0x00,0x00,0x00,0x00,0x00,0x00,0x00,0x00,0x00,
    0x00,0x00,0x06,0x30,0x03,0x60,0x03,0xC0,0x00,0x00,0x00,0x00,0x07,0xF8,0x1F,0xFC,
    0x3E,0x1C,0x38,0x04,0x38,0x00,0x38,0x00,0x38,0x00,0x3C,0x00,0x1F,0xE0,0x0F,0xF8,
    0x01,0xFC,0x00,0x1E,0x00,0x0E,0x00,0x0E,0x00,0x0E,0x20,0x0E,0x3C,0x3C,0x3F,0xFC,
    0x1F,0xF0,0x00,0x00,0x00,0x00,0x00,0x00,0x00,0x00,0x00,0x00,0x00,0x00,0x00,0x00,
    0x00,0x00,0x00,0x00,0x00,0x00,0x00,0x00,0x18,0x60,0x0C,0xC0,0x0F,0xC0,0x07,0x80,
    0x03,0x00,0x00,0x00,0x00,0x00,0x0F,0xE0,0x3F,0xF0,0x38,0x30,0x70,0x00,0x70,0x00,
    0x3C,0x00,0x3F,0xC0,0x0F,0xE0,0x00,0xF0,0x00,0x70,0x00,0x30,0x70,0xF0,0x7F,0xE0,
    0x3F,0xC0,0x00,0x00,0x00,0x00,0x00,0x00,0x00,0x00,0x00,0x00,0x00,0x00,0x00,0x00,
    0x00,0x00,0x00,0x07,0x38,0x00,0x03,0xF0,0x00,0x01,0xE0,0x00,0x00,0x00,0x00,0x00,
    0x00,0x00,0x7F,0xFF,0x80,0x7F,0xFF,0x80,0x00,0x07,0x00,0x00,0x0E,0x00,0x00,0x1E,
    0x00,0x00,0x3C,0x00,0x00,0x78,0x00,0x00,0x70,0x00,0x00,0xE0,0x00,0x01,0xE0,0x00,
    0x03,0xC0,0x00,0x07,0x80,0x00,0x07,0x00,0x00,0x0E,0x00,0x00,0x1E,0x00,0x00,0x3C,
    0x00,0x00,0x78,0x00,0x00,0x7F,0xFF,0x80,0x7F,0xFF,0x80,0x00,0x00,0x00,0x00,0x00,
    0x00,0x00,0x00,0x00,0x00,0x00,0x00,0x00,0x00,0x00,0x00,0x00,0x00,0x00,0x00,0x00,
    0x00,0x00,0x00,0x00,0x00,0x00,0x00,0x00,0x18,0x60,0x0C,0xC0,0x0D,0xC0,0x07,0x80,
    0x07,0x00,0x00,0x00,0x00,0x00,0x7F,0xF8,0x7F,0xF8,0x00,0x70,0x00,0xE0,0x01,0xE0,
    0x01,0xC0,0x03,0x80,0x07,0x00,0x0E,0x00,0x1C,0x00,0x38,0x00,0x70,0x00,0x7F,0xF8,
    0x7F,0xF8,0x00,0x00,0x00,0x00,0x00,0x00,0x00,0x00,0x00,0x00,0x00,0x00,0x00,0x00,
    0x00,0x00,0x0E,0x70,0x0E,0x70,0x0E,0x70,0x00,0x00,0x00,0x00,0xE0,0x07,0x70,0x0E,
    0x78,0x1C,0x38,0x1C,0x1C,0x38,0x1E,0x70,0x0E,0x70,0x07,0xE0,0x07,0xC0,0x03,0xC0,
    0x03,0x80,0x03,0x80,0x03,0x80,0x03,0x80,0x03,0x80,0x03,0x80,0x03,0x80,0x03,0x80,
    0x03,0x80,0x00,0x00,0x00,0x00,0x00,0x00,0x00,0x00,0x00,0x00,0x00,0x00,0x00,0x00,
    0x00,0x00,0x00,0x00,0x00,0x00,0x00,0x00,0x00,0x00,0x00,0x00,0x00,0x00,0x00,0x00,
    0x00,0x00,0x00,0x00,0x00,0x00,0x00,0x00,0x00,0x00,0x00,0x00,0x00,0x00,0x00,0x00,
    0x00,0x00,0x7F,0xF0,0x7F,0xF0,0x00,0x00,0x00,0x00,0x00,0x00,0x00,0x00,0x00,0x00,
    0x00,0x00,0x00,0x00,0x00,0x00,0x00,0x00,0x00,0x00,0x00,0x00,0x00,0x00,0x00,0x00,
    0x00,0x00,0x00,0x00,0x00,0x00,0x00,0x00,0x00,0x00,0x00,0x00,0x00,0x00,0x00,0x00,
    0x00,0x00,0x00,0x00,0x00,0x00,0x00,0x00,0x00,0x00,0x00,0x00,0x00,0x00,0x00,0x00,
    0x00,0x00,0x00,0x00,0x00,0x00,0x00,0x00,0x00,0x00,0x00,0x00,0x00,0x00,0x00,0x00,
    0x00,0x00,0x00,0x00,0x00,0x00,0x00,0x00,0x00,0x00,0x00,0x00,0x00,0x00,0x00,0x00,
    0x00,0x00,0x00,0x00,0x7F,0xFF,0xFF,0x80,0x7F,0xFF,0xFF,0x80,0x00,0x00,0x00,0x00,
    0x00,0x00,0x00,0x00,0x00,0x00,0x00,0x00,0x00,0x00,0x00,0x00,0x00,0x00,0x00,0x00,
    0x00,0x00,0x00,0x00,0x00,0x00,0x00,0x00,0x00,0x00,0x00,0x00,0x00,0x00,0x00,0x00,
    0x00,0x00,0x00,0x00,0x00,0x00,0x00,0x00,0x00,0x00,0x00,0x00,0x00,0x00,0x00,0x00,
    0x00,0x00,0x00,0x00,0x00,0x00,0x0C,0x1C,0x18,0x38,0x38,0x38,0x00,0x00,0x00,0x00,
    0x00,0x00,0x00,0x00,0x00,0x00,0x00,0x00,0x00,0x00,0x00,0x00,0x00,0x00,0x00,0x00,
    0x00,0x00,0x00,0x00,0x00,0x00,0x1C,0x1C,0x1C,0x18,0x38,0x30,0x00,0x00,0x00,0x00,
    0x00,0x00,0x00,0x00,0x00,0x00,0x00,0x00,0x00,0x00,0x00,0x00,0x00,0x00,0x00,0x00,
    0x00,0x00,0x00,0x00,0x00,0x00,0x00,0x00,0x00,0x00,0x00,0x00,0x0C,0x60,0x1C,0x60,
    0x18,0xE0,0x39,0xC0,0x39,0xC0,0x39,0xC0,0x00,0x00,0x00,0x00,0x00,0x00,0x00,0x00,
    0x00,0x00,0x00,0x00,0x00,0x00,0x00,0x00,0x00,0x00,0x00,0x00,0x00,0x00,0x00,0x00,
    0x00,0x00,0x00,0x00,0x00,0x00,0x00,0x00,0x00,0x00,0x00,0x00,0x00,0x00,0x00,0x00,
    0x00,0x00,0x00,0x00,0x00,0x00,0x00,0x00,0x00,0x00,0x00,0x00,0x1C,0xE0,0x1C,0xE0,
    0x1C,0xE0,0x18,0xE0,0x38,0xC0,0x31,0xC0,0x00,0x00,0x00,0x00,0x00,0x00,0x00,0x00,
    0x00,0x00,0x00,0x00,0x00,0x00,0x00,0x00,0x00,0x00,0x00,0x00,0x00,0x00,0x00,0x00,
    0x00,0x00,0x00,0x00,0x00,0x00,0x00,0x00,0x00,0x00,0x00,0x00,0x00,0x00,0x00,0x00,
    0x00,0x00,0x00,0x00,0x00,0x00,0x00,0x00,0x00,0x00,0x00,0x00,0x00,0x00,0x00,0x00,
    0x00,0x00,0x00,0x00,0x00,0x00,0x00,0x00,0x03,0xC0,0x07,0xE0,0x0F,0xE0,0x0F,0xF0,
    0x0F,0xF0,0x0F,0xE0,0x07,0xE0,0x03,0xC0,0x00,0x00,0x00,0x00,0x00,0x00,0x00,0x00,
    0x00,0x00,0x00,0x00,0x00,0x00,0x00,0x00,0x00,0x00,0x00,0x00,0x00,0x00,0x00,0x00,
    0x00,0x00,0x00,0x00,0x00,0x00,0x00,0x00,0x00,0x00,0x00,0x00,0x00,0x00,0x00,0x00,
    0x00,0x00,0x00,0x00,0x00,0x00,0x00,0x00,0x00,0x00,0x00,0x00,0x00,0x00,0x00,0x00,
    0x00,0x00,0x00,0x00,0x00,0x00,0x00,0x00,0x00,0x00,0x00,0x00,0x00,0x00,0x00,0x00,
    0x00,0x00,0x00,0x00,0x00,0x00,0x00,0x00,0x00,0x00,0x00,0x00,0x00,0x00,0x00,0x00,
    0x00,0x00,0x00,0x00,0x00,0x00,0x00,0x00,0x00,0x00,0x00,0x00,0x00,0x00,0x00,0x00,
    0x00,0x00,0x00,0x00,0x00,0x00,0x00,0x00,0x1C,0x1E,0x0E,0x00,0x1C,0x1E,0x0E,0x00,
    0x1C,0x1E,0x0E,0x00,0x00,0x00,0x00,0x00,0x00,0x00,0x00,0x00,0x00,0x00,0x00,0x00,
    0x00,0x00,0x00,0x00,0x00,0x00,0x00,0x00,0x00,0x00,0x00,0x00,0x00,0x00,0x00,0x00,
};
const FontGlyph FONT_32_REG_GLYPHS[174] PROGMEM = {
    {8, 0},
    {10, 32},
    {12, 96},
    {22, 160},
    {17, 256},
    {25, 352},
    {20, 480},
    {7, 576},
    {10, 608},
    {10, 672},
    {13, 736},
    {22, 800},
    {8, 896},
    {9, 928},
    {8, 992},
    {9, 1024},
    {17, 1088},
    {17, 1184},
    {17, 1280},
    {17, 1376},
    {17, 1472},
    {17, 1568},
    {17, 1664},
    {17, 1760},
    {17, 1856},
    {17, 1952},
    {9, 2048},
    {9, 2112},
    {22, 2176},
    {22, 2272},
    {22, 2368},
    {14, 2464},
    {26, 2528},
    {18, 2656},
    {18, 2752},
    {18, 2848},
    {20, 2944},
    {16, 3040},
    {15, 3104},
    {20, 3168},
    {20, 3264},
    {8, 3360},
    {8, 3392},
    {17, 3424},
    {14, 3520},
    {22, 3584},
    {19, 3680},
    {20, 3776},
    {16, 3872},
    {20, 3936},
    {18, 4032},
    {16, 4128},
    {16, 4192},
    {19, 4256},
    {18, 4352},
    {26, 4448},
    {18, 4576},
    {16, 4672},
    {18, 4736},
    {10, 4832},
    {9, 4896},
    {10, 4960},
    {22, 5024},
    {13, 5120},
    {13, 5184},
    {16, 5248},
    {16, 5312},
    {14, 5376},
    {16, 5440},
    {16, 5504},
    {9, 5568},
    {16, 5632},
    {16, 5696},
    {7, 5760},
    {7, 5792},
    {15, 5824},
    {7, 5888},
    {25, 5920},
    {16, 6048},
    {16, 6112},
    {16, 6176},
    {16, 6240},
    {11, 6304},
    {14, 6368},
    {10, 6432},
    {16, 6496},
    {15, 6560},
    {21, 6624},
    {15, 6720},
    {15, 6784},
    {14, 6848},
    {17, 6912},
    {9, 7008},
    {17, 7072},
    {22, 7168},
    {18, 7264},
    {18, 7360},
    {18, 7456},
    {18, 7552},
    {18, 7648},
    {18, 7744},
    {25, 7840},
    {18, 7968},
    {16, 8064},
    {16, 8128},
    {16, 8192},
    {16, 8256},
    {8, 8320},
    {8, 8352},
    {8, 8384},
    {8, 8416},
    {20, 8448},
    {19, 8544},
    {20, 8640},
    {20, 8736},
    {20, 8832},
    {20, 8928},
    {20, 9024},
    {22, 9120},
    {20, 9216},
    {19, 9312},
    {19, 9408},
    {19, 9504},
    {19, 9600},
    {16, 9696},
    {16, 9760},
    {16, 9824},
    {16, 9888},
    {16, 9952},
    {16, 10016},
    {16, 10080},
    {16, 10144},
    {16, 10208},
    {26, 10272},
    {14, 10400},
    {16, 10464},
    {16, 10528},
    {16, 10592},
    {16, 10656},
    {7, 10720},
    {7, 10752},
    {7, 10784},
    {7, 10816},
    {16, 10848},
    {16, 10912},
    {16, 10976},
    {16, 11040},
    {16, 11104},
    {16, 11168},
    {16, 11232},
    {22, 11296},
    {16, 11392},
    {16, 11456},
    {16, 11520},
    {16, 11584},
    {16, 11648},
    {15, 11712},
    {16, 11776},
    {15, 11840},
    {28, 11904},
    {27, 12032},
    {16, 12160},
    {14, 12224},
    {18, 12288},
    {14, 12384},
    {16, 12448},
    {13, 12512},
    {26, 12576},
    {8, 12704},
    {8, 12736},
    {13, 12768},
    {13, 12832},
    {15, 12896},
    {26, 12960},
};
const UiFont FONT_32_REG = {32, FONT_32_REG_GLYPHS, FONT_32_REG_BITS};

const uint8_t FONT_32_BOLD_BITS[] PROGMEM = {
    0x00,0x00,0x00,0x00,0x00,0x00,0x00,0x00,0x00,0x00,0x00,0x00,0x00,0x00,0x00,0x00,
    0x00,0x00,0x00,0x00,0x00,0x00,0x00,0x00,0x00,0x00,0x00,0x00,0x00,0x00,0x00,0x00,
    0x00,0x00,0x00,0x00,0x00,0x00,0x00,0x00,0x00,0x00,0x00,0x00,0x00,0x00,0x00,0x00,
    0x00,0x00,0x00,0x00,0x00,0x00,0x00,0x00,0x00,0x00,0x00,0x00,0x00,0x00,0x00,0x00,
    0x00,0x00,0x00,0x00,0x00,0x00,0x00,0x00,0x00,0x00,0x00,0x00,0x1F,0x00,0x1F,0x00,
    0x1F,0x00,0x1F,0x00,0x1F,0x00,0x1F,0x00,0x1F,0x00,0x0F,0x00,0x0F,0x00,0x0F,0x00,
    0x0F,0x00,0x0F,0x00,0x00,0x00,0x00,0x00,0x1F,0x00,0x1F,0x00,0x1F,0x00,0x1F,0x00,
    0x1F,0x00,0x00,0x00,0x00,0x00,0x00,0x00,0x00,0x00,0x00,0x00,0x00,0x00,0x00,0x00,
    0x00,0x00,0x00,0x00,0x00,0x00,0x00,0x00,0x00,0x00,0x00,0x00,0x3C,0xE0,0x3C,0xE0,
    0x3C,0xE0,0x3C,0xE0,0x3C,0xE0,0x3C,0xE0,0x3C,0xE0,0x00,0x00,0x00,0x00,0x00,0x00,
    0x00,0x00,0x00,0x00,0x00,0x00,0x00,0x00,0x00,0x00,0x00,0x00,0x00,0x00,0x00,0x00,
    0x00,0x00,0x00,0x00,0x00,0x00,0x00,0x00,0x00,0x00,0x00,0x00,0x00,0x00,0x00,0x00,
    0x00,0x00,0x00,0x00,0x00,0x00,0x00,0x00,0x00,0x00,0x00,0x00,0x00,0x00,0x00,0x00,
    0x00,0x00,0x00,0xF1,0xC0,0x00,0xE3,0xC0,0x00,0xE3,0x80,0x00,0xE3,0x80,0x01,0xE3,
    0x80,0x1F,0xFF,0xF0,0x1F,0xFF,0xF0,0x1F,0xFF,0xF0,0x03,0xC7,0x00,0x03,0x8F,0x00,
    0x03,0x8E,0x00,0x3F,0xFF,0xE0,0x3F,0xFF,0xE0,0x3F,0xFF,0xE0,0x07,0x1C,0x00,0x07,
    0x1C,0x00,0x07,0x1C,0x00,0x0E,0x3C,0x00,0x0E,0x38,0x00,0x00,0x00,0x00,0x00,0x00,
    0x00,0x00,0x00,0x00,0x00,0x00,0x00,0x00,0x00,0x00,0x00,0x00,0x00,0x00,0x00,0x00,
    0x00,0x00,0x00,0x00,0x00,0x00,0x00,0x00,0x00,0x00,0x00,0x00,0x00,0x00,0x00,0x00,
    0xC0,0x00,0x00,0xC0,0x00,0x00,0xC0,0x00,0x07,0xFC,0x00,0x1F,0xFE,0x00,0x1F,0xFE,
    0x00,0x3E,0xC6,0x00,0x3C,0xC0,0x00,0x3E,0xC0,0x00,0x3F,0xC0,0x00,0x3F,0xFC,0x00,
    0x1F,0xFE,0x00,0x0F,0xFF,0x00,0x01,0xFF,0x00,0x00,0xCF,0x00,0x00,0xCF,0x00,0x38,
    0xCF,0x00,0x3F,0xFF,0x00,0x3F,0xFE,0x00,0x1F,0xF8,0x00,0x00,0xC0,0x00,0x00,0xC0,
    0x00,0x00,0xC0,0x00,0x00,0xC0,0x00,0x00,0x00,0x00,0x00,0x00,0x00,0x00,0x00,0x00,
    0x00,0x00,0x00,0x00,0x00,0x00,0x00,0x00,0x00,0x00,0x00,0x00,0x00,0x00,0x00,0x00,
    0x00,0x00,0x00,0x00,0x00,0x00,0x00,0x00,0x1F,0x80,0x70,0x00,0x3F,0xC0,0xF0,0x00,
    0x79,0xE0,0xE0,0x00,0x71,0xE1,0xC0,0x00,0x70,0xE1,0xC0,0x00,0x70,0xE3,0x80,0x00,
    0x71,0xE7,0x00,0x00,0x79,0xE7,0x00,0x00,0x3F,0xCE,0x00,0x00,0x1F,0x9E,0x7E,0x00,
    0x00,0x1C,0xFF,0x00,0x00,0x39,0xE7,0x80,0x00,0x39,0xE3,0x80,0x00,0x71,0xC3,0x80,
    0x00,0xE1,0xC3,0x80,0x00,0xE1,0xE3,0x80,0x01,0xC1,0xE7,0x80,0x03,0xC0,0xFF,0x00,
    0x03,0x80,0x7E,0x00,0x00,0x00,0x00,0x00,0x00,0x00,0x00,0x00,0x00,0x00,0x00,0x00,
    0x00,0x00,0x00,0x00,0x00,0x00,0x00,0x00,0x00,0x00,0x00,0x00,0x00,0x00,0x00,0x00,
    0x00,0x00,0x00,0x00,0x00,0x00,0x00,0x00,0x00,0x00,0x00,0x00,0x00,0x00,0x00,0x00,
    0x00,0x00,0x01,0xFC,0x00,0x03,0xFF,0x00,0x07,0xFF,0x00,0x0F,0xC7,0x00,0x0F,0x82,
    0x00,0x0F,0x80,0x00,0x07,0xC0,0x00,0x07,0xE0,0x00,0x0F,0xF0,0x78,0x1F,0xF8,0xF8,
    0x3E,0xFC,0xF0,0x3C,0x7E,0xF0,0x7C,0x3F,0xF0,0x7C,0x1F,0xE0,0x3E,0x0F,0xC0,0x3F,
    0x1F,0xE0,0x1F,0xFF,0xF0,0x0F,0xFF,0xF0,0x07,0xF8,0xF8,0x00,0x00,0x00,0x00,0x00,
    0x00,0x00,0x00,0x00,0x00,0x00,0x00,0x00,0x00,0x00,0x00,0x00,0x00,0x00,0x00,0x00,
    0x00,0x00,0x00,0x00,0x00,0x00,0x3C,0x3C,0x3C,0x3C,0x3C,0x3C,0x3C,0x00,0x00,0x00,
    0x00,0x00,0x00,0x00,0x00,0x00,0x00,0x00,0x00,0x00,0x00,0x00,0x00,0x00,0x00,0x00,
    0x00,0x00,0x00,0x00,0x00,0x00,0x00,0x00,0x00,0x00,0x03,0xC0,0x07,0x80,0x0F,0x80,
    0x0F,0x00,0x0F,0x00,0x1F,0x00,0x1E,0x00,0x1E,0x00,0x3E,0x00,0x3E,0x00,0x3E,0x00,
    0x3E,0x00,0x3E,0x00,0x3E,0x00,0x3E,0x00,0x1E,0x00,0x1E,0x00,0x1F,0x00,0x0F,0x00,
    0x0F,0x00,0x0F,0x80,0x07,0x80,0x03,0xC0,0x00,0x00,0x00,0x00,0x00,0x00,0x00,0x00,
    0x00,0x00,0x00,0x00,0x00,0x00,0x00,0x00,0x00,0x00,0x3C,0x00,0x1E,0x00,0x1E,0x00,
    0x0F,0x00,0x0F,0x00,0x0F,0x80,0x0F,0x80,0x07,0x80,0x07,0xC0,0x07,0xC0,0x07,0xC0,
    0x07,0xC0,0x07,0xC0,0x07,0xC0,0x07,0xC0,0x07,0x80,0x0F,0x80,0x0F,0x80,0x0F,0x00,
    0x1F,0x00,0x1E,0x00,0x1E,0x00,0x3C,0x00,0x00,0x00,0x00,0x00,0x00,0x00,0x00,0x00,
    0x00,0x00,0x00,0x00,0x00,0x00,0x00,0x00,0x00,0x00,0x00,0x00,0x03,0x00,0x03,0x00,
    0x63,0x18,0x7B,0x78,0x3F,0xF0,0x1F,0xC0,0x1F,0xC0,0x3F,0xF0,0x7B,0x78,0x63,0x18,
    0x03,0x00,0x03,0x00,0x00,0x00,0x00,0x00,0x00,0x00,0x00,0x00,0x00,0x00,0x00,0x00,
    0x00,0x00,0x00,0x00,0x00,0x00,0x00,0x00,0x00,0x00,0x00,0x00,0x00,0x00,0x00,0x00,
    0x00,0x00,0x00,0x00,0x00,0x00,0x00,0x00,0x00,0x00,0x00,0x00,0x00,0x00,0x00,0x00,
    0x00,0x00,0x00,0x00,0x00,0x00,0x00,0x00,0x00,0x78,0x00,0x00,0x78,0x00,0x00,0x78,
    0x00,0x00,0x78,0x00,0x00,0x78,0x00,0x00,0x78,0x00,0x00,0x78,0x00,0x1F,0xFF,0xE0,
    0x1F,0xFF,0xE0,0x1F,0xFF,0xE0,0x00,0x78,0x00,0x00,0x78,0x00,0x00,0x78,0x00,0x00,
    0x78,0x00,0x00,0x78,0x00,0x00,0x78,0x00,0x00,0x78,0x00,0x00,0x00,0x00,0x00,0x00,
    0x00,0x00,0x00,0x00,0x00,0x00,0x00,0x00,0x00,0x00,0x00,0x00,0x00,0x00,0x00,0x00,
    0x00,0x00,0x00,0x00,0x00,0x00,0x00,0x00,0x00,0x00,0x00,0x00,0x00,0x00,0x00,0x00,
    0x00,0x00,0x00,0x00,0x00,0x00,0x00,0x00,0x00,0x00,0x00,0x00,0x00,0x00,0x00,0x00,
    0x00,0x00,0x00,0x00,0x00,0x00,0x00,0x00,0x3E,0x00,0x3E,0x00,0x3E,0x00,0x3E,0x00,
    0x3E,0x00,0x3C,0x00,0x3C,0x00,0x38,0x00,0x78,0x00,0x00,0x00,0x00,0x00,0x00,0x00,
    0x00,0x00,0x00,0x00,0x00,0x00,0x00,0x00,0x00,0x00,0x00,0x00,0x00,0x00,0x00,0x00,
    0x00,0x00,0x00,0x00,0x00,0x00,0x00,0x00,0x00,0x00,0x00,0x00,0x00,0x00,0x7F,0xC0,
    0x7F,0xC0,0x7F,0xC0,0x7F,0xC0,0x00,0x00,0x00,0x00,0x00,0x00,0x00,0x00,0x00,0x00,
    0x00,0x00,0x00,0x00,0x00,0x00,0x00,0x00,0x00,0x00,0x00,0x00,0x00,0x00,0x00,0x00,
    0x00,0x00,0x00,0x00,0x00,0x00,0x00,0x00,0x00,0x00,0x00,0x00,0x00,0x00,0x00,0x00,
    0x00,0x00,0x00,0x00,0x00,0x00,0x00,0x00,0x00,0x00,0x00,0x00,0x00,0x00,0x00,0x00,
    0x00,0x00,0x00,0x00,0x00,0x00,0x00,0x00,0x3E,0x00,0x3E,0x00,0x3E,0x00,0x3E,0x00,
    0x3E,0x00,0x00,0x00,0x00,0x00,0x00,0x00,0x00,0x00,0x00,0x00,0x00,0x00,0x00,0x00,
    0x00,0x00,0x00,0x00,0x00,0x00,0x00,0x00,0x00,0x00,0x00,0x00,0x03,0xC0,0x03,0x80,
    0x03,0x80,0x07,0x80,0x07,0x00,0x07,0x00,0x0F,0x00,0x0E,0x00,0x0E,0x00,0x1E,0x00,
    0x1C,0x00,0x1C,0x00,0x1C,0x00,0x38,0x00,0x38,0x00,0x38,0x00,0x70,0x00,0x70,0x00,
    0x70,0x00,0xE0,0x00,0xE0,0x00,0x00,0x00,0x00,0x00,0x00,0x00,0x00,0x00,0x00,0x00,
    0x00,0x00,0x00,0x00,0x00,0x00,0x00,0x00,0x00,0x00,0x00,0x00,0x00,0x00,0x00,0x00,
    0x00,0x00,0x03,0xF0,0x00,0x0F,0xFC,0x00,0x1F,0xFE,0x00,0x3F,0x3F,0x00,0x3E,0x1F,
    0x00,0x3E,0x1F,0x80,0x7C,0x0F,0x80,0x7C,0x0F,0x80,0x7C,0x0F,0x80,0x7C,0x0F,0x80,
    0x7C,0x0F,0x80,0x7C,0x0F,0x80,0x7C,0x0F,0x80,0x3E,0x1F,0x80,0x3E,0x1F,0x00,0x3F,
    0x3F,0x00,0x1F,0xFE,0x00,0x0F,0xFC,0x00,0x03,0xF0,0x00,0x00,0x00,0x00,0x00,0x00,
    0x00,0x00,0x00,0x00,0x00,0x00,0x00,0x00,0x00,0x00,0x00,0x00,0x00,0x00,0x00,0x00,
    0x00,0x00,0x00,0x00,0x00,0x00,0x00,0x00,0x00,0x00,0x00,0x00,0x00,0x00,0x00,0x00,
    0x00,0x00,0x0F,0xF0,0x00,0x1F,0xF0,0x00,0x1F,0xF0,0x00,0x1D,0xF0,0x00,0x01,0xF0,
    0x00,0x01,0xF0,0x00,0x01,0xF0,0x00,0x01,0xF0,0x00,0x01,0xF0,0x00,0x01,0xF0,0x00,
    0x01,0xF0,0x00,0x01,0xF0,0x00,0x01,0xF0,0x00,0x01,0xF0,0x00,0x01,0xF0,0x00,0x01,
    0xF0,0x00,0x1F,0xFF,0x00,0x1F,0xFF,0x00,0x1F,0xFF,0x00,0x00,0x00,0x00,0x00,0x00,
    0x00,0x00,0x00,0x00,0x00,0x00,0x00,0x00,0x00,0x00,0x00,0x00,0x00,0x00,0x00,0x00,
    0x00,0x00,0x00,0x00,0x00,0x00,0x00,0x00,0x00,0x00,0x00,0x00,0x00,0x00,0x00,0x00,
    0x00,0x00,0x0F,0xF0,0x00,0x3F,0xFC,0x00,0x3F,0xFE,0x00,0x3C,0x7E,0x00,0x20,0x3F,
    0x00,0x00,0x3F,0x00,0x00,0x1F,0x00,0x00,0x3F,0x00,0x00,0x3E,0x00,0x00,0x7C,0x00,
    0x00,0xFC,0x00,0x01,0xF8,0x00,0x03,0xE0,0x00,0x07,0xC0,0x00,0x1F,0x80,0x00,0x3F,
    0x00,0x00,0x3F,0xFF,0x00,0x3F,0xFF,0x00,0x3F,0xFF,0x00,0x00,0x00,0x00,0x00,0x00,
    0x00,0x00,0x00,0x00,0x00,0x00,0x00,0x00,0x00,0x00,0x00,0x00,0x00,0x00,0x00,0x00,
    0x00,0x00,0x00,0x00,0x00,0x00,0x00,0x00,0x00,0x00,0x00,0x00,0x00,0x00,0x00,0x00,
    0x00,0x00,0x0F,0xF8,0x00,0x3F,0xFC,0x00,0x3F,0xFE,0x00,0x38,0x7F,0x00,0x00,0x3F,
    0x00,0x00,0x3F,0x00,0x00,0x3E,0x00,0x00,0x7E,0x00,0x07,0xFC,0x00,0x07,0xFC,0x00,
    0x07,0xFE,0x00,0x00,0x7F,0x00,0x00,0x1F,0x00,0x00,0x1F,0x00,0x00,0x1F,0x00,0x30,
    0x7F,0x00,0x3F,0xFE,0x00,0x3F,0xFC,0x00,0x1F,0xF0,0x00,0x00,0x00,0x00,0x00,0x00,
    0x00,0x00,0x00,0x00,0x00,0x00,0x00,0x00,0x00,0x00,0x00,0x00,0x00,0x00,0x00,0x00,
    0x00,0x00,0x00,0x00,0x00,0x00,0x00,0x00,0x00,0x00,0x00,0x00,0x00,0x00,0x00,0x00,
    0x00,0x00,0x00,0xFC,0x00,0x00,0xFC,0x00,0x01,0xFC,0x00,0x03,0xFC,0x00,0x07,0xFC,
    0x00,0x07,0xFC,0x00,0x0F,0x7C,0x00,0x1E,0x7C,0x00,0x1E,0x7C,0x00,0x3C,0x7C,0x00,
    0x78,0x7C,0x00,0x78,0x7C,0x00,0x7F,0xFF,0x80,0x7F,0xFF,0x80,0x7F,0xFF,0x80,0x00,
    0x7C,0x00,0x00,0x7C,0x00,0x00,0x7C,0x00,0x00,0x7C,0x00,0x00,0x00,0x00,0x00,0x00,
    0x00,0x00,0x00,0x00,0x00,0x00,0x00,0x00,0x00,0x00,0x00,0x00,0x00,0x00,0x00,0x00,
    0x00,0x00,0x00,0x00,0x00,0x00,0x00,0x00,0x00,0x00,0x00,0x00,0x00,0x00,0x00,0x00,
    0x00,0x00,0x1F,0xFE,0x00,0x1F,0xFE,0x00,0x1F,0xFE,0x00,0x1E,0x00,0x00,0x1E,0x00,
    0x00,0x1E,0x00,0x00,0x1F,0xF8,0x00,0x1F,0xFC,0x00,0x1F,0xFE,0x00,0x18,0x7F,0x00,
    0x00,0x1F,0x00,0x00,0x1F,0x00,0x00,0x1F,0x00,0x00,0x1F,0x00,0x00,0x1F,0x00,0x38,
    0x7F,0x00,0x3F,0xFE,0x00,0x3F,0xFC,0x00,0x1F,0xF0,0x00,0x00,0x00,0x00,0x00,0x00,
    0x00,0x00,0x00,0x00,0x00,0x00,0x00,0x00,0x00,0x00,0x00,0x00,0x00,0x00,0x00,0x00,
    0x00,0x00,0x00,0x00,0x00,0x00,0x00,0x00,0x00,0x00,0x00,0x00,0x00,0x00,0x00,0x00,
    0x00,0x00,0x01,0xFC,0x00,0x07,0xFF,0x00,0x0F,0xFF,0x00,0x1F,0x87,0x00,0x1E,0x00,
    0x00,0x3E,0x00,0x00,0x3F,0xF8,0x00,0x3F,0xFE,0x00,0x3F,0xFF,0x00,0x7F,0x1F,0x00,
    0x7E,0x1F,0x80,0x3E,0x0F,0x80,0x3E,0x0F,0x80,0x3E,0x0F,0x80,0x3E,0x1F,0x80,0x1F,
    0x1F,0x00,0x1F,0xFE,0x00,0x0F,0xFC,0x00,0x03,0xF8,0x00,0x00,0x00,0x00,0x00,0x00,
    0x00,0x00,0x00,0x00,0x00,0x00,0x00,0x00,0x00,0x00,0x00,0x00,0x00,0x00,0x00,0x00,
    0x00,0x00,0x00,0x00,0x00,0x00,0x00,0x00,0x00,0x00,0x00,0x00,0x00,0x00,0x00,0x00,
    0x00,0x00,0x3F,0xFF,0x00,0x3F,0xFF,0x00,0x3F,0xFF,0x00,0x00,0x3F,0x00,0x00,0x3E,
    0x00,0x00,0x3E,0x00,0x00,0x7E,0x00,0x00,0x7C,0x00,0x00,0xFC,0x00,0x00,0xF8,0x00,
    0x01,0xF8,0x00,0x01,0xF0,0x00,0x01,0xF0,0x00,0x03,0xE0,0x00,0x03,0xE0,0x00,0x07,
    0xC0,0x00,0x07,0xC0,0x00,0x0F,0xC0,0x00,0x0F,0x80,0x00,0x00,0x00,0x00,0x00,0x00,
    0x00,0x00,0x00,0x00,0x00,0x00,0x00,0x00,0x00,0x00,0x00,0x00,0x00,0x00,0x00,0x00,
    0x00,0x00,0x00,0x00,0x00,0x00,0x00,0x00,0x00,0x00,0x00,0x00,0x00,0x00,0x00,0x00,
    0x00,0x00,0x07,0xF8,0x00,0x1F,0xFE,0x00,0x1F,0xFF,0x00,0x3F,0x3F,0x00,0x3E,0x1F,
    0x00,0x3E,0x1F,0x00,0x3E,0x1F,0x00,0x1F,0x3F,0x00,0x1F,0xFE,0x00,0x07,0xF8,0x00,
    0x1F,0xFE,0x00,0x3F,0x1F,0x00,0x3E,0x1F,0x00,0x7C,0x0F,0x80,0x7E,0x1F,0x80,0x3F,
    0x1F,0x00,0x3F,0xFF,0x00,0x1F,0xFE,0x00,0x07,0xF8,0x00,0x00,0x00,0x00,0x00,0x00,
    0x00,0x00,0x00,0x00,0x00,0x00,0x00,0x00,0x00,0x00,0x00,0x00,0x00,0x00,0x00,0x00,
    0x00,0x00,0x00,0x00,0x00,0x00,0x00,0x00,0x00,0x00,0x00,0x00,0x00,0x00,0x00,0x00,
    0x00,0x00,0x07,0xF0,0x00,0x0F,0xFC,0x00,0x1F,0xFE,0x00,0x3E,0x3E,0x00,0x3E,0x1F,
    0x00,0x7C,0x1F,0x00,0x7C,0x1F,0x00,0x7C,0x1F,0x00,0x7E,0x1F,0x80,0x3E,0x3F,0x80,
    0x3F,0xFF,0x80,0x1F,0xFF,0x00,0x07,0xFF,0x00,0x00,0x1F,0x00,0x00,0x1E,0x00,0x38,
    0x7E,0x00,0x3F,0xFC,0x00,0x3F,0xF8,0x00,0x0F,0xE0,0x00,0x00,0x00,0x00,0x00,0x00,
    0x00,0x00,0x00,0x00,0x00,0x00,0x00,0x00,0x00,0x00,0x00,0x00,0x00,0x00,0x00,0x00,
    0x00,0x00,0x00,0x00,0x00,0x00,0x00,0x00,0x00,0x00,0x00,0x00,0x00,0x00,0x00,0x00,
    0x00,0x00,0x00,0x00,0x00,0x00,0x1F,0x00,0x1F,0x00,0x1F,0x00,0x1F,0x00,0x1F,0x00,
    0x00,0x00,0x00,0x00,0x00,0x00,0x00,0x00,0x1F,0x00,0x1F,0x00,0x1F,0x00,0x1F,0x00,
    0x1F,0x00,0x00,0x00,0x00,0x00,0x00,0x00,0x00,0x00,0x00,0x00,0x00,0x00,0x00,0x00,
    0x00,0x00,0x00,0x00,0x00,0x00,0x00,0x00,0x00,0x00,0x00,0x00,0x00,0x00,0x00,0x00,
    0x00,0x00,0x00,0x00,0x00,0x00,0x1F,0x00,0x1F,0x00,0x1F,0x00,0x1F,0x00,0x1F,0x00,
    0x00,0x00,0x00,0x00,0x00,0x00,0x00,0x00,0x1F,0x00,0x1F,0x00,0x1F,0x00,0x1F,0x00,
    0x1E,0x00,0x3E,0x00,0x3C,0x00,0x38,0x00,0x38,0x00,0x00,0x00,0x00,0x00,0x00,0x00,
    0x00,0x00,0x00,0x00,0x00,0x00,0x00,0x00,0x00,0x00,0x00,0x00,0x00,0x00,0x00,0x00,
    0x00,0x00,0x00,0x00,0x00,0x00,0x00,0x00,0x00,0x00,0x00,0x00,0x00,0x60,0x00,0x03,
    0xE0,0x00,0x0F,0xE0,0x00,0x7F,0xE0,0x03,0xFF,0x00,0x0F,0xF8,0x00,0x1F,0xC0,0x00,
    0x1F,0x00,0x00,0x1F,0xC0,0x00,0x0F,0xF8,0x00,0x03,0xFF,0x00,0x00,0x7F,0xE0,0x00,
    0x0F,0xE0,0x00,0x03,0xE0,0x00,0x00,0x60,0x00,0x00,0x00,0x00,0x00,0x00,0x00,0x00,
    0x00,0x00,0x00,0x00,0x00,0x00,0x00,0x00,0x00,0x00,0x00,0x00,0x00,0x00,0x00,0x00,
    0x00,0x00,0x00,0x00,0x00,0x00,0x00,0x00,0x00,0x00,0x00,0x00,0x00,0x00,0x00,0x00,
    0x00,0x00,0x00,0x00,0x00,0x00,0x00,0x00,0x00,0x00,0x00,0x00,0x00,0x00,0x00,0x00,
    0x00,0x00,0x00,0x00,0x1F,0xFF,0xE0,0x1F,0xFF,0xE0,0x1F,0xFF,0xE0,0x00,0x00,0x00,
    0x00,0x00,0x00,0x00,0x00,0x00,0x1F,0xFF,0xE0,0x1F,0xFF,0xE0,0x1F,0xFF,0xE0,0x00,
    0x00,0x00,0x00,0x00,0x00,0x00,0x00,0x00,0x00,0x00,0x00,0x00,0x00,0x00,0x00,0x00,
    0x00,0x00,0x00,0x00,0x00,0x00,0x00,0x00,0x00,0x00,0x00,0x00,0x00,0x00,0x00,0x00,
    0x00,0x00,0x00,0x00,0x00,0x00,0x00,0x00,0x00,0x00,0x00,0x00,0x00,0x00,0x00,0x00,
    0x00,0x00,0x00,0x00,0x00,0x00,0x00,0x00,0x00,0x00,0x00,0x18,0x00,0x00,0x1E,0x00,
    0x00,0x1F,0xC0,0x00,0x1F,0xF8,0x00,0x03,0xFF,0x00,0x00,0x7F,0xC0,0x00,0x0F,0xE0,
    0x00,0x03,0xE0,0x00,0x0F,0xE0,0x00,0x7F,0xC0,0x03,0xFF,0x00,0x1F,0xF8,0x00,0x1F,
    0xC0,0x00,0x1E,0x00,0x00,0x18,0x00,0x00,0x00,0x00,0x00,0x00,0x00,0x00,0x00,0x00,
    0x00,0x00,0x00,0x00,0x00,0x00,0x00,0x00,0x00,0x00,0x00,0x00,0x00,0x00,0x00,0x00,
    0x00,0x00,0x00,0x00,0x00,0x00,0x00,0x00,0x00,0x00,0x00,0x00,0x3F,0xE0,0x3F,0xF0,
    0x3F,0xF8,0x30,0xF8,0x00,0x7C,0x00,0xF8,0x01,0xF8,0x03,0xF0,0x07,0xE0,0x07,0xC0,
    0x0F,0x80,0x0F,0x80,0x00,0x00,0x00,0x00,0x0F,0x80,0x0F,0x80,0x0F,0x80,0x0F,0x80,
    0x0F,0x80,0x00,0x00,0x00,0x00,0x00,0x00,0x00,0x00,0x00,0x00,0x00,0x00,0x00,0x00,
    0x00,0x00,0x00,0x00,0x00,0x00,0x00,0x00,0x00,0x00,0x00,0x00,0x00,0x00,0x00,0x00,
    0x00,0x00,0x00,0x00,0x00,0x00,0x00,0x00,0x00,0x7F,0x80,0x00,0x01,0xFF,0xE0,0x00,
    0x03,0xE0,0xF8,0x00,0x07,0x80,0x3C,0x00,0x0E,0x00,0x1E,0x00,0x1C,0x00,0x0E,0x00,
    0x1C,0x3E,0xE7,0x00,0x38,0x7F,0xE7,0x00,0x38,0xF3,0xE7,0x00,0x30,0xE1,0xE3,0x00,
    0x30,0xE1,0xE3,0x00,0x31,0xE1,0xE7,0x00,0x30,0xE1,0xE7,0x00,0x30,0xE1,0xE7,0x00,
    0x38,0xF3,0xFE,0x00,0x38,0x7F,0xFC,0x00,0x1C,0x3E,0xF0,0x00,0x1C,0x00,0x00,0x00,
    0x0E,0x00,0x00,0x00,0x07,0x00,0x30,0x00,0x03,0xE1,0xF0,0x00,0x01,0xFF,0xF0,0x00,
    0x00,0x7F,0x80,0x00,0x00,0x00,0x00,0x00,0x00,0x00,0x00,0x00,0x00,0x00,0x00,0x00,
    0x00,0x00,0x00,0x00,0x00,0x00,0x00,0x00,0x00,0x00,0x00,0x00,0x00,0x00,0x00,0x00,
    0x00,0x00,0x01,0xF8,0x00,0x03,0xFC,0x00,0x03,0xFC,0x00,0x03,0xFC,0x00,0x07,0xFE,
    0x00,0x07,0xFE,0x00,0x07,0xDF,0x00,0x0F,0x9F,0x00,0x0F,0x9F,0x00,0x1F,0x8F,0x80,
    0x1F,0x0F,0x80,0x1F,0x0F,0x80,0x3F,0xFF,0xC0,0x3F,0xFF,0xC0,0x3F,0xFF,0xE0,0x7C,
    0x03,0xE0,0x7C,0x03,0xE0,0xFC,0x03,0xF0,0xF8,0x01,0xF0,0x00,0x00,0x00,0x00,0x00,
    0x00,0x00,0x00,0x00,0x00,0x00,0x00,0x00,0x00,0x00,0x00,0x00,0x00,0x00,0x00,0x00,
    0x00,0x00,0x00,0x00,0x00,0x00,0x00,0x00,0x00,0x00,0x00,0x00,0x00,0x00,0x00,0x00,
    0x00,0x00,0x3F,0xFC,0x00,0x3F,0xFF,0x00,0x3F,0xFF,0x80,0x3E,0x1F,0x80,0x3E,0x0F,
    0x80,0x3E,0x0F,0x80,0x3E,0x1F,0x80,0x3F,0xFF,0x00,0x3F,0xFE,0x00,0x3F,0xFF,0x80,
    0x3E,0x0F,0x80,0x3E,0x07,0xC0,0x3E,0x07,0xC0,0x3E,0x07,0xC0,0x3E,0x07,0xC0,0x3E,
    0x0F,0xC0,0x3F,0xFF,0x80,0x3F,0xFF,0x00,0x3F,0xFE,0x00,0x00,0x00,0x00,0x00,0x00,
    0x00,0x00,0x00,0x00,0x00,0x00,0x00,0x00,0x00,0x00,0x00,0x00,0x00,0x00,0x00,0x00,
    0x00,0x00,0x00,0x00,0x00,0x00,0x00,0x00,0x00,0x00,0x00,0x00,0x00,0x00,0x00,0x00,
    0x00,0x00,0x01,0xFF,0x00,0x07,0xFF,0xC0,0x0F,0xFF,0xC0,0x1F,0xC3,0xC0,0x3F,0x00,
    0xC0,0x3F,0x00,0x00,0x3E,0x00,0x00,0x7E,0x00,0x00,0x7E,0x00,0x00,0x7E,0x00,0x00,
    0x7E,0x00,0x00,0x7E,0x00,0x00,0x3E,0x00,0x00,0x3F,0x00,0x00,0x3F,0x00,0xC0,0x1F,
    0xC3,0xC0,0x0F,0xFF,0xC0,0x07,0xFF,0xC0,0x01,0xFF,0x00,0x00,0x00,0x00,0x00,0x00,
    0x00,0x00,0x00,0x00,0x00,0x00,0x00,0x00,0x00,0x00,0x00,0x00,0x00,0x00,0x00,0x00,
    0x00,0x00,0x00,0x00,0x00,0x00,0x00,0x00,0x00,0x00,0x00,0x00,0x00,0x00,0x00,0x00,
    0x00,0x00,0x3F,0xFC,0x00,0x3F,0xFF,0x00,0x3F,0xFF,0xC0,0x3E,0x1F,0xC0,0x3E,0x07,
    0xE0,0x3E,0x03,0xF0,0x3E,0x01,0xF0,0x3E,0x01,0xF0,0x3E,0x01,0xF0,0x3E,0x01,0xF0,
    0x3E,0x01,0xF0,0x3E,0x01,0xF0,0x3E,0x03,0xF0,0x3E,0x03,0xF0,0x3E,0x07,0xE0,0x3E,
    0x1F,0xC0,0x3F,0xFF,0xC0,0x3F,0xFF,0x00,0x3F,0xFC,0x00,0x00,0x00,0x00,0x00,0x00,
    0x00,0x00,0x00,0x00,0x00,0x00,0x00,0x00,0x00,0x00,0x00,0x00,0x00,0x00,0x00,0x00,
    0x00,0x00,0x00,0x00,0x00,0x00,0x00,0x00,0x00,0x00,0x00,0x00,0x00,0x00,0x00,0x00,
    0x00,0x00,0x3F,0xFF,0x00,0x3F,0xFF,0x00,0x3F,0xFF,0x00,0x3E,0x00,0x00,0x3E,0x00,
    0x00,0x3E,0x00,0x00,0x3E,0x00,0x00,0x3F,0xFE,0x00,0x3F,0xFE,0x00,0x3F,0xFE,0x00,
    0x3E,0x00,0x00,0x3E,0x00,0x00,0x3E,0x00,0x00,0x3E,0x00,0x00,0x3E,0x00,0x00,0x3E,
    0x00,0x00,0x3F,0xFF,0x00,0x3F,0xFF,0x00,0x3F,0xFF,0x00,0x00,0x00,0x00,0x00,0x00,
    0x00,0x00,0x00,0x00,0x00,0x00,0x00,0x00,0x00,0x00,0x00,0x00,0x00,0x00,0x00,0x00,
    0x00,0x00,0x00,0x00,0x00,0x00,0x00,0x00,0x00,0x00,0x00,0x00,0x00,0x00,0x00,0x00,
    0x00,0x00,0x3F,0xFF,0x00,0x3F,0xFF,0x00,0x3F,0xFF,0x00,0x3E,0x00,0x00,0x3E,0x00,
    0x00,0x3E,0x00,0x00,0x3E,0x00,0x00,0x3F,0xFE,0x00,0x3F,0xFE,0x00,0x3F,0xFE,0x00,
    0x3E,0x00,0x00,0x3E,0x00,0x00,0x3E,0x00,0x00,0x3E,0x00,0x00,0x3E,0x00,0x00,0x3E,
    0x00,0x00,0x3E,0x00,0x00,0x3E,0x00,0x00,0x3E,0x00,0x00,0x00,0x00,0x00,0x00,0x00,
    0x00,0x00,0x00,0x00,0x00,0x00,0x00,0x00,0x00,0x00,0x00,0x00,0x00,0x00,0x00,0x00,
    0x00,0x00,0x00,0x00,0x00,0x00,0x00,0x00,0x00,0x00,0x00,0x00,0x00,0x00,0x00,0x00,
    0x00,0x00,0x01,0xFF,0x80,0x07,0xFF,0xE0,0x0F,0xFF,0xE0,0x1F,0xC1,0xE0,0x3F,0x00,
    0x60,0x3F,0x00,0x00,0x3E,0x00,0x00,0x7E,0x00,0x00,0x7E,0x0F,0xF0,0x7E,0x0F,0xF0,
    0x7E,0x0F,0xF0,0x7E,0x01,0xF0,0x3E,0x01,0xF0,0x3E,0x01,0xF0,0x3F,0x01,0xF0,0x1F,
    0xC3,0xF0,0x0F,0xFF,0xF0,0x07,0xFF,0xE0,0x01,0xFF,0x80,0x00,0x00,0x00,0x00,0x00,
    0x00,0x00,0x00,0x00,0x00,0x00,0x00,0x00,0x00,0x00,0x00,0x00,0x00,0x00,0x00,0x00,
    0x00,0x00,0x00,0x00,0x00,0x00,0x00,0x00,0x00,0x00,0x00,0x00,0x00,0x00,0x00,0x00,
    0x00,0x00,0x3E,0x03,0xF0,0x3E,0x03,0xF0,0x3E,0x03,0xF0,0x3E,0x03,0xF0,0x3E,0x03,
    0xF0,0x3E,0x03,0xF0,0x3E,0x03,0xF0,0x3F,0xFF,0xF0,0x3F,0xFF,0xF0,0x3F,0xFF,0xF0,
    0x3E,0x03,0xF0,0x3E,0x03,0xF0,0x3E,0x03,0xF0,0x3E,0x03,0xF0,0x3E,0x03,0xF0,0x3E,
    0x03,0xF0,0x3E,0x03,0xF0,0x3E,0x03,0xF0,0x3E,0x03,0xF0,0x00,0x00,0x00,0x00,0x00,
    0x00,0x00,0x00,0x00,0x00,0x00,0x00,0x00,0x00,0x00,0x00,0x00,0x00,0x00,0x00,0x00,
    0x00,0x00,0x00,0x00,0x00,0x00,0x00,0x00,0x00,0x00,0x00,0x00,0x3E,0x00,0x3E,0x00,
    0x3E,0x00,0x3E,0x00,0x3E,0x00,0x3E,0x00,0x3E,0x00,0x3E,0x00,0x3E,0x00,0x3E,0x00,
    0x3E,0x00,0x3E,0x00,0x3E,0x00,0x3E,0x00,0x3E,0x00,0x3E,0x00,0x3E,0x00,0x3E,0x00,
    0x3E,0x00,0x00,0x00,0x00,0x00,0x00,0x00,0x00,0x00,0x00,0x00,0x00,0x00,0x00,0x00,
    0x00,0x00,0x00,0x00,0x00,0x00,0x00,0x00,0x00,0x00,0x00,0x00,0x3E,0x00,0x3E,0x00,
    0x3E,0x00,0x3E,0x00,0x3E,0x00,0x3E,0x00,0x3E,0x00,0x3E,0x00,0x3E,0x00,0x3E,0x00,
    0x3E,0x00,0x3E,0x00,0x3E,0x00,0x3E,0x00,0x3E,0x00,0x3E,0x00,0x3E,0x00,0x3E,0x00,
    0x3E,0x00,0x3E,0x00,0x7E,0x00,0xFC,0x00,0xF8,0x00,0xF0,0x00,0x00,0x00,0x00,0x00,
    0x00,0x00,0x00,0x00,0x00,0x00,0x00,0x00,0x00,0x00,0x00,0x00,0x00,0x00,0x00,0x00,
    0x00,0x00,0x3E,0x03,0xF0,0x3E,0x07,0xE0,0x3E,0x0F,0xC0,0x3E,0x1F,0x80,0x3E,0x3F,
    0x00,0x3E,0x7E,0x00,0x3F,0xFC,0x00,0x3F,0xF8,0x00,0x3F,0xF0,0x00,0x3F,0xF0,0x00,
    0x3F,0xF8,0x00,0x3F,0xFC,0x00,0x3E,0xFE,0x00,0x3E,0x7F,0x00,0x3E,0x3F,0x80,0x3E,
    0x1F,0xC0,0x3E,0x0F,0xE0,0x3E,0x07,0xF0,0x3E,0x03,0xF0,0x00,0x00,0x00,0x00,0x00,
    0x00,0x00,0x00,0x00,0x00,0x00,0x00,0x00,0x00,0x00,0x00,0x00,0x00,0x00,0x00,0x00,
    0x00,0x00,0x00,0x00,0x00,0x00,0x00,0x00,0x00,0x00,0x00,0x00,0x00,0x00,0x00,0x00,
    0x00,0x00,0x3E,0x00,0x00,0x3E,0x00,0x00,0x3E,0x00,0x00,0x3E,0x00,0x00,0x3E,0x00,
    0x00,0x3E,0x00,0x00,0x3E,0x00,0x00,0x3E,0x00,0x00,0x3E,0x00,0x00,0x3E,0x00,0x00,
    0x3E,0x00,0x00,0x3E,0x00,0x00,0x3E,0x00,0x00,0x3E,0x00,0x00,0x3E,0x00,0x00,0x3E,
    0x00,0x00,0x3F,0xFF,0x00,0x3F,0xFF,0x00,0x3F,0xFF,0x00,0x00,0x00,0x00,0x00,0x00,
    0x00,0x00,0x00,0x00,0x00,0x00,0x00,0x00,0x00,0x00,0x00,0x00,0x00,0x00,0x00,0x00,
    0x00,0x00,0x00,0x00,0x00,0x00,0x00,0x00,0x00,0x00,0x00,0x00,0x00,0x00,0x00,0x00,
    0x00,0x00,0x00,0x00,0x00,0x00,0x00,0x00,0x3F,0x80,0x7F,0x00,0x3F,0x80,0xFF,0x00,
    0x3F,0xC0,0xFF,0x00,0x3F,0xC0,0xFF,0x00,0x3F,0xE1,0xFF,0x00,0x3F,0xE1,0xFF,0x00,
    0x3F,0xF3,0xFF,0x00,0x3E,0xF3,0xDF,0x00,0x3E,0xF7,0xDF,0x00,0x3E,0x7F,0x9F,0x00,
    0x3E,0x7F,0x9F,0x00,0x3E,0x3F,0x1F,0x00,0x3E,0x3F,0x1F,0x00,0x3E,0x1E,0x1F,0x00,
    0x3E,0x1E,0x1F,0x00,0x3E,0x00,0x1F,0x00,0x3E,0x00,0x1F,0x00,0x3E,0x00,0x1F,0x00,
    0x3E,0x00,0x1F,0x00,0x00,0x00,0x00,0x00,0x00,0x00,0x00,0x00,0x00,0x00,0x00,0x00,
    0x00,0x00,0x00,0x00,0x00,0x00,0x00,0x00,0x00,0x00,0x00,0x00,0x00,0x00,0x00,0x00,
    0x00,0x00,0x00,0x00,0x00,0x00,0x00,0x00,0x00,0x00,0x00,0x00,0x00,0x00,0x00,0x00,
    0x00,0x00,0x3F,0x01,0xF0,0x3F,0x81,0xF0,0x3F,0x81,0xF0,0x3F,0xC1,0xF0,0x3F,0xC1,
    0xF0,0x3F,0xE1,0xF0,0x3F,0xE1,0xF0,0x3E,0xF1,0xF0,0x3E,0xF9,0xF0,0x3E,0x79,0xF0,
    0x3E,0x7D,0xF0,0x3E,0x3D,0xF0,0x3E,0x3F,0xF0,0x3E,0x1F,0xF0,0x3E,0x1F,0xF0,0x3E,
    0x0F,0xF0,0x3E,0x0F,0xF0,0x3E,0x07,0xF0,0x3E,0x07,0xF0,0x00,0x00,0x00,0x00,0x00,
    0x00,0x00,0x00,0x00,0x00,0x00,0x00,0x00,0x00,0x00,0x00,0x00,0x00,0x00,0x00,0x00,
    0x00,0x00,0x00,0x00,0x00,0x00,0x00,0x00,0x00,0x00,0x00,0x00,0x00,0x00,0x00,0x00,
    0x00,0x00,0x01,0xFE,0x00,0x07,0xFF,0x80,0x0F,0xFF,0xC0,0x1F,0x87,0xE0,0x3F,0x03,
    0xF0,0x3E,0x01,0xF0,0x3E,0x01,0xF8,0x7E,0x01,0xF8,0x7E,0x00,0xF8,0x7E,0x00,0xF8,
    0x7E,0x00,0xF8,0x7E,0x01,0xF8,0x3E,0x01,0xF8,0x3E,0x01,0xF0,0x3F,0x03,0xF0,0x1F,
    0x87,0xE0,0x0F,0xFF,0xC0,0x07,0xFF,0x80,0x01,0xFE,0x00,0x00,0x00,0x00,0x00,0x00,
    0x00,0x00,0x00,0x00,0x00,0x00,0x00,0x00,0x00,0x00,0x00,0x00,0x00,0x00,0x00,0x00,
    0x00,0x00,0x00,0x00,0x00,0x00,0x00,0x00,0x00,0x00,0x00,0x00,0x00,0x00,0x00,0x00,
    0x00,0x00,0x3F,0xFC,0x00,0x3F,0xFF,0x00,0x3F,0xFF,0x80,0x3E,0x1F,0xC0,0x3E,0x0F,
    0xC0,0x3E,0x07,0xC0,0x3E,0x07,0xC0,0x3E,0x0F,0xC0,0x3E,0x1F,0xC0,0x3F,0xFF,0x80,
    0x3F,0xFF,0x00,0x3F,0xFC,0x00,0x3E,0x00,0x00,0x3E,0x00,0x00,0x3E,0x00,0x00,0x3E,
    0x00,0x00,0x3E,0x00,0x00,0x3E,0x00,0x00,0x3E,0x00,0x00,0x00,0x00,0x00,0x00,0x00,
    0x00,0x00,0x00,0x00,0x00,0x00,0x00,0x00,0x00,0x00,0x00,0x00,0x00,0x00,0x00,0x00,
    0x00,0x00,0x00,0x00,0x00,0x00,0x00,0x00,0x00,0x00,0x00,0x00,0x00,0x00,0x00,0x00,
    0x00,0x00,0x01,0xFE,0x00,0x07,0xFF,0x80,0x0F,0xFF,0xC0,0x1F,0x87,0xE0,0x3F,0x03,
    0xF0,0x3E,0x01,0xF0,0x3E,0x01,0xF8,0x7E,0x01,0xF8,0x7E,0x00,0xF8,0x7E,0x00,0xF8,
    0x7E,0x00,0xF8,0x7E,0x01,0xF8,0x7E,0x01,0xF8,0x3E,0x01,0xF0,0x3F,0x03,0xF0,0x1F,
    0x87,0xE0,0x0F,0xFF,0xC0,0x07,0xFF,0x80,0x01,0xFF,0x00,0x00,0x0F,0x80,0x00,0x07,
    0x80,0x00,0x07,0xC0,0x00,0x03,0xE0,0x00,0x00,0x00,0x00,0x00,0x00,0x00,0x00,0x00,
    0x00,0x00,0x00,0x00,0x00,0x00,0x00,0x00,0x00,0x00,0x00,0x00,0x00,0x00,0x00,0x00,
    0x00,0x00,0x3F,0xFC,0x00,0x3F,0xFF,0x00,0x3F,0xFF,0x80,0x3E,0x1F,0x80,0x3E,0x0F,
    0x80,0x3E,0x0F,0x80,0x3E,0x0F,0x80,0x3E,0x0F,0x80,0x3E,0x1F,0x00,0x3F,0xFF,0x00,
    0x3F,0xFC,0x00,0x3F,0xFE,0x00,0x3E,0x3F,0x00,0x3E,0x1F,0x80,0x3E,0x0F,0x80,0x3E,
    0x0F,0xC0,0x3E,0x07,0xC0,0x3E,0x07,0xE0,0x3E,0x03,0xE0,0x00,0x00,0x00,0x00,0x00,
    0x00,0x00,0x00,0x00,0x00,0x00,0x00,0x00,0x00,0x00,0x00,0x00,0x00,0x00,0x00,0x00,
    0x00,0x00,0x00,0x00,0x00,0x00,0x00,0x00,0x00,0x00,0x00,0x00,0x00,0x00,0x00,0x00,
    0x00,0x00,0x07,0xFE,0x00,0x0F,0xFF,0x00,0x1F,0xFF,0x00,0x3F,0x0F,0x00,0x3E,0x03,
    0x00,0x3E,0x00,0x00,0x3E,0x00,0x00,0x3F,0xC0,0x00,0x3F,0xFC,0x00,0x1F,0xFE,0x00,
    0x07,0xFF,0x00,0x01,0xFF,0x80,0x00,0x1F,0x80,0x00,0x0F,0x80,0x20,0x0F,0x80,0x3C,
    0x1F,0x80,0x3F,0xFF,0x00,0x3F,0xFE,0x00,0x0F,0xFC,0x00,0x00,0x00,0x00,0x00,0x00,
    0x00,0x00,0x00,0x00,0x00,0x00,0x00,0x00,0x00,0x00,0x00,0x00,0x00,0x00,0x00,0x00,
    0x00,0x00,0x00,0x00,0x00,0x00,0x00,0x00,0x00,0x00,0x00,0x00,0x00,0x00,0x00,0x00,
    0x00,0x00,0xFF,0xFF,0xC0,0xFF,0xFF,0xC0,0xFF,0xFF,0xC0,0x03,0xF0,0x00,0x03,0xF0,
    0x00,0x03,0xF0,0x00,0x03,0xF0,0x00,0x03,0xF0,0x00,0x03,0xF0,0x00,0x03,0xF0,0x00,
    0x03,0xF0,0x00,0x03,0xF0,0x00,0x03,0xF0,0x00,0x03,0xF0,0x00,0x03,0xF0,0x00,0x03,
    0xF0,0x00,0x03,0xF0,0x00,0x03,0xF0,0x00,0x03,0xF0,0x00,0x00,0x00,0x00,0x00,0x00,
    0x00,0x00,0x00,0x00,0x00,0x00,0x00,0x00,0x00,0x00,0x00,0x00,0x00,0x00,0x00,0x00,
    0x00,0x00,0x00,0x00,0x00,0x00,0x00,0x00,0x00,0x00,0x00,0x00,0x00,0x00,0x00,0x00,
    0x00,0x00,0x3E,0x03,0xE0,0x3E,0x03,0xE0,0x3E,0x03,0xE0,0x3E,0x03,0xE0,0x3E,0x03,
    0xE0,0x3E,0x03,0xE0,0x3E,0x03,0xE0,0x3E,0x03,0xE0,0x3E,0x03,0xE0,0x3E,0x03,0xE0,
    0x3E,0x03,0xE0,0x3E,0x03,0xE0,0x3F,0x03,0xE0,0x3F,0x07,0xE0,0x1F,0x07,0xC0,0x1F,
    0x8F,0xC0,0x0F,0xFF,0x80,0x07,0xFF,0x00,0x03,0xFE,0x00,0x00,0x00,0x00,0x00,0x00,
    0x00,0x00,0x00,0x00,0x00,0x00,0x00,0x00,0x00,0x00,0x00,0x00,0x00,0x00,0x00,0x00,
    0x00,0x00,0x00,0x00,0x00,0x00,0x00,0x00,0x00,0x00,0x00,0x00,0x00,0x00,0x00,0x00,
    0x00,0x00,0xF8,0x01,0xF0,0xFC,0x03,0xF0,0x7C,0x03,0xE0,0x7C,0x03,0xE0,0x3E,0x07,
    0xE0,0x3E,0x07,0xC0,0x3F,0x07,0xC0,0x1F,0x0F,0x80,0x1F,0x0F,0x80,0x1F,0x9F,0x80,
    0x0F,0x9F,0x00,0x0F,0x9F,0x00,0x07,0xFF,0x00,0x07,0xFE,0x00,0x07,0xFE,0x00,0x03,
    0xFC,0x00,0x03,0xFC,0x00,0x03,0xFC,0x00,0x01,0xF8,0x00,0x00,0x00,0x00,0x00,0x00,
    0x00,0x00,0x00,0x00,0x00,0x00,0x00,0x00,0x00,0x00,0x00,0x00,0x00,0x00,0x00,0x00,
    0x00,0x00,0x00,0x00,0x00,0x00,0x00,0x00,0x00,0x00,0x00,0x00,0x00,0x00,0x00,0x00,
    0x00,0x00,0x00,0x00,0x00,0x00,0x00,0x00,0x7C,0x0F,0x81,0xF0,0x7C,0x1F,0x81,0xF0,
    0x7C,0x1F,0x83,0xE0,0x7C,0x1F,0xC3,0xE0,0x3E,0x1F,0xC3,0xE0,0x3E,0x3F,0xC3,0xE0,
    0x3E,0x3D,0xC7,0xE0,0x3E,0x3D,0xE7,0xC0,0x1F,0x3D,0xE7,0xC0,0x1F,0x39,0xE7,0xC0,
    0x1F,0x78,0xE7,0xC0,0x1F,0x78,0xFF,0x80,0x0F,0xF8,0xFF,0x80,0x0F,0xF0,0xFF,0x80,
    0x0F,0xF0,0x7F,0x80,0x0F,0xF0,0x7F,0x00,0x0F,0xF0,0x7F,0x00,0x07,0xE0,0x7F,0x00,
    0x07,0xE0,0x7F,0x00,0x00,0x00,0x00,0x00,0x00,0x00,0x00,0x00,0x00,0x00,0x00,0x00,
    0x00,0x00,0x00,0x00,0x00,0x00,0x00,0x00,0x00,0x00,0x00,0x00,0x00,0x00,0x00,0x00,
    0x00,0x00,0x00,0x00,0x00,0x00,0x00,0x00,0x00,0x00,0x00,0x00,0x00,0x00,0x00,0x00,
    0x00,0x00,0x7C,0x03,0xE0,0x3E,0x07,0xC0,0x3F,0x0F,0xC0,0x1F,0x0F,0x80,0x0F,0x9F,
    0x00,0x0F,0xFF,0x00,0x07,0xFE,0x00,0x03,0xFC,0x00,0x03,0xFC,0x00,0x01,0xF8,0x00,
    0x03,0xFC,0x00,0x07,0xFE,0x00,0x07,0xFE,0x00,0x0F,0xFF,0x00,0x1F,0x9F,0x80,0x1F,
    0x0F,0x80,0x3E,0x07,0xC0,0x7E,0x07,0xE0,0x7C,0x03,0xE0,0x00,0x00,0x00,0x00,0x00,
    0x00,0x00,0x00,0x00,0x00,0x00,0x00,0x00,0x00,0x00,0x00,0x00,0x00,0x00,0x00,0x00,
    0x00,0x00,0x00,0x00,0x00,0x00,0x00,0x00,0x00,0x00,0x00,0x00,0x00,0x00,0x00,0x00,
    0x00,0x00,0xFC,0x07,0xE0,0x7C,0x07,0xC0,0x7E,0x0F,0xC0,0x3F,0x1F,0x80,0x1F,0x1F,
    0x00,0x1F,0xBF,0x00,0x0F,0xFE,0x00,0x0F,0xFC,0x00,0x07,0xFC,0x00,0x03,0xF8,0x00,
    0x03,0xF0,0x00,0x01,0xF0,0x00,0x01,0xF0,0x00,0x01,0xF0,0x00,0x01,0xF0,0x00,0x01,
    0xF0,0x00,0x01,0xF0,0x00,0x01,0xF0,0x00,0x01,0xF0,0x00,0x00,0x00,0x00,0x00,0x00,
    0x00,0x00,0x00,0x00,0x00,0x00,0x00,0x00,0x00,0x00,0x00,0x00,0x00,0x00,0x00,0x00,
    0x00,0x00,0x00,0x00,0x00,0x00,0x00,0x00,0x00,0x00,0x00,0x00,0x00,0x00,0x00,0x00,
    0x00,0x00,0x7F,0xFF,0xC0,0x7F,0xFF,0xC0,0x7F,0xFF,0xC0,0x00,0x1F,0x80,0x00,0x3F,
    0x00,0x00,0x7F,0x00,0x00,0xFE,0x00,0x00,0xFC,0x00,0x01,0xF8,0x00,0x03,0xF8,0x00,
    0x07,0xF0,0x00,0x0F,0xE0,0x00,0x0F,0xC0,0x00,0x1F,0x80,0x00,0x3F,0x80,0x00,0x7F,
    0x00,0x00,0x7F,0xFF,0xC0,0x7F,0xFF,0xC0,0x7F,0xFF,0xC0,0x00,0x00,0x00,0x00,0x00,
    0x00,0x00,0x00,0x00,0x00,0x00,0x00,0x00,0x00,0x00,0x00,0x00,0x00,0x00,0x00,0x00,
    0x00,0x00,0x00,0x00,0x00,0x00,0x00,0x00,0x00,0x00,0x3F,0xC0,0x3F,0xC0,0x3F,0xC0,
    0x3E,0x00,0x3E,0x00,0x3E,0x00,0x3E,0x00,0x3E,0x00,0x3E,0x00,0x3E,0x00,0x3E,0x00,
    0x3E,0x00,0x3E,0x00,0x3E,0x00,0x3E,0x00,0x3E,0x00,0x3E,0x00,0x3E,0x00,0x3E,0x00,
    0x3E,0x00,0x3F,0xC0,0x3F,0xC0,0x3F,0xC0,0x00,0x00,0x00,0x00,0x00,0x00,0x00,0x00,
    0x00,0x00,0x00,0x00,0x00,0x00,0x00,0x00,0x00,0x00,0x00,0x00,0xE0,0x00,0xE0,0x00,
    0x70,0x00,0x70,0x00,0x70,0x00,0x38,0x00,0x38,0x00,0x38,0x00,0x1C,0x00,0x1C,0x00,
    0x1C,0x00,0x1E,0x00,0x0E,0x00,0x0E,0x00,0x0F,0x00,0x07,0x00,0x07,0x00,0x07,0x80,
    0x03,0x80,0x03,0x80,0x03,0xC0,0x00,0x00,0x00,0x00,0x00,0x00,0x00,0x00,0x00,0x00,
    0x00,0x00,0x00,0x00,0x00,0x00,0x00,0x00,0x00,0x00,0x3F,0xC0,0x3F,0xC0,0x3F,0xC0,
    0x07,0xC0,0x07,0xC0,0x07,0xC0,0x07,0xC0,0x07,0xC0,0x07,0xC0,0x07,0xC0,0x07,0xC0,
    0x07,0xC0,0x07,0xC0,0x07,0xC0,0x07,0xC0,0x07,0xC0,0x07,0xC0,0x07,0xC0,0x07,0xC0,
    0x07,0xC0,0x3F,0xC0,0x3F,0xC0,0x3F,0xC0,0x00,0x00,0x00,0x00,0x00,0x00,0x00,0x00,
    0x00,0x00,0x00,0x00,0x00,0x00,0x00,0x00,0x00,0x00,0x00,0x00,0x00,0x00,0x00,0x00,
    0x00,0x00,0x00,0x78,0x00,0x00,0xFC,0x00,0x01,0xFE,0x00,0x03,0xFF,0x00,0x07,0x8F,
    0x80,0x0F,0x03,0xC0,0x1E,0x01,0xE0,0x00,0x00,0x00,0x00,0x00,0x00,0x00,0x00,0x00,
    0x00,0x00,0x00,0x00,0x00,0x00,0x00,0x00,0x00,0x00,0x00,0x00,0x00,0x00,0x00,0x00,
    0x00,0x00,0x00,0x00,0x00,0x00,0x00,0x00,0x00,0x00,0x00,0x00,0x00,0x00,0x00,0x00,
    0x00,0x00,0x00,0x00,0x00,0x00,0x00,0x00,0x00,0x00,0x00,0x00,0x00,0x00,0x00,0x00,
    0x00,0x00,0x00,0x00,0x00,0x00,0x00,0x00,0x00,0x00,0x00,0x00,0x00,0x00,0x00,0x00,
    0x00,0x00,0x00,0x00,0x00,0x00,0x00,0x00,0x00,0x00,0x00,0x00,0x00,0x00,0x00,0x00,
    0x00,0x00,0x00,0x00,0x00,0x00,0x00,0x00,0x00,0x00,0x00,0x00,0x00,0x00,0x00,0x00,
    0x00,0x00,0x00,0x00,0x00,0x00,0x00,0x00,0x00,0x00,0xFF,0xF8,0xFF,0xF8,0x00,0x00,
    0x00,0x00,0x00,0x00,0x00,0x00,0x00,0x00,0x78,0x00,0x3C,0x00,0x1E,0x00,0x0E,0x00,
    0x07,0x00,0x00,0x00,0x00,0x00,0x00,0x00,0x00,0x00,0x00,0x00,0x00,0x00,0x00,0x00,
    0x00,0x00,0x00,0x00,0x00,0x00,0x00,0x00,0x00,0x00,0x00,0x00,0x00,0x00,0x00,0x00,
    0x00,0x00,0x00,0x00,0x00,0x00,0x00,0x00,0x00,0x00,0x00,0x00,0x00,0x00,0x00,0x00,
    0x00,0x00,0x00,0x00,0x00,0x00,0x00,0x00,0x00,0x00,0x00,0x00,0x00,0x00,0x00,0x00,
    0x00,0x00,0x00,0x00,0x00,0x00,0x00,0x00,0x00,0x00,0x00,0x00,0x00,0x00,0x00,0x00,
    0x00,0x0F,0xF0,0x00,0x3F,0xFC,0x00,0x3F,0xFE,0x00,0x38,0x3E,0x00,0x00,0x1F,0x00,
    0x0F,0xFF,0x00,0x3F,0xFF,0x00,0x7F,0xFF,0x00,0x7E,0x1F,0x00,0x7C,0x3F,0x00,0x7E,
    0x7F,0x00,0x7F,0xFF,0x00,0x3F,0xFF,0x00,0x1F,0x9F,0x00,0x00,0x00,0x00,0x00,0x00,
    0x00,0x00,0x00,0x00,0x00,0x00,0x00,0x00,0x00,0x00,0x00,0x00,0x00,0x00,0x00,0x00,
    0x00,0x00,0x00,0x00,0x00,0x00,0x00,0x00,0x00,0x00,0x00,0x00,0x00,0x00,0x00,0x3E,
    0x00,0x00,0x3E,0x00,0x00,0x3E,0x00,0x00,0x3E,0x00,0x00,0x3E,0x00,0x00,0x3E,0x00,
    0x00,0x3E,0xFC,0x00,0x3F,0xFE,0x00,0x3F,0xFF,0x00,0x3F,0x1F,0x80,0x3E,0x0F,0x80,
    0x3E,0x0F,0x80,0x3E,0x07,0xC0,0x3E,0x07,0xC0,0x3E,0x0F,0x80,0x3E,0x0F,0x80,0x3F,
    0x1F,0x80,0x3F,0xFF,0x00,0x3F,0xFE,0x00,0x3E,0xFC,0x00,0x00,0x00,0x00,0x00,0x00,
    0x00,0x00,0x00,0x00,0x00,0x00,0x00,0x00,0x00,0x00,0x00,0x00,0x00,0x00,0x00,0x00,
    0x00,0x00,0x00,0x00,0x00,0x00,0x00,0x00,0x00,0x00,0x00,0x00,0x00,0x00,0x00,0x00,
    0x00,0x00,0x00,0x00,0x00,0x00,0x07,0xF8,0x0F,0xFC,0x3F,0xFC,0x3F,0x0C,0x7E,0x00,
    0x7C,0x00,0x7C,0x00,0x7C,0x00,0x7C,0x00,0x7E,0x00,0x3F,0x0C,0x3F,0xFC,0x0F,0xFC,
    0x07,0xF8,0x00,0x00,0x00,0x00,0x00,0x00,0x00,0x00,0x00,0x00,0x00,0x00,0x00,0x00,
    0x00,0x00,0x00,0x00,0x00,0x00,0x00,0x00,0x00,0x00,0x00,0x00,0x00,0x00,0x00,0x00,
    0x0F,0x80,0x00,0x0F,0x80,0x00,0x0F,0x80,0x00,0x0F,0x80,0x00,0x0F,0x80,0x00,0x0F,
    0x80,0x0F,0xCF,0x80,0x1F,0xFF,0x80,0x3F,0xFF,0x80,0x3F,0x3F,0x80,0x7E,0x1F,0x80,
    0x7C,0x1F,0x80,0x7C,0x0F,0x80,0x7C,0x0F,0x80,0x7C,0x1F,0x80,0x7E,0x1F,0x80,0x3F,
    0x3F,0x80,0x3F,0xFF,0x80,0x1F,0xFF,0x80,0x0F,0xCF,0x80,0x00,0x00,0x00,0x00,0x00,
    0x00,0x00,0x00,0x00,0x00,0x00,0x00,0x00,0x00,0x00,0x00,0x00,0x00,0x00,0x00,0x00,
    0x00,0x00,0x00,0x00,0x00,0x00,0x00,0x00,0x00,0x00,0x00,0x00,0x00,0x00,0x00,0x00,
    0x00,0x00,0x00,0x00,0x00,0x00,0x00,0x00,0x00,0x00,0x00,0x00,0x00,0x00,0x00,0x00,
    0x00,0x07,0xF0,0x00,0x1F,0xFC,0x00,0x3F,0xFE,0x00,0x3F,0x3F,0x00,0x7E,0x1F,0x00,
    0x7C,0x1F,0x00,0x7F,0xFF,0x00,0x7F,0xFF,0x80,0x7F,0xFF,0x80,0x7C,0x00,0x00,0x3E,
    0x07,0x00,0x3F,0xFF,0x00,0x1F,0xFF,0x00,0x07,0xFC,0x00,0x00,0x00,0x00,0x00,0x00,
    0x00,0x00,0x00,0x00,0x00,0x00,0x00,0x00,0x00,0x00,0x00,0x00,0x00,0x00,0x00,0x00,
    0x00,0x00,0x00,0x00,0x00,0x00,0x00,0x00,0x00,0x00,0x07,0xE0,0x0F,0xE0,0x1F,0xE0,
    0x1F,0x00,0x1F,0x00,0x1E,0x00,0xFF,0xE0,0xFF,0xE0,0xFF,0xE0,0x1E,0x00,0x1E,0x00,
    0x1E,0x00,0x1E,0x00,0x1E,0x00,0x1E,0x00,0x1E,0x00,0x1E,0x00,0x1E,0x00,0x1E,0x00,
    0x1E,0x00,0x00,0x00,0x00,0x00,0x00,0x00,0x00,0x00,0x00,0x00,0x00,0x00,0x00,0x00,
    0x00,0x00,0x00,0x00,0x00,0x00,0x00,0x00,0x00,0x00,0x00,0x00,0x00,0x00,0x00,0x00,
    0x00,0x00,0x00,0x00,0x00,0x00,0x00,0x00,0x00,0x00,0x00,0x00,0x00,0x00,0x00,0x00,
    0x00,0x0F,0xCF,0x80,0x1F,0xFF,0x80,0x3F,0xFF,0x80,0x3F,0x3F,0x80,0x7E,0x1F,0x80,
    0x7C,0x1F,0x80,0x7C,0x0F,0x80,0x7C,0x0F,0x80,0x7C,0x1F,0x80,0x7E,0x1F,0x80,0x3F,
    0x3F,0x80,0x3F,0xFF,0x80,0x1F,0xFF,0x80,0x0F,0xCF,0x80,0x00,0x1F,0x00,0x18,0x3F,
    0x00,0x1F,0xFE,0x00,0x1F,0xFC,0x00,0x0F,0xF0,0x00,0x00,0x00,0x00,0x00,0x00,0x00,
    0x00,0x00,0x00,0x00,0x00,0x00,0x00,0x00,0x00,0x00,0x00,0x00,0x00,0x00,0x00,0x3E,
    0x00,0x00,0x3E,0x00,0x00,0x3E,0x00,0x00,0x3E,0x00,0x00,0x3E,0x00,0x00,0x3E,0x00,
    0x00,0x3E,0x7C,0x00,0x3F,0xFE,0x00,0x3F,0xFF,0x00,0x3F,0x9F,0x00,0x3F,0x0F,0x80,
    0x3E,0x0F,0x80,0x3E,0x0F,0x80,0x3E,0x0F,0x80,0x3E,0x0F,0x80,0x3E,0x0F,0x80,0x3E,
    0x0F,0x80,0x3E,0x0F,0x80,0x3E,0x0F,0x80,0x3E,0x0F,0x80,0x00,0x00,0x00,0x00,0x00,
    0x00,0x00,0x00,0x00,0x00,0x00,0x00,0x00,0x00,0x00,0x00,0x00,0x00,0x00,0x00,0x00,
    0x00,0x00,0x00,0x00,0x00,0x00,0x00,0x00,0x00,0x00,0x3E,0x00,0x3E,0x00,0x3E,0x00,
    0x3E,0x00,0x00,0x00,0x00,0x00,0x3E,0x00,0x3E,0x00,0x3E,0x00,0x3E,0x00,0x3E,0x00,
    0x3E,0x00,0x3E,0x00,0x3E,0x00,0x3E,0x00,0x3E,0x00,0x3E,0x00,0x3E,0x00,0x3E,0x00,
    0x3E,0x00,0x00,0x00,0x00,0x00,0x00,0x00,0x00,0x00,0x00,0x00,0x00,0x00,0x00,0x00,
    0x00,0x00,0x00,0x00,0x00,0x00,0x00,0x00,0x00,0x00,0x3E,0x00,0x3E,0x00,0x3E,0x00,
    0x3E,0x00,0x00,0x00,0x00,0x00,0x3E,0x00,0x3E,0x00,0x3E,0x00,0x3E,0x00,0x3E,0x00,
    0x3E,0x00,0x3E,0x00,0x3E,0x00,0x3E,0x00,0x3E,0x00,0x3E,0x00,0x3E,0x00,0x3E,0x00,
    0x3E,0x00,0x3E,0x00,0x7E,0x00,0xFC,0x00,0xFC,0x00,0xF0,0x00,0x00,0x00,0x00,0x00,
    0x00,0x00,0x00,0x00,0x00,0x00,0x00,0x00,0x00,0x00,0x00,0x00,0x00,0x00,0x00,0x3E,
    0x00,0x00,0x3E,0x00,0x00,0x3E,0x00,0x00,0x3E,0x00,0x00,0x3E,0x00,0x00,0x3E,0x00,
    0x00,0x3E,0x1F,0x80,0x3E,0x3F,0x00,0x3E,0x7E,0x00,0x3E,0xFC,0x00,0x3F,0xF8,0x00,
    0x3F,0xF0,0x00,0x3F,0xE0,0x00,0x3F,0xF0,0x00,0x3F,0xF8,0x00,0x3E,0xFC,0x00,0x3E,
    0x7E,0x00,0x3E,0x3F,0x00,0x3E,0x1F,0x80,0x3E,0x0F,0x80,0x00,0x00,0x00,0x00,0x00,
    0x00,0x00,0x00,0x00,0x00,0x00,0x00,0x00,0x00,0x00,0x00,0x00,0x00,0x00,0x00,0x00,
    0x00,0x00,0x00,0x00,0x00,0x00,0x00,0x00,0x00,0x00,0x3E,0x00,0x3E,0x00,0x3E,0x00,
    0x3E,0x00,0x3E,0x00,0x3E,0x00,0x3E,0x00,0x3E,0x00,0x3E,0x00,0x3E,0x00,0x3E,0x00,
    0x3E,0x00,0x3E,0x00,0x3E,0x00,0x3E,0x00,0x3E,0x00,0x3E,0x00,0x3E,0x00,0x3E,0x00,
    0x3E,0x00,0x00,0x00,0x00,0x00,0x00,0x00,0x00,0x00,0x00,0x00,0x00,0x00,0x00,0x00,
    0x00,0x00,0x00,0x00,0x00,0x00,0x00,0x00,0x00,0x00,0x00,0x00,0x00,0x00,0x00,0x00,
    0x00,0x00,0x00,0x00,0x00,0x00,0x00,0x00,0x00,0x00,0x00,0x00,0x00,0x00,0x00,0x00,
    0x00,0x00,0x00,0x00,0x00,0x00,0x00,0x00,0x00,0x00,0x00,0x00,0x3E,0xFC,0x7E,0x00,
    0x3F,0xFE,0xFF,0x00,0x3F,0xFF,0xFF,0x80,0x3F,0x3F,0x8F,0x80,0x3E,0x1F,0x8F,0x80,
    0x3E,0x1F,0x0F,0x80,0x3E,0x1F,0x0F,0x80,0x3E,0x1F,0x0F,0x80,0x3E,0x1F,0x0F,0x80,
    0x3E,0x1F,0x0F,0x80,0x3E,0x1F,0x0F,0x80,0x3E,0x1F,0x0F,0x80,0x3E,0x1F,0x0F,0x80,
    0x3E,0x1F,0x0F,0x80,0x00,0x00,0x00,0x00,0x00,0x00,0x00,0x00,0x00,0x00,0x00,0x00,
    0x00,0x00,0x00,0x00,0x00,0x00,0x00,0x00,0x00,0x00,0x00,0x00,0x00,0x00,0x00,0x00,
    0x00,0x00,0x00,0x00,0x00,0x00,0x00,0x00,0x00,0x00,0x00,0x00,0x00,0x00,0x00,0x00,
    0x00,0x00,0x00,0x00,0x00,0x00,0x00,0x00,0x00,0x00,0x00,0x00,0x00,0x00,0x00,0x00,
    0x00,0x3E,0x7C,0x00,0x3F,0xFE,0x00,0x3F,0xFF,0x00,0x3F,0x9F,0x00,0x3F,0x0F,0x80,
    0x3E,0x0F,0x80,0x3E,0x0F,0x80,0x3E,0x0F,0x80,0x3E,0x0F,0x80,0x3E,0x0F,0x80,0x3E,
    0x0F,0x80,0x3E,0x0F,0x80,0x3E,0x0F,0x80,0x3E,0x0F,0x80,0x00,0x00,0x00,0x00,0x00,
    0x00,0x00,0x00,0x00,0x00,0x00,0x00,0x00,0x00,0x00,0x00,0x00,0x00,0x00,0x00,0x00,
    0x00,0x00,0x00,0x00,0x00,0x00,0x00,0x00,0x00,0x00,0x00,0x00,0x00,0x00,0x00,0x00,
    0x00,0x00,0x00,0x00,0x00,0x00,0x00,0x00,0x00,0x00,0x00,0x00,0x00,0x00,0x00,0x00,
    0x00,0x07,0xF8,0x00,0x1F,0xFC,0x00,0x3F,0xFE,0x00,0x3F,0x3F,0x00,0x7E,0x1F,0x80,
    0x7C,0x0F,0x80,0x7C,0x0F,0x80,0x7C,0x0F,0x80,0x7C,0x0F,0x80,0x7E,0x1F,0x80,0x3F,
    0x3F,0x00,0x3F,0xFE,0x00,0x1F,0xFC,0x00,0x07,0xF8,0x00,0x00,0x00,0x00,0x00,0x00,
    0x00,0x00,0x00,0x00,0x00,0x00,0x00,0x00,0x00,0x00,0x00,0x00,0x00,0x00,0x00,0x00,
    0x00,0x00,0x00,0x00,0x00,0x00,0x00,0x00,0x00,0x00,0x00,0x00,0x00,0x00,0x00,0x00,
    0x00,0x00,0x00,0x00,0x00,0x00,0x00,0x00,0x00,0x00,0x00,0x00,0x00,0x00,0x00,0x00,
    0x00,0x3E,0xFC,0x00,0x3F,0xFE,0x00,0x3F,0xFF,0x00,0x3F,0x1F,0x80,0x3E,0x0F,0x80,
    0x3E,0x0F,0x80,0x3E,0x07,0xC0,0x3E,0x07,0xC0,0x3E,0x0F,0x80,0x3E,0x0F,0x80,0x3F,
    0x1F,0x80,0x3F,0xFF,0x00,0x3F,0xFE,0x00,0x3E,0xFC,0x00,0x3E,0x00,0x00,0x3E,0x00,
    0x00,0x3E,0x00,0x00,0x3E,0x00,0x00,0x3E,0x00,0x00,0x00,0x00,0x00,0x00,0x00,0x00,
    0x00,0x00,0x00,0x00,0x00,0x00,0x00,0x00,0x00,0x00,0x00,0x00,0x00,0x00,0x00,0x00,
    0x00,0x00,0x00,0x00,0x00,0x00,0x00,0x00,0x00,0x00,0x00,0x00,0x00,0x00,0x00,0x00,
    0x00,0x0F,0xCF,0x80,0x1F,0xFF,0x80,0x3F,0xFF,0x80,0x3F,0x3F,0x80,0x7E,0x1F,0x80,
    0x7C,0x1F,0x80,0x7C,0x0F,0x80,0x7C,0x0F,0x80,0x7C,0x1F,0x80,0x7E,0x1F,0x80,0x3F,
    0x3F,0x80,0x3F,0xFF,0x80,0x1F,0xFF,0x80,0x0F,0xCF,0x80,0x00,0x0F,0x80,0x00,0x0F,
    0x80,0x00,0x0F,0x80,0x00,0x0F,0x80,0x00,0x0F,0x80,0x00,0x00,0x00,0x00,0x00,0x00,
    0x00,0x00,0x00,0x00,0x00,0x00,0x00,0x00,0x00,0x00,0x00,0x00,0x00,0x00,0x00,0x00,
    0x00,0x00,0x00,0x00,0x00,0x00,0x3E,0x78,0x3E,0xF8,0x3F,0xF8,0x3F,0x88,0x3F,0x00,
    0x3E,0x00,0x3E,0x00,0x3E,0x00,0x3E,0x00,0x3E,0x00,0x3E,0x00,0x3E,0x00,0x3E,0x00,
    0x3E,0x00,0x00,0x00,0x00,0x00,0x00,0x00,0x00,0x00,0x00,0x00,0x00,0x00,0x00,0x00,
    0x00,0x00,0x00,0x00,0x00,0x00,0x00,0x00,0x00,0x00,0x00,0x00,0x00,0x00,0x00,0x00,
    0x00,0x00,0x00,0x00,0x00,0x00,0x0F,0xF0,0x3F,0xF8,0x3F,0xF8,0x7C,0x18,0x7C,0x00,
    0x7F,0xC0,0x3F,0xF8,0x1F,0xFC,0x03,0xFC,0x00,0x3C,0x70,0x7C,0x7F,0xFC,0x7F,0xF8,
    0x1F,0xF0,0x00,0x00,0x00,0x00,0x00,0x00,0x00,0x00,0x00,0x00,0x00,0x00,0x00,0x00,
    0x00,0x00,0x00,0x00,0x00,0x00,0x00,0x00,0x00,0x00,0x00,0x00,0x00,0x00,0x3E,0x00,
    0x3E,0x00,0x3E,0x00,0x3E,0x00,0xFF,0xF0,0xFF,0xF0,0xFF,0xF0,0x3E,0x00,0x3E,0x00,
    0x3E,0x00,0x3E,0x00,0x3E,0x00,0x3E,0x00,0x3E,0x00,0x1F,0x00,0x1F,0xF0,0x1F,0xF0,
    0x0F,0xF0,0x00,0x00,0x00,0x00,0x00,0x00,0x00,0x00,0x00,0x00,0x00,0x00,0x00,0x00,
    0x00,0x00,0x00,0x00,0x00,0x00,0x00,0x00,0x00,0x00,0x00,0x00,0x00,0x00,0x00,0x00,
    0x00,0x00,0x00,0x00,0x00,0x00,0x00,0x00,0x00,0x00,0x00,0x00,0x00,0x00,0x00,0x00,
    0x00,0x3E,0x0F,0x80,0x3E,0x0F,0x80,0x3E,0x0F,0x80,0x3E,0x0F,0x80,0x3E,0x0F,0x80,
    0x3E,0x0F,0x80,0x3E,0x0F,0x80,0x3E,0x0F,0x80,0x3E,0x1F,0x80,0x3E,0x1F,0x80,0x3F,
    0x3F,0x80,0x3F,0xFF,0x80,0x1F,0xFF,0x80,0x0F,0xCF,0x80,0x00,0x00,0x00,0x00,0x00,
    0x00,0x00,0x00,0x00,0x00,0x00,0x00,0x00,0x00,0x00,0x00,0x00,0x00,0x00,0x00,0x00,
    0x00,0x00,0x00,0x00,0x00,0x00,0x00,0x00,0x00,0x00,0x00,0x00,0x00,0x00,0x00,0x00,
    0x00,0x00,0x00,0x00,0x00,0x00,0x00,0x00,0x00,0x00,0x00,0x00,0x00,0x00,0x00,0x00,
    0x00,0xF8,0x0F,0x80,0x7C,0x1F,0x00,0x7C,0x1F,0x00,0x3C,0x1E,0x00,0x3E,0x3E,0x00,
    0x3E,0x3E,0x00,0x1F,0x7C,0x00,0x1F,0x7C,0x00,0x0F,0x78,0x00,0x0F,0xF8,0x00,0x0F,
    0xF8,0x00,0x07,0xF0,0x00,0x07,0xF0,0x00,0x03,0xE0,0x00,0x00,0x00,0x00,0x00,0x00,
    0x00,0x00,0x00,0x00,0x00,0x00,0x00,0x00,0x00,0x00,0x00,0x00,0x00,0x00,0x00,0x00,
    0x00,0x00,0x00,0x00,0x00,0x00,0x00,0x00,0x00,0x00,0x00,0x00,0x00,0x00,0x00,0x00,
    0x00,0x00,0x00,0x00,0x00,0x00,0x00,0x00,0x00,0x00,0x00,0x00,0x00,0x00,0x00,0x00,
    0x00,0x7C,0x3C,0x3E,0x7C,0x3C,0x3E,0x7C,0x7E,0x3E,0x3C,0x7E,0x3C,0x3E,0x7E,0x7C,
    0x3E,0x7E,0x7C,0x3E,0xFF,0x7C,0x1E,0xE7,0x78,0x1F,0xE7,0xF8,0x1F,0xE7,0xF8,0x0F,
    0xE7,0xF0,0x0F,0xC3,0xF0,0x0F,0xC3,0xF0,0x0F,0xC3,0xF0,0x00,0x00,0x00,0x00,0x00,
    0x00,0x00,0x00,0x00,0x00,0x00,0x00,0x00,0x00,0x00,0x00,0x00,0x00,0x00,0x00,0x00,
    0x00,0x00,0x00,0x00,0x00,0x00,0x00,0x00,0x00,0x00,0x00,0x00,0x00,0x00,0x00,0x00,
    0x00,0x00,0x00,0x00,0x00,0x00,0x00,0x00,0x00,0x00,0x00,0x00,0x00,0x00,0x00,0x00,
    0x00,0x7C,0x1F,0x00,0x3E,0x3E,0x00,0x3E,0x7C,0x00,0x1F,0x7C,0x00,0x0F,0xF8,0x00,
    0x07,0xF0,0x00,0x07,0xE0,0x00,0x07,0xF0,0x00,0x0F,0xF0,0x00,0x0F,0xF8,0x00,0x1F,
    0x7C,0x00,0x3E,0x3E,0x00,0x7C,0x3E,0x00,0x7C,0x1F,0x00,0x00,0x00,0x00,0x00,0x00,
    0x00,0x00,0x00,0x00,0x00,0x00,0x00,0x00,0x00,0x00,0x00,0x00,0x00,0x00,0x00,0x00,
    0x00,0x00,0x00,0x00,0x00,0x00,0x00,0x00,0x00,0x00,0x00,0x00,0x00,0x00,0x00,0x00,
    0x00,0x00,0x00,0x00,0x00,0x00,0x00,0x00,0x00,0x00,0x00,0x00,0x00,0x00,0x00,0x00,
    0x00,0xF8,0x0F,0x00,0x7C,0x1F,0x00,0x7C,0x1F,0x00,0x3C,0x1E,0x00,0x3E,0x3E,0x00,
    0x1E,0x3C,0x00,0x1F,0x3C,0x00,0x1F,0x7C,0x00,0x0F,0xF8,0x00,0x0F,0xF8,0x00,0x07,
    0xF0,0x00,0x07,0xF0,0x00,0x03,0xF0,0x00,0x03,0xE0,0x00,0x03,0xE0,0x00,0x03,0xC0,
    0x00,0x3F,0xC0,0x00,0x3F,0x80,0x00,0x3F,0x00,0x00,0x00,0x00,0x00,0x00,0x00,0x00,
    0x00,0x00,0x00,0x00,0x00,0x00,0x00,0x00,0x00,0x00,0x00,0x00,0x00,0x00,0x00,0x00,
    0x00,0x00,0x00,0x00,0x00,0x00,0x7F,0xFC,0x7F,0xFC,0x7F,0xFC,0x00,0xFC,0x01,0xF8,
    0x03,0xF0,0x07,0xE0,0x0F,0xC0,0x1F,0x80,0x3F,0x00,0x7E,0x00,0x7F,0xFC,0x7F,0xFC,
    0x7F,0xFC,0x00,0x00,0x00,0x00,0x00,0x00,0x00,0x00,0x00,0x00,0x00,0x00,0x00,0x00,
    0x00,0x00,0x00,0x00,0x00,0x00,0x00,0x00,0x00,0x00,0x00,0x00,0x00,0x00,0x00,0x00,
    0x7E,0x00,0x00,0xFE,0x00,0x01,0xFE,0x00,0x01,0xF8,0x00,0x01,0xF0,0x00,0x01,0xF0,
    0x00,0x01,0xF0,0x00,0x01,0xF0,0x00,0x01,0xF0,0x00,0x01,0xF0,0x00,0x03,0xE0,0x00,
    0x1F,0xE0,0x00,0x1F,0xC0,0x00,0x1F,0xE0,0x00,0x03,0xE0,0x00,0x01,0xF0,0x00,0x01,
    0xF0,0x00,0x01,0xF0,0x00,0x01,0xF0,0x00,0x01,0xF0,0x00,0x01,0xF0,0x00,0x01,0xFE,
    0x00,0x00,0xFE,0x00,0x00,0x7E,0x00,0x00,0x00,0x00,0x00,0x00,0x00,0x00,0x00,0x00,
    0x00,0x00,0x00,0x00,0x00,0x00,0x00,0x00,0x00,0x00,0x1C,0x00,0x1C,0x00,0x1C,0x00,
    0x1C,0x00,0x1C,0x00,0x1C,0x00,0x1C,0x00,0x1C,0x00,0x1C,0x00,0x1C,0x00,0x1C,0x00,
    0x1C,0x00,0x1C,0x00,0x1C,0x00,0x1C,0x00,0x1C,0x00,0x1C,0x00,0x1C,0x00,0x1C,0x00,
    0x1C,0x00,0x1C,0x00,0x1C,0x00,0x1C,0x00,0x1C,0x00,0x1C,0x00,0x1C,0x00,0x00,0x00,
    0x00,0x00,0x00,0x00,0x00,0x00,0x00,0x00,0x00,0x00,0x00,0x00,0x00,0x00,0x00,0x1F,
    0x80,0x00,0x1F,0xE0,0x00,0x1F,0xE0,0x00,0x03,0xE0,0x00,0x01,0xE0,0x00,0x01,0xF0,
    0x00,0x01,0xF0,0x00,0x01,0xF0,0x00,0x01,0xF0,0x00,0x01,0xF0,0x00,0x01,0xF8,0x00,
    0x00,0xFE,0x00,0x00,0x7E,0x00,0x00,0xFE,0x00,0x01,0xF8,0x00,0x01,0xF0,0x00,0x01,
    0xF0,0x00,0x01,0xF0,0x00,0x01,0xF0,0x00,0x01,0xE0,0x00,0x03,0xE0,0x00,0x1F,0xE0,
    0x00,0x1F,0xE0,0x00,0x1F,0x80,0x00,0x00,0x00,0x00,0x00,0x00,0x00,0x00,0x00,0x00,
    0x00,0x00,0x00,0x00,0x00,0x00,0x00,0x00,0x00,0x00,0x00,0x00,0x00,0x00,0x00,0x00,
    0x00,0x00,0x00,0x00,0x00,0x00,0x00,0x00,0x00,0x00,0x00,0x00,0x00,0x00,0x00,0x00,
    0x00,0x00,0x00,0x00,0x00,0x00,0x00,0x00,0x00,0x00,0x07,0xC0,0x20,0x1F,0xF8,0xE0,
    0x1F,0xFF,0xE0,0x1C,0x7F,0xC0,0x10,0x1F,0x80,0x00,0x00,0x00,0x00,0x00,0x00,0x00,
    0x00,0x00,0x00,0x00,0x00,0x00,0x00,0x00,0x00,0x00,0x00,0x00,0x00,0x00,0x00,0x00,
    0x00,0x00,0x00,0x00,0x00,0x00,0x00,0x00,0x00,0x00,0x00,0x00,0x00,0x00,0x00,0x00,
    0x00,0x00,0x00,0x03,0xC0,0x00,0x01,0xE0,0x00,0x00,0xE0,0x00,0x00,0x00,0x00,0x00,
    0x00,0x00,0x01,0xF8,0x00,0x03,0xFC,0x00,0x03,0xFC,0x00,0x03,0xFC,0x00,0x07,0xFE,
    0x00,0x07,0xFE,0x00,0x07,0xDF,0x00,0x0F,0x9F,0x00,0x0F,0x9F,0x00,0x1F,0x8F,0x80,
    0x1F,0x0F,0x80,0x1F,0x0F,0x80,0x3F,0xFF,0xC0,0x3F,0xFF,0xC0,0x3F,0xFF,0xE0,0x7C,
    0x03,0xE0,0x7C,0x03,0xE0,0xFC,0x03,0xF0,0xF8,0x01,0xF0,0x00,0x00,0x00,0x00,0x00,
    0x00,0x00,0x00,0x00,0x00,0x00,0x00,0x00,0x00,0x00,0x00,0x00,0x00,0x00,0x00,0x00,
    0x00,0x00,0x00,0x00,0x3C,0x00,0x00,0x70,0x00,0x00,0xE0,0x00,0x00,0x00,0x00,0x00,
    0x00,0x00,0x01,0xF8,0x00,0x03,0xFC,0x00,0x03,0xFC,0x00,0x03,0xFC,0x00,0x07,0xFE,
    0x00,0x07,0xFE,0x00,0x07,0xDF,0x00,0x0F,0x9F,0x00,0x0F,0x9F,0x00,0x1F,0x8F,0x80,
    0x1F,0x0F,0x80,0x1F,0x0F,0x80,0x3F,0xFF,0xC0,0x3F,0xFF,0xC0,0x3F,0xFF,0xE0,0x7C,
    0x03,0xE0,0x7C,0x03,0xE0,0xFC,0x03,0xF0,0xF8,0x01,0xF0,0x00,0x00,0x00,0x00,0x00,
    0x00,0x00,0x00,0x00,0x00,0x00,0x00,0x00,0x00,0x00,0x00,0x00,0x00,0x00,0x00,0x00,
    0x00,0x00,0x00,0x01,0xF8,0x00,0x03,0xFC,0x00,0x03,0x0E,0x00,0x00,0x00,0x00,0x00,
    0x00,0x00,0x01,0xF8,0x00,0x03,0xFC,0x00,0x03,0xFC,0x00,0x03,0xFC,0x00,0x07,0xFE,
    0x00,0x07,0xFE,0x00,0x07,0xDF,0x00,0x0F,0x9F,0x00,0x0F,0x9F,0x00,0x1F,0x8F,0x80,
    0x1F,0x0F,0x80,0x1F,0x0F,0x80,0x3F,0xFF,0xC0,0x3F,0xFF,0xC0,0x3F,0xFF,0xE0,0x7C,
    0x03,0xE0,0x7C,0x03,0xE0,0xFC,0x03,0xF0,0xF8,0x01,0xF0,0x00,0x00,0x00,0x00,0x00,
    0x00,0x00,0x00,0x00,0x00,0x00,0x00,0x00,0x00,0x00,0x00,0x00,0x00,0x00,0x00,0x00,
    0x00,0x00,0x00,0x03,0xEE,0x00,0x03,0xFC,0x00,0x03,0x7C,0x00,0x00,0x00,0x00,0x00,
    0x00,0x00,0x01,0xF8,0x00,0x03,0xFC,0x00,0x03,0xFC,0x00,0x03,0xFC,0x00,0x07,0xFE,
    0x00,0x07,0xFE,0x00,0x07,0xDF,0x00,0x0F,0x9F,0x00,0x0F,0x9F,0x00,0x1F,0x8F,0x80,
    0x1F,0x0F,0x80,0x1F,0x0F,0x80,0x3F,0xFF,0xC0,0x3F,0xFF,0xC0,0x3F,0xFF,0xE0,0x7C,
    0x03,0xE0,0x7C,0x03,0xE0,0xFC,0x03,0xF0,0xF8,0x01,0xF0,0x00,0x00,0x00,0x00,0x00,
    0x00,0x00,0x00,0x00,0x00,0x00,0x00,0x00,0x00,0x00,0x00,0x00,0x00,0x00,0x00,0x00,
    0x00,0x00,0x00,0x03,0x9C,0x00,0x03,0x9C,0x00,0x03,0x9C,0x00,0x00,0x00,0x00,0x00,
    0x00,0x00,0x01,0xF8,0x00,0x03,0xFC,0x00,0x03,0xFC,0x00,0x03,0xFC,0x00,0x07,0xFE,
    0x00,0x07,0xFE,0x00,0x07,0xDF,0x00,0x0F,0x9F,0x00,0x0F,0x9F,0x00,0x1F,0x8F,0x80,
    0x1F,0x0F,0x80,0x1F,0x0F,0x80,0x3F,0xFF,0xC0,0x3F,0xFF,0xC0,0x3F,0xFF,0xE0,0x7C,
    0x03,0xE0,0x7C,0x03,0xE0,0xFC,0x03,0xF0,0xF8,0x01,0xF0,0x00,0x00,0x00,0x00,0x00,
    0x00,0x00,0x00,0x00,0x00,0x00,0x00,0x00,0x00,0x00,0x00,0x00,0x00,0x00,0x00,0x00,
    0x00,0x00,0x00,0x00,0xF0,0x00,0x01,0xF8,0x00,0x03,0x9C,0x00,0x03,0x9C,0x00,0x03,
    0x9C,0x00,0x01,0xF8,0x00,0x03,0xFC,0x00,0x03,0xFC,0x00,0x03,0xFC,0x00,0x07,0xFE,
    0x00,0x07,0xFE,0x00,0x07,0xDF,0x00,0x0F,0x9F,0x00,0x0F,0x9F,0x00,0x1F,0x8F,0x80,
    0x1F,0x0F,0x80,0x1F,0x0F,0x80,0x3F,0xFF,0xC0,0x3F,0xFF,0xC0,0x3F,0xFF,0xE0,0x7C,
    0x03,0xE0,0x7C,0x03,0xE0,0xFC,0x03,0xF0,0xF8,0x01,0xF0,0x00,0x00,0x00,0x00,0x00,
    0x00,0x00,0x00,0x00,0x00,0x00,0x00,0x00,0x00,0x00,0x00,0x00,0x00,0x00,0x00,0x00,
    0x00,0x00,0x00,0x00,0x00,0x00,0x00,0x00,0x00,0x00,0x00,0x00,0x00,0x00,0x00,0x00,
    0x00,0x00,0x00,0x00,0x00,0x00,0x00,0x00,0x00,0xFF,0xFF,0xC0,0x01,0xFF,0xFF,0xC0,
    0x01,0xFF,0xFF,0xC0,0x03,0xE7,0xC0,0x00,0x03,0xE7,0xC0,0x00,0x07,0xC7,0xC0,0x00,
    0x07,0xC7,0xC0,0x00,0x07,0xC7,0xFF,0xC0,0x0F,0x87,0xFF,0xC0,0x0F,0x87,0xFF,0xC0,
    0x1F,0x07,0xC0,0x00,0x1F,0xFF,0xC0,0x00,0x1F,0xFF,0xC0,0x00,0x3F,0xFF,0xC0,0x00,
    0x3E,0x07,0xC0,0x00,0x7C,0x07,0xC0,0x00,0x7C,0x07,0xFF,0xE0,0xF8,0x07,0xFF,0xE0,
    0xF8,0x07,0xFF,0xE0,0x00,0x00,0x00,0x00,0x00,0x00,0x00,0x00,0x00,0x00,0x00,0x00,
    0x00,0x00,0x00,0x00,0x00,0x00,0x00,0x00,0x00,0x00,0x00,0x00,0x00,0x00,0x00,0x00,
    0x00,0x00,0x00,0x00,0x00,0x00,0x00,0x00,0x00,0x00,0x00,0x00,0x00,0x00,0x00,0x00,
    0x00,0x00,0x01,0xFF,0x00,0x07,0xFF,0xC0,0x0F,0xFF,0xC0,0x1F,0xC3,0xC0,0x3F,0x00,
    0xC0,0x3F,0x00,0x00,0x3E,0x00,0x00,0x7E,0x00,0x00,0x7E,0x00,0x00,0x7E,0x00,0x00,
    0x7E,0x00,0x00,0x7E,0x00,0x00,0x3E,0x00,0x00,0x3F,0x00,0x00,0x3F,0x00,0xC0,0x1F,
    0xC3,0xC0,0x0F,0xFF,0xC0,0x07,0xFF,0xC0,0x01,0xFF,0x00,0x00,0x18,0x00,0x00,0x1C,
    0x00,0x00,0x1C,0x00,0x00,0xFC,0x00,0x00,0xF8,0x00,0x00,0x00,0x00,0x00,0x00,0x00,
    0x00,0x00,0x00,0x07,0x80,0x00,0x03,0xC0,0x00,0x01,0xC0,0x00,0x00,0x00,0x00,0x00,
    0x00,0x00,0x3F,0xFF,0x00,0x3F,0xFF,0x00,0x3F,0xFF,0x00,0x3E,0x00,0x00,0x3E,0x00,
    0x00,0x3E,0x00,0x00,0x3E,0x00,0x00,0x3F,0xFE,0x00,0x3F,0xFE,0x00,0x3F,0xFE,0x00,
    0x3E,0x00,0x00,0x3E,0x00,0x00,0x3E,0x00,0x00,0x3E,0x00,0x00,0x3E,0x00,0x00,0x3E,
    0x00,0x00,0x3F,0xFF,0x00,0x3F,0xFF,0x00,0x3F,0xFF,0x00,0x00,0x00,0x00,0x00,0x00,
    0x00,0x00,0x00,0x00,0x00,0x00,0x00,0x00,0x00,0x00,0x00,0x00,0x00,0x00,0x00,0x00,
    0x00,0x00,0x00,0x00,0x78,0x00,0x00,0xE0,0x00,0x01,0xC0,0x00,0x00,0x00,0x00,0x00,
    0x00,0x00,0x3F,0xFF,0x00,0x3F,0xFF,0x00,0x3F,0xFF,0x00,0x3E,0x00,0x00,0x3E,0x00,
    0x00,0x3E,0x00,0x00,0x3E,0x00,0x00,0x3F,0xFE,0x00,0x3F,0xFE,0x00,0x3F,0xFE,0x00,
    0x3E,0x00,0x00,0x3E,0x00,0x00,0x3E,0x00,0x00,0x3E,0x00,0x00,0x3E,0x00,0x00,0x3E,
    0x00,0x00,0x3F,0xFF,0x00,0x3F,0xFF,0x00,0x3F,0xFF,0x00,0x00,0x00,0x00,0x00,0x00,
    0x00,0x00,0x00,0x00,0x00,0x00,0x00,0x00,0x00,0x00,0x00,0x00,0x00,0x00,0x00,0x00,
    0x00,0x00,0x00,0x03,0xE0,0x00,0x07,0xF0,0x00,0x0E,0x38,0x00,0x00,0x00,0x00,0x00,
    0x00,0x00,0x3F,0xFF,0x00,0x3F,0xFF,0x00,0x3F,0xFF,0x00,0x3E,0x00,0x00,0x3E,0x00,
    0x00,0x3E,0x00,0x00,0x3E,0x00,0x00,0x3F,0xFE,0x00,0x3F,0xFE,0x00,0x3F,0xFE,0x00,
    0x3E,0x00,0x00,0x3E,0x00,0x00,0x3E,0x00,0x00,0x3E,0x00,0x00,0x3E,0x00,0x00,0x3E,
    0x00,0x00,0x3F,0xFF,0x00,0x3F,0xFF,0x00,0x3F,0xFF,0x00,0x00,0x00,0x00,0x00,0x00,
    0x00,0x00,0x00,0x00,0x00,0x00,0x00,0x00,0x00,0x00,0x00,0x00,0x00,0x00,0x00,0x00,
    0x00,0x00,0x00,0x07,0x38,0x00,0x07,0x38,0x00,0x07,0x38,0x00,0x00,0x00,0x00,0x00,
    0x00,0x00,0x3F,0xFF,0x00,0x3F,0xFF,0x00,0x3F,0xFF,0x00,0x3E,0x00,0x00,0x3E,0x00,
    0x00,0x3E,0x00,0x00,0x3E,0x00,0x00,0x3F,0xFE,0x00,0x3F,0xFE,0x00,0x3F,0xFE,0x00,
    0x3E,0x00,0x00,0x3E,0x00,0x00,0x3E,0x00,0x00,0x3E,0x00,0x00,0x3E,0x00,0x00,0x3E,
    0x00,0x00,0x3F,0xFF,0x00,0x3F,0xFF,0x00,0x3F,0xFF,0x00,0x00,0x00,0x00,0x00,0x00,
    0x00,0x00,0x00,0x00,0x00,0x00,0x00,0x00,0x00,0x00,0x00,0x00,0x00,0x00,0x00,0x00,
    0x00,0x00,0x70,0x00,0x38,0x00,0x1C,0x00,0x00,0x00,0x00,0x00,0x3E,0x00,0x3E,0x00,
    0x3E,0x00,0x3E,0x00,0x3E,0x00,0x3E,0x00,0x3E,0x00,0x3E,0x00,0x3E,0x00,0x3E,0x00,
    0x3E,0x00,0x3E,0x00,0x3E,0x00,0x3E,0x00,0x3E,0x00,0x3E,0x00,0x3E,0x00,0x3E,0x00,
    0x3E,0x00,0x00,0x00,0x00,0x00,0x00,0x00,0x00,0x00,0x00,0x00,0x00,0x00,0x00,0x00,
    0x00,0x00,0x07,0x00,0x0E,0x00,0x1C,0x00,0x00,0x00,0x00,0x00,0x3E,0x00,0x3E,0x00,
    0x3E,0x00,0x3E,0x00,0x3E,0x00,0x3E,0x00,0x3E,0x00,0x3E,0x00,0x3E,0x00,0x3E,0x00,
    0x3E,0x00,0x3E,0x00,0x3E,0x00,0x3E,0x00,0x3E,0x00,0x3E,0x00,0x3E,0x00,0x3E,0x00,
    0x3E,0x00,0x00,0x00,0x00,0x00,0x00,0x00,0x00,0x00,0x00,0x00,0x00,0x00,0x00,0x00,
    0x00,0x00,0x3E,0x00,0x7F,0x00,0xE3,0x80,0x00,0x00,0x00,0x00,0x3E,0x00,0x3E,0x00,
    0x3E,0x00,0x3E,0x00,0x3E,0x00,0x3E,0x00,0x3E,0x00,0x3E,0x00,0x3E,0x00,0x3E,0x00,
    0x3E,0x00,0x3E,0x00,0x3E,0x00,0x3E,0x00,0x3E,0x00,0x3E,0x00,0x3E,0x00,0x3E,0x00,
    0x3E,0x00,0x00,0x00,0x00,0x00,0x00,0x00,0x00,0x00,0x00,0x00,0x00,0x00,0x00,0x00,
    0x00,0x00,0x73,0x80,0x73,0x80,0x73,0x80,0x00,0x00,0x00,0x00,0x3E,0x00,0x3E,0x00,
    0x3E,0x00,0x3E,0x00,0x3E,0x00,0x3E,0x00,0x3E,0x00,0x3E,0x00,0x3E,0x00,0x3E,0x00,
    0x3E,0x00,0x3E,0x00,0x3E,0x00,0x3E,0x00,0x3E,0x00,0x3E,0x00,0x3E,0x00,0x3E,0x00,
    0x3E,0x00,0x00,0x00,0x00,0x00,0x00,0x00,0x00,0x00,0x00,0x00,0x00,0x00,0x00,0x00,
    0x00,0x00,0x00,0x00,0x00,0x00,0x00,0x00,0x00,0x00,0x00,0x00,0x00,0x00,0x00,0x00,
    0x00,0x00,0x3F,0xFC,0x00,0x3F,0xFF,0x00,0x3F,0xFF,0xC0,0x3F,0x1F,0xE0,0x3F,0x07,
    0xE0,0x3F,0x03,0xF0,0x3F,0x01,0xF0,0x3F,0x01,0xF0,0xFF,0xE1,0xF8,0xFF,0xE1,0xF8,
    0xFF,0xE1,0xF8,0x3F,0x01,0xF0,0x3F,0x01,0xF0,0x3F,0x03,0xF0,0x3F,0x07,0xE0,0x3F,
    0x1F,0xE0,0x3F,0xFF,0xC0,0x3F,0xFF,0x00,0x3F,0xFC,0x00,0x00,0x00,0x00,0x00,0x00,
    0x00,0x00,0x00,0x00,0x00,0x00,0x00,0x00,0x00,0x00,0x00,0x00,0x00,0x00,0x00,0x00,
    0x00,0x00,0x00,0x01,0xE6,0x00,0x03,0xFE,0x00,0x03,0x3C,0x00,0x00,0x00,0x00,0x00,
    0x00,0x00,0x3F,0x01,0xF0,0x3F,0x81,0xF0,0x3F,0x81,0xF0,0x3F,0xC1,0xF0,0x3F,0xC1,
    0xF0,0x3F,0xE1,0xF0,0x3F,0xE1,0xF0,0x3E,0xF1,0xF0,0x3E,0xF9,0xF0,0x3E,0x79,0xF0,
    0x3E,0x7D,0xF0,0x3E,0x3D,0xF0,0x3E,0x3F,0xF0,0x3E,0x1F,0xF0,0x3E,0x1F,0xF0,0x3E,
    0x0F,0xF0,0x3E,0x0F,0xF0,0x3E,0x07,0xF0,0x3E,0x07,0xF0,0x00,0x00,0x00,0x00,0x00,
    0x00,0x00,0x00,0x00,0x00,0x00,0x00,0x00,0x00,0x00,0x00,0x00,0x00,0x00,0x00,0x00,
    0x00,0x00,0x00,0x01,0xE0,0x00,0x00,0xF0,0x00,0x00,0x70,0x00,0x00,0x00,0x00,0x00,
    0x00,0x00,0x01,0xFE,0x00,0x07,0xFF,0x80,0x0F,0xFF,0xC0,0x1F,0x87,0xE0,0x3F,0x03,
    0xF0,0x3E,0x01,0xF0,0x3E,0x01,0xF8,0x7E,0x01,0xF8,0x7E,0x00,0xF8,0x7E,0x00,0xF8,
    0x7E,0x00,0xF8,0x7E,0x01,0xF8,0x3E,0x01,0xF8,0x3E,0x01,0xF0,0x3F,0x03,0xF0,0x1F,
    0x87,0xE0,0x0F,0xFF,0xC0,0x07,0xFF,0x80,0x01,0xFE,0x00,0x00,0x00,0x00,0x00,0x00,
    0x00,0x00,0x00,0x00,0x00,0x00,0x00,0x00,0x00,0x00,0x00,0x00,0x00,0x00,0x00,0x00,
    0x00,0x00,0x00,0x00,0x1E,0x00,0x00,0x38,0x00,0x00,0x70,0x00,0x00,0x00,0x00,0x00,
    0x00,0x00,0x01,0xFE,0x00,0x07,0xFF,0x80,0x0F,0xFF,0xC0,0x1F,0x87,0xE0,0x3F,0x03,
    0xF0,0x3E,0x01,0xF0,0x3E,0x01,0xF8,0x7E,0x01,0xF8,0x7E,0x00,0xF8,0x7E,0x00,0xF8,
    0x7E,0x00,0xF8,0x7E,0x01,0xF8,0x3E,0x01,0xF8,0x3E,0x01,0xF0,0x3F,0x03,0xF0,0x1F,
    0x87,0xE0,0x0F,0xFF,0xC0,0x07,0xFF,0x80,0x01,0xFE,0x00,0x00,0x00,0x00,0x00,0x00,
    0x00,0x00,0x00,0x00,0x00,0x00,0x00,0x00,0x00,0x00,0x00,0x00,0x00,0x00,0x00,0x00,
    0x00,0x00,0x00,0x00,0xF8,0x00,0x01,0xFC,0x00,0x03,0x8E,0x00,0x00,0x00,0x00,0x00,
    0x00,0x00,0x01,0xFE,0x00,0x07,0xFF,0x80,0x0F,0xFF,0xC0,0x1F,0x87,0xE0,0x3F,0x03,
    0xF0,0x3E,0x01,0xF0,0x3E,0x01,0xF8,0x7E,0x01,0xF8,0x7E,0x00,0xF8,0x7E,0x00,0xF8,
    0x7E,0x00,0xF8,0x7E,0x01,0xF8,0x3E,0x01,0xF8,0x3E,0x01,0xF0,0x3F,0x03,0xF0,0x1F,
    0x87,0xE0,0x0F,0xFF,0xC0,0x07,0xFF,0x80,0x01,0xFE,0x00,0x00,0x00,0x00,0x00,0x00,
    0x00,0x00,0x00,0x00,0x00,0x00,0x00,0x00,0x00,0x00,0x00,0x00,0x00,0x00,0x00,0x00,
    0x00,0x00,0x00,0x01,0xF7,0x00,0x01,0xFE,0x00,0x01,0xBE,0x00,0x00,0x00,0x00,0x00,
    0x00,0x00,0x01,0xFE,0x00,0x07,0xFF,0x80,0x0F,0xFF,0xC0,0x1F,0x87,0xE0,0x3F,0x03,
    0xF0,0x3E,0x01,0xF0,0x3E,0x01,0xF8,0x7E,0x01,0xF8,0x7E,0x00,0xF8,0x7E,0x00,0xF8,
    0x7E,0x00,0xF8,0x7E,0x01,0xF8,0x3E,0x01,0xF8,0x3E,0x01,0xF0,0x3F,0x03,0xF0,0x1F,
    0x87,0xE0,0x0F,0xFF,0xC0,0x07,0xFF,0x80,0x01,0xFE,0x00,0x00,0x00,0x00,0x00,0x00,
    0x00,0x00,0x00,0x00,0x00,0x00,0x00,0x00,0x00,0x00,0x00,0x00,0x00,0x00,0x00,0x00,
    0x00,0x00,0x00,0x01,0xCE,0x00,0x01,0xCE,0x00,0x01,0xCE,0x00,0x00,0x00,0x00,0x00,
    0x00,0x00,0x01,0xFE,0x00,0x07,0xFF,0x80,0x0F,0xFF,0xC0,0x1F,0x87,0xE0,0x3F,0x03,
    0xF0,0x3E,0x01,0xF0,0x3E,0x01,0xF8,0x7E,0x01,0xF8,0x7E,0x00,0xF8,0x7E,0x00,0xF8,
    0x7E,0x00,0xF8,0x7E,0x01,0xF8,0x3E,0x01,0xF8,0x3E,0x01,0xF0,0x3F,0x03,0xF0,0x1F,
    0x87,0xE0,0x0F,0xFF,0xC0,0x07,0xFF,0x80,0x01,0xFE,0x00,0x00,0x00,0x00,0x00,0x00,
    0x00,0x00,0x00,0x00,0x00,0x00,0x00,0x00,0x00,0x00,0x00,0x00,0x00,0x00,0x00,0x00,
    0x00,0x00,0x00,0x00,0x00,0x00,0x00,0x00,0x00,0x00,0x00,0x00,0x00,0x00,0x00,0x00,
    0x00,0x00,0x00,0x00,0x00,0x00,0x00,0x00,0x00,0x00,0x00,0x04,0x00,0x80,0x0E,0x01,
    0xC0,0x1F,0x03,0xC0,0x0F,0x87,0x80,0x07,0xCF,0x00,0x01,0xFE,0x00,0x00,0xFC,0x00,
    0x00,0xF8,0x00,0x00,0xFC,0x00,0x01,0xFE,0x00,0x07,0xCF,0x00,0x0F,0x87,0x80,0x1F,
    0x03,0xC0,0x0E,0x01,0xC0,0x04,0x00,0x80,0x00,0x00,0x00,0x00,0x00,0x00,0x00,0x00,
    0x00,0x00,0x00,0x00,0x00,0x00,0x00,0x00,0x00,0x00,0x00,0x00,0x00,0x00,0x00,0x00,
    0x00,0x00,0x00,0x00,0x00,0x00,0x00,0x00,0x00,0x00,0x00,0x00,0x00,0x00,0x00,0x00,
    0x00,0x00,0x01,0xFE,0x18,0x07,0xFF,0xF8,0x0F,0xFF,0xF0,0x1F,0x87,0xE0,0x3F,0x03,
    0xF0,0x3E,0x07,0xF0,0x3E,0x0F,0xF8,0x7E,0x1F,0xF8,0x7E,0x3C,0xF8,0x7E,0x78,0xF8,
    0x7E,0xF0,0xF8,0x7F,0xE1,0xF8,0x7F,0xC1,0xF8,0x3F,0x81,0xF0,0x3F,0x03,0xF0,0x1F,
    0x87,0xE0,0x3F,0xFF,0xC0,0x7F,0xFF,0x80,0x61,0xFE,0x00,0x00,0x00,0x00,0x00,0x00,
    0x00,0x00,0x00,0x00,0x00,0x00,0x00,0x00,0x00,0x00,0x00,0x00,0x00,0x00,0x00,0x00,
    0x00,0x00,0x00,0x03,0xC0,0x00,0x00,0xE0,0x00,0x00,0x70,0x00,0x00,0x00,0x00,0x00,
    0x00,0x00,0x3E,0x03,0xE0,0x3E,0x03,0xE0,0x3E,0x03,0xE0,0x3E,0x03,0xE0,0x3E,0x03,
    0xE0,0x3E,0x03,0xE0,0x3E,0x03,0xE0,0x3E,0x03,0xE0,0x3E,0x03,0xE0,0x3E,0x03,0xE0,
    0x3E,0x03,0xE0,0x3E,0x03,0xE0,0x3F,0x03,0xE0,0x3F,0x07,0xE0,0x1F,0x07,0xC0,0x1F,
    0x8F,0xC0,0x0F,0xFF,0x80,0x07,0xFF,0x00,0x03,0xFE,0x00,0x00,0x00,0x00,0x00,0x00,
    0x00,0x00,0x00,0x00,0x00,0x00,0x00,0x00,0x00,0x00,0x00,0x00,0x00,0x00,0x00,0x00,
    0x00,0x00,0x00,0x00,0x3C,0x00,0x00,0x78,0x00,0x00,0x70,0x00,0x00,0x00,0x00,0x00,
    0x00,0x00,0x3E,0x03,0xE0,0x3E,0x03,0xE0,0x3E,0x03,0xE0,0x3E,0x03,0xE0,0x3E,0x03,
    0xE0,0x3E,0x03,0xE0,0x3E,0x03,0xE0,0x3E,0x03,0xE0,0x3E,0x03,0xE0,0x3E,0x03,0xE0,
    0x3E,0x03,0xE0,0x3E,0x03,0xE0,0x3F,0x03,0xE0,0x3F,0x07,0xE0,0x1F,0x07,0xC0,0x1F,
    0x8F,0xC0,0x0F,0xFF,0x80,0x07,0xFF,0x00,0x03,0xFE,0x00,0x00,0x00,0x00,0x00,0x00,
    0x00,0x00,0x00,0x00,0x00,0x00,0x00,0x00,0x00,0x00,0x00,0x00,0x00,0x00,0x00,0x00,
    0x00,0x00,0x00,0x00,0xF8,0x00,0x01,0xFC,0x00,0x03,0x8E,0x00,0x00,0x00,0x00,0x00,
    0x00,0x00,0x3E,0x03,0xE0,0x3E,0x03,0xE0,0x3E,0x03,0xE0,0x3E,0x03,0xE0,0x3E,0x03,
    0xE0,0x3E,0x03,0xE0,0x3E,0x03,0xE0,0x3E,0x03,0xE0,0x3E,0x03,0xE0,0x3E,0x03,0xE0,
    0x3E,0x03,0xE0,0x3E,0x03,0xE0,0x3F,0x03,0xE0,0x3F,0x07,0xE0,0x1F,0x07,0xC0,0x1F,
    0x8F,0xC0,0x0F,0xFF,0x80,0x07,0xFF,0x00,0x03,0xFE,0x00,0x00,0x00,0x00,0x00,0x00,
    0x00,0x00,0x00,0x00,0x00,0x00,0x00,0x00,0x00,0x00,0x00,0x00,0x00,0x00,0x00,0x00,
    0x00,0x00,0x00,0x03,0xDE,0x00,0x03,0xDE,0x00,0x03,0xDE,0x00,0x00,0x00,0x00,0x00,
    0x00,0x00,0x3E,0x03,0xE0,0x3E,0x03,0xE0,0x3E,0x03,0xE0,0x3E,0x03,0xE0,0x3E,0x03,
    0xE0,0x3E,0x03,0xE0,0x3E,0x03,0xE0,0x3E,0x03,0xE0,0x3E,0x03,0xE0,0x3E,0x03,0xE0,
    0x3E,0x03,0xE0,0x3E,0x03,0xE0,0x3F,0x03,0xE0,0x3F,0x07,0xE0,0x1F,0x07,0xC0,0x1F,
    0x8F,0xC0,0x0F,0xFF,0x80,0x07,0xFF,0x00,0x03,0xFE,0x00,0x00,0x00,0x00,0x00,0x00,
    0x00,0x00,0x00,0x00,0x00,0x00,0x00,0x00,0x00,0x00,0x00,0x00,0x00,0x00,0x00,0x00,
    0x00,0x00,0x00,0x00,0x78,0x00,0x00,0xF0,0x00,0x01,0xE0,0x00,0x00,0x00,0x00,0x00,
    0x00,0x00,0xFC,0x07,0xE0,0x7C,0x07,0xC0,0x7E,0x0F,0xC0,0x3F,0x1F,0x80,0x1F,0x1F,
    0x00,0x1F,0xBF,0x00,0x0F,0xFE,0x00,0x0F,0xFC,0x00,0x07,0xFC,0x00,0x03,0xF8,0x00,
    0x03,0xF0,0x00,0x01,0xF0,0x00,0x01,0xF0,0x00,0x01,0xF0,0x00,0x01,0xF0,0x00,0x01,
    0xF0,0x00,0x01,0xF0,0x00,0x01,0xF0,0x00,0x01,0xF0,0x00,0x00,0x00,0x00,0x00,0x00,
    0x00,0x00,0x00,0x00,0x00,0x00,0x00,0x00,0x00,0x00,0x00,0x00,0x00,0x00,0x00,0x00,
    0x00,0x00,0x00,0x00,0x00,0x00,0x00,0x00,0x00,0x00,0x00,0x00,0x00,0x00,0x00,0x00,
    0x00,0x00,0x3E,0x00,0x00,0x3E,0x00,0x00,0x3E,0x00,0x00,0x3F,0xFC,0x00,0x3F,0xFF,
    0x00,0x3F,0xFF,0x80,0x3E,0x1F,0xC0,0x3E,0x0F,0xC0,0x3E,0x07,0xC0,0x3E,0x07,0xC0,
    0x3E,0x0F,0xC0,0x3E,0x1F,0xC0,0x3F,0xFF,0x80,0x3F,0xFF,0x00,0x3F,0xFC,0x00,0x3E,
    0x00,0x00,0x3E,0x00,0x00,0x3E,0x00,0x00,0x3E,0x00,0x00,0x00,0x00,0x00,0x00,0x00,
    0x00,0x00,0x00,0x00,0x00,0x00,0x00,0x00,0x00,0x00,0x00,0x00,0x00,0x00,0x00,0x00,
    0x00,0x00,0x00,0x00,0x00,0x00,0x00,0x00,0x00,0x00,0x00,0x00,0x00,0x00,0x00,0x07,
    0xF8,0x00,0x0F,0xFC,0x00,0x1F,0xFE,0x00,0x3F,0x1F,0x00,0x3E,0x1F,0x00,0x3E,0x3F,
    0x00,0x3E,0x7F,0x00,0x3E,0xF8,0x00,0x3E,0xF0,0x00,0x3E,0xF8,0x00,0x3E,0xFE,0x00,
    0x3E,0x7F,0x00,0x3E,0x3F,0x80,0x3E,0x0F,0x80,0x3E,0x07,0xC0,0x3E,0x07,0xC0,0x3E,
    0xCF,0xC0,0x3E,0xFF,0x80,0x3E,0xFF,0x80,0x3E,0x7E,0x00,0x00,0x00,0x00,0x00,0x00,
    0x00,0x00,0x00,0x00,0x00,0x00,0x00,0x00,0x00,0x00,0x00,0x00,0x00,0x00,0x00,0x00,
    0x00,0x00,0x00,0x00,0x00,0x00,0x00,0x00,0x00,0x00,0x00,0x00,0x0F,0x00,0x00,0x07,
    0x00,0x00,0x03,0x80,0x00,0x01,0xC0,0x00,0x00,0xE0,0x00,0x00,0x00,0x00,0x00,0x00,
    0x00,0x0F,0xF0,0x00,0x3F,0xFC,0x00,0x3F,0xFE,0x00,0x38,0x3E,0x00,0x00,0x1F,0x00,
    0x0F,0xFF,0x00,0x3F,0xFF,0x00,0x7F,0xFF,0x00,0x7E,0x1F,0x00,0x7C,0x3F,0x00,0x7E,
    0x7F,0x00,0x7F,0xFF,0x00,0x3F,0xFF,0x00,0x1F,0x9F,0x00,0x00,0x00,0x00,0x00,0x00,
    0x00,0x00,0x00,0x00,0x00,0x00,0x00,0x00,0x00,0x00,0x00,0x00,0x00,0x00,0x00,0x00,
    0x00,0x00,0x00,0x00,0x00,0x00,0x00,0x00,0x00,0x00,0x00,0x00,0x00,0x3C,0x00,0x00,
    0x78,0x00,0x00,0x70,0x00,0x00,0xE0,0x00,0x01,0xC0,0x00,0x00,0x00,0x00,0x00,0x00,
    0x00,0x0F,0xF0,0x00,0x3F,0xFC,0x00,0x3F,0xFE,0x00,0x38,0x3E,0x00,0x00,0x1F,0x00,
    0x0F,0xFF,0x00,0x3F,0xFF,0x00,0x7F,0xFF,0x00,0x7E,0x1F,0x00,0x7C,0x3F,0x00,0x7E,
    0x7F,0x00,0x7F,0xFF,0x00,0x3F,0xFF,0x00,0x1F,0x9F,0x00,0x00,0x00,0x00,0x00,0x00,
    0x00,0x00,0x00,0x00,0x00,0x00,0x00,0x00,0x00,0x00,0x00,0x00,0x00,0x00,0x00,0x00,
    0x00,0x00,0x00,0x00,0x00,0x00,0x00,0x00,0x00,0x00,0x00,0x00,0x01,0xE0,0x00,0x03,
    0xF0,0x00,0x03,0xF0,0x00,0x07,0x38,0x00,0x0E,0x1C,0x00,0x00,0x00,0x00,0x00,0x00,
    0x00,0x0F,0xF0,0x00,0x3F,0xFC,0x00,0x3F,0xFE,0x00,0x38,0x3E,0x00,0x00,0x1F,0x00,
    0x0F,0xFF,0x00,0x3F,0xFF,0x00,0x7F,0xFF,0x00,0x7E,0x1F,0x00,0x7C,0x3F,0x00,0x7E,
    0x7F,0x00,0x7F,0xFF,0x00,0x3F,0xFF,0x00,0x1F,0x9F,0x00,0x00,0x00,0x00,0x00,0x00,
    0x00,0x00,0x00,0x00,0x00,0x00,0x00,0x00,0x00,0x00,0x00,0x00,0x00,0x00,0x00,0x00,
    0x00,0x00,0x00,0x00,0x00,0x00,0x00,0x00,0x00,0x00,0x00,0x00,0x03,0x18,0x00,0x07,
    0x98,0x00,0x0E,0xD8,0x00,0x0C,0x78,0x00,0x0C,0x70,0x00,0x00,0x00,0x00,0x00,0x00,
    0x00,0x0F,0xF0,0x00,0x3F,0xFC,0x00,0x3F,0xFE,0x00,0x38,0x3E,0x00,0x00,0x1F,0x00,
    0x0F,0xFF,0x00,0x3F,0xFF,0x00,0x7F,0xFF,0x00,0x7E,0x1F,0x00,0x7C,0x3F,0x00,0x7E,
    0x7F,0x00,0x7F,0xFF,0x00,0x3F,0xFF,0x00,0x1F,0x9F,0x00,0x00,0x00,0x00,0x00,0x00,
    0x00,0x00,0x00,0x00,0x00,0x00,0x00,0x00,0x00,0x00,0x00,0x00,0x00,0x00,0x00,0x00,
    0x00,0x00,0x00,0x00,0x00,0x00,0x00,0x00,0x00,0x00,0x00,0x00,0x00,0x00,0x00,0x07,
    0x38,0x00,0x07,0x38,0x00,0x07,0x38,0x00,0x00,0x00,0x00,0x00,0x00,0x00,0x00,0x00,
    0x00,0x0F,0xF0,0x00,0x3F,0xFC,0x00,0x3F,0xFE,0x00,0x38,0x3E,0x00,0x00,0x1F,0x00,
    0x0F,0xFF,0x00,0x3F,0xFF,0x00,0x7F,0xFF,0x00,0x7E,0x1F,0x00,0x7C,0x3F,0x00,0x7E,
    0x7F,0x00,0x7F,0xFF,0x00,0x3F,0xFF,0x00,0x1F,0x9F,0x00,0x00,0x00,0x00,0x00,0x00,
    0x00,0x00,0x00,0x00,0x00,0x00,0x00,0x00,0x00,0x00,0x00,0x00,0x00,0x00,0x00,0x00,
    0x00,0x00,0x00,0x00,0x00,0x00,0x01,0xE0,0x00,0x03,0xF0,0x00,0x07,0x38,0x00,0x06,
    0x38,0x00,0x07,0x38,0x00,0x03,0xF0,0x00,0x01,0xE0,0x00,0x00,0x00,0x00,0x00,0x00,
    0x00,0x0F,0xF0,0x00,0x3F,0xFC,0x00,0x3F,0xFE,0x00,0x38,0x3E,0x00,0x00,0x1F,0x00,
    0x0F,0xFF,0x00,0x3F,0xFF,0x00,0x7F,0xFF,0x00,0x7E,0x1F,0x00,0x7C,0x3F,0x00,0x7E,
    0x7F,0x00,0x7F,0xFF,0x00,0x3F,0xFF,0x00,0x1F,0x9F,0x00,0x00,0x00,0x00,0x00,0x00,
    0x00,0x00,0x00,0x00,0x00,0x00,0x00,0x00,0x00,0x00,0x00,0x00,0x00,0x00,0x00,0x00,
    0x00,0x00,0x00,0x00,0x00,0x00,0x00,0x00,0x00,0x00,0x00,0x00,0x00,0x00,0x00,0x00,
    0x00,0x00,0x00,0x00,0x00,0x00,0x00,0x00,0x00,0x00,0x00,0x00,0x00,0x00,0x00,0x00,
    0x00,0x00,0x00,0x00,0x00,0x00,0x00,0x00,0x00,0x00,0x00,0x00,0x0F,0xF1,0xFC,0x00,
    0x3F,0xFB,0xFF,0x00,0x3F,0xFF,0xFF,0x80,0x38,0x3F,0x8F,0x80,0x00,0x1F,0x07,0xC0,
    0x0F,0xFF,0x07,0xC0,0x3F,0xFF,0xFF,0xC0,0x7F,0xFF,0xFF,0xC0,0x7E,0x1F,0xFF,0xC0,
    0x7C,0x1F,0x00,0x00,0x7E,0x7F,0x83,0xC0,0x7F,0xFF,0xFF,0xC0,0x3F,0xE3,0xFF,0xC0,
    0x1F,0x81,0xFF,0x00,0x00,0x00,0x00,0x00,0x00,0x00,0x00,0x00,0x00,0x00,0x00,0x00,
    0x00,0x00,0x00,0x00,0x00,0x00,0x00,0x00,0x00,0x00,0x00,0x00,0x00,0x00,0x00,0x00,
    0x00,0x00,0x00,0x00,0x00,0x00,0x00,0x00,0x00,0x00,0x00,0x00,0x00,0x00,0x00,0x00,
    0x00,0x00,0x00,0x00,0x00,0x00,0x07,0xF8,0x0F,0xFC,0x3F,0xFC,0x3F,0x0C,0x7E,0x00,
    0x7C,0x00,0x7C,0x00,0x7C,0x00,0x7C,0x00,0x7E,0x00,0x3F,0x0C,0x3F,0xFC,0x0F,0xFC,
    0x07,0xF8,0x00,0xE0,0x00,0x60,0x00,0x70,0x07,0xE0,0x07,0xE0,0x00,0x00,0x00,0x00,
    0x00,0x00,0x00,0x00,0x00,0x00,0x00,0x00,0x00,0x00,0x00,0x00,0x0F,0x00,0x00,0x07,
    0x80,0x00,0x03,0xC0,0x00,0x01,0xC0,0x00,0x00,0xE0,0x00,0x00,0x00,0x00,0x00,0x00,
    0x00,0x07,0xF0,0x00,0x1F,0xFC,0x00,0x3F,0xFE,0x00,0x3F,0x3F,0x00,0x7E,0x1F,0x00,
    0x7C,0x1F,0x00,0x7F,0xFF,0x00,0x7F,0xFF,0x80,0x7F,0xFF,0x80,0x7C,0x00,0x00,0x3E,
    0x07,0x00,0x3F,0xFF,0x00,0x1F,0xFF,0x00,0x07,0xFC,0x00,0x00,0x00,0x00,0x00,0x00,
    0x00,0x00,0x00,0x00,0x00,0x00,0x00,0x00,0x00,0x00,0x00,0x00,0x00,0x00,0x00,0x00,
    0x00,0x00,0x00,0x00,0x00,0x00,0x00,0x00,0x00,0x00,0x00,0x00,0x00,0x3C,0x00,0x00,
    0x38,0x00,0x00,0x70,0x00,0x00,0xE0,0x00,0x00,0xE0,0x00,0x00,0x00,0x00,0x00,0x00,
    0x00,0x07,0xF0,0x00,0x1F,0xFC,0x00,0x3F,0xFE,0x00,0x3F,0x3F,0x00,0x7E,0x1F,0x00,
    0x7C,0x1F,0x00,0x7F,0xFF,0x00,0x7F,0xFF,0x80,0x7F,0xFF,0x80,0x7C,0x00,0x00,0x3E,
    0x07,0x00,0x3F,0xFF,0x00,0x1F,0xFF,0x00,0x07,0xFC,0x00,0x00,0x00,0x00,0x00,0x00,
    0x00,0x00,0x00,0x00,0x00,0x00,0x00,0x00,0x00,0x00,0x00,0x00,0x00,0x00,0x00,0x00,
    0x00,0x00,0x00,0x00,0x00,0x00,0x00,0x00,0x00,0x00,0x00,0x00,0x01,0xE0,0x00,0x01,
    0xF0,0x00,0x03,0xF8,0x00,0x07,0x38,0x00,0x06,0x1C,0x00,0x00,0x00,0x00,0x00,0x00,
    0x00,0x07,0xF0,0x00,0x1F,0xFC,0x00,0x3F,0xFE,0x00,0x3F,0x3F,0x00,0x7E,0x1F,0x00,
    0x7C,0x1F,0x00,0x7F,0xFF,0x00,0x7F,0xFF,0x80,0x7F,0xFF,0x80,0x7C,0x00,0x00,0x3E,
    0x07,0x00,0x3F,0xFF,0x00,0x1F,0xFF,0x00,0x07,0xFC,0x00,0x00,0x00,0x00,0x00,0x00,
    0x00,0x00,0x00,0x00,0x00,0x00,0x00,0x00,0x00,0x00,0x00,0x00,0x00,0x00,0x00,0x00,
    0x00,0x00,0x00,0x00,0x00,0x00,0x00,0x00,0x00,0x00,0x00,0x00,0x00,0x00,0x00,0x07,
    0x38,0x00,0x07,0x38,0x00,0x07,0x38,0x00,0x00,0x00,0x00,0x00,0x00,0x00,0x00,0x00,
    0x00,0x07,0xF0,0x00,0x1F,0xFC,0x00,0x3F,0xFE,0x00,0x3F,0x3F,0x00,0x7E,0x1F,0x00,
    0x7C,0x1F,0x00,0x7F,0xFF,0x00,0x7F,0xFF,0x80,0x7F,0xFF,0x80,0x7C,0x00,0x00,0x3E,
    0x07,0x00,0x3F,0xFF,0x00,0x1F,0xFF,0x00,0x07,0xFC,0x00,0x00,0x00,0x00,0x00,0x00,
    0x00,0x00,0x00,0x00,0x00,0x00,0x00,0x00,0x00,0x00,0x00,0x00,0x00,0x00,0x00,0x00,
    0x00,0x00,0x00,0x00,0x00,0x00,0x00,0x00,0xF0,0x00,0x70,0x00,0x38,0x00,0x1C,0x00,
    0x1C,0x00,0x00,0x00,0x00,0x00,0x3E,0x00,0x3E,0x00,0x3E,0x00,0x3E,0x00,0x3E,0x00,
    0x3E,0x00,0x3E,0x00,0x3E,0x00,0x3E,0x00,0x3E,0x00,0x3E,0x00,0x3E,0x00,0x3E,0x00,
    0x3E,0x00,0x00,0x00,0x00,0x00,0x00,0x00,0x00,0x00,0x00,0x00,0x00,0x00,0x00,0x00,
    0x00,0x00,0x00,0x00,0x00,0x00,0x00,0x00,0x03,0x80,0x07,0x80,0x07,0x00,0x0E,0x00,
    0x1C,0x00,0x00,0x00,0x00,0x00,0x3E,0x00,0x3E,0x00,0x3E,0x00,0x3E,0x00,0x3E,0x00,
    0x3E,0x00,0x3E,0x00,0x3E,0x00,0x3E,0x00,0x3E,0x00,0x3E,0x00,0x3E,0x00,0x3E,0x00,
    0x3E,0x00,0x00,0x00,0x00,0x00,0x00,0x00,0x00,0x00,0x00,0x00,0x00,0x00,0x00,0x00,
    0x00,0x00,0x00,0x00,0x00,0x00,0x00,0x00,0x3C,0x00,0x3E,0x00,0x7F,0x00,0xE7,0x00,
    0xE3,0x80,0x00,0x00,0x00,0x00,0x3E,0x00,0x3E,0x00,0x3E,0x00,0x3E,0x00,0x3E,0x00,
    0x3E,0x00,0x3E,0x00,0x3E,0x00,0x3E,0x00,0x3E,0x00,0x3E,0x00,0x3E,0x00,0x3E,0x00,
    0x3E,0x00,0x00,0x00,0x00,0x00,0x00,0x00,0x00,0x00,0x00,0x00,0x00,0x00,0x00,0x00,
    0x00,0x00,0x00,0x00,0x00,0x00,0x00,0x00,0x00,0x00,0xF7,0x80,0xF7,0x80,0xF7,0x80,
    0x00,0x00,0x00,0x00,0x00,0x00,0x3E,0x00,0x3E,0x00,0x3E,0x00,0x3E,0x00,0x3E,0x00,
    0x3E,0x00,0x3E,0x00,0x3E,0x00,0x3E,0x00,0x3E,0x00,0x3E,0x00,0x3E,0x00,0x3E,0x00,
    0x3E,0x00,0x00,0x00,0x00,0x00,0x00,0x00,0x00,0x00,0x00,0x00,0x00,0x00,0x00,0x00,
    0x00,0x00,0x00,0x00,0x00,0x00,0x00,0x00,0x00,0x00,0x00,0x00,0x00,0x00,0x00,0x0F,
    0x86,0x00,0x07,0xFE,0x00,0x03,0xFC,0x00,0x0F,0xF0,0x00,0x1F,0xF8,0x00,0x18,0x78,
    0x00,0x00,0x7C,0x00,0x07,0xFE,0x00,0x1F,0xFF,0x00,0x3F,0xFF,0x00,0x7F,0x1F,0x80,
    0x7C,0x0F,0x80,0x7C,0x0F,0x80,0x7C,0x0F,0x80,0x7C,0x0F,0x80,0x7E,0x1F,0x80,0x3F,
    0x3F,0x00,0x3F,0xFE,0x00,0x1F,0xFC,0x00,0x07,0xF8,0x00,0x00,0x00,0x00,0x00,0x00,
    0x00,0x00,0x00,0x00,0x00,0x00,0x00,0x00,0x00,0x00,0x00,0x00,0x00,0x00,0x00,0x00,
    0x00,0x00,0x00,0x00,0x00,0x00,0x00,0x00,0x00,0x00,0x00,0x00,0x03,0x8C,0x00,0x03,
    0xCC,0x00,0x07,0xEC,0x00,0x06,0x7C,0x00,0x06,0x38,0x00,0x00,0x00,0x00,0x00,0x00,
    0x00,0x3E,0x7C,0x00,0x3F,0xFE,0x00,0x3F,0xFF,0x00,0x3F,0x9F,0x00,0x3F,0x0F,0x80,
    0x3E,0x0F,0x80,0x3E,0x0F,0x80,0x3E,0x0F,0x80,0x3E,0x0F,0x80,0x3E,0x0F,0x80,0x3E,
    0x0F,0x80,0x3E,0x0F,0x80,0x3E,0x0F,0x80,0x3E,0x0F,0x80,0x00,0x00,0x00,0x00,0x00,
    0x00,0x00,0x00,0x00,0x00,0x00,0x00,0x00,0x00,0x00,0x00,0x00,0x00,0x00,0x00,0x00,
    0x00,0x00,0x00,0x00,0x00,0x00,0x00,0x00,0x00,0x00,0x00,0x00,0x0F,0x00,0x00,0x07,
    0x80,0x00,0x03,0x80,0x00,0x01,0xC0,0x00,0x00,0xE0,0x00,0x00,0x00,0x00,0x00,0x00,
    0x00,0x07,0xF8,0x00,0x1F,0xFC,0x00,0x3F,0xFE,0x00,0x3F,0x3F,0x00,0x7E,0x1F,0x80,
    0x7C,0x0F,0x80,0x7C,0x0F,0x80,0x7C,0x0F,0x80,0x7C,0x0F,0x80,0x7E,0x1F,0x80,0x3F,
    0x3F,0x00,0x3F,0xFE,0x00,0x1F,0xFC,0x00,0x07,0xF8,0x00,0x00,0x00,0x00,0x00,0x00,
    0x00,0x00,0x00,0x00,0x00,0x00,0x00,0x00,0x00,0x00,0x00,0x00,0x00,0x00,0x00,0x00,
    0x00,0x00,0x00,0x00,0x00,0x00,0x00,0x00,0x00,0x00,0x00,0x00,0x00,0x3C,0x00,0x00,
    0x38,0x00,0x00,0x70,0x00,0x00,0xE0,0x00,0x00,0xE0,0x00,0x00,0x00,0x00,0x00,0x00,
    0x00,0x07,0xF8,0x00,0x1F,0xFC,0x00,0x3F,0xFE,0x00,0x3F,0x3F,0x00,0x7E,0x1F,0x80,
    0x7C,0x0F,0x80,0x7C,0x0F,0x80,0x7C,0x0F,0x80,0x7C,0x0F,0x80,0x7E,0x1F,0x80,0x3F,
    0x3F,0x00,0x3F,0xFE,0x00,0x1F,0xFC,0x00,0x07,0xF8,0x00,0x00,0x00,0x00,0x00,0x00,
    0x00,0x00,0x00,0x00,0x00,0x00,0x00,0x00,0x00,0x00,0x00,0x00,0x00,0x00,0x00,0x00,
    0x00,0x00,0x00,0x00,0x00,0x00,0x00,0x00,0x00,0x00,0x00,0x00,0x01,0xE0,0x00,0x03,
    0xF0,0x00,0x03,0xF0,0x00,0x07,0x38,0x00,0x0E,0x1C,0x00,0x00,0x00,0x00,0x00,0x00,
    0x00,0x07,0xF8,0x00,0x1F,0xFC,0x00,0x3F,0xFE,0x00,0x3F,0x3F,0x00,0x7E,0x1F,0x80,
    0x7C,0x0F,0x80,0x7C,0x0F,0x80,0x7C,0x0F,0x80,0x7C,0x0F,0x80,0x7E,0x1F,0x80,0x3F,
    0x3F,0x00,0x3F,0xFE,0x00,0x1F,0xFC,0x00,0x07,0xF8,0x00,0x00,0x00,0x00,0x00,0x00,
    0x00,0x00,0x00,0x00,0x00,0x00,0x00,0x00,0x00,0x00,0x00,0x00,0x00,0x00,0x00,0x00,
    0x00,0x00,0x00,0x00,0x00,0x00,0x00,0x00,0x00,0x00,0x00,0x00,0x03,0x18,0x00,0x07,
    0x98,0x00,0x06,0xD8,0x00,0x0E,0x78,0x00,0x0C,0x70,0x00,0x00,0x00,0x00,0x00,0x00,
    0x00,0x07,0xF8,0x00,0x1F,0xFC,0x00,0x3F,0xFE,0x00,0x3F,0x3F,0x00,0x7E,0x1F,0x80,
    0x7C,0x0F,0x80,0x7C,0x0F,0x80,0x7C,0x0F,0x80,0x7C,0x0F,0x80,0x7E,0x1F,0x80,0x3F,
    0x3F,0x00,0x3F,0xFE,0x00,0x1F,0xFC,0x00,0x07,0xF8,0x00,0x00,0x00,0x00,0x00,0x00,
    0x00,0x00,0x00,0x00,0x00,0x00,0x00,0x00,0x00,0x00,0x00,0x00,0x00,0x00,0x00,0x00,
    0x00,0x00,0x00,0x00,0x00,0x00,0x00,0x00,0x00,0x00,0x00,0x00,0x00,0x00,0x00,0x07,
    0x38,0x00,0x07,0x38,0x00,0x07,0x38,0x00,0x00,0x00,0x00,0x00,0x00,0x00,0x00,0x00,
    0x00,0x07,0xF8,0x00,0x1F,0xFC,0x00,0x3F,0xFE,0x00,0x3F,0x3F,0x00,0x7E,0x1F,0x80,
    0x7C,0x0F,0x80,0x7C,0x0F,0x80,0x7C,0x0F,0x80,0x7C,0x0F,0x80,0x7E,0x1F,0x80,0x3F,
    0x3F,0x00,0x3F,0xFE,0x00,0x1F,0xFC,0x00,0x07,0xF8,0x00,0x00,0x00,0x00,0x00,0x00,
    0x00,0x00,0x00,0x00,0x00,0x00,0x00,0x00,0x00,0x00,0x00,0x00,0x00,0x00,0x00,0x00,
    0x00,0x00,0x00,0x00,0x00,0x00,0x00,0x00,0x00,0x00,0x00,0x00,0x00,0x00,0x00,0x00,
    0x00,0x00,0x00,0x00,0x00,0x00,0x00,0x00,0x00,0x00,0x00,0x00,0x78,0x00,0x00,0x78,
    0x00,0x00,0x78,0x00,0x00,0x78,0x00,0x00,0x00,0x00,0x00,0x00,0x00,0x1F,0xFF,0xE0,
    0x1F,0xFF,0xE0,0x1F,0xFF,0xE0,0x00,0x00,0x00,0x00,0x00,0x00,0x00,0x78,0x00,0x00,
    0x78,0x00,0x00,0x78,0x00,0x00,0x78,0x00,0x00,0x00,0x00,0x00,0x00,0x00,0x00,0x00,
    0x00,0x00,0x00,0x00,0x00,0x00,0x00,0x00,0x00,0x00,0x00,0x00,0x00,0x00,0x00,0x00,
    0x00,0x00,0x00,0x00,0x00,0x00,0x00,0x00,0x00,0x00,0x00,0x00,0x00,0x00,0x00,0x00,
    0x00,0x00,0x00,0x00,0x00,0x00,0x00,0x00,0x00,0x00,0x00,0x00,0x00,0x00,0x00,0x01,
    0x00,0x07,0xFB,0x80,0x1F,0xFF,0x00,0x3F,0xFE,0x00,0x3F,0x3F,0x00,0x7E,0x3F,0x80,
    0x7C,0x7F,0x80,0x7C,0xEF,0x80,0x7D,0xCF,0x80,0x7F,0x8F,0x80,0x7F,0x1F,0x80,0x3F,
    0x3F,0x00,0x3F,0xFE,0x00,0x3F,0xFC,0x00,0x77,0xF8,0x00,0x20,0x00,0x00,0x00,0x00,
    0x00,0x00,0x00,0x00,0x00,0x00,0x00,0x00,0x00,0x00,0x00,0x00,0x00,0x00,0x00,0x00,
    0x00,0x00,0x00,0x00,0x00,0x00,0x00,0x00,0x00,0x00,0x00,0x00,0x07,0x00,0x00,0x07,
    0x80,0x00,0x03,0xC0,0x00,0x01,0xE0,0x00,0x00,0xE0,0x00,0x00,0x00,0x00,0x00,0x00,
    0x00,0x3E,0x0F,0x80,0x3E,0x0F,0x80,0x3E,0x0F,0x80,0x3E,0x0F,0x80,0x3E,0x0F,0x80,
    0x3E,0x0F,0x80,0x3E,0x0F,0x80,0x3E,0x0F,0x80,0x3E,0x1F,0x80,0x3E,0x1F,0x80,0x3F,
    0x3F,0x80,0x3F,0xFF,0x80,0x1F,0xFF,0x80,0x0F,0xCF,0x80,0x00,0x00,0x00,0x00,0x00,
    0x00,0x00,0x00,0x00,0x00,0x00,0x00,0x00,0x00,0x00,0x00,0x00,0x00,0x00,0x00,0x00,
    0x00,0x00,0x00,0x00,0x00,0x00,0x00,0x00,0x00,0x00,0x00,0x00,0x00,0x1E,0x00,0x00,
    0x3C,0x00,0x00,0x78,0x00,0x00,0x70,0x00,0x00,0xE0,0x00,0x00,0x00,0x00,0x00,0x00,
    0x00,0x3E,0x0F,0x80,0x3E,0x0F,0x80,0x3E,0x0F,0x80,0x3E,0x0F,0x80,0x3E,0x0F,0x80,
    0x3E,0x0F,0x80,0x3E,0x0F,0x80,0x3E,0x0F,0x80,0x3E,0x1F,0x80,0x3E,0x1F,0x80,0x3F,
    0x3F,0x80,0x3F,0xFF,0x80,0x1F,0xFF,0x80,0x0F,0xCF,0x80,0x00,0x00,0x00,0x00,0x00,
    0x00,0x00,0x00,0x00,0x00,0x00,0x00,0x00,0x00,0x00,0x00,0x00,0x00,0x00,0x00,0x00,
    0x00,0x00,0x00,0x00,0x00,0x00,0x00,0x00,0x00,0x00,0x00,0x00,0x01,0xE0,0x00,0x03,
    0xF0,0x00,0x03,0xF8,0x00,0x07,0x38,0x00,0x06,0x1C,0x00,0x00,0x00,0x00,0x00,0x00,
    0x00,0x3E,0x0F,0x80,0x3E,0x0F,0x80,0x3E,0x0F,0x80,0x3E,0x0F,0x80,0x3E,0x0F,0x80,
    0x3E,0x0F,0x80,0x3E,0x0F,0x80,0x3E,0x0F,0x80,0x3E,0x1F,0x80,0x3E,0x1F,0x80,0x3F,
    0x3F,0x80,0x3F,0xFF,0x80,0x1F,0xFF,0x80,0x0F,0xCF,0x80,0x00,0x00,0x00,0x00,0x00,
    0x00,0x00,0x00,0x00,0x00,0x00,0x00,0x00,0x00,0x00,0x00,0x00,0x00,0x00,0x00,0x00,
    0x00,0x00,0x00,0x00,0x00,0x00,0x00,0x00,0x00,0x00,0x00,0x00,0x00,0x00,0x00,0x07,
    0x38,0x00,0x07,0x38,0x00,0x07,0x38,0x00,0x00,0x00,0x00,0x00,0x00,0x00,0x00,0x00,
    0x00,0x3E,0x0F,0x80,0x3E,0x0F,0x80,0x3E,0x0F,0x80,0x3E,0x0F,0x80,0x3E,0x0F,0x80,
    0x3E,0x0F,0x80,0x3E,0x0F,0x80,0x3E,0x0F,0x80,0x3E,0x1F,0x80,0x3E,0x1F,0x80,0x3F,
    0x3F,0x80,0x3F,0xFF,0x80,0x1F,0xFF,0x80,0x0F,0xCF,0x80,0x00,0x00,0x00,0x00,0x00,
    0x00,0x00,0x00,0x00,0x00,0x00,0x00,0x00,0x00,0x00,0x00,0x00,0x00,0x00,0x00,0x00,
    0x00,0x00,0x00,0x00,0x00,0x00,0x00,0x00,0x00,0x00,0x00,0x00,0x00,0x3C,0x00,0x00,
    0x78,0x00,0x00,0xF0,0x00,0x00,0xE0,0x00,0x01,0xC0,0x00,0x00,0x00,0x00,0x00,0x00,
    0x00,0xF8,0x0F,0x00,0x7C,0x1F,0x00,0x7C,0x1F,0x00,0x3C,0x1E,0x00,0x3E,0x3E,0x00,
    0x1E,0x3C,0x00,0x1F,0x3C,0x00,0x1F,0x7C,0x00,0x0F,0xF8,0x00,0x0F,0xF8,0x00,0x07,
    0xF0,0x00,0x07,0xF0,0x00,0x03,0xF0,0x00,0x03,0xE0,0x00,0x03,0xE0,0x00,0x03,0xC0,
    0x00,0x3F,0xC0,0x00,0x3F,0x80,0x00,0x3F,0x00,0x00,0x00,0x00,0x00,0x00,0x00,0x00,
    0x00,0x00,0x00,0x00,0x00,0x00,0x00,0x00,0x00,0x00,0x00,0x00,0x00,0x00,0x00,0x3E,
    0x00,0x00,0x3E,0x00,0x00,0x3E,0x00,0x00,0x3E,0x00,0x00,0x3E,0x00,0x00,0x3E,0x00,
    0x00,0x3E,0xFC,0x00,0x3F,0xFE,0x00,0x3F,0xFF,0x00,0x3F,0x1F,0x80,0x3E,0x0F,0x80,
    0x3E,0x0F,0x80,0x3E,0x07,0xC0,0x3E,0x07,0xC0,0x3E,0x0F,0x80,0x3E,0x0F,0x80,0x3F,
    0x1F,0x80,0x3F,0xFF,0x00,0x3F,0xFE,0x00,0x3E,0xFC,0x00,0x3E,0x00,0x00,0x3E,0x00,
    0x00,0x3E,0x00,0x00,0x3E,0x00,0x00,0x3E,0x00,0x00,0x00,0x00,0x00,0x00,0x00,0x00,
    0x00,0x00,0x00,0x00,0x00,0x00,0x00,0x00,0x00,0x00,0x00,0x00,0x00,0x00,0x00,0x0F,
    0x78,0x00,0x0F,0x78,0x00,0x0F,0x78,0x00,0x00,0x00,0x00,0x00,0x00,0x00,0x00,0x00,
    0x00,0xF8,0x0F,0x00,0x7C,0x1F,0x00,0x7C,0x1F,0x00,0x3C,0x1E,0x00,0x3E,0x3E,0x00,
    0x1E,0x3C,0x00,0x1F,0x3C,0x00,0x1F,0x7C,0x00,0x0F,0xF8,0x00,0x0F,0xF8,0x00,0x07,
    0xF0,0x00,0x07,0xF0,0x00,0x03,0xF0,0x00,0x03,0xE0,0x00,0x03,0xE0,0x00,0x03,0xC0,
    0x00,0x3F,0xC0,0x00,0x3F,0x80,0x00,0x3F,0x00,0x00,0x00,0x00,0x00,0x00,0x00,0x00,
    0x00,0x00,0x00,0x00,0x00,0x00,0x00,0x00,0x00,0x00,0x00,0x00,0x00,0x00,0x00,0x00,
    0x00,0x00,0x00,0x00,0x00,0x00,0x00,0x00,0x00,0xFF,0xFF,0xF0,0x07,0xFF,0xFF,0xF0,
    0x0F,0xFF,0xFF,0xF0,0x1F,0xE1,0xF0,0x00,0x3F,0x81,0xF0,0x00,0x3F,0x01,0xF0,0x00,
    0x3E,0x01,0xF0,0x00,0x7E,0x01,0xFF,0xF0,0x7E,0x01,0xFF,0xF0,0x7E,0x01,0xFF,0xF0,
    0x7E,0x01,0xF0,0x00,0x7E,0x01,0xF0,0x00,0x3E,0x01,0xF0,0x00,0x3F,0x01,0xF0,0x00,
    0x3F,0x81,0xF0,0x00,0x1F,0xE1,0xF0,0x00,0x0F,0xFF,0xFF,0xF8,0x07,0xFF,0xFF,0xF8,
    0x00,0xFF,0xFF,0xF8,0x00,0x00,0x00,0x00,0x00,0x00,0x00,0x00,0x00,0x00,0x00,0x00,
    0x00,0x00,0x00,0x00,0x00,0x00,0x00,0x00,0x00,0x00,0x00,0x00,0x00,0x00,0x00,0x00,
    0x00,0x00,0x00,0x00,0x00,0x00,0x00,0x00,0x00,0x00,0x00,0x00,0x00,0x00,0x00,0x00,
    0x00,0x00,0x00,0x00,0x00,0x00,0x00,0x00,0x00,0x00,0x00,0x00,0x00,0x00,0x00,0x00,
    0x00,0x00,0x00,0x00,0x00,0x00,0x00,0x00,0x00,0x00,0x00,0x00,0x07,0xF0,0xFE,0x00,
    0x1F,0xFD,0xFF,0x80,0x3F,0xFF,0xFF,0xC0,0x3F,0x3F,0xC7,0xC0,0x7E,0x1F,0x83,0xE0,
    0x7C,0x0F,0x83,0xE0,0x7C,0x0F,0xFF,0xE0,0x7C,0x0F,0xFF,0xE0,0x7C,0x0F,0xFF,0xE0,
    0x7E,0x1F,0x80,0x00,0x3F,0x3F,0xC0,0xE0,0x3F,0xFF,0xFF,0xE0,0x1F,0xFD,0xFF,0xE0,
    0x07,0xF0,0xFF,0x80,0x00,0x00,0x00,0x00,0x00,0x00,0x00,0x00,0x00,0x00,0x00,0x00,
    0x00,0x00,0x00,0x00,0x00,0x00,0x00,0x00,0x00,0x00,0x00,0x00,0x00,0x00,0x00,0x00,
    0x00,0x00,0x00,0x06,0x1C,0x00,0x07,0xF8,0x00,0x03,0xF0,0x00,0x00,0x00,0x00,0x00,
    0x00,0x00,0x07,0xFE,0x00,0x0F,0xFF,0x00,0x1F,0xFF,0x00,0x3F,0x0F,0x00,0x3E,0x03,
    0x00,0x3E,0x00,0x00,0x3E,0x00,0x00,0x3F,0xC0,0x00,0x3F,0xFC,0x00,0x1F,0xFE,0x00,
    0x07,0xFF,0x00,0x01,0xFF,0x80,0x00,0x1F,0x80,0x00,0x0F,0x80,0x20,0x0F,0x80,0x3C,
    0x1F,0x80,0x3F,0xFF,0x00,0x3F,0xFE,0x00,0x0F,0xFC,0x00,0x00,0x00,0x00,0x00,0x00,
    0x00,0x00,0x00,0x00,0x00,0x00,0x00,0x00,0x00,0x00,0x00,0x00,0x00,0x00,0x00,0x00,
    0x00,0x00,0x00,0x00,0x00,0x00,0x00,0x00,0x1C,0x30,0x0E,0x70,0x0E,0xE0,0x07,0xC0,
    0x03,0xC0,0x00,0x00,0x00,0x00,0x0F,0xF0,0x3F,0xF8,0x3F,0xF8,0x7C,0x18,0x7C,0x00,
    0x7F,0xC0,0x3F,0xF8,0x1F,0xFC,0x03,0xFC,0x00,0x3C,0x70,0x7C,0x7F,0xFC,0x7F,0xF8,
    0x1F,0xF0,0x00,0x00,0x00,0x00,0x00,0x00,0x00,0x00,0x00,0x00,0x00,0x00,0x00,0x00,
    0x00,0x00,0x00,0x07,0x1C,0x00,0x03,0xF8,0x00,0x03,0xF0,0x00,0x00,0x00,0x00,0x00,
    0x00,0x00,0x7F,0xFF,0xC0,0x7F,0xFF,0xC0,0x7F,0xFF,0xC0,0x00,0x1F,0x80,0x00,0x3F,
    0x00,0x00,0x7F,0x00,0x00,0xFE,0x00,0x00,0xFC,0x00,0x01,0xF8,0x00,0x03,0xF8,0x00,
    0x07,0xF0,0x00,0x0F,0xE0,0x00,0x0F,0xC0,0x00,0x1F,0x80,0x00,0x3F,0x80,0x00,0x7F,
    0x00,0x00,0x7F,0xFF,0xC0,0x7F,0xFF,0xC0,0x7F,0xFF,0xC0,0x00,0x00,0x00,0x00,0x00,
    0x00,0x00,0x00,0x00,0x00,0x00,0x00,0x00,0x00,0x00,0x00,0x00,0x00,0x00,0x00,0x00,
    0x00,0x00,0x00,0x00,0x00,0x00,0x00,0x00,0x1C,0x70,0x0C,0x70,0x0E,0xE0,0x07,0xC0,
    0x03,0xC0,0x00,0x00,0x00,0x00,0x7F,0xFC,0x7F,0xFC,0x7F,0xFC,0x00,0xFC,0x01,0xF8,
    0x03,0xF0,0x07,0xE0,0x0F,0xC0,0x1F,0x80,0x3F,0x00,0x7E,0x00,0x7F,0xFC,0x7F,0xFC,
    0x7F,0xFC,0x00,0x00,0x00,0x00,0x00,0x00,0x00,0x00,0x00,0x00,0x00,0x00,0x00,0x00,
    0x00,0x00,0x00,0x07,0xBC,0x00,0x07,0xBC,0x00,0x07,0xBC,0x00,0x00,0x00,0x00,0x00,
    0x00,0x00,0xFC,0x07,0xE0,0x7C,0x07,0xC0,0x7E,0x0F,0xC0,0x3F,0x1F,0x80,0x1F,0x1F,
    0x00,0x1F,0xBF,0x00,0x0F,0xFE,0x00,0x0F,0xFC,0x00,0x07,0xFC,0x00,0x03,0xF8,0x00,
    0x03,0xF0,0x00,0x01,0xF0,0x00,0x01,0xF0,0x00,0x01,0xF0,0x00,0x01,0xF0,0x00,0x01,
    0xF0,0x00,0x01,0xF0,0x00,0x01,0xF0,0x00,0x01,0xF0,0x00,0x00,0x00,0x00,0x00,0x00,
    0x00,0x00,0x00,0x00,0x00,0x00,0x00,0x00,0x00,0x00,0x00,0x00,0x00,0x00,0x00,0x00,
    0x00,0x00,0x00,0x00,0x00,0x00,0x00,0x00,0x00,0x00,0x00,0x00,0x00,0x00,0x00,0x00,
    0x00,0x00,0x00,0x00,0x00,0x00,0x00,0x00,0x00,0x00,0x00,0x00,0x00,0x00,0x7F,0xF0,
    0x7F,0xF0,0x7F,0xF0,0x00,0x00,0x00,0x00,0x00,0x00,0x00,0x00,0x00,0x00,0x00,0x00,
    0x00,0x00,0x00,0x00,0x00,0x00,0x00,0x00,0x00,0x00,0x00,0x00,0x00,0x00,0x00,0x00,
    0x00,0x00,0x00,0x00,0x00,0x00,0x00,0x00,0x00,0x00,0x00,0x00,0x00,0x00,0x00,0x00,
    0x00,0x00,0x00,0x00,0x00,0x00,0x00,0x00,0x00,0x00,0x00,0x00,0x00,0x00,0x00,0x00,
    0x00,0x00,0x00,0x00,0x00,0x00,0x00,0x00,0x00,0x00,0x00,0x00,0x00,0x00,0x00,0x00,
    0x00,0x00,0x00,0x00,0x00,0x00,0x00,0x00,0x00,0x00,0x00,0x00,0x7F,0xFF,0xFF,0x80,
    0x7F,0xFF,0xFF,0x80,0x7F,0xFF,0xFF,0x80,0x00,0x00,0x00,0x00,0x00,0x00,0x00,0x00,
    0x00,0x00,0x00,0x00,0x00,0x00,0x00,0x00,0x00,0x00,0x00,0x00,0x00,0x00,0x00,0x00,
    0x00,0x00,0x00,0x00,0x00,0x00,0x00,0x00,0x00,0x00,0x00,0x00,0x00,0x00,0x00,0x00,
    0x00,0x00,0x00,0x00,0x00,0x00,0x00,0x00,0x00,0x00,0x00,0x00,0x00,0x00,0x00,0x00,
    0x00,0x00,0x00,0x00,0x00,0x00,0x00,0x00,0x00,0x00,0x00,0x00,0x07,0x00,0x0F,0x00,
    0x0F,0x00,0x1E,0x00,0x1E,0x00,0x3E,0x00,0x3E,0x00,0x3E,0x00,0x00,0x00,0x00,0x00,
    0x00,0x00,0x00,0x00,0x00,0x00,0x00,0x00,0x00,0x00,0x00,0x00,0x00,0x00,0x00,0x00,
    0x00,0x00,0x00,0x00,0x00,0x00,0x00,0x00,0x00,0x00,0x00,0x00,0x00,0x00,0x00,0x00,
    0x00,0x00,0x00,0x00,0x00,0x00,0x00,0x00,0x00,0x00,0x00,0x00,0x1E,0x00,0x1E,0x00,
    0x1E,0x00,0x1E,0x00,0x3E,0x00,0x3C,0x00,0x3C,0x00,0x38,0x00,0x00,0x00,0x00,0x00,
    0x00,0x00,0x00,0x00,0x00,0x00,0x00,0x00,0x00,0x00,0x00,0x00,0x00,0x00,0x00,0x00,
    0x00,0x00,0x00,0x00,0x00,0x00,0x00,0x00,0x00,0x00,0x00,0x00,0x00,0x00,0x00,0x00,
    0x00,0x00,0x00,0x00,0x00,0x00,0x00,0x00,0x00,0x00,0x00,0x00,0x00,0x00,0x00,0x00,
    0x00,0x00,0x07,0x1E,0x00,0x0F,0x1C,0x00,0x0F,0x3C,0x00,0x1E,0x3C,0x00,0x1E,0x7C,
    0x00,0x3E,0x7C,0x00,0x3E,0x7C,0x00,0x3E,0x7C,0x00,0x00,0x00,0x00,0x00,0x00,0x00,
    0x00,0x00,0x00,0x00,0x00,0x00,0x00,0x00,0x00,0x00,0x00,0x00,0x00,0x00,0x00,0x00,
    0x00,0x00,0x00,0x00,0x00,0x00,0x00,0x00,0x00,0x00,0x00,0x00,0x00,0x00,0x00,0x00,
    0x00,0x00,0x00,0x00,0x00,0x00,0x00,0x00,0x00,0x00,0x00,0x00,0x00,0x00,0x00,0x00,
    0x00,0x00,0x00,0x00,0x00,0x00,0x00,0x00,0x00,0x00,0x00,0x00,0x00,0x00,0x00,0x00,
    0x00,0x00,0x1F,0x3E,0x00,0x1F,0x3E,0x00,0x1F,0x3E,0x00,0x1F,0x3E,0x00,0x1F,0x3C,
    0x00,0x1E,0x78,0x00,0x1C,0x78,0x00,0x3C,0x70,0x00,0x00,0x00,0x00,0x00,0x00,0x00,
    0x00,0x00,0x00,0x00,0x00,0x00,0x00,0x00,0x00,0x00,0x00,0x00,0x00,0x00,0x00,0x00,
    0x00,0x00,0x00,0x00,0x00,0x00,0x00,0x00,0x00,0x00,0x00,0x00,0x00,0x00,0x00,0x00,
    0x00,0x00,0x00,0x00,0x00,0x00,0x00,0x00,0x00,0x00,0x00,0x00,0x00,0x00,0x00,0x00,
    0x00,0x00,0x00,0x00,0x00,0x00,0x00,0x00,0x00,0x00,0x00,0x00,0x00,0x00,0x00,0x00,
    0x00,0x00,0x00,0x00,0x00,0x00,0x00,0x00,0x00,0x00,0x00,0x00,0x00,0x00,0x00,0x00,
    0x00,0x03,0xE0,0x00,0x07,0xF0,0x00,0x0F,0xF8,0x00,0x0F,0xF8,0x00,0x0F,0xF8,0x00,
    0x0F,0xF8,0x00,0x0F,0xF8,0x00,0x07,0xF0,0x00,0x03,0xE0,0x00,0x00,0x00,0x00,0x00,
    0x00,0x00,0x00,0x00,0x00,0x00,0x00,0x00,0x00,0x00,0x00,0x00,0x00,0x00,0x00,0x00,
    0x00,0x00,0x00,0x00,0x00,0x00,0x00,0x00,0x00,0x00,0x00,0x00,0x00,0x00,0x00,0x00,
    0x00,0x00,0x00,0x00,0x00,0x00,0x00,0x00,0x00,0x00,0x00,0x00,0x00,0x00,0x00,0x00,
    0x00,0x00,0x00,0x00,0x00,0x00,0x00,0x00,0x00,0x00,0x00,0x00,0x00,0x00,0x00,0x00,
    0x00,0x00,0x00,0x00,0x00,0x00,0x00,0x00,0x00,0x00,0x00,0x00,0x00,0x00,0x00,0x00,
    0x00,0x00,0x00,0x00,0x00,0x00,0x00,0x00,0x00,0x00,0x00,0x00,0x00,0x00,0x00,0x00,
    0x00,0x00,0x00,0x00,0x00,0x00,0x00,0x00,0x00,0x00,0x00,0x00,0x00,0x00,0x00,0x00,
    0x3E,0x1E,0x1F,0x00,0x3E,0x1E,0x1F,0x00,0x3E,0x1E,0x1F,0x00,0x3E,0x1E,0x1F,0x00,
    0x3E,0x1E,0x1F,0x00,0x00,0x00,0x00,0x00,0x00,0x00,0x00,0x00,0x00,0x00,0x00,0x00,
    0x00,0x00,0x00,0x00,0x00,0x00,0x00,0x00,0x00,0x00,0x00,0x00,0x00,0x00,0x00,0x00,
};
const FontGlyph FONT_32_BOLD_GLYPHS[174] PROGMEM = {
    {9, 0},
    {12, 64},
    {14, 128},
    {22, 192},
    {18, 288},
    {26, 384},
    {23, 512},
    {8, 608},
    {12, 640},
    {12, 704},
    {14, 768},
    {22, 832},
    {10, 928},
    {11, 992},
    {10, 1056},
    {10, 1120},
    {18, 1184},
    {18, 1280},
    {18, 1376},
    {18, 1472},
    {18, 1568},
    {18, 1664},
    {18, 1760},
    {18, 1856},
    {18, 1952},
    {18, 2048},
    {10, 2144},
    {10, 2208},
    {22, 2272},
    {22, 2368},
    {22, 2464},
    {15, 2560},
    {26, 2624},
    {20, 2752},
    {20, 2848},
    {19, 2944},
    {22, 3040},
    {18, 3136},
    {18, 3232},
    {21, 3328},
    {22, 3424},
    {10, 3520},
    {10, 3584},
    {20, 3648},
    {17, 3744},
    {26, 3840},
    {22, 3968},
    {22, 4064},
    {19, 4160},
    {22, 4256},
    {20, 4352},
    {19, 4448},
    {18, 4544},
    {21, 4640},
    {20, 4736},
    {29, 4832},
    {20, 4960},
    {19, 5056},
    {19, 5152},
    {12, 5248},
    {10, 5312},
    {12, 5376},
    {22, 5440},
    {13, 5536},
    {13, 5600},
    {18, 5664},
    {19, 5760},
    {15, 5856},
    {19, 5920},
    {18, 6016},
    {11, 6112},
    {19, 6176},
    {19, 6272},
    {9, 6368},
    {9, 6432},
    {17, 6496},
    {9, 6592},
    {27, 6656},
    {19, 6784},
    {18, 6880},
    {19, 6976},
    {19, 7072},
    {13, 7168},
    {15, 7232},
    {12, 7296},
    {19, 7360},
    {17, 7456},
    {24, 7552},
    {17, 7648},
    {17, 7744},
    {15, 7840},
    {19, 7904},
    {10, 8000},
    {19, 8064},
    {22, 8160},
    {20, 8256},
    {20, 8352},
    {20, 8448},
    {20, 8544},
    {20, 8640},
    {20, 8736},
    {28, 8832},
    {19, 8960},
    {18, 9056},
    {18, 9152},
    {18, 9248},
    {18, 9344},
    {10, 9440},
    {10, 9504},
    {10, 9568},
    {10, 9632},
    {22, 9696},
    {22, 9792},
    {22, 9888},
    {22, 9984},
    {22, 10080},
    {22, 10176},
    {22, 10272},
    {22, 10368},
    {22, 10464},
    {21, 10560},
    {21, 10656},
    {21, 10752},
    {21, 10848},
    {19, 10944},
    {19, 11040},
    {19, 11136},
    {18, 11232},
    {18, 11328},
    {18, 11424},
    {18, 11520},
    {18, 11616},
    {18, 11712},
    {27, 11808},
    {15, 11936},
    {18, 12000},
    {18, 12096},
    {18, 12192},
    {18, 12288},
    {9, 12384},
    {9, 12448},
    {9, 12512},
    {9, 12576},
    {18, 12640},
    {19, 12736},
    {18, 12832},
    {18, 12928},
    {18, 13024},
    {18, 13120},
    {18, 13216},
    {22, 13312},
    {18, 13408},
    {19, 13504},
    {19, 13600},
    {19, 13696},
    {19, 13792},
    {17, 13888},
    {19, 13984},
    {17, 14080},
    {30, 14176},
    {28, 14304},
    {19, 14432},
    {15, 14528},
    {19, 14592},
    {15, 14688},
    {19, 14752},
    {13, 14848},
    {26, 14912},
    {10, 15040},
    {10, 15104},
    {17, 15168},
    {17, 15264},
    {17, 15360},
    {26, 15456},
};
const UiFont FONT_32_BOLD = {32, FONT_32_BOLD_GLYPHS, FONT_32_BOLD_BITS};

const uint8_t FONT_32_ITAL_BITS[] PROGMEM = {
    0x00,0x00,0x00,0x00,0x00,0x00,0x00,0x00,0x00,0x00,0x00,0x00,0x00,0x00,0x00,0x00,
    0x00,0x00,0x00,0x00,0x00,0x00,0x00,0x00,0x00,0x00,0x00,0x00,0x00,0x00,0x00,0x00,
    0x00,0x00,0x00,0x00,0x00,0x00,0x00,0x00,0x00,0x00,0x00,0x00,0x07,0x00,0x07,0x00,
    0x07,0x00,0x07,0x00,0x07,0x00,0x06,0x00,0x0E,0x00,0x0E,0x00,0x0E,0x00,0x0E,0x00,
    0x0C,0x00,0x0C,0x00,0x1C,0x00,0x00,0x00,0x00,0x00,0x00,0x00,0x38,0x00,0x38,0x00,
    0x38,0x00,0x00,0x00,0x00,0x00,0x00,0x00,0x00,0x00,0x00,0x00,0x00,0x00,0x00,0x00,
    0x00,0x00,0x00,0x00,0x00,0x00,0x00,0x00,0x00,0x00,0x00,0x00,0x39,0xC0,0x39,0xC0,
    0x39,0xC0,0x39,0xC0,0x39,0xC0,0x39,0xC0,0x39,0xC0,0x00,0x00,0x00,0x00,0x00,0x00,
    0x00,0x00,0x00,0x00,0x00,0x00,0x00,0x00,0x00,0x00,0x00,0x00,0x00,0x00,0x00,0x00,
    0x00,0x00,0x00,0x00,0x00,0x00,0x00,0x00,0x00,0x00,0x00,0x00,0x00,0x00,0x00,0x00,
    0x00,0x00,0x00,0x00,0x00,0x00,0x00,0x00,0x00,0x00,0x00,0x00,0x00,0x00,0x00,0x00,
    0x00,0x00,0x00,0x00,0x00,0x00,0x61,0x80,0x00,0x61,0x80,0x00,0xE3,0x80,0x00,0xE3,
    0x00,0x00,0xC3,0x00,0x1F,0xFF,0xF0,0x1F,0xFF,0xF0,0x01,0xC6,0x00,0x01,0x86,0x00,
    0x01,0x8E,0x00,0x03,0x8E,0x00,0x3F,0xFF,0xE0,0x3F,0xFF,0xC0,0x03,0x1C,0x00,0x07,
    0x1C,0x00,0x07,0x18,0x00,0x06,0x18,0x00,0x06,0x38,0x00,0x00,0x00,0x00,0x00,0x00,
    0x00,0x00,0x00,0x00,0x00,0x00,0x00,0x00,0x00,0x00,0x00,0x00,0x00,0x00,0x00,0x00,
    0x00,0x00,0x00,0x00,0x00,0x00,0x00,0x00,0x00,0x00,0x00,0x00,0x00,0x00,0x00,0x00,
    0x20,0x00,0x00,0x60,0x00,0x00,0x60,0x00,0x03,0xFC,0x00,0x07,0xFE,0x00,0x0F,0x4E,
    0x00,0x1C,0xC0,0x00,0x1C,0xC0,0x00,0x1C,0xC0,0x00,0x1C,0x80,0x00,0x1F,0xC0,0x00,
    0x0F,0xF0,0x00,0x03,0xF8,0x00,0x01,0xBC,0x00,0x01,0x9C,0x00,0x01,0x1C,0x00,0x03,
    0x1C,0x00,0x73,0x78,0x00,0x7F,0xF0,0x00,0x3F,0xC0,0x00,0x02,0x00,0x00,0x02,0x00,
    0x00,0x06,0x00,0x00,0x06,0x00,0x00,0x00,0x00,0x00,0x00,0x00,0x00,0x00,0x00,0x00,
    0x00,0x00,0x00,0x00,0x00,0x00,0x00,0x00,0x00,0x00,0x00,0x00,0x00,0x00,0x00,0x00,
    0x00,0x00,0x00,0x00,0x00,0x00,0x00,0x00,0x07,0xC0,0x18,0x00,0x0F,0xE0,0x30,0x00,
    0x1C,0xE0,0x60,0x00,0x18,0x70,0xE0,0x00,0x38,0x71,0xC0,0x00,0x38,0x61,0x80,0x00,
    0x38,0x63,0x00,0x00,0x38,0xE6,0x00,0x00,0x1F,0xCE,0x00,0x00,0x0F,0x9C,0xF8,0x00,
    0x00,0x39,0xFC,0x00,0x00,0x33,0x9C,0x00,0x00,0x63,0x0C,0x00,0x00,0xC7,0x0C,0x00,
    0x01,0xC7,0x0C,0x00,0x03,0x87,0x0C,0x00,0x03,0x07,0x1C,0x00,0x06,0x03,0xF8,0x00,
    0x0C,0x01,0xF0,0x00,0x00,0x00,0x00,0x00,0x00,0x00,0x00,0x00,0x00,0x00,0x00,0x00,
    0x00,0x00,0x00,0x00,0x00,0x00,0x00,0x00,0x00,0x00,0x00,0x00,0x00,0x00,0x00,0x00,
    0x00,0x00,0x00,0x00,0x00,0x00,0x00,0x00,0x00,0x00,0x00,0x00,0x00,0x00,0x00,0x00,
    0x00,0x00,0x00,0xFC,0x00,0x01,0xFE,0x00,0x03,0xC6,0x00,0x07,0x00,0x00,0x07,0x00,
    0x00,0x07,0x00,0x00,0x07,0x00,0x00,0x07,0x80,0x00,0x0F,0xC0,0x00,0x1D,0xE0,0xE0,
    0x38,0xF0,0xE0,0x38,0x70,0xC0,0x70,0x39,0xC0,0x70,0x3F,0x80,0x70,0x1F,0x00,0x78,
    0x0F,0x00,0x3C,0x3F,0x00,0x3F,0xFB,0x80,0x0F,0xE3,0xC0,0x00,0x00,0x00,0x00,0x00,
    0x00,0x00,0x00,0x00,0x00,0x00,0x00,0x00,0x00,0x00,0x00,0x00,0x00,0x00,0x00,0x00,
    0x00,0x00,0x00,0x00,0x00,0x00,0x38,0x38,0x38,0x38,0x38,0x38,0x38,0x00,0x00,0x00,
    0x00,0x00,0x00,0x00,0x00,0x00,0x00,0x00,0x00,0x00,0x00,0x00,0x00,0x00,0x00,0x00,
    0x00,0x00,0x00,0x00,0x00,0x00,0x00,0x00,0x00,0x00,0x00,0xC0,0x01,0xC0,0x01,0x80,
    0x03,0x80,0x07,0x00,0x07,0x00,0x0E,0x00,0x0C,0x00,0x1C,0x00,0x1C,0x00,0x38,0x00,
    0x38,0x00,0x38,0x00,0x38,0x00,0x38,0x00,0x38,0x00,0x38,0x00,0x38,0x00,0x38,0x00,
    0x18,0x00,0x1C,0x00,0x1C,0x00,0x0C,0x00,0x00,0x00,0x00,0x00,0x00,0x00,0x00,0x00,
    0x00,0x00,0x00,0x00,0x00,0x00,0x00,0x00,0x00,0x00,0x1C,0x00,0x0C,0x00,0x0E,0x00,
    0x0E,0x00,0x06,0x00,0x06,0x00,0x07,0x00,0x07,0x00,0x07,0x00,0x07,0x00,0x06,0x00,
    0x0E,0x00,0x0E,0x00,0x0E,0x00,0x1C,0x00,0x1C,0x00,0x18,0x00,0x38,0x00,0x70,0x00,
    0x70,0x00,0xE0,0x00,0xC0,0x00,0x80,0x00,0x00,0x00,0x00,0x00,0x00,0x00,0x00,0x00,
    0x00,0x00,0x00,0x00,0x00,0x00,0x00,0x00,0x00,0x00,0x00,0x00,0x02,0x00,0x02,0x00,
    0x62,0x30,0x72,0x70,0x3F,0xE0,0x0F,0x80,0x0F,0x80,0x3F,0xE0,0x72,0x70,0x62,0x30,
    0x02,0x00,0x02,0x00,0x00,0x00,0x00,0x00,0x00,0x00,0x00,0x00,0x00,0x00,0x00,0x00,
    0x00,0x00,0x00,0x00,0x00,0x00,0x00,0x00,0x00,0x00,0x00,0x00,0x00,0x00,0x00,0x00,
    0x00,0x00,0x00,0x00,0x00,0x00,0x00,0x00,0x00,0x00,0x00,0x00,0x00,0x00,0x00,0x00,
    0x00,0x00,0x00,0x00,0x00,0x00,0x00,0x00,0x00,0x00,0x00,0x00,0x30,0x00,0x00,0x30,
    0x00,0x00,0x30,0x00,0x00,0x30,0x00,0x00,0x30,0x00,0x00,0x30,0x00,0x00,0x30,0x00,
    0x1F,0xFF,0xE0,0x1F,0xFF,0xE0,0x00,0x30,0x00,0x00,0x30,0x00,0x00,0x30,0x00,0x00,
    0x30,0x00,0x00,0x30,0x00,0x00,0x30,0x00,0x00,0x30,0x00,0x00,0x00,0x00,0x00,0x00,
    0x00,0x00,0x00,0x00,0x00,0x00,0x00,0x00,0x00,0x00,0x00,0x00,0x00,0x00,0x00,0x00,
    0x00,0x00,0x00,0x00,0x00,0x00,0x00,0x00,0x00,0x00,0x00,0x00,0x00,0x00,0x00,0x00,
    0x00,0x00,0x00,0x00,0x00,0x00,0x38,0x38,0x30,0x70,0x60,0xC0,0x00,0x00,0x00,0x00,
    0x00,0x00,0x00,0x00,0x00,0x00,0x00,0x00,0x00,0x00,0x00,0x00,0x00,0x00,0x00,0x00,
    0x00,0x00,0x00,0x00,0x00,0x00,0x00,0x00,0x00,0x00,0x00,0x00,0x00,0x00,0x00,0x00,
    0x00,0x00,0x7F,0x80,0x7F,0x00,0x7F,0x00,0x00,0x00,0x00,0x00,0x00,0x00,0x00,0x00,
    0x00,0x00,0x00,0x00,0x00,0x00,0x00,0x00,0x00,0x00,0x00,0x00,0x00,0x00,0x00,0x00,
    0x00,0x00,0x00,0x00,0x00,0x00,0x00,0x00,0x00,0x00,0x00,0x00,0x00,0x00,0x00,0x00,
    0x00,0x00,0x00,0x00,0x00,0x00,0x38,0x38,0x70,0x00,0x00,0x00,0x00,0x00,0x00,0x00,
    0x00,0x00,0x00,0x00,0x00,0x00,0x00,0x00,0x00,0x00,0x00,0x00,0x00,0x80,0x00,0x80,
    0x01,0x80,0x01,0x80,0x03,0x80,0x03,0x00,0x07,0x00,0x06,0x00,0x0E,0x00,0x0C,0x00,
    0x1C,0x00,0x18,0x00,0x38,0x00,0x30,0x00,0x70,0x00,0x60,0x00,0xE0,0x00,0xC0,0x00,
    0xC0,0x00,0x80,0x00,0x80,0x00,0x00,0x00,0x00,0x00,0x00,0x00,0x00,0x00,0x00,0x00,
    0x00,0x00,0x00,0x00,0x00,0x00,0x00,0x00,0x00,0x00,0x00,0x00,0x00,0x00,0x00,0x00,
    0x00,0x00,0x01,0xF8,0x00,0x03,0xFC,0x00,0x07,0x1E,0x00,0x0E,0x0E,0x00,0x1C,0x0E,
    0x00,0x1C,0x0E,0x00,0x38,0x0E,0x00,0x38,0x0E,0x00,0x38,0x0E,0x00,0x70,0x0E,0x00,
    0x70,0x0E,0x00,0x70,0x0E,0x00,0x70,0x1C,0x00,0x70,0x1C,0x00,0x70,0x38,0x00,0x38,
    0x38,0x00,0x38,0xF0,0x00,0x1F,0xE0,0x00,0x0F,0x80,0x00,0x00,0x00,0x00,0x00,0x00,
    0x00,0x00,0x00,0x00,0x00,0x00,0x00,0x00,0x00,0x00,0x00,0x00,0x00,0x00,0x00,0x00,
    0x00,0x00,0x00,0x00,0x00,0x00,0x00,0x00,0x00,0x00,0x00,0x00,0x00,0x00,0x00,0x00,
    0x00,0x00,0x03,0xF0,0x00,0x0F,0xF0,0x00,0x0E,0xE0,0x00,0x00,0xE0,0x00,0x00,0xE0,
    0x00,0x00,0xE0,0x00,0x00,0xE0,0x00,0x01,0xC0,0x00,0x01,0xC0,0x00,0x01,0xC0,0x00,
    0x01,0xC0,0x00,0x01,0xC0,0x00,0x01,0x80,0x00,0x03,0x80,0x00,0x03,0x80,0x00,0x03,
    0x80,0x00,0x03,0x80,0x00,0x7F,0xF8,0x00,0x7F,0xF0,0x00,0x00,0x00,0x00,0x00,0x00,
    0x00,0x00,0x00,0x00,0x00,0x00,0x00,0x00,0x00,0x00,0x00,0x00,0x00,0x00,0x00,0x00,
    0x00,0x00,0x00,0x00,0x00,0x00,0x00,0x00,0x00,0x00,0x00,0x00,0x00,0x00,0x00,0x00,
    0x00,0x00,0x07,0xF0,0x00,0x1F,0xFC,0x00,0x1E,0x1E,0x00,0x18,0x0E,0x00,0x00,0x0E,
    0x00,0x00,0x0E,0x00,0x00,0x0E,0x00,0x00,0x1C,0x00,0x00,0x3C,0x00,0x00,0x78,0x00,
    0x00,0xF0,0x00,0x01,0xE0,0x00,0x03,0x80,0x00,0x0F,0x00,0x00,0x1E,0x00,0x00,0x3C,
    0x00,0x00,0x78,0x00,0x00,0xFF,0xF8,0x00,0xFF,0xF8,0x00,0x00,0x00,0x00,0x00,0x00,
    0x00,0x00,0x00,0x00,0x00,0x00,0x00,0x00,0x00,0x00,0x00,0x00,0x00,0x00,0x00,0x00,
    0x00,0x00,0x00,0x00,0x00,0x00,0x00,0x00,0x00,0x00,0x00,0x00,0x00,0x00,0x00,0x00,
    0x00,0x00,0x07,0xF8,0x00,0x0F,0xFC,0x00,0x0C,0x1E,0x00,0x00,0x0E,0x00,0x00,0x0E,
    0x00,0x00,0x0E,0x00,0x00,0x1C,0x00,0x00,0x38,0x00,0x07,0xF0,0x00,0x07,0xF0,0x00,
    0x00,0x78,0x00,0x00,0x3C,0x00,0x00,0x1C,0x00,0x00,0x1C,0x00,0x00,0x38,0x00,0x00,
    0x38,0x00,0xE0,0xF0,0x00,0xFF,0xE0,0x00,0x7F,0x80,0x00,0x00,0x00,0x00,0x00,0x00,
    0x00,0x00,0x00,0x00,0x00,0x00,0x00,0x00,0x00,0x00,0x00,0x00,0x00,0x00,0x00,0x00,
    0x00,0x00,0x00,0x00,0x00,0x00,0x00,0x00,0x00,0x00,0x00,0x00,0x00,0x00,0x00,0x00,
    0x00,0x00,0x00,0x1C,0x00,0x00,0x3C,0x00,0x00,0x7C,0x00,0x00,0xDC,0x00,0x01,0xDC,
    0x00,0x03,0x98,0x00,0x07,0x38,0x00,0x0E,0x38,0x00,0x0C,0x38,0x00,0x18,0x38,0x00,
    0x30,0x30,0x00,0x70,0x70,0x00,0x7F,0xFE,0x00,0xFF,0xFE,0x00,0x00,0x70,0x00,0x00,
    0x60,0x00,0x00,0xE0,0x00,0x00,0xE0,0x00,0x00,0xE0,0x00,0x00,0x00,0x00,0x00,0x00,
    0x00,0x00,0x00,0x00,0x00,0x00,0x00,0x00,0x00,0x00,0x00,0x00,0x00,0x00,0x00,0x00,
    0x00,0x00,0x00,0x00,0x00,0x00,0x00,0x00,0x00,0x00,0x00,0x00,0x00,0x00,0x00,0x00,
    0x00,0x00,0x07,0xFE,0x00,0x0F,0xFE,0x00,0x0E,0x00,0x00,0x0E,0x00,0x00,0x0E,0x00,
    0x00,0x0C,0x00,0x00,0x1F,0xE0,0x00,0x1F,0xF8,0x00,0x18,0x7C,0x00,0x00,0x1C,0x00,
    0x00,0x1C,0x00,0x00,0x1C,0x00,0x00,0x1C,0x00,0x00,0x1C,0x00,0x00,0x38,0x00,0x00,
    0x78,0x00,0x60,0xF0,0x00,0xFF,0xE0,0x00,0x3F,0x80,0x00,0x00,0x00,0x00,0x00,0x00,
    0x00,0x00,0x00,0x00,0x00,0x00,0x00,0x00,0x00,0x00,0x00,0x00,0x00,0x00,0x00,0x00,
    0x00,0x00,0x00,0x00,0x00,0x00,0x00,0x00,0x00,0x00,0x00,0x00,0x00,0x00,0x00,0x00,
    0x00,0x00,0x00,0xFE,0x00,0x03,0xFE,0x00,0x07,0x86,0x00,0x0F,0x00,0x00,0x0E,0x00,
    0x00,0x1C,0x00,0x00,0x1C,0x00,0x00,0x39,0xF0,0x00,0x3F,0xFC,0x00,0x3E,0x3C,0x00,
    0x3C,0x1E,0x00,0x38,0x0E,0x00,0x78,0x0E,0x00,0x70,0x0C,0x00,0x38,0x1C,0x00,0x38,
    0x3C,0x00,0x3C,0x78,0x00,0x1F,0xF0,0x00,0x0F,0xC0,0x00,0x00,0x00,0x00,0x00,0x00,
    0x00,0x00,0x00,0x00,0x00,0x00,0x00,0x00,0x00,0x00,0x00,0x00,0x00,0x00,0x00,0x00,
    0x00,0x00,0x00,0x00,0x00,0x00,0x00,0x00,0x00,0x00,0x00,0x00,0x00,0x00,0x00,0x00,
    0x00,0x00,0x1F,0xFF,0x00,0x1F,0xFF,0x00,0x00,0x0E,0x00,0x00,0x0E,0x00,0x00,0x1C,
    0x00,0x00,0x3C,0x00,0x00,0x38,0x00,0x00,0x70,0x00,0x00,0x70,0x00,0x00,0xE0,0x00,
    0x01,0xE0,0x00,0x01,0xC0,0x00,0x03,0x80,0x00,0x03,0x80,0x00,0x07,0x00,0x00,0x0F,
    0x00,0x00,0x0E,0x00,0x00,0x1C,0x00,0x00,0x1C,0x00,0x00,0x00,0x00,0x00,0x00,0x00,
    0x00,0x00,0x00,0x00,0x00,0x00,0x00,0x00,0x00,0x00,0x00,0x00,0x00,0x00,0x00,0x00,
    0x00,0x00,0x00,0x00,0x00,0x00,0x00,0x00,0x00,0x00,0x00,0x00,0x00,0x00,0x00,0x00,
    0x00,0x00,0x03,0xF8,0x00,0x07,0xFC,0x00,0x0F,0x1E,0x00,0x1C,0x0E,0x00,0x1C,0x07,
    0x00,0x1C,0x06,0x00,0x1C,0x0E,0x00,0x0E,0x1C,0x00,0x07,0xF8,0x00,0x0F,0xF0,0x00,
    0x3C,0x38,0x00,0x38,0x1C,0x00,0x70,0x1C,0x00,0x70,0x1C,0x00,0x70,0x1C,0x00,0x70,
    0x3C,0x00,0x78,0x78,0x00,0x3F,0xF0,0x00,0x1F,0xC0,0x00,0x00,0x00,0x00,0x00,0x00,
    0x00,0x00,0x00,0x00,0x00,0x00,0x00,0x00,0x00,0x00,0x00,0x00,0x00,0x00,0x00,0x00,
    0x00,0x00,0x00,0x00,0x00,0x00,0x00,0x00,0x00,0x00,0x00,0x00,0x00,0x00,0x00,0x00,
    0x00,0x00,0x03,0xF0,0x00,0x07,0xF8,0x00,0x0F,0x1C,0x00,0x1C,0x0E,0x00,0x38,0x0E,
    0x00,0x38,0x0E,0x00,0x38,0x0E,0x00,0x38,0x0E,0x00,0x38,0x1E,0x00,0x3C,0x7E,0x00,
    0x1F,0xFE,0x00,0x0F,0xDC,0x00,0x00,0x1C,0x00,0x00,0x18,0x00,0x00,0x38,0x00,0x00,
    0x70,0x00,0x61,0xE0,0x00,0x7F,0xC0,0x00,0x3F,0x00,0x00,0x00,0x00,0x00,0x00,0x00,
    0x00,0x00,0x00,0x00,0x00,0x00,0x00,0x00,0x00,0x00,0x00,0x00,0x00,0x00,0x00,0x00,
    0x00,0x00,0x00,0x00,0x00,0x00,0x00,0x00,0x00,0x00,0x00,0x00,0x00,0x00,0x00,0x00,
    0x00,0x00,0x00,0x00,0x00,0x00,0x00,0x00,0x0E,0x00,0x1E,0x00,0x1C,0x00,0x00,0x00,
    0x00,0x00,0x00,0x00,0x00,0x00,0x00,0x00,0x00,0x00,0x00,0x00,0x38,0x00,0x78,0x00,
    0x70,0x00,0x00,0x00,0x00,0x00,0x00,0x00,0x00,0x00,0x00,0x00,0x00,0x00,0x00,0x00,
    0x00,0x00,0x00,0x00,0x00,0x00,0x00,0x00,0x00,0x00,0x00,0x00,0x00,0x00,0x00,0x00,
    0x00,0x00,0x00,0x00,0x00,0x00,0x00,0x00,0x0E,0x00,0x0E,0x00,0x0E,0x00,0x00,0x00,
    0x00,0x00,0x00,0x00,0x00,0x00,0x00,0x00,0x00,0x00,0x00,0x00,0x38,0x00,0x38,0x00,
    0x70,0x00,0x70,0x00,0x60,0x00,0xC0,0x00,0x00,0x00,0x00,0x00,0x00,0x00,0x00,0x00,
    0x00,0x00,0x00,0x00,0x00,0x00,0x00,0x00,0x00,0x00,0x00,0x00,0x00,0x00,0x00,0x00,
    0x00,0x00,0x00,0x00,0x00,0x00,0x00,0x00,0x00,0x00,0x00,0x00,0x00,0x00,0x00,0x00,
    0x60,0x00,0x03,0xE0,0x00,0x0F,0xE0,0x00,0x7F,0x00,0x03,0xF8,0x00,0x1F,0xE0,0x00,
    0x1F,0x00,0x00,0x1F,0x00,0x00,0x1F,0xE0,0x00,0x03,0xF8,0x00,0x00,0x7F,0x00,0x00,
    0x0F,0xE0,0x00,0x03,0xE0,0x00,0x00,0x60,0x00,0x00,0x00,0x00,0x00,0x00,0x00,0x00,
    0x00,0x00,0x00,0x00,0x00,0x00,0x00,0x00,0x00,0x00,0x00,0x00,0x00,0x00,0x00,0x00,
    0x00,0x00,0x00,0x00,0x00,0x00,0x00,0x00,0x00,0x00,0x00,0x00,0x00,0x00,0x00,0x00,
    0x00,0x00,0x00,0x00,0x00,0x00,0x00,0x00,0x00,0x00,0x00,0x00,0x00,0x00,0x00,0x00,
    0x00,0x00,0x00,0x00,0x00,0x00,0x00,0x1F,0xFF,0xE0,0x1F,0xFF,0xE0,0x00,0x00,0x00,
    0x00,0x00,0x00,0x00,0x00,0x00,0x1F,0xFF,0xE0,0x1F,0xFF,0xE0,0x00,0x00,0x00,0x00,
    0x00,0x00,0x00,0x00,0x00,0x00,0x00,0x00,0x00,0x00,0x00,0x00,0x00,0x00,0x00,0x00,
    0x00,0x00,0x00,0x00,0x00,0x00,0x00,0x00,0x00,0x00,0x00,0x00,0x00,0x00,0x00,0x00,
    0x00,0x00,0x00,0x00,0x00,0x00,0x00,0x00,0x00,0x00,0x00,0x00,0x00,0x00,0x00,0x00,
    0x00,0x00,0x00,0x00,0x00,0x00,0x00,0x00,0x00,0x00,0x00,0x00,0x00,0x00,0x18,0x00,
    0x00,0x1E,0x00,0x00,0x1F,0xC0,0x00,0x07,0xF8,0x00,0x00,0xFF,0x00,0x00,0x1F,0xC0,
    0x00,0x03,0xE0,0x00,0x03,0xE0,0x00,0x1F,0xC0,0x00,0xFF,0x00,0x03,0xF8,0x00,0x1F,
    0xC0,0x00,0x1E,0x00,0x00,0x18,0x00,0x00,0x00,0x00,0x00,0x00,0x00,0x00,0x00,0x00,
    0x00,0x00,0x00,0x00,0x00,0x00,0x00,0x00,0x00,0x00,0x00,0x00,0x00,0x00,0x00,0x00,
    0x00,0x00,0x00,0x00,0x00,0x00,0x00,0x00,0x00,0x00,0x00,0x00,0x03,0xF0,0x0F,0xF8,
    0x1C,0x78,0x10,0x38,0x00,0x38,0x00,0x38,0x00,0x70,0x00,0xF0,0x01,0xC0,0x03,0x80,
    0x07,0x00,0x07,0x00,0x0E,0x00,0x0E,0x00,0x00,0x00,0x00,0x00,0x0E,0x00,0x1C,0x00,
    0x1C,0x00,0x00,0x00,0x00,0x00,0x00,0x00,0x00,0x00,0x00,0x00,0x00,0x00,0x00,0x00,
    0x00,0x00,0x00,0x00,0x00,0x00,0x00,0x00,0x00,0x00,0x00,0x00,0x00,0x00,0x00,0x00,
    0x00,0x00,0x00,0x00,0x00,0x00,0x00,0x00,0x00,0x00,0x00,0x00,0x00,0x1F,0xE0,0x00,
    0x00,0x7F,0xF8,0x00,0x01,0xF8,0x3C,0x00,0x03,0xC0,0x0E,0x00,0x07,0x00,0x07,0x00,
    0x0E,0x00,0x03,0x00,0x1C,0x1F,0x73,0x80,0x18,0x3F,0xE1,0x80,0x38,0x71,0xE1,0x80,
    0x30,0xE0,0xE1,0x80,0x30,0xC0,0xE3,0x80,0x70,0xC0,0xE3,0x00,0x71,0xC0,0xC7,0x00,
    0x71,0xC1,0xC6,0x00,0x70,0xE3,0xDC,0x00,0x30,0xFF,0xF8,0x00,0x30,0x7D,0xE0,0x00,
    0x38,0x00,0x00,0x00,0x18,0x00,0x00,0x00,0x1E,0x00,0xC0,0x00,0x0F,0x83,0xC0,0x00,
    0x07,0xFF,0x80,0x00,0x01,0xFE,0x00,0x00,0x00,0x00,0x00,0x00,0x00,0x00,0x00,0x00,
    0x00,0x00,0x00,0x00,0x00,0x00,0x00,0x00,0x00,0x00,0x00,0x00,0x00,0x00,0x00,0x00,
    0x00,0x00,0x00,0x78,0x00,0x00,0x78,0x00,0x00,0xF8,0x00,0x01,0xF8,0x00,0x01,0xDC,
    0x00,0x03,0x9C,0x00,0x03,0x1C,0x00,0x07,0x1C,0x00,0x0E,0x1C,0x00,0x0E,0x0C,0x00,
    0x1C,0x0E,0x00,0x1C,0x0E,0x00,0x3F,0xFE,0x00,0x3F,0xFE,0x00,0x70,0x0E,0x00,0xE0,
    0x07,0x00,0xE0,0x07,0x00,0xC0,0x07,0x00,0xC0,0x07,0x00,0x00,0x00,0x00,0x00,0x00,
    0x00,0x00,0x00,0x00,0x00,0x00,0x00,0x00,0x00,0x00,0x00,0x00,0x00,0x00,0x00,0x00,
    0x00,0x00,0x00,0x00,0x00,0x00,0x00,0x00,0x00,0x00,0x00,0x00,0x00,0x00,0x00,0x00,
    0x00,0x00,0x0F,0xFC,0x00,0x0F,0xFF,0x00,0x0E,0x0F,0x00,0x0C,0x07,0x00,0x1C,0x07,
    0x00,0x1C,0x07,0x00,0x1C,0x07,0x00,0x1C,0x1E,0x00,0x1F,0xFC,0x00,0x3F,0xFC,0x00,
    0x38,0x1E,0x00,0x38,0x0E,0x00,0x38,0x0E,0x00,0x38,0x0E,0x00,0x70,0x0E,0x00,0x70,
    0x0E,0x00,0x70,0x3C,0x00,0x7F,0xF8,0x00,0x7F,0xE0,0x00,0x00,0x00,0x00,0x00,0x00,
    0x00,0x00,0x00,0x00,0x00,0x00,0x00,0x00,0x00,0x00,0x00,0x00,0x00,0x00,0x00,0x00,
    0x00,0x00,0x00,0x00,0x00,0x00,0x00,0x00,0x00,0x00,0x00,0x00,0x00,0x00,0x00,0x00,
    0x00,0x00,0x00,0xFF,0x00,0x03,0xFF,0xC0,0x07,0xC3,0xC0,0x0F,0x00,0xC0,0x1E,0x00,
    0x40,0x1C,0x00,0x00,0x38,0x00,0x00,0x38,0x00,0x00,0x78,0x00,0x00,0x70,0x00,0x00,
    0x70,0x00,0x00,0x70,0x00,0x00,0x70,0x00,0x00,0x70,0x00,0x00,0x78,0x00,0x00,0x38,
    0x03,0x00,0x3E,0x0E,0x00,0x1F,0xFE,0x00,0x07,0xFC,0x00,0x00,0x00,0x00,0x00,0x00,
    0x00,0x00,0x00,0x00,0x00,0x00,0x00,0x00,0x00,0x00,0x00,0x00,0x00,0x00,0x00,0x00,
    0x00,0x00,0x00,0x00,0x00,0x00,0x00,0x00,0x00,0x00,0x00,0x00,0x00,0x00,0x00,0x00,
    0x00,0x00,0x0F,0xFC,0x00,0x0F,0xFF,0x00,0x0E,0x0F,0x80,0x0C,0x03,0xC0,0x1C,0x01,
    0xC0,0x1C,0x00,0xE0,0x1C,0x00,0xE0,0x1C,0x00,0xE0,0x18,0x00,0xE0,0x38,0x00,0xE0,
    0x38,0x00,0xE0,0x38,0x01,0xC0,0x38,0x01,0xC0,0x38,0x03,0x80,0x70,0x07,0x80,0x70,
    0x0F,0x00,0x70,0x3E,0x00,0x7F,0xFC,0x00,0x7F,0xE0,0x00,0x00,0x00,0x00,0x00,0x00,
    0x00,0x00,0x00,0x00,0x00,0x00,0x00,0x00,0x00,0x00,0x00,0x00,0x00,0x00,0x00,0x00,
    0x00,0x00,0x00,0x00,0x00,0x00,0x00,0x00,0x00,0x00,0x00,0x00,0x0F,0xFF,0x0F,0xFF,
    0x0E,0x00,0x0C,0x00,0x1C,0x00,0x1C,0x00,0x1C,0x00,0x1C,0x00,0x1F,0xFE,0x3F,0xFC,
    0x38,0x00,0x38,0x00,0x38,0x00,0x38,0x00,0x70,0x00,0x70,0x00,0x70,0x00,0x7F,0xF8,
    0x7F,0xF8,0x00,0x00,0x00,0x00,0x00,0x00,0x00,0x00,0x00,0x00,0x00,0x00,0x00,0x00,
    0x00,0x00,0x00,0x00,0x00,0x00,0x00,0x00,0x00,0x00,0x00,0x00,0x0F,0xFE,0x0F,0xFE,
    0x0E,0x00,0x0C,0x00,0x1C,0x00,0x1C,0x00,0x1C,0x00,0x1C,0x00,0x1F,0xF8,0x3F,0xF8,
    0x38,0x00,0x38,0x00,0x38,0x00,0x38,0x00,0x70,0x00,0x70,0x00,0x70,0x00,0x70,0x00,
    0x70,0x00,0x00,0x00,0x00,0x00,0x00,0x00,0x00,0x00,0x00,0x00,0x00,0x00,0x00,0x00,
    0x00,0x00,0x00,0x00,0x00,0x00,0x00,0x00,0x00,0x00,0x00,0x00,0x00,0x00,0x00,0x00,
    0x00,0x00,0x00,0xFF,0x00,0x03,0xFF,0xC0,0x07,0xC3,0xE0,0x0F,0x00,0xE0,0x1E,0x00,
    0x20,0x1C,0x00,0x00,0x38,0x00,0x00,0x38,0x00,0x00,0x78,0x00,0x00,0x70,0x1F,0xC0,
    0x70,0x1F,0xC0,0x70,0x01,0xC0,0x70,0x01,0xC0,0x70,0x03,0x80,0x78,0x03,0x80,0x38,
    0x03,0x80,0x3E,0x0F,0x80,0x1F,0xFF,0x00,0x07,0xF8,0x00,0x00,0x00,0x00,0x00,0x00,
    0x00,0x00,0x00,0x00,0x00,0x00,0x00,0x00,0x00,0x00,0x00,0x00,0x00,0x00,0x00,0x00,
    0x00,0x00,0x00,0x00,0x00,0x00,0x00,0x00,0x00,0x00,0x00,0x00,0x00,0x00,0x00,0x00,
    0x00,0x00,0x0E,0x00,0xE0,0x0E,0x00,0xE0,0x0E,0x00,0xE0,0x0C,0x01,0xC0,0x1C,0x01,
    0xC0,0x1C,0x01,0xC0,0x1C,0x01,0xC0,0x1C,0x01,0xC0,0x1F,0xFF,0x80,0x3F,0xFF,0x80,
    0x38,0x03,0x80,0x38,0x03,0x80,0x38,0x03,0x80,0x38,0x07,0x00,0x70,0x07,0x00,0x70,
    0x07,0x00,0x70,0x07,0x00,0x70,0x07,0x00,0x70,0x0E,0x00,0x00,0x00,0x00,0x00,0x00,
    0x00,0x00,0x00,0x00,0x00,0x00,0x00,0x00,0x00,0x00,0x00,0x00,0x00,0x00,0x00,0x00,
    0x00,0x00,0x00,0x00,0x00,0x00,0x0E,0x0E,0x0E,0x0C,0x1C,0x1C,0x1C,0x1C,0x1C,0x38,
    0x38,0x38,0x38,0x38,0x70,0x70,0x70,0x70,0x70,0x00,0x00,0x00,0x00,0x00,0x00,0x00,
    0x00,0x00,0x00,0x00,0x00,0x00,0x0E,0x0E,0x0E,0x1C,0x1C,0x1C,0x1C,0x1C,0x18,0x38,
    0x38,0x38,0x38,0x30,0x70,0x70,0x70,0x70,0x60,0xE0,0xE0,0xC0,0x80,0x00,0x00,0x00,
    0x00,0x00,0x00,0x00,0x00,0x00,0x00,0x00,0x00,0x00,0x00,0x00,0x00,0x00,0x00,0x00,
    0x00,0x00,0x0E,0x03,0x80,0x0E,0x07,0x80,0x0E,0x0F,0x00,0x0C,0x1E,0x00,0x1C,0x38,
    0x00,0x1C,0xF0,0x00,0x1D,0xE0,0x00,0x1F,0xC0,0x00,0x1F,0x00,0x00,0x3F,0x00,0x00,
    0x3F,0x80,0x00,0x3B,0xC0,0x00,0x39,0xE0,0x00,0x38,0xE0,0x00,0x70,0x70,0x00,0x70,
    0x38,0x00,0x70,0x3C,0x00,0x70,0x1E,0x00,0x70,0x0F,0x00,0x00,0x00,0x00,0x00,0x00,
    0x00,0x00,0x00,0x00,0x00,0x00,0x00,0x00,0x00,0x00,0x00,0x00,0x00,0x00,0x00,0x00,
    0x00,0x00,0x00,0x00,0x00,0x00,0x00,0x00,0x00,0x00,0x00,0x00,0x0E,0x00,0x0E,0x00,
    0x0E,0x00,0x0C,0x00,0x1C,0x00,0x1C,0x00,0x1C,0x00,0x1C,0x00,0x18,0x00,0x38,0x00,
    0x38,0x00,0x38,0x00,0x38,0x00,0x38,0x00,0x70,0x00,0x70,0x00,0x70,0x00,0x7F,0xF8,
    0x7F,0xF8,0x00,0x00,0x00,0x00,0x00,0x00,0x00,0x00,0x00,0x00,0x00,0x00,0x00,0x00,
    0x00,0x00,0x00,0x00,0x00,0x00,0x00,0x00,0x00,0x00,0x00,0x00,0x00,0x00,0x00,0x00,
    0x00,0x00,0x0F,0x80,0x7C,0x0F,0x80,0x7C,0x0F,0x80,0xF8,0x0F,0x80,0xF8,0x1D,0x81,
    0xF8,0x1D,0x83,0xB8,0x1D,0xC3,0xB8,0x1D,0xC7,0x30,0x19,0xC6,0x70,0x38,0xCE,0x70,
    0x38,0xDC,0x70,0x38,0xFC,0x70,0x38,0xF8,0x60,0x30,0xF0,0xE0,0x70,0x70,0xE0,0x70,
    0x00,0xE0,0x70,0x00,0xE0,0x70,0x00,0xE0,0x60,0x01,0xC0,0x00,0x00,0x00,0x00,0x00,
    0x00,0x00,0x00,0x00,0x00,0x00,0x00,0x00,0x00,0x00,0x00,0x00,0x00,0x00,0x00,0x00,
    0x00,0x00,0x00,0x00,0x00,0x00,0x00,0x00,0x00,0x00,0x00,0x00,0x00,0x00,0x00,0x00,
    0x00,0x00,0x0F,0x00,0xE0,0x0F,0x80,0xE0,0x0F,0x80,0xC0,0x0F,0x81,0xC0,0x1D,0x81,
    0xC0,0x1D,0xC1,0xC0,0x1D,0xC1,0xC0,0x1C,0xC1,0x80,0x18,0xE3,0x80,0x38,0xE3,0x80,
    0x38,0x63,0x80,0x38,0x73,0x80,0x38,0x73,0x80,0x30,0x37,0x00,0x70,0x3F,0x00,0x70,
    0x3F,0x00,0x70,0x1F,0x00,0x70,0x1F,0x00,0x60,0x1E,0x00,0x00,0x00,0x00,0x00,0x00,
    0x00,0x00,0x00,0x00,0x00,0x00,0x00,0x00,0x00,0x00,0x00,0x00,0x00,0x00,0x00,0x00,
    0x00,0x00,0x00,0x00,0x00,0x00,0x00,0x00,0x00,0x00,0x00,0x00,0x00,0x00,0x00,0x00,
    0x00,0x00,0x00,0xFE,0x00,0x03,0xFF,0x80,0x07,0xC3,0xC0,0x0F,0x01,0xE0,0x1E,0x00,
    0xE0,0x1C,0x00,0xE0,0x38,0x00,0xF0,0x38,0x00,0xF0,0x70,0x00,0xF0,0x70,0x00,0xE0,
    0x70,0x00,0xE0,0x70,0x00,0xE0,0x70,0x01,0xC0,0x70,0x01,0xC0,0x78,0x03,0x80,0x38,
    0x07,0x00,0x3E,0x1E,0x00,0x1F,0xFC,0x00,0x07,0xF0,0x00,0x00,0x00,0x00,0x00,0x00,
    0x00,0x00,0x00,0x00,0x00,0x00,0x00,0x00,0x00,0x00,0x00,0x00,0x00,0x00,0x00,0x00,
    0x00,0x00,0x00,0x00,0x00,0x00,0x00,0x00,0x00,0x00,0x00,0x00,0x0F,0xF8,0x0F,0xFE,
    0x0E,0x1E,0x0C,0x0F,0x1C,0x07,0x1C,0x07,0x1C,0x0F,0x1C,0x0E,0x18,0x3E,0x3F,0xFC,
    0x3F,0xF0,0x38,0x00,0x38,0x00,0x30,0x00,0x70,0x00,0x70,0x00,0x70,0x00,0x70,0x00,
    0x70,0x00,0x00,0x00,0x00,0x00,0x00,0x00,0x00,0x00,0x00,0x00,0x00,0x00,0x00,0x00,
    0x00,0x00,0x00,0x00,0x00,0x00,0x00,0x00,0x00,0x00,0x00,0x00,0x00,0x00,0x00,0x00,
    0x00,0x00,0x00,0xFE,0x00,0x03,0xFF,0x80,0x07,0xC3,0xC0,0x0F,0x01,0xE0,0x1E,0x00,
    0xE0,0x1C,0x00,0xE0,0x38,0x00,0xF0,0x38,0x00,0xF0,0x70,0x00,0xF0,0x70,0x00,0xE0,
    0x70,0x00,0xE0,0x70,0x00,0xE0,0x70,0x01,0xC0,0x70,0x01,0xC0,0x78,0x03,0x80,0x38,
    0x07,0x00,0x3E,0x1E,0x00,0x1F,0xFC,0x00,0x07,0xF0,0x00,0x00,0x38,0x00,0x00,0x3C,
    0x00,0x00,0x1C,0x00,0x00,0x00,0x00,0x00,0x00,0x00,0x00,0x00,0x00,0x00,0x00,0x00,
    0x00,0x00,0x00,0x00,0x00,0x00,0x00,0x00,0x00,0x00,0x00,0x00,0x00,0x00,0x00,0x00,
    0x00,0x00,0x0F,0xF8,0x00,0x0F,0xFE,0x00,0x0E,0x1E,0x00,0x0C,0x0F,0x00,0x1C,0x07,
    0x00,0x1C,0x07,0x00,0x1C,0x0E,0x00,0x1C,0x0E,0x00,0x1C,0x3C,0x00,0x3F,0xF8,0x00,
    0x3F,0xF0,0x00,0x38,0x78,0x00,0x38,0x3C,0x00,0x38,0x1C,0x00,0x70,0x1C,0x00,0x70,
    0x0E,0x00,0x70,0x0E,0x00,0x70,0x0E,0x00,0x70,0x0F,0x00,0x00,0x00,0x00,0x00,0x00,
    0x00,0x00,0x00,0x00,0x00,0x00,0x00,0x00,0x00,0x00,0x00,0x00,0x00,0x00,0x00,0x00,
    0x00,0x00,0x00,0x00,0x00,0x00,0x00,0x00,0x00,0x00,0x00,0x00,0x01,0xFE,0x07,0xFF,
    0x0F,0x0F,0x1C,0x02,0x1C,0x00,0x38,0x00,0x3C,0x00,0x1E,0x00,0x1F,0xC0,0x0F,0xF8,
    0x01,0xFC,0x00,0x3C,0x00,0x1E,0x00,0x1E,0x00,0x1C,0xC0,0x3C,0xF0,0x78,0xFF,0xF0,
    0x7F,0xC0,0x00,0x00,0x00,0x00,0x00,0x00,0x00,0x00,0x00,0x00,0x00,0x00,0x00,0x00,
    0x00,0x00,0x00,0x00,0x00,0x00,0x00,0x00,0x00,0x00,0x00,0x00,0x7F,0xFF,0x7F,0xFF,
    0x00,0xC0,0x01,0xC0,0x01,0xC0,0x01,0xC0,0x01,0xC0,0x01,0xC0,0x03,0x80,0x03,0x80,
    0x03,0x80,0x03,0x80,0x03,0x80,0x07,0x00,0x07,0x00,0x07,0x00,0x07,0x00,0x07,0x00,
    0x0E,0x00,0x00,0x00,0x00,0x00,0x00,0x00,0x00,0x00,0x00,0x00,0x00,0x00,0x00,0x00,
    0x00,0x00,0x00,0x00,0x00,0x00,0x00,0x00,0x00,0x00,0x00,0x00,0x00,0x00,0x00,0x00,
    0x00,0x00,0x0E,0x00,0xE0,0x0E,0x01,0xC0,0x1C,0x01,0xC0,0x1C,0x01,0xC0,0x1C,0x01,
    0xC0,0x1C,0x01,0xC0,0x1C,0x03,0x80,0x38,0x03,0x80,0x38,0x03,0x80,0x38,0x03,0x80,
    0x38,0x03,0x80,0x38,0x07,0x00,0x70,0x07,0x00,0x70,0x07,0x00,0x70,0x0F,0x00,0x38,
    0x0E,0x00,0x3C,0x3C,0x00,0x1F,0xF8,0x00,0x0F,0xF0,0x00,0x00,0x00,0x00,0x00,0x00,
    0x00,0x00,0x00,0x00,0x00,0x00,0x00,0x00,0x00,0x00,0x00,0x00,0x00,0x00,0x00,0x00,
    0x00,0x00,0x00,0x00,0x00,0x00,0x00,0x00,0x00,0x00,0x00,0x00,0x00,0x00,0x00,0x00,
    0x00,0x00,0x38,0x00,0xC0,0x38,0x01,0xC0,0x38,0x01,0xC0,0x38,0x03,0x80,0x18,0x03,
    0x80,0x1C,0x07,0x00,0x1C,0x07,0x00,0x1C,0x0E,0x00,0x1C,0x0E,0x00,0x0C,0x1C,0x00,
    0x0C,0x38,0x00,0x0E,0x38,0x00,0x0E,0x70,0x00,0x0E,0x70,0x00,0x0E,0xE0,0x00,0x07,
    0xE0,0x00,0x07,0xC0,0x00,0x07,0x80,0x00,0x07,0x80,0x00,0x00,0x00,0x00,0x00,0x00,
    0x00,0x00,0x00,0x00,0x00,0x00,0x00,0x00,0x00,0x00,0x00,0x00,0x00,0x00,0x00,0x00,
    0x00,0x00,0x00,0x00,0x00,0x00,0x00,0x00,0x00,0x00,0x00,0x00,0x00,0x00,0x00,0x00,
    0x00,0x00,0x00,0x00,0x00,0x00,0x00,0x00,0x38,0x07,0x00,0xC0,0x38,0x0F,0x01,0xC0,
    0x38,0x0F,0x01,0xC0,0x18,0x1F,0x03,0x80,0x18,0x1F,0x03,0x80,0x18,0x3B,0x07,0x00,
    0x1C,0x3B,0x07,0x00,0x1C,0x33,0x8E,0x00,0x1C,0x73,0x8E,0x00,0x1C,0x63,0x8C,0x00,
    0x1C,0xE3,0x9C,0x00,0x1C,0xC3,0x9C,0x00,0x1D,0xC3,0xB8,0x00,0x1D,0xC3,0xB8,0x00,
    0x1F,0x83,0xF0,0x00,0x1F,0x83,0xF0,0x00,0x1F,0x01,0xE0,0x00,0x1F,0x01,0xE0,0x00,
    0x1E,0x01,0xE0,0x00,0x00,0x00,0x00,0x00,0x00,0x00,0x00,0x00,0x00,0x00,0x00,0x00,
    0x00,0x00,0x00,0x00,0x00,0x00,0x00,0x00,0x00,0x00,0x00,0x00,0x00,0x00,0x00,0x00,
    0x00,0x00,0x00,0x00,0x00,0x00,0x00,0x00,0x00,0x00,0x00,0x00,0x00,0x00,0x00,0x00,
    0x00,0x00,0x0E,0x01,0xC0,0x0E,0x03,0x80,0x07,0x07,0x00,0x07,0x0E,0x00,0x03,0x1E,
    0x00,0x03,0xBC,0x00,0x03,0xF8,0x00,0x01,0xF0,0x00,0x01,0xE0,0x00,0x01,0xE0,0x00,
    0x03,0xE0,0x00,0x07,0xF0,0x00,0x0F,0x70,0x00,0x1E,0x38,0x00,0x1C,0x38,0x00,0x38,
    0x1C,0x00,0x70,0x1C,0x00,0xE0,0x0E,0x00,0xC0,0x0E,0x00,0x00,0x00,0x00,0x00,0x00,
    0x00,0x00,0x00,0x00,0x00,0x00,0x00,0x00,0x00,0x00,0x00,0x00,0x00,0x00,0x00,0x00,
    0x00,0x00,0x00,0x00,0x00,0x00,0x00,0x00,0x00,0x00,0x00,0x00,0x38,0x03,0x38,0x07,
    0x1C,0x0F,0x1C,0x1E,0x0E,0x1C,0x0E,0x38,0x07,0x70,0x07,0xE0,0x03,0xC0,0x03,0xC0,
    0x03,0x80,0x03,0x80,0x03,0x80,0x03,0x00,0x07,0x00,0x07,0x00,0x07,0x00,0x07,0x00,
    0x07,0x00,0x00,0x00,0x00,0x00,0x00,0x00,0x00,0x00,0x00,0x00,0x00,0x00,0x00,0x00,
    0x00,0x00,0x00,0x00,0x00,0x00,0x00,0x00,0x00,0x00,0x00,0x00,0x00,0x00,0x00,0x00,
    0x00,0x00,0x1F,0xFF,0xC0,0x1F,0xFF,0xC0,0x00,0x03,0xC0,0x00,0x07,0x80,0x00,0x0F,
    0x00,0x00,0x1E,0x00,0x00,0x3C,0x00,0x00,0x78,0x00,0x00,0xF0,0x00,0x01,0xE0,0x00,
    0x03,0xC0,0x00,0x07,0x80,0x00,0x0F,0x00,0x00,0x1E,0x00,0x00,0x3C,0x00,0x00,0x78,
    0x00,0x00,0xF0,0x00,0x00,0xFF,0xFE,0x00,0xFF,0xFE,0x00,0x00,0x00,0x00,0x00,0x00,
    0x00,0x00,0x00,0x00,0x00,0x00,0x00,0x00,0x00,0x00,0x00,0x00,0x00,0x00,0x00,0x00,
    0x00,0x00,0x00,0x00,0x00,0x00,0x00,0x00,0x00,0x00,0x07,0xC0,0x07,0xC0,0x07,0x00,
    0x06,0x00,0x0E,0x00,0x0E,0x00,0x0E,0x00,0x0E,0x00,0x0C,0x00,0x1C,0x00,0x1C,0x00,
    0x1C,0x00,0x1C,0x00,0x18,0x00,0x18,0x00,0x38,0x00,0x38,0x00,0x38,0x00,0x30,0x00,
    0x30,0x00,0x70,0x00,0x7E,0x00,0x7E,0x00,0x00,0x00,0x00,0x00,0x00,0x00,0x00,0x00,
    0x00,0x00,0x00,0x00,0x00,0x00,0x00,0x00,0x00,0x00,0x00,0x00,0x38,0x00,0x38,0x00,
    0x38,0x00,0x38,0x00,0x18,0x00,0x18,0x00,0x18,0x00,0x18,0x00,0x1C,0x00,0x1C,0x00,
    0x1C,0x00,0x1C,0x00,0x1C,0x00,0x0C,0x00,0x0C,0x00,0x0C,0x00,0x0C,0x00,0x0E,0x00,
    0x0E,0x00,0x0E,0x00,0x0E,0x00,0x00,0x00,0x00,0x00,0x00,0x00,0x00,0x00,0x00,0x00,
    0x00,0x00,0x00,0x00,0x00,0x00,0x00,0x00,0x00,0x00,0x1F,0x80,0x1F,0x80,0x03,0x80,
    0x03,0x00,0x07,0x00,0x07,0x00,0x07,0x00,0x07,0x00,0x06,0x00,0x0E,0x00,0x0E,0x00,
    0x0E,0x00,0x0E,0x00,0x0C,0x00,0x1C,0x00,0x1C,0x00,0x1C,0x00,0x1C,0x00,0x18,0x00,
    0x18,0x00,0x38,0x00,0xF8,0x00,0xF8,0x00,0x00,0x00,0x00,0x00,0x00,0x00,0x00,0x00,
    0x00,0x00,0x00,0x00,0x00,0x00,0x00,0x00,0x00,0x00,0x00,0x00,0x00,0x00,0x00,0x00,
    0x00,0x00,0x00,0x78,0x00,0x00,0xFC,0x00,0x01,0xFE,0x00,0x03,0x8F,0x00,0x07,0x07,
    0x80,0x0E,0x01,0xC0,0x1C,0x00,0xE0,0x00,0x00,0x00,0x00,0x00,0x00,0x00,0x00,0x00,
    0x00,0x00,0x00,0x00,0x00,0x00,0x00,0x00,0x00,0x00,0x00,0x00,0x00,0x00,0x00,0x00,
    0x00,0x00,0x00,0x00,0x00,0x00,0x00,0x00,0x00,0x00,0x00,0x00,0x00,0x00,0x00,0x00,
    0x00,0x00,0x00,0x00,0x00,0x00,0x00,0x00,0x00,0x00,0x00,0x00,0x00,0x00,0x00,0x00,
    0x00,0x00,0x00,0x00,0x00,0x00,0x00,0x00,0x00,0x00,0x00,0x00,0x00,0x00,0x00,0x00,
    0x00,0x00,0x00,0x00,0x00,0x00,0x00,0x00,0x00,0x00,0x00,0x00,0x00,0x00,0x00,0x00,
    0x00,0x00,0x00,0x00,0x00,0x00,0x00,0x00,0x00,0x00,0x00,0x00,0x00,0x00,0x00,0x00,
    0x00,0x00,0x00,0x00,0x00,0x00,0x00,0x00,0x00,0x00,0xFF,0xF8,0xFF,0xF8,0x00,0x00,
    0x00,0x00,0x00,0x00,0x00,0x00,0x00,0x00,0x07,0x00,0x03,0x00,0x03,0x80,0x01,0x80,
    0x00,0xC0,0x00,0x00,0x00,0x00,0x00,0x00,0x00,0x00,0x00,0x00,0x00,0x00,0x00,0x00,
    0x00,0x00,0x00,0x00,0x00,0x00,0x00,0x00,0x00,0x00,0x00,0x00,0x00,0x00,0x00,0x00,
    0x00,0x00,0x00,0x00,0x00,0x00,0x00,0x00,0x00,0x00,0x00,0x00,0x00,0x00,0x00,0x00,
    0x00,0x00,0x00,0x00,0x00,0x00,0x00,0x00,0x00,0x00,0x00,0x00,0x00,0x00,0x00,0x00,
    0x00,0x00,0x00,0x00,0x00,0x00,0x07,0xF0,0x0F,0xFC,0x0C,0x3C,0x00,0x0C,0x00,0x0C,
    0x0F,0xFC,0x1F,0xFC,0x3C,0x1C,0x70,0x1C,0x70,0x38,0x70,0x78,0x78,0xF8,0x3F,0xF8,
    0x1F,0x38,0x00,0x00,0x00,0x00,0x00,0x00,0x00,0x00,0x00,0x00,0x00,0x00,0x00,0x00,
    0x00,0x00,0x00,0x00,0x00,0x00,0x00,0x00,0x00,0x00,0x0E,0x00,0x0E,0x00,0x0E,0x00,
    0x0E,0x00,0x0E,0x00,0x0C,0x00,0x1C,0xF8,0x1F,0xFC,0x1F,0x1E,0x1E,0x0E,0x1C,0x06,
    0x38,0x06,0x38,0x06,0x38,0x0E,0x38,0x0E,0x38,0x1C,0x78,0x1C,0x7C,0x78,0x7F,0xF0,
    0x77,0xE0,0x00,0x00,0x00,0x00,0x00,0x00,0x00,0x00,0x00,0x00,0x00,0x00,0x00,0x00,
    0x00,0x00,0x00,0x00,0x00,0x00,0x00,0x00,0x00,0x00,0x00,0x00,0x00,0x00,0x00,0x00,
    0x00,0x00,0x00,0x00,0x00,0x00,0x03,0xF8,0x07,0xFC,0x0F,0x0C,0x1C,0x00,0x38,0x00,
    0x38,0x00,0x70,0x00,0x70,0x00,0x70,0x00,0x70,0x00,0x70,0x00,0x3C,0x30,0x3F,0xF0,
    0x0F,0xC0,0x00,0x00,0x00,0x00,0x00,0x00,0x00,0x00,0x00,0x00,0x00,0x00,0x00,0x00,
    0x00,0x00,0x00,0x00,0x00,0x00,0x00,0x00,0x00,0x00,0x00,0x03,0x00,0x03,0x00,0x03,
    0x00,0x07,0x00,0x07,0x00,0x07,0x03,0xE7,0x0F,0xF6,0x1E,0x3E,0x1C,0x1E,0x38,0x0E,
    0x30,0x0E,0x70,0x0C,0x70,0x0C,0x70,0x1C,0x70,0x1C,0x70,0x3C,0x38,0xF8,0x3F,0xF8,
    0x1F,0xB8,0x00,0x00,0x00,0x00,0x00,0x00,0x00,0x00,0x00,0x00,0x00,0x00,0x00,0x00,
    0x00,0x00,0x00,0x00,0x00,0x00,0x00,0x00,0x00,0x00,0x00,0x00,0x00,0x00,0x00,0x00,
    0x00,0x00,0x00,0x00,0x00,0x00,0x03,0xF0,0x07,0xFC,0x0E,0x1C,0x1C,0x0E,0x38,0x0E,
    0x38,0x0E,0x7F,0xFE,0x7F,0xFE,0x70,0x00,0x70,0x00,0x70,0x00,0x3C,0x18,0x3F,0xF8,
    0x0F,0xF0,0x00,0x00,0x00,0x00,0x00,0x00,0x00,0x00,0x00,0x00,0x00,0x00,0x00,0x00,
    0x00,0x00,0x00,0x00,0x00,0x00,0x00,0x00,0x00,0x00,0x01,0x80,0x03,0x80,0x07,0x00,
    0x07,0x00,0x06,0x00,0x0E,0x00,0x3F,0x80,0x3F,0x80,0x0E,0x00,0x0C,0x00,0x1C,0x00,
    0x1C,0x00,0x1C,0x00,0x1C,0x00,0x18,0x00,0x38,0x00,0x38,0x00,0x38,0x00,0x38,0x00,
    0x30,0x00,0x00,0x00,0x00,0x00,0x00,0x00,0x00,0x00,0x00,0x00,0x00,0x00,0x00,0x00,
    0x00,0x00,0x00,0x00,0x00,0x00,0x00,0x00,0x00,0x00,0x00,0x00,0x00,0x00,0x00,0x00,
    0x00,0x00,0x00,0x00,0x00,0x00,0x03,0xE7,0x0F,0xF6,0x1E,0x3E,0x1C,0x1E,0x38,0x0E,
    0x30,0x0E,0x70,0x0C,0x70,0x0C,0x70,0x1C,0x70,0x1C,0x70,0x3C,0x38,0xF8,0x3F,0xF8,
    0x1F,0xB8,0x00,0x38,0x00,0x70,0x61,0xE0,0x7F,0xC0,0x3F,0x80,0x00,0x00,0x00,0x00,
    0x00,0x00,0x00,0x00,0x00,0x00,0x00,0x00,0x00,0x00,0x0E,0x00,0x0E,0x00,0x0E,0x00,
    0x0E,0x00,0x0C,0x00,0x0C,0x00,0x1C,0xF8,0x1F,0xFC,0x1F,0x1E,0x1E,0x0E,0x1C,0x0E,
    0x38,0x0E,0x38,0x0E,0x38,0x0C,0x38,0x1C,0x30,0x1C,0x70,0x1C,0x70,0x1C,0x70,0x18,
    0x70,0x38,0x00,0x00,0x00,0x00,0x00,0x00,0x00,0x00,0x00,0x00,0x00,0x00,0x00,0x00,
    0x00,0x00,0x00,0x00,0x00,0x0E,0x0E,0x0E,0x00,0x00,0x00,0x1C,0x1C,0x1C,0x1C,0x18,
    0x38,0x38,0x38,0x38,0x30,0x70,0x70,0x70,0x70,0x00,0x00,0x00,0x00,0x00,0x00,0x00,
    0x00,0x00,0x00,0x00,0x00,0x06,0x0E,0x0E,0x00,0x00,0x00,0x1C,0x1C,0x1C,0x1C,0x18,
    0x38,0x38,0x38,0x38,0x30,0x70,0x70,0x70,0x70,0x60,0xE0,0xE0,0xC0,0x80,0x00,0x00,
    0x00,0x00,0x00,0x00,0x00,0x00,0x00,0x00,0x00,0x00,0x0E,0x00,0x0E,0x00,0x0E,0x00,
    0x0E,0x00,0x0C,0x00,0x0C,0x00,0x1C,0x0E,0x1C,0x1C,0x1C,0x78,0x18,0xE0,0x1B,0xC0,
    0x3F,0x80,0x3F,0x00,0x3F,0x00,0x3B,0x80,0x33,0xC0,0x71,0xE0,0x70,0xE0,0x70,0x70,
    0x70,0x38,0x00,0x00,0x00,0x00,0x00,0x00,0x00,0x00,0x00,0x00,0x00,0x00,0x00,0x00,
    0x00,0x00,0x00,0x00,0x00,0x0E,0x0E,0x0E,0x0E,0x0C,0x0C,0x1C,0x1C,0x1C,0x18,0x18,
    0x38,0x38,0x38,0x30,0x30,0x70,0x70,0x70,0x70,0x00,0x00,0x00,0x00,0x00,0x00,0x00,
    0x00,0x00,0x00,0x00,0x00,0x00,0x00,0x00,0x00,0x00,0x00,0x00,0x00,0x00,0x00,0x00,
    0x00,0x00,0x00,0x00,0x00,0x00,0x00,0x00,0x00,0x00,0x00,0x00,0x00,0x00,0x00,0x00,
    0x00,0x00,0x00,0x00,0x00,0x00,0x00,0x00,0x00,0x00,0x00,0x00,0x1C,0xF8,0x7C,0x00,
    0x1F,0xFC,0xFE,0x00,0x1F,0x1F,0x8F,0x00,0x1E,0x0F,0x07,0x00,0x1C,0x0E,0x07,0x00,
    0x38,0x0E,0x07,0x00,0x38,0x1C,0x06,0x00,0x38,0x1C,0x0E,0x00,0x38,0x1C,0x0E,0x00,
    0x30,0x1C,0x0E,0x00,0x70,0x18,0x0E,0x00,0x70,0x38,0x0C,0x00,0x70,0x38,0x1C,0x00,
    0x70,0x38,0x1C,0x00,0x00,0x00,0x00,0x00,0x00,0x00,0x00,0x00,0x00,0x00,0x00,0x00,
    0x00,0x00,0x00,0x00,0x00,0x00,0x00,0x00,0x00,0x00,0x00,0x00,0x00,0x00,0x00,0x00,
    0x00,0x00,0x00,0x00,0x00,0x00,0x00,0x00,0x00,0x00,0x00,0x00,0x00,0x00,0x00,0x00,
    0x00,0x00,0x00,0x00,0x00,0x00,0x1C,0xF8,0x1F,0xFC,0x1F,0x1E,0x1E,0x0E,0x1C,0x0E,
    0x38,0x0E,0x38,0x0E,0x38,0x0C,0x38,0x1C,0x30,0x1C,0x70,0x1C,0x70,0x1C,0x70,0x18,
    0x70,0x38,0x00,0x00,0x00,0x00,0x00,0x00,0x00,0x00,0x00,0x00,0x00,0x00,0x00,0x00,
    0x00,0x00,0x00,0x00,0x00,0x00,0x00,0x00,0x00,0x00,0x00,0x00,0x00,0x00,0x00,0x00,
    0x00,0x00,0x00,0x00,0x00,0x00,0x03,0xF0,0x0F,0xF8,0x1E,0x1C,0x1C,0x0E,0x38,0x0E,
    0x30,0x0E,0x70,0x0E,0x70,0x0E,0x70,0x0C,0x70,0x1C,0x70,0x38,0x38,0x78,0x3F,0xE0,
    0x0F,0xC0,0x00,0x00,0x00,0x00,0x00,0x00,0x00,0x00,0x00,0x00,0x00,0x00,0x00,0x00,
    0x00,0x00,0x00,0x00,0x00,0x00,0x00,0x00,0x00,0x00,0x00,0x00,0x00,0x00,0x00,0x00,
    0x00,0x00,0x00,0x00,0x00,0x00,0x1C,0xF8,0x1F,0xFC,0x1F,0x1E,0x1E,0x0E,0x1C,0x06,
    0x38,0x06,0x38,0x06,0x38,0x0E,0x38,0x0E,0x38,0x0C,0x78,0x1C,0x7C,0x78,0x7F,0xF0,
    0x77,0xE0,0x60,0x00,0xE0,0x00,0xE0,0x00,0xE0,0x00,0xE0,0x00,0x00,0x00,0x00,0x00,
    0x00,0x00,0x00,0x00,0x00,0x00,0x00,0x00,0x00,0x00,0x00,0x00,0x00,0x00,0x00,0x00,
    0x00,0x00,0x00,0x00,0x00,0x00,0x03,0xE7,0x0F,0xF6,0x1E,0x3E,0x1C,0x1E,0x38,0x0E,
    0x30,0x0E,0x70,0x0C,0x70,0x0C,0x70,0x1C,0x70,0x1C,0x70,0x3C,0x38,0xF8,0x3F,0xF8,
    0x1F,0xB8,0x00,0x38,0x00,0x38,0x00,0x30,0x00,0x70,0x00,0x70,0x00,0x00,0x00,0x00,
    0x00,0x00,0x00,0x00,0x00,0x00,0x00,0x00,0x00,0x00,0x00,0x00,0x00,0x00,0x00,0x00,
    0x00,0x00,0x00,0x00,0x00,0x00,0x1C,0xE0,0x1F,0xE0,0x1F,0x00,0x1E,0x00,0x1C,0x00,
    0x38,0x00,0x38,0x00,0x38,0x00,0x38,0x00,0x30,0x00,0x70,0x00,0x70,0x00,0x70,0x00,
    0x70,0x00,0x00,0x00,0x00,0x00,0x00,0x00,0x00,0x00,0x00,0x00,0x00,0x00,0x00,0x00,
    0x00,0x00,0x00,0x00,0x00,0x00,0x00,0x00,0x00,0x00,0x00,0x00,0x00,0x00,0x00,0x00,
    0x00,0x00,0x00,0x00,0x00,0x00,0x07,0xF0,0x1F,0xF8,0x1C,0x18,0x38,0x00,0x38,0x00,
    0x3C,0x00,0x1F,0x80,0x0F,0xE0,0x00,0xF0,0x00,0x70,0x00,0x70,0xE0,0xE0,0xFF,0xE0,
    0x7F,0x80,0x00,0x00,0x00,0x00,0x00,0x00,0x00,0x00,0x00,0x00,0x00,0x00,0x00,0x00,
    0x00,0x00,0x00,0x00,0x00,0x00,0x00,0x00,0x00,0x00,0x00,0x00,0x00,0x00,0x0E,0x00,
    0x0E,0x00,0x0E,0x00,0x0E,0x00,0x3F,0xC0,0x3F,0xC0,0x1C,0x00,0x1C,0x00,0x1C,0x00,
    0x18,0x00,0x18,0x00,0x38,0x00,0x38,0x00,0x38,0x00,0x38,0x00,0x38,0x00,0x3F,0x80,
    0x1F,0x80,0x00,0x00,0x00,0x00,0x00,0x00,0x00,0x00,0x00,0x00,0x00,0x00,0x00,0x00,
    0x00,0x00,0x00,0x00,0x00,0x00,0x00,0x00,0x00,0x00,0x00,0x00,0x00,0x00,0x00,0x00,
    0x00,0x00,0x00,0x00,0x00,0x00,0x1C,0x06,0x1C,0x0E,0x18,0x0E,0x18,0x0E,0x38,0x0E,
    0x38,0x0C,0x38,0x1C,0x30,0x1C,0x70,0x1C,0x70,0x3C,0x70,0x38,0x78,0xF8,0x3F,0xF8,
    0x1F,0x38,0x00,0x00,0x00,0x00,0x00,0x00,0x00,0x00,0x00,0x00,0x00,0x00,0x00,0x00,
    0x00,0x00,0x00,0x00,0x00,0x00,0x00,0x00,0x00,0x00,0x00,0x00,0x00,0x00,0x00,0x00,
    0x00,0x00,0x00,0x00,0x00,0x00,0x38,0x06,0x38,0x0E,0x38,0x0C,0x38,0x1C,0x18,0x38,
    0x18,0x38,0x1C,0x70,0x1C,0x70,0x1C,0xE0,0x1C,0xC0,0x0D,0xC0,0x0F,0x80,0x0F,0x80,
    0x0F,0x00,0x00,0x00,0x00,0x00,0x00,0x00,0x00,0x00,0x00,0x00,0x00,0x00,0x00,0x00,
    0x00,0x00,0x00,0x00,0x00,0x00,0x00,0x00,0x00,0x00,0x00,0x00,0x00,0x00,0x00,0x00,
    0x00,0x00,0x00,0x00,0x00,0x00,0x00,0x00,0x00,0x00,0x00,0x00,0x00,0x00,0x00,0x00,
    0x00,0x38,0x38,0x18,0x38,0x38,0x38,0x38,0x78,0x30,0x38,0x7C,0x70,0x38,0xFC,0x60,
    0x38,0xDC,0xE0,0x39,0xDC,0xC0,0x19,0x9D,0xC0,0x1B,0x8D,0xC0,0x1B,0x0D,0x80,0x1F,
    0x0F,0x80,0x1E,0x0F,0x00,0x1E,0x0F,0x00,0x1C,0x0E,0x00,0x00,0x00,0x00,0x00,0x00,
    0x00,0x00,0x00,0x00,0x00,0x00,0x00,0x00,0x00,0x00,0x00,0x00,0x00,0x00,0x00,0x00,
    0x00,0x00,0x00,0x00,0x00,0x00,0x00,0x00,0x00,0x00,0x00,0x00,0x00,0x00,0x00,0x00,
    0x00,0x00,0x00,0x00,0x00,0x00,0x1C,0x0E,0x1C,0x1C,0x0E,0x38,0x0E,0x70,0x07,0xF0,
    0x03,0xE0,0x03,0xC0,0x07,0xC0,0x0F,0xC0,0x1E,0xE0,0x3C,0xE0,0x78,0x70,0x70,0x70,
    0xE0,0x38,0x00,0x00,0x00,0x00,0x00,0x00,0x00,0x00,0x00,0x00,0x00,0x00,0x00,0x00,
    0x00,0x00,0x00,0x00,0x00,0x00,0x00,0x00,0x00,0x00,0x00,0x00,0x00,0x00,0x00,0x00,
    0x00,0x00,0x00,0x00,0x00,0x00,0x38,0x06,0x38,0x0E,0x38,0x0C,0x38,0x1C,0x1C,0x38,
    0x1C,0x30,0x1C,0x70,0x1C,0xE0,0x0C,0xE0,0x0F,0xC0,0x0F,0x80,0x0F,0x80,0x07,0x00,
    0x07,0x00,0x0E,0x00,0x0C,0x00,0x3C,0x00,0xF8,0x00,0xF0,0x00,0x00,0x00,0x00,0x00,
    0x00,0x00,0x00,0x00,0x00,0x00,0x00,0x00,0x00,0x00,0x00,0x00,0x00,0x00,0x00,0x00,
    0x00,0x00,0x00,0x00,0x00,0x00,0x1F,0xFC,0x1F,0xFC,0x00,0x38,0x00,0x70,0x00,0xE0,
    0x01,0xC0,0x03,0x80,0x07,0x00,0x0E,0x00,0x1C,0x00,0x38,0x00,0x70,0x00,0xFF,0xF0,
    0xFF,0xF0,0x00,0x00,0x00,0x00,0x00,0x00,0x00,0x00,0x00,0x00,0x00,0x00,0x00,0x00,
    0x00,0x00,0x00,0x00,0x00,0x00,0x00,0x00,0x00,0x00,0x00,0x00,0x00,0x00,0x00,0x00,
    0x1F,0x00,0x00,0x3F,0x00,0x00,0x70,0x00,0x00,0x70,0x00,0x00,0x60,0x00,0x00,0xE0,
    0x00,0x00,0xE0,0x00,0x00,0xE0,0x00,0x00,0xC0,0x00,0x01,0xC0,0x00,0x03,0xC0,0x00,
    0x1F,0x80,0x00,0x1F,0x00,0x00,0x03,0x80,0x00,0x03,0x80,0x00,0x03,0x80,0x00,0x03,
    0x80,0x00,0x03,0x80,0x00,0x03,0x80,0x00,0x03,0x00,0x00,0x03,0x00,0x00,0x03,0x80,
    0x00,0x03,0xF0,0x00,0x01,0xE0,0x00,0x00,0x00,0x00,0x00,0x00,0x00,0x00,0x00,0x00,
    0x00,0x00,0x00,0x00,0x00,0x00,0x00,0x00,0x00,0x00,0x1C,0x00,0x1C,0x00,0x1C,0x00,
    0x1C,0x00,0x1C,0x00,0x1C,0x00,0x1C,0x00,0x1C,0x00,0x1C,0x00,0x1C,0x00,0x1C,0x00,
    0x1C,0x00,0x1C,0x00,0x1C,0x00,0x1C,0x00,0x1C,0x00,0x1C,0x00,0x1C,0x00,0x1C,0x00,
    0x1C,0x00,0x1C,0x00,0x1C,0x00,0x1C,0x00,0x1C,0x00,0x1C,0x00,0x1C,0x00,0x00,0x00,
    0x00,0x00,0x00,0x00,0x00,0x00,0x00,0x00,0x00,0x00,0x00,0x00,0x00,0x00,0x00,0x07,
    0x80,0x00,0x0F,0xC0,0x00,0x01,0xC0,0x00,0x00,0xC0,0x00,0x00,0xC0,0x00,0x01,0xC0,
    0x00,0x01,0xC0,0x00,0x01,0xC0,0x00,0x01,0xC0,0x00,0x01,0xC0,0x00,0x01,0xC0,0x00,
    0x00,0xF8,0x00,0x01,0xF8,0x00,0x03,0xC0,0x00,0x03,0x80,0x00,0x07,0x00,0x00,0x07,
    0x00,0x00,0x07,0x00,0x00,0x06,0x00,0x00,0x06,0x00,0x00,0x0E,0x00,0x00,0x1E,0x00,
    0x00,0xFC,0x00,0x00,0xF8,0x00,0x00,0x00,0x00,0x00,0x00,0x00,0x00,0x00,0x00,0x00,
    0x00,0x00,0x00,0x00,0x00,0x00,0x00,0x00,0x00,0x00,0x00,0x00,0x00,0x00,0x00,0x00,
    0x00,0x00,0x00,0x00,0x00,0x00,0x00,0x00,0x00,0x00,0x00,0x00,0x00,0x00,0x00,0x00,
    0x00,0x00,0x00,0x00,0x00,0x00,0x00,0x00,0x00,0x00,0x00,0x00,0x00,0x07,0xC0,0x20,
    0x1F,0xF8,0xE0,0x1C,0x7F,0xE0,0x10,0x1F,0x80,0x00,0x00,0x00,0x00,0x00,0x00,0x00,
    0x00,0x00,0x00,0x00,0x00,0x00,0x00,0x00,0x00,0x00,0x00,0x00,0x00,0x00,0x00,0x00,
    0x00,0x00,0x00,0x00,0x00,0x00,0x00,0x00,0x00,0x00,0x00,0x00,0x00,0x00,0x00,0x00,
    0x00,0x00,0x00,0x00,0x60,0x00,0x00,0x30,0x00,0x00,0x38,0x00,0x00,0x00,0x00,0x00,
    0x00,0x00,0x00,0x78,0x00,0x00,0x78,0x00,0x00,0xF8,0x00,0x01,0xF8,0x00,0x01,0xDC,
    0x00,0x03,0x9C,0x00,0x03,0x1C,0x00,0x07,0x1C,0x00,0x0E,0x1C,0x00,0x0E,0x0C,0x00,
    0x1C,0x0E,0x00,0x1C,0x0E,0x00,0x3F,0xFE,0x00,0x3F,0xFE,0x00,0x70,0x0E,0x00,0xE0,
    0x07,0x00,0xE0,0x07,0x00,0xC0,0x07,0x00,0xC0,0x07,0x00,0x00,0x00,0x00,0x00,0x00,
    0x00,0x00,0x00,0x00,0x00,0x00,0x00,0x00,0x00,0x00,0x00,0x00,0x00,0x00,0x00,0x00,
    0x00,0x00,0x00,0x00,0x0E,0x00,0x00,0x18,0x00,0x00,0x30,0x00,0x00,0x00,0x00,0x00,
    0x00,0x00,0x00,0x78,0x00,0x00,0x78,0x00,0x00,0xF8,0x00,0x01,0xF8,0x00,0x01,0xDC,
    0x00,0x03,0x9C,0x00,0x03,0x1C,0x00,0x07,0x1C,0x00,0x0E,0x1C,0x00,0x0E,0x0C,0x00,
    0x1C,0x0E,0x00,0x1C,0x0E,0x00,0x3F,0xFE,0x00,0x3F,0xFE,0x00,0x70,0x0E,0x00,0xE0,
    0x07,0x00,0xE0,0x07,0x00,0xC0,0x07,0x00,0xC0,0x07,0x00,0x00,0x00,0x00,0x00,0x00,
    0x00,0x00,0x00,0x00,0x00,0x00,0x00,0x00,0x00,0x00,0x00,0x00,0x00,0x00,0x00,0x00,
    0x00,0x00,0x00,0x00,0x3C,0x00,0x00,0xEC,0x00,0x01,0xC6,0x00,0x00,0x00,0x00,0x00,
    0x00,0x00,0x00,0x78,0x00,0x00,0x78,0x00,0x00,0xF8,0x00,0x01,0xF8,0x00,0x01,0xDC,
    0x00,0x03,0x9C,0x00,0x03,0x1C,0x00,0x07,0x1C,0x00,0x0E,0x1C,0x00,0x0E,0x0C,0x00,
    0x1C,0x0E,0x00,0x1C,0x0E,0x00,0x3F,0xFE,0x00,0x3F,0xFE,0x00,0x70,0x0E,0x00,0xE0,
    0x07,0x00,0xE0,0x07,0x00,0xC0,0x07,0x00,0xC0,0x07,0x00,0x00,0x00,0x00,0x00,0x00,
    0x00,0x00,0x00,0x00,0x00,0x00,0x00,0x00,0x00,0x00,0x00,0x00,0x00,0x00,0x00,0x00,
    0x00,0x00,0x00,0x00,0xF3,0x00,0x01,0xFF,0x00,0x01,0x9E,0x00,0x00,0x00,0x00,0x00,
    0x00,0x00,0x00,0x78,0x00,0x00,0x78,0x00,0x00,0xF8,0x00,0x01,0xF8,0x00,0x01,0xDC,
    0x00,0x03,0x9C,0x00,0x03,0x1C,0x00,0x07,0x1C,0x00,0x0E,0x1C,0x00,0x0E,0x0C,0x00,
    0x1C,0x0E,0x00,0x1C,0x0E,0x00,0x3F,0xFE,0x00,0x3F,0xFE,0x00,0x70,0x0E,0x00,0xE0,
    0x07,0x00,0xE0,0x07,0x00,0xC0,0x07,0x00,0xC0,0x07,0x00,0x00,0x00,0x00,0x00,0x00,
    0x00,0x00,0x00,0x00,0x00,0x00,0x00,0x00,0x00,0x00,0x00,0x00,0x00,0x00,0x00,0x00,
    0x00,0x00,0x00,0x00,0xE7,0x00,0x01,0xCE,0x00,0x01,0xCE,0x00,0x00,0x00,0x00,0x00,
    0x00,0x00,0x00,0x78,0x00,0x00,0x78,0x00,0x00,0xF8,0x00,0x01,0xF8,0x00,0x01,0xDC,
    0x00,0x03,0x9C,0x00,0x03,0x1C,0x00,0x07,0x1C,0x00,0x0E,0x1C,0x00,0x0E,0x0C,0x00,
    0x1C,0x0E,0x00,0x1C,0x0E,0x00,0x3F,0xFE,0x00,0x3F,0xFE,0x00,0x70,0x0E,0x00,0xE0,
    0x07,0x00,0xE0,0x07,0x00,0xC0,0x07,0x00,0xC0,0x07,0x00,0x00,0x00,0x00,0x00,0x00,
    0x00,0x00,0x00,0x00,0x00,0x00,0x00,0x00,0x00,0x00,0x00,0x00,0x00,0x00,0x00,0x00,
    0x00,0x00,0x00,0x00,0x78,0x00,0x00,0xFC,0x00,0x01,0xCE,0x00,0x01,0x86,0x00,0x00,
    0xCC,0x00,0x00,0xFC,0x00,0x00,0xF8,0x00,0x00,0xF8,0x00,0x01,0xF8,0x00,0x01,0x9C,
    0x00,0x03,0x9C,0x00,0x03,0x1C,0x00,0x07,0x1C,0x00,0x0E,0x1C,0x00,0x0E,0x0C,0x00,
    0x1C,0x0E,0x00,0x1C,0x0E,0x00,0x3F,0xFE,0x00,0x3F,0xFE,0x00,0x70,0x0E,0x00,0xE0,
    0x07,0x00,0xE0,0x07,0x00,0xC0,0x07,0x00,0xC0,0x07,0x00,0x00,0x00,0x00,0x00,0x00,
    0x00,0x00,0x00,0x00,0x00,0x00,0x00,0x00,0x00,0x00,0x00,0x00,0x00,0x00,0x00,0x00,
    0x00,0x00,0x00,0x00,0x00,0x00,0x00,0x00,0x00,0x00,0x00,0x00,0x00,0x00,0x00,0x00,
    0x00,0x00,0x00,0x00,0x00,0x00,0x00,0x00,0x00,0x3F,0xFF,0x80,0x00,0x7F,0xFF,0x80,
    0x00,0x77,0x00,0x00,0x00,0xE7,0x00,0x00,0x01,0xC7,0x00,0x00,0x01,0xC7,0x00,0x00,
    0x03,0x8E,0x00,0x00,0x03,0x8E,0x00,0x00,0x07,0x0F,0xFF,0x00,0x0E,0x0F,0xFF,0x00,
    0x0E,0x0E,0x00,0x00,0x1C,0x1C,0x00,0x00,0x1F,0xFC,0x00,0x00,0x3F,0xFC,0x00,0x00,
    0x70,0x1C,0x00,0x00,0x70,0x1C,0x00,0x00,0xE0,0x38,0x00,0x00,0xE0,0x3F,0xFE,0x00,
    0xC0,0x3F,0xFE,0x00,0x00,0x00,0x00,0x00,0x00,0x00,0x00,0x00,0x00,0x00,0x00,0x00,
    0x00,0x00,0x00,0x00,0x00,0x00,0x00,0x00,0x00,0x00,0x00,0x00,0x00,0x00,0x00,0x00,
    0x00,0x00,0x00,0x00,0x00,0x00,0x00,0x00,0x00,0x00,0x00,0x00,0x00,0x00,0x00,0x00,
    0x00,0x00,0x00,0xFF,0x00,0x03,0xFF,0xC0,0x07,0xC3,0xC0,0x0F,0x00,0xC0,0x1E,0x00,
    0x40,0x1C,0x00,0x00,0x38,0x00,0x00,0x38,0x00,0x00,0x78,0x00,0x00,0x70,0x00,0x00,
    0x70,0x00,0x00,0x70,0x00,0x00,0x70,0x00,0x00,0x70,0x00,0x00,0x78,0x00,0x00,0x38,
    0x03,0x00,0x3E,0x0E,0x00,0x1F,0xFE,0x00,0x07,0xFC,0x00,0x00,0xC0,0x00,0x00,0xC0,
    0x00,0x00,0xC0,0x00,0x07,0xC0,0x00,0x07,0x80,0x00,0x00,0x00,0x00,0x00,0x00,0x00,
    0x00,0x00,0x00,0xE0,0x00,0x60,0x00,0x30,0x00,0x00,0x00,0x00,0x0F,0xFF,0x0F,0xFF,
    0x0E,0x00,0x0C,0x00,0x1C,0x00,0x1C,0x00,0x1C,0x00,0x1C,0x00,0x1F,0xFE,0x3F,0xFC,
    0x38,0x00,0x38,0x00,0x38,0x00,0x38,0x00,0x70,0x00,0x70,0x00,0x70,0x00,0x7F,0xF8,
    0x7F,0xF8,0x00,0x00,0x00,0x00,0x00,0x00,0x00,0x00,0x00,0x00,0x00,0x00,0x00,0x00,
    0x00,0x00,0x00,0x1C,0x00,0x38,0x00,0x60,0x00,0x00,0x00,0x00,0x0F,0xFF,0x0F,0xFF,
    0x0E,0x00,0x0C,0x00,0x1C,0x00,0x1C,0x00,0x1C,0x00,0x1C,0x00,0x1F,0xFE,0x3F,0xFC,
    0x38,0x00,0x38,0x00,0x38,0x00,0x38,0x00,0x70,0x00,0x70,0x00,0x70,0x00,0x7F,0xF8,
    0x7F,0xF8,0x00,0x00,0x00,0x00,0x00,0x00,0x00,0x00,0x00,0x00,0x00,0x00,0x00,0x00,
    0x00,0x00,0x00,0x78,0x00,0xDC,0x01,0x8C,0x00,0x00,0x00,0x00,0x0F,0xFF,0x0F,0xFF,
    0x0E,0x00,0x0C,0x00,0x1C,0x00,0x1C,0x00,0x1C,0x00,0x1C,0x00,0x1F,0xFE,0x3F,0xFC,
    0x38,0x00,0x38,0x00,0x38,0x00,0x38,0x00,0x70,0x00,0x70,0x00,0x70,0x00,0x7F,0xF8,
    0x7F,0xF8,0x00,0x00,0x00,0x00,0x00,0x00,0x00,0x00,0x00,0x00,0x00,0x00,0x00,0x00,
    0x00,0x00,0x01,0xCE,0x01,0xCE,0x01,0xCE,0x00,0x00,0x00,0x00,0x0F,0xFF,0x0F,0xFF,
    0x0E,0x00,0x0C,0x00,0x1C,0x00,0x1C,0x00,0x1C,0x00,0x1C,0x00,0x1F,0xFE,0x3F,0xFC,
    0x38,0x00,0x38,0x00,0x38,0x00,0x38,0x00,0x70,0x00,0x70,0x00,0x70,0x00,0x7F,0xF8,
    0x7F,0xF8,0x00,0x00,0x00,0x00,0x00,0x00,0x00,0x00,0x00,0x00,0x00,0x00,0x00,0x00,
    0x00,0x0C,0x0E,0x06,0x00,0x00,0x0E,0x0E,0x0E,0x0C,0x1C,0x1C,0x1C,0x1C,0x1C,0x38,
    0x38,0x38,0x38,0x38,0x70,0x70,0x70,0x70,0x70,0x00,0x00,0x00,0x00,0x00,0x00,0x00,
    0x00,0x01,0x07,0x0E,0x00,0x00,0x0E,0x0E,0x0E,0x0C,0x1C,0x1C,0x1C,0x1C,0x1C,0x38,
    0x38,0x38,0x38,0x38,0x70,0x70,0x70,0x70,0x70,0x00,0x00,0x00,0x00,0x00,0x00,0x00,
    0x00,0x0F,0x1D,0x39,0x00,0x00,0x0E,0x0E,0x0E,0x0C,0x1C,0x1C,0x1C,0x1C,0x1C,0x38,
    0x38,0x38,0x38,0x38,0x70,0x70,0x70,0x70,0x70,0x00,0x00,0x00,0x00,0x00,0x00,0x00,
    0x00,0x39,0x39,0x39,0x00,0x00,0x0E,0x0E,0x0E,0x0C,0x1C,0x1C,0x1C,0x1C,0x1C,0x38,
    0x38,0x38,0x38,0x38,0x70,0x70,0x70,0x70,0x70,0x00,0x00,0x00,0x00,0x00,0x00,0x00,
    0x00,0x00,0x00,0x00,0x00,0x00,0x00,0x00,0x00,0x00,0x00,0x00,0x00,0x00,0x00,0x00,
    0x00,0x00,0x0F,0xFC,0x00,0x0F,0xFF,0x00,0x0E,0x07,0x80,0x0E,0x01,0xC0,0x1C,0x01,
    0xE0,0x1C,0x00,0xE0,0x1C,0x00,0xE0,0x1C,0x00,0xE0,0xFF,0xC0,0xE0,0xFF,0xC0,0xE0,
    0x38,0x00,0xE0,0x38,0x01,0xC0,0x38,0x01,0xC0,0x38,0x03,0xC0,0x30,0x03,0x80,0x70,
    0x0F,0x00,0x70,0x3E,0x00,0x7F,0xFC,0x00,0x7F,0xF0,0x00,0x00,0x00,0x00,0x00,0x00,
    0x00,0x00,0x00,0x00,0x00,0x00,0x00,0x00,0x00,0x00,0x00,0x00,0x00,0x00,0x00,0x00,
    0x00,0x00,0x00,0x00,0x7B,0x80,0x00,0xFF,0x00,0x01,0xDE,0x00,0x00,0x00,0x00,0x00,
    0x00,0x00,0x0F,0x00,0xE0,0x0F,0x80,0xE0,0x0F,0x80,0xC0,0x0F,0x81,0xC0,0x1D,0x81,
    0xC0,0x1D,0xC1,0xC0,0x1D,0xC1,0xC0,0x1C,0xC1,0x80,0x18,0xE3,0x80,0x38,0xE3,0x80,
    0x38,0x63,0x80,0x38,0x73,0x80,0x38,0x73,0x80,0x30,0x37,0x00,0x70,0x3F,0x00,0x70,
    0x3F,0x00,0x70,0x1F,0x00,0x70,0x1F,0x00,0x60,0x1E,0x00,0x00,0x00,0x00,0x00,0x00,
    0x00,0x00,0x00,0x00,0x00,0x00,0x00,0x00,0x00,0x00,0x00,0x00,0x00,0x00,0x00,0x00,
    0x00,0x00,0x00,0x00,0x38,0x00,0x00,0x1C,0x00,0x00,0x0C,0x00,0x00,0x00,0x00,0x00,
    0x00,0x00,0x00,0xFE,0x00,0x03,0xFF,0x80,0x07,0xC3,0xC0,0x0F,0x01,0xE0,0x1E,0x00,
    0xE0,0x1C,0x00,0xE0,0x38,0x00,0xF0,0x38,0x00,0xF0,0x70,0x00,0xF0,0x70,0x00,0xE0,
    0x70,0x00,0xE0,0x70,0x00,0xE0,0x70,0x01,0xC0,0x70,0x01,0xC0,0x78,0x03,0x80,0x38,
    0x07,0x00,0x3E,0x1E,0x00,0x1F,0xFC,0x00,0x07,0xF0,0x00,0x00,0x00,0x00,0x00,0x00,
    0x00,0x00,0x00,0x00,0x00,0x00,0x00,0x00,0x00,0x00,0x00,0x00,0x00,0x00,0x00,0x00,
    0x00,0x00,0x00,0x00,0x07,0x00,0x00,0x0E,0x00,0x00,0x1C,0x00,0x00,0x00,0x00,0x00,
    0x00,0x00,0x00,0xFE,0x00,0x03,0xFF,0x80,0x07,0xC3,0xC0,0x0F,0x01,0xE0,0x1E,0x00,
    0xE0,0x1C,0x00,0xE0,0x38,0x00,0xF0,0x38,0x00,0xF0,0x70,0x00,0xF0,0x70,0x00,0xE0,
    0x70,0x00,0xE0,0x70,0x00,0xE0,0x70,0x01,0xC0,0x70,0x01,0xC0,0x78,0x03,0x80,0x38,
    0x07,0x00,0x3E,0x1E,0x00,0x1F,0xFC,0x00,0x07,0xF0,0x00,0x00,0x00,0x00,0x00,0x00,
    0x00,0x00,0x00,0x00,0x00,0x00,0x00,0x00,0x00,0x00,0x00,0x00,0x00,0x00,0x00,0x00,
    0x00,0x00,0x00,0x00,0x1E,0x00,0x00,0x3F,0x00,0x00,0x63,0x80,0x00,0x00,0x00,0x00,
    0x00,0x00,0x00,0xFE,0x00,0x03,0xFF,0x80,0x07,0xC3,0xC0,0x0F,0x01,0xE0,0x1E,0x00,
    0xE0,0x1C,0x00,0xE0,0x38,0x00,0xF0,0x38,0x00,0xF0,0x70,0x00,0xF0,0x70,0x00,0xE0,
    0x70,0x00,0xE0,0x70,0x00,0xE0,0x70,0x01,0xC0,0x70,0x01,0xC0,0x78,0x03,0x80,0x38,
    0x07,0x00,0x3E,0x1E,0x00,0x1F,0xFC,0x00,0x07,0xF0,0x00,0x00,0x00,0x00,0x00,0x00,
    0x00,0x00,0x00,0x00,0x00,0x00,0x00,0x00,0x00,0x00,0x00,0x00,0x00,0x00,0x00,0x00,
    0x00,0x00,0x00,0x00,0x3D,0xC0,0x00,0x7F,0x80,0x00,0x6F,0x00,0x00,0x00,0x00,0x00,
    0x00,0x00,0x00,0xFE,0x00,0x03,0xFF,0x80,0x07,0xC3,0xC0,0x0F,0x01,0xE0,0x1E,0x00,
    0xE0,0x1C,0x00,0xE0,0x38,0x00,0xF0,0x38,0x00,0xF0,0x70,0x00,0xF0,0x70,0x00,0xE0,
    0x70,0x00,0xE0,0x70,0x00,0xE0,0x70,0x01,0xC0,0x70,0x01,0xC0,0x78,0x03,0x80,0x38,
    0x07,0x00,0x3E,0x1E,0x00,0x1F,0xFC,0x00,0x07,0xF0,0x00,0x00,0x00,0x00,0x00,0x00,
    0x00,0x00,0x00,0x00,0x00,0x00,0x00,0x00,0x00,0x00,0x00,0x00,0x00,0x00,0x00,0x00,
    0x00,0x00,0x00,0x00,0x73,0x80,0x00,0x73,0x80,0x00,0x73,0x80,0x00,0x00,0x00,0x00,
    0x00,0x00,0x00,0xFE,0x00,0x03,0xFF,0x80,0x07,0xC3,0xC0,0x0F,0x01,0xE0,0x1E,0x00,
    0xE0,0x1C,0x00,0xE0,0x38,0x00,0xF0,0x38,0x00,0xF0,0x70,0x00,0xF0,0x70,0x00,0xE0,
    0x70,0x00,0xE0,0x70,0x00,0xE0,0x70,0x01,0xC0,0x70,0x01,0xC0,0x78,0x03,0x80,0x38,
    0x07,0x00,0x3E,0x1E,0x00,0x1F,0xFC,0x00,0x07,0xF0,0x00,0x00,0x00,0x00,0x00,0x00,
    0x00,0x00,0x00,0x00,0x00,0x00,0x00,0x00,0x00,0x00,0x00,0x00,0x00,0x00,0x00,0x00,
    0x00,0x00,0x00,0x00,0x00,0x00,0x00,0x00,0x00,0x00,0x00,0x00,0x00,0x00,0x00,0x00,
    0x00,0x00,0x00,0x00,0x00,0x00,0x00,0x00,0x00,0x00,0x00,0x0C,0x00,0x80,0x0E,0x01,
    0xC0,0x0F,0x03,0xC0,0x07,0x87,0x80,0x03,0xCF,0x00,0x01,0xFE,0x00,0x00,0xFC,0x00,
    0x00,0x78,0x00,0x00,0xFC,0x00,0x01,0xFE,0x00,0x03,0xCF,0x00,0x07,0x87,0x80,0x0F,
    0x03,0xC0,0x0E,0x01,0xC0,0x0C,0x00,0x80,0x00,0x00,0x00,0x00,0x00,0x00,0x00,0x00,
    0x00,0x00,0x00,0x00,0x00,0x00,0x00,0x00,0x00,0x00,0x00,0x00,0x00,0x00,0x00,0x00,
    0x00,0x00,0x00,0x00,0x00,0x00,0x00,0x00,0x00,0x00,0x00,0x00,0x00,0x00,0x00,0x00,
    0x00,0x00,0x00,0xFE,0x10,0x03,0xFF,0xF0,0x07,0xC3,0xE0,0x0F,0x01,0xE0,0x1E,0x03,
    0xE0,0x1C,0x07,0xE0,0x38,0x0E,0xE0,0x38,0x1C,0xF0,0x70,0x38,0xE0,0x70,0x70,0xE0,
    0x70,0xC0,0xE0,0x73,0x80,0xE0,0x77,0x01,0xC0,0x7E,0x01,0xC0,0x7C,0x03,0x80,0x38,
    0x07,0x00,0x7E,0x1E,0x00,0xFF,0xFC,0x00,0xC7,0xF0,0x00,0x00,0x00,0x00,0x00,0x00,
    0x00,0x00,0x00,0x00,0x00,0x00,0x00,0x00,0x00,0x00,0x00,0x00,0x00,0x00,0x00,0x00,
    0x00,0x00,0x00,0x00,0x70,0x00,0x00,0x38,0x00,0x00,0x18,0x00,0x00,0x00,0x00,0x00,
    0x00,0x00,0x0E,0x00,0xE0,0x0E,0x01,0xC0,0x1C,0x01,0xC0,0x1C,0x01,0xC0,0x1C,0x01,
    0xC0,0x1C,0x01,0xC0,0x1C,0x03,0x80,0x38,0x03,0x80,0x38,0x03,0x80,0x38,0x03,0x80,
    0x38,0x03,0x80,0x38,0x07,0x00,0x70,0x07,0x00,0x70,0x07,0x00,0x70,0x0F,0x00,0x38,
    0x0E,0x00,0x3C,0x3C,0x00,0x1F,0xF8,0x00,0x0F,0xF0,0x00,0x00,0x00,0x00,0x00,0x00,
    0x00,0x00,0x00,0x00,0x00,0x00,0x00,0x00,0x00,0x00,0x00,0x00,0x00,0x00,0x00,0x00,
    0x00,0x00,0x00,0x00,0x0E,0x00,0x00,0x1C,0x00,0x00,0x38,0x00,0x00,0x00,0x00,0x00,
    0x00,0x00,0x0E,0x00,0xE0,0x0E,0x01,0xC0,0x1C,0x01,0xC0,0x1C,0x01,0xC0,0x1C,0x01,
    0xC0,0x1C,0x01,0xC0,0x1C,0x03,0x80,0x38,0x03,0x80,0x38,0x03,0x80,0x38,0x03,0x80,
    0x38,0x03,0x80,0x38,0x07,0x00,0x70,0x07,0x00,0x70,0x07,0x00,0x70,0x0F,0x00,0x38,
    0x0E,0x00,0x3C,0x3C,0x00,0x1F,0xF8,0x00,0x0F,0xF0,0x00,0x00,0x00,0x00,0x00,0x00,
    0x00,0x00,0x00,0x00,0x00,0x00,0x00,0x00,0x00,0x00,0x00,0x00,0x00,0x00,0x00,0x00,
    0x00,0x00,0x00,0x00,0x3C,0x00,0x00,0x7E,0x00,0x00,0xC6,0x00,0x00,0x00,0x00,0x00,
    0x00,0x00,0x0E,0x00,0xE0,0x0E,0x01,0xC0,0x1C,0x01,0xC0,0x1C,0x01,0xC0,0x1C,0x01,
    0xC0,0x1C,0x01,0xC0,0x1C,0x03,0x80,0x38,0x03,0x80,0x38,0x03,0x80,0x38,0x03,0x80,
    0x38,0x03,0x80,0x38,0x07,0x00,0x70,0x07,0x00,0x70,0x07,0x00,0x70,0x0F,0x00,0x38,
    0x0E,0x00,0x3C,0x3C,0x00,0x1F,0xF8,0x00,0x0F,0xF0,0x00,0x00,0x00,0x00,0x00,0x00,
    0x00,0x00,0x00,0x00,0x00,0x00,0x00,0x00,0x00,0x00,0x00,0x00,0x00,0x00,0x00,0x00,
    0x00,0x00,0x00,0x00,0xE7,0x00,0x00,0xE7,0x00,0x00,0xE7,0x00,0x00,0x00,0x00,0x00,
    0x00,0x00,0x0E,0x00,0xE0,0x0E,0x01,0xC0,0x1C,0x01,0xC0,0x1C,0x01,0xC0,0x1C,0x01,
    0xC0,0x1C,0x01,0xC0,0x1C,0x03,0x80,0x38,0x03,0x80,0x38,0x03,0x80,0x38,0x03,0x80,
    0x38,0x03,0x80,0x38,0x07,0x00,0x70,0x07,0x00,0x70,0x07,0x00,0x70,0x0F,0x00,0x38,
    0x0E,0x00,0x3C,0x3C,0x00,0x1F,0xF8,0x00,0x0F,0xF0,0x00,0x00,0x00,0x00,0x00,0x00,
    0x00,0x00,0x00,0x00,0x00,0x00,0x00,0x00,0x00,0x00,0x00,0x00,0x00,0x00,0x00,0x00,
    0x00,0x00,0x00,0x1C,0x00,0x30,0x00,0xE0,0x00,0x00,0x00,0x00,0x38,0x03,0x38,0x07,
    0x1C,0x0F,0x1C,0x1E,0x0E,0x1C,0x0E,0x38,0x07,0x70,0x07,0xE0,0x03,0xC0,0x03,0xC0,
    0x03,0x80,0x03,0x80,0x03,0x80,0x03,0x00,0x07,0x00,0x07,0x00,0x07,0x00,0x07,0x00,
    0x07,0x00,0x00,0x00,0x00,0x00,0x00,0x00,0x00,0x00,0x00,0x00,0x00,0x00,0x00,0x00,
    0x00,0x00,0x00,0x00,0x00,0x00,0x00,0x00,0x00,0x00,0x00,0x00,0x0E,0x00,0x0E,0x00,
    0x0E,0x00,0x0F,0xF8,0x1F,0xFC,0x1C,0x1E,0x1C,0x0E,0x1C,0x0E,0x18,0x0E,0x38,0x0E,
    0x38,0x1E,0x38,0x3C,0x3F,0xF8,0x3F,0xE0,0x70,0x00,0x70,0x00,0x70,0x00,0x70,0x00,
    0x70,0x00,0x00,0x00,0x00,0x00,0x00,0x00,0x00,0x00,0x00,0x00,0x00,0x00,0x00,0x00,
    0x00,0x00,0x00,0x00,0x00,0x00,0x00,0x00,0x00,0x00,0x01,0xF8,0x03,0xFC,0x07,0x8E,
    0x0E,0x06,0x0E,0x07,0x0E,0x3E,0x0C,0x78,0x1C,0xE0,0x1C,0xE0,0x1C,0xE0,0x1C,0xF0,
    0x18,0x78,0x38,0x3C,0x38,0x1E,0x38,0x0E,0x38,0x0E,0x30,0x0E,0x36,0x1C,0x77,0xF8,
    0x73,0xF0,0x00,0x00,0x00,0x00,0x00,0x00,0x00,0x00,0x00,0x00,0x00,0x00,0x00,0x00,
    0x00,0x00,0x00,0x00,0x00,0x00,0x00,0x00,0x03,0x80,0x01,0xC0,0x00,0xC0,0x00,0xE0,
    0x00,0x60,0x00,0x00,0x00,0x00,0x07,0xF0,0x0F,0xFC,0x0C,0x3C,0x00,0x0C,0x00,0x0C,
    0x0F,0xFC,0x1F,0xFC,0x3C,0x1C,0x70,0x1C,0x70,0x38,0x70,0x78,0x78,0xF8,0x3F,0xF8,
    0x1F,0x38,0x00,0x00,0x00,0x00,0x00,0x00,0x00,0x00,0x00,0x00,0x00,0x00,0x00,0x00,
    0x00,0x00,0x00,0x00,0x00,0x00,0x00,0x00,0x00,0x0E,0x00,0x1C,0x00,0x38,0x00,0x60,
    0x00,0xC0,0x00,0x00,0x00,0x00,0x07,0xF0,0x0F,0xFC,0x0C,0x3C,0x00,0x0C,0x00,0x0C,
    0x0F,0xFC,0x1F,0xFC,0x3C,0x1C,0x70,0x1C,0x70,0x38,0x70,0x78,0x78,0xF8,0x3F,0xF8,
    0x1F,0x38,0x00,0x00,0x00,0x00,0x00,0x00,0x00,0x00,0x00,0x00,0x00,0x00,0x00,0x00,
    0x00,0x00,0x00,0x00,0x00,0x00,0x00,0x00,0x00,0x70,0x00,0xF0,0x01,0xF8,0x01,0x98,
    0x03,0x1C,0x00,0x00,0x00,0x00,0x07,0xF0,0x0F,0xFC,0x0C,0x3C,0x00,0x0C,0x00,0x0C,
    0x0F,0xFC,0x1F,0xFC,0x3C,0x1C,0x70,0x1C,0x70,0x38,0x70,0x78,0x78,0xF8,0x3F,0xF8,
    0x1F,0x38,0x00,0x00,0x00,0x00,0x00,0x00,0x00,0x00,0x00,0x00,0x00,0x00,0x00,0x00,
    0x00,0x00,0x00,0x00,0x00,0x00,0x00,0x00,0x00,0x00,0x01,0xC6,0x03,0xEC,0x03,0x7C,
    0x06,0x38,0x00,0x00,0x00,0x00,0x07,0xF0,0x0F,0xFC,0x0C,0x3C,0x00,0x0C,0x00,0x0C,
    0x0F,0xFC,0x1F,0xFC,0x3C,0x1C,0x70,0x1C,0x70,0x38,0x70,0x78,0x78,0xF8,0x3F,0xF8,
    0x1F,0x38,0x00,0x00,0x00,0x00,0x00,0x00,0x00,0x00,0x00,0x00,0x00,0x00,0x00,0x00,
    0x00,0x00,0x00,0x00,0x00,0x00,0x00,0x00,0x00,0x00,0x03,0x9C,0x03,0x9C,0x03,0x9C,
    0x00,0x00,0x00,0x00,0x00,0x00,0x07,0xF0,0x0F,0xFC,0x0C,0x3C,0x00,0x0C,0x00,0x0C,
    0x0F,0xFC,0x1F,0xFC,0x3C,0x1C,0x70,0x1C,0x70,0x38,0x70,0x78,0x78,0xF8,0x3F,0xF8,
    0x1F,0x38,0x00,0x00,0x00,0x00,0x00,0x00,0x00,0x00,0x00,0x00,0x00,0x00,0x00,0x00,
    0x00,0x00,0x00,0x00,0x00,0xF0,0x01,0xF8,0x01,0x9C,0x01,0x8C,0x01,0x9C,0x01,0xF8,
    0x00,0xF0,0x00,0x00,0x00,0x00,0x07,0xF0,0x0F,0xFC,0x0C,0x3C,0x00,0x0C,0x00,0x0C,
    0x0F,0xFC,0x1F,0xFC,0x3C,0x1C,0x70,0x1C,0x70,0x38,0x70,0x78,0x78,0xF8,0x3F,0xF8,
    0x1F,0x38,0x00,0x00,0x00,0x00,0x00,0x00,0x00,0x00,0x00,0x00,0x00,0x00,0x00,0x00,
    0x00,0x00,0x00,0x00,0x00,0x00,0x00,0x00,0x00,0x00,0x00,0x00,0x00,0x00,0x00,0x00,
    0x00,0x00,0x00,0x00,0x00,0x00,0x00,0x00,0x00,0x00,0x00,0x00,0x00,0x00,0x00,0x00,
    0x00,0x00,0x00,0x00,0x00,0x00,0x00,0x00,0x00,0x00,0x00,0x00,0x07,0xF0,0xFC,0x00,
    0x0F,0xF9,0xFF,0x00,0x0C,0x3F,0x87,0x00,0x00,0x0F,0x03,0x80,0x00,0x0E,0x03,0x80,
    0x0F,0xFC,0x03,0x80,0x1F,0xFF,0xFF,0x80,0x3C,0x1F,0xFF,0x80,0x70,0x1C,0x00,0x00,
    0x70,0x3C,0x00,0x00,0x70,0x3C,0x00,0x00,0x78,0xFF,0x06,0x00,0x3F,0xCF,0xFE,0x00,
    0x1F,0x83,0xF8,0x00,0x00,0x00,0x00,0x00,0x00,0x00,0x00,0x00,0x00,0x00,0x00,0x00,
    0x00,0x00,0x00,0x00,0x00,0x00,0x00,0x00,0x00,0x00,0x00,0x00,0x00,0x00,0x00,0x00,
    0x00,0x00,0x00,0x00,0x00,0x00,0x00,0x00,0x00,0x00,0x00,0x00,0x00,0x00,0x00,0x00,
    0x00,0x00,0x00,0x00,0x00,0x00,0x03,0xF8,0x07,0xFC,0x0F,0x0C,0x1C,0x00,0x38,0x00,
    0x38,0x00,0x70,0x00,0x70,0x00,0x70,0x00,0x70,0x00,0x70,0x00,0x3C,0x30,0x3F,0xF0,
    0x0F,0xC0,0x03,0x00,0x01,0x00,0x03,0x80,0x1F,0x00,0x1E,0x00,0x00,0x00,0x00,0x00,
    0x00,0x00,0x00,0x00,0x00,0x00,0x00,0x00,0x03,0x80,0x01,0xC0,0x00,0xC0,0x00,0xE0,
    0x00,0x60,0x00,0x00,0x00,0x00,0x03,0xF0,0x07,0xFC,0x0E,0x1C,0x1C,0x0E,0x38,0x0E,
    0x38,0x0E,0x7F,0xFE,0x7F,0xFE,0x70,0x00,0x70,0x00,0x70,0x00,0x3C,0x18,0x3F,0xF8,
    0x0F,0xF0,0x00,0x00,0x00,0x00,0x00,0x00,0x00,0x00,0x00,0x00,0x00,0x00,0x00,0x00,
    0x00,0x00,0x00,0x00,0x00,0x00,0x00,0x00,0x00,0x0E,0x00,0x1C,0x00,0x38,0x00,0x70,
    0x00,0xE0,0x00,0x00,0x00,0x00,0x03,0xF0,0x07,0xFC,0x0E,0x1C,0x1C,0x0E,0x38,0x0E,
    0x38,0x0E,0x7F,0xFE,0x7F,0xFE,0x70,0x00,0x70,0x00,0x70,0x00,0x3C,0x18,0x3F,0xF8,
    0x0F,0xF0,0x00,0x00,0x00,0x00,0x00,0x00,0x00,0x00,0x00,0x00,0x00,0x00,0x00,0x00,
    0x00,0x00,0x00,0x00,0x00,0x00,0x00,0x00,0x00,0x70,0x00,0xF0,0x00,0xD8,0x01,0x98,
    0x03,0x0C,0x00,0x00,0x00,0x00,0x03,0xF0,0x07,0xFC,0x0E,0x1C,0x1C,0x0E,0x38,0x0E,
    0x38,0x0E,0x7F,0xFE,0x7F,0xFE,0x70,0x00,0x70,0x00,0x70,0x00,0x3C,0x18,0x3F,0xF8,
    0x0F,0xF0,0x00,0x00,0x00,0x00,0x00,0x00,0x00,0x00,0x00,0x00,0x00,0x00,0x00,0x00,
    0x00,0x00,0x00,0x00,0x00,0x00,0x00,0x00,0x00,0x00,0x03,0x9C,0x03,0x9C,0x03,0x9C,
    0x00,0x00,0x00,0x00,0x00,0x00,0x03,0xF0,0x07,0xFC,0x0E,0x1C,0x1C,0x0E,0x38,0x0E,
    0x38,0x0E,0x7F,0xFE,0x7F,0xFE,0x70,0x00,0x70,0x00,0x70,0x00,0x3C,0x18,0x3F,0xF8,
    0x0F,0xF0,0x00,0x00,0x00,0x00,0x00,0x00,0x00,0x00,0x00,0x00,0x00,0x00,0x00,0x00,
    0x00,0x00,0x00,0x00,0x38,0x38,0x1C,0x0C,0x0E,0x00,0x00,0x1C,0x1C,0x1C,0x1C,0x18,
    0x38,0x38,0x38,0x38,0x30,0x70,0x70,0x70,0x70,0x00,0x00,0x00,0x00,0x00,0x00,0x00,
    0x00,0x00,0x00,0x00,0x00,0x02,0x06,0x0E,0x0C,0x00,0x00,0x1C,0x1C,0x1C,0x1C,0x18,
    0x38,0x38,0x38,0x38,0x30,0x70,0x70,0x70,0x70,0x00,0x00,0x00,0x00,0x00,0x00,0x00,
    0x00,0x00,0x00,0x00,0x0E,0x0E,0x1A,0x32,0x60,0x00,0x00,0x1C,0x1C,0x1C,0x1C,0x18,
    0x38,0x38,0x38,0x38,0x30,0x70,0x70,0x70,0x70,0x00,0x00,0x00,0x00,0x00,0x00,0x00,
    0x00,0x00,0x00,0x00,0x00,0x38,0x38,0x72,0x00,0x00,0x00,0x1C,0x1C,0x1C,0x1C,0x18,
    0x38,0x38,0x38,0x38,0x30,0x70,0x70,0x70,0x70,0x00,0x00,0x00,0x00,0x00,0x00,0x00,
    0x00,0x00,0x00,0x00,0x00,0x00,0x00,0x00,0x00,0x00,0x01,0xC2,0x01,0xFE,0x00,0xF8,
    0x07,0xF0,0x0E,0x70,0x00,0x38,0x03,0xFC,0x0F,0xFC,0x1F,0x1C,0x1C,0x0E,0x38,0x0E,
    0x30,0x0E,0x70,0x0E,0x70,0x0C,0x70,0x1C,0x70,0x1C,0x70,0x38,0x38,0x70,0x3F,0xE0,
    0x0F,0xC0,0x00,0x00,0x00,0x00,0x00,0x00,0x00,0x00,0x00,0x00,0x00,0x00,0x00,0x00,
    0x00,0x00,0x00,0x00,0x00,0x00,0x00,0x00,0x00,0x00,0x00,0xE6,0x01,0xE6,0x03,0x3C,
    0x03,0x1C,0x00,0x00,0x00,0x00,0x1C,0xF8,0x1F,0xFC,0x1F,0x1E,0x1E,0x0E,0x1C,0x0E,
    0x38,0x0E,0x38,0x0E,0x38,0x0C,0x38,0x1C,0x30,0x1C,0x70,0x1C,0x70,0x1C,0x70,0x18,
    0x70,0x38,0x00,0x00,0x00,0x00,0x00,0x00,0x00,0x00,0x00,0x00,0x00,0x00,0x00,0x00,
    0x00,0x00,0x00,0x00,0x00,0x00,0x00,0x00,0x01,0x80,0x01,0xC0,0x00,0xC0,0x00,0xE0,
    0x00,0x60,0x00,0x00,0x00,0x00,0x03,0xF0,0x0F,0xF8,0x1E,0x1C,0x1C,0x0E,0x38,0x0E,
    0x30,0x0E,0x70,0x0E,0x70,0x0E,0x70,0x0C,0x70,0x1C,0x70,0x38,0x38,0x78,0x3F,0xE0,
    0x0F,0xC0,0x00,0x00,0x00,0x00,0x00,0x00,0x00,0x00,0x00,0x00,0x00,0x00,0x00,0x00,
    0x00,0x00,0x00,0x00,0x00,0x00,0x00,0x00,0x00,0x0E,0x00,0x1C,0x00,0x38,0x00,0x70,
    0x00,0xE0,0x00,0x00,0x00,0x00,0x03,0xF0,0x0F,0xF8,0x1E,0x1C,0x1C,0x0E,0x38,0x0E,
    0x30,0x0E,0x70,0x0E,0x70,0x0E,0x70,0x0C,0x70,0x1C,0x70,0x38,0x38,0x78,0x3F,0xE0,
    0x0F,0xC0,0x00,0x00,0x00,0x00,0x00,0x00,0x00,0x00,0x00,0x00,0x00,0x00,0x00,0x00,
    0x00,0x00,0x00,0x00,0x00,0x00,0x00,0x00,0x00,0x70,0x00,0xF8,0x00,0xD8,0x01,0x98,
    0x03,0x0C,0x00,0x00,0x00,0x00,0x03,0xF0,0x0F,0xF8,0x1E,0x1C,0x1C,0x0E,0x38,0x0E,
    0x30,0x0E,0x70,0x0E,0x70,0x0E,0x70,0x0C,0x70,0x1C,0x70,0x38,0x38,0x78,0x3F,0xE0,
    0x0F,0xC0,0x00,0x00,0x00,0x00,0x00,0x00,0x00,0x00,0x00,0x00,0x00,0x00,0x00,0x00,
    0x00,0x00,0x00,0x00,0x00,0x00,0x00,0x00,0x00,0x00,0x01,0xC6,0x03,0xEE,0x03,0x7C,
    0x03,0x38,0x00,0x00,0x00,0x00,0x03,0xF0,0x0F,0xF8,0x1E,0x1C,0x1C,0x0E,0x38,0x0E,
    0x30,0x0E,0x70,0x0E,0x70,0x0E,0x70,0x0C,0x70,0x1C,0x70,0x38,0x38,0x78,0x3F,0xE0,
    0x0F,0xC0,0x00,0x00,0x00,0x00,0x00,0x00,0x00,0x00,0x00,0x00,0x00,0x00,0x00,0x00,
    0x00,0x00,0x00,0x00,0x00,0x00,0x00,0x00,0x00,0x00,0x03,0x9C,0x03,0x9C,0x03,0x9C,
    0x00,0x00,0x00,0x00,0x00,0x00,0x03,0xF0,0x0F,0xF8,0x1E,0x1C,0x1C,0x0E,0x38,0x0E,
    0x30,0x0E,0x70,0x0E,0x70,0x0E,0x70,0x0C,0x70,0x1C,0x70,0x38,0x38,0x78,0x3F,0xE0,
    0x0F,0xC0,0x00,0x00,0x00,0x00,0x00,0x00,0x00,0x00,0x00,0x00,0x00,0x00,0x00,0x00,
    0x00,0x00,0x00,0x00,0x00,0x00,0x00,0x00,0x00,0x00,0x00,0x00,0x00,0x00,0x00,0x00,
    0x00,0x00,0x00,0x00,0x00,0x00,0x00,0x00,0x00,0x00,0x00,0x00,0x00,0x00,0x00,0x00,
    0x00,0x00,0x78,0x00,0x00,0x78,0x00,0x00,0x78,0x00,0x00,0x00,0x00,0x00,0x00,0x00,
    0x1F,0xFF,0xE0,0x1F,0xFF,0xE0,0x00,0x00,0x00,0x00,0x00,0x00,0x00,0x78,0x00,0x00,
    0x78,0x00,0x00,0x78,0x00,0x00,0x00,0x00,0x00,0x00,0x00,0x00,0x00,0x00,0x00,0x00,
    0x00,0x00,0x00,0x00,0x00,0x00,0x00,0x00,0x00,0x00,0x00,0x00,0x00,0x00,0x00,0x00,
    0x00,0x00,0x00,0x00,0x00,0x00,0x00,0x00,0x00,0x00,0x00,0x00,0x00,0x00,0x00,0x00,
    0x00,0x00,0x00,0x00,0x00,0x01,0x03,0xF3,0x0F,0xFE,0x1E,0x1C,0x1C,0x3E,0x38,0x7E,
    0x30,0xEE,0x71,0xCE,0x73,0x8E,0x77,0x1C,0x7E,0x1C,0x78,0x38,0x38,0x78,0x7F,0xF0,
    0xCF,0xC0,0x80,0x00,0x00,0x00,0x00,0x00,0x00,0x00,0x00,0x00,0x00,0x00,0x00,0x00,
    0x00,0x00,0x00,0x00,0x00,0x00,0x00,0x00,0x03,0x80,0x01,0xC0,0x00,0xC0,0x00,0xE0,
    0x00,0x60,0x00,0x00,0x00,0x00,0x1C,0x06,0x1C,0x0E,0x18,0x0E,0x18,0x0E,0x38,0x0E,
    0x38,0x0C,0x38,0x1C,0x30,0x1C,0x70,0x1C,0x70,0x3C,0x70,0x38,0x78,0xF8,0x3F,0xF8,
    0x1F,0x38,0x00,0x00,0x00,0x00,0x00,0x00,0x00,0x00,0x00,0x00,0x00,0x00,0x00,0x00,
    0x00,0x00,0x00,0x00,0x00,0x00,0x00,0x00,0x00,0x0E,0x00,0x1C,0x00,0x38,0x00,0x70,
    0x00,0xE0,0x00,0x00,0x00,0x00,0x1C,0x06,0x1C,0x0E,0x18,0x0E,0x18,0x0E,0x38,0x0E,
    0x38,0x0C,0x38,0x1C,0x30,0x1C,0x70,0x1C,0x70,0x3C,0x70,0x38,0x78,0xF8,0x3F,0xF8,
    0x1F,0x38,0x00,0x00,0x00,0x00,0x00,0x00,0x00,0x00,0x00,0x00,0x00,0x00,0x00,0x00,
    0x00,0x00,0x00,0x00,0x00,0x00,0x00,0x00,0x00,0x70,0x00,0xF0,0x01,0xF8,0x01,0x98,
    0x03,0x0C,0x00,0x00,0x00,0x00,0x1C,0x06,0x1C,0x0E,0x18,0x0E,0x18,0x0E,0x38,0x0E,
    0x38,0x0C,0x38,0x1C,0x30,0x1C,0x70,0x1C,0x70,0x3C,0x70,0x38,0x78,0xF8,0x3F,0xF8,
    0x1F,0x38,0x00,0x00,0x00,0x00,0x00,0x00,0x00,0x00,0x00,0x00,0x00,0x00,0x00,0x00,
    0x00,0x00,0x00,0x00,0x00,0x00,0x00,0x00,0x00,0x00,0x03,0x9C,0x03,0x9C,0x03,0x9C,
    0x00,0x00,0x00,0x00,0x00,0x00,0x1C,0x06,0x1C,0x0E,0x18,0x0E,0x18,0x0E,0x38,0x0E,
    0x38,0x0C,0x38,0x1C,0x30,0x1C,0x70,0x1C,0x70,0x3C,0x70,0x38,0x78,0xF8,0x3F,0xF8,
    0x1F,0x38,0x00,0x00,0x00,0x00,0x00,0x00,0x00,0x00,0x00,0x00,0x00,0x00,0x00,0x00,
    0x00,0x00,0x00,0x00,0x00,0x00,0x00,0x00,0x00,0x0C,0x00,0x18,0x00,0x30,0x00,0x60,
    0x00,0xC0,0x00,0x00,0x00,0x00,0x38,0x06,0x38,0x0E,0x38,0x0C,0x38,0x1C,0x1C,0x38,
    0x1C,0x30,0x1C,0x70,0x1C,0xE0,0x0C,0xE0,0x0F,0xC0,0x0F,0x80,0x0F,0x80,0x07,0x00,
    0x07,0x00,0x0E,0x00,0x0C,0x00,0x3C,0x00,0xF8,0x00,0xF0,0x00,0x00,0x00,0x00,0x00,
    0x00,0x00,0x00,0x00,0x00,0x00,0x00,0x00,0x00,0x00,0x0E,0x00,0x0E,0x00,0x0E,0x00,
    0x0E,0x00,0x0E,0x00,0x0C,0x00,0x1C,0xF8,0x1F,0xFC,0x1F,0x1E,0x1E,0x0E,0x1C,0x06,
    0x38,0x06,0x38,0x06,0x38,0x0E,0x38,0x0E,0x38,0x0C,0x78,0x1C,0x7C,0x78,0x7F,0xF0,
    0x77,0xE0,0x60,0x00,0xE0,0x00,0xE0,0x00,0xE0,0x00,0xE0,0x00,0x00,0x00,0x00,0x00,
    0x00,0x00,0x00,0x00,0x00,0x00,0x00,0x00,0x00,0x00,0x03,0x9C,0x03,0x9C,0x03,0x9C,
    0x00,0x00,0x00,0x00,0x00,0x00,0x38,0x06,0x38,0x0E,0x38,0x0C,0x38,0x1C,0x1C,0x38,
    0x1C,0x30,0x1C,0x70,0x1C,0xE0,0x0C,0xE0,0x0F,0xC0,0x0F,0x80,0x0F,0x80,0x07,0x00,
    0x07,0x00,0x0E,0x00,0x0C,0x00,0x3C,0x00,0xF8,0x00,0xF0,0x00,0x00,0x00,0x00,0x00,
    0x00,0x00,0x00,0x00,0x00,0x00,0x00,0x00,0x00,0x00,0x00,0x00,0x00,0x00,0x00,0x00,
    0x00,0x00,0x00,0x00,0x00,0x00,0x00,0x00,0x00,0x7F,0xFF,0xF0,0x01,0xFF,0xFF,0xF0,
    0x07,0xE1,0xC0,0x00,0x0F,0x01,0xC0,0x00,0x0E,0x01,0xC0,0x00,0x1C,0x01,0x80,0x00,
    0x38,0x03,0x80,0x00,0x38,0x03,0x80,0x00,0x78,0x03,0xFF,0xC0,0x70,0x03,0xFF,0xC0,
    0x70,0x03,0x00,0x00,0x70,0x07,0x00,0x00,0x70,0x07,0x00,0x00,0x70,0x07,0x00,0x00,
    0x38,0x07,0x00,0x00,0x3C,0x07,0x00,0x00,0x1F,0x0E,0x00,0x00,0x0F,0xFF,0xFF,0x80,
    0x03,0xFF,0xFF,0x80,0x00,0x00,0x00,0x00,0x00,0x00,0x00,0x00,0x00,0x00,0x00,0x00,
    0x00,0x00,0x00,0x00,0x00,0x00,0x00,0x00,0x00,0x00,0x00,0x00,0x00,0x00,0x00,0x00,
    0x00,0x00,0x00,0x00,0x00,0x00,0x00,0x00,0x00,0x00,0x00,0x00,0x00,0x00,0x00,0x00,
    0x00,0x00,0x00,0x00,0x00,0x00,0x00,0x00,0x00,0x00,0x00,0x00,0x00,0x00,0x00,0x00,
    0x00,0x00,0x00,0x00,0x00,0x00,0x00,0x00,0x00,0x00,0x00,0x00,0x03,0xF0,0x7E,0x00,
    0x0F,0xF9,0xFF,0x00,0x1E,0x1F,0xC7,0x80,0x1C,0x0F,0x81,0x80,0x38,0x0F,0x01,0xC0,
    0x30,0x0E,0x01,0xC0,0x70,0x0F,0xFF,0xC0,0x70,0x0F,0xFF,0xC0,0x70,0x0E,0x00,0x00,
    0x70,0x1E,0x00,0x00,0x70,0x3E,0x00,0x00,0x38,0x7F,0x03,0x00,0x3F,0xF7,0xFF,0x00,
    0x0F,0xC1,0xFC,0x00,0x00,0x00,0x00,0x00,0x00,0x00,0x00,0x00,0x00,0x00,0x00,0x00,
    0x00,0x00,0x00,0x00,0x00,0x00,0x00,0x00,0x00,0x00,0x00,0x00,0x00,0x00,0x00,0x00,
    0x00,0x00,0x01,0x8E,0x00,0xDC,0x00,0x78,0x00,0x00,0x00,0x00,0x01,0xFE,0x07,0xFF,
    0x0F,0x0F,0x1C,0x02,0x1C,0x00,0x38,0x00,0x3C,0x00,0x1E,0x00,0x1F,0xC0,0x0F,0xF8,
    0x01,0xFC,0x00,0x3C,0x00,0x1E,0x00,0x1E,0x00,0x1C,0xC0,0x3C,0xF0,0x78,0xFF,0xF0,
    0x7F,0xC0,0x00,0x00,0x00,0x00,0x00,0x00,0x00,0x00,0x00,0x00,0x00,0x00,0x00,0x00,
    0x00,0x00,0x00,0x00,0x00,0x00,0x00,0x00,0x03,0x18,0x03,0x38,0x03,0xF0,0x01,0xE0,
    0x01,0xC0,0x00,0x00,0x00,0x00,0x07,0xF0,0x1F,0xF8,0x1C,0x18,0x38,0x00,0x38,0x00,
    0x3C,0x00,0x1F,0x80,0x0F,0xE0,0x00,0xF0,0x00,0x70,0x00,0x70,0xE0,0xE0,0xFF,0xE0,
    0x7F,0x80,0x00,0x00,0x00,0x00,0x00,0x00,0x00,0x00,0x00,0x00,0x00,0x00,0x00,0x00,
    0x00,0x00,0x00,0x00,0xC6,0x00,0x00,0xEC,0x00,0x00,0x78,0x00,0x00,0x00,0x00,0x00,
    0x00,0x00,0x1F,0xFF,0xC0,0x1F,0xFF,0xC0,0x00,0x03,0xC0,0x00,0x07,0x80,0x00,0x0F,
    0x00,0x00,0x1E,0x00,0x00,0x3C,0x00,0x00,0x78,0x00,0x00,0xF0,0x00,0x01,0xE0,0x00,
    0x03,0xC0,0x00,0x07,0x80,0x00,0x0F,0x00,0x00,0x1E,0x00,0x00,0x3C,0x00,0x00,0x78,
    0x00,0x00,0xF0,0x00,0x00,0xFF,0xFE,0x00,0xFF,0xFE,0x00,0x00,0x00,0x00,0x00,0x00,
    0x00,0x00,0x00,0x00,0x00,0x00,0x00,0x00,0x00,0x00,0x00,0x00,0x00,0x00,0x00,0x00,
    0x00,0x00,0x00,0x00,0x00,0x00,0x00,0x00,0x03,0x18,0x03,0x38,0x03,0xF0,0x01,0xE0,
    0x01,0xC0,0x00,0x00,0x00,0x00,0x1F,0xFC,0x1F,0xFC,0x00,0x38,0x00,0x70,0x00,0xE0,
    0x01,0xC0,0x03,0x80,0x07,0x00,0x0E,0x00,0x1C,0x00,0x38,0x00,0x70,0x00,0xFF,0xF0,
    0xFF,0xF0,0x00,0x00,0x00,0x00,0x00,0x00,0x00,0x00,0x00,0x00,0x00,0x00,0x00,0x00,
    0x00,0x00,0x03,0x9C,0x03,0x9C,0x03,0x9C,0x00,0x00,0x00,0x00,0x38,0x03,0x38,0x07,
    0x1C,0x0F,0x1C,0x1E,0x0E,0x1C,0x0E,0x38,0x07,0x70,0x07,0xE0,0x03,0xC0,0x03,0xC0,
    0x03,0x80,0x03,0x80,0x03,0x80,0x03,0x00,0x07,0x00,0x07,0x00,0x07,0x00,0x07,0x00,
    0x07,0x00,0x00,0x00,0x00,0x00,0x00,0x00,0x00,0x00,0x00,0x00,0x00,0x00,0x00,0x00,
    0x00,0x00,0x00,0x00,0x00,0x00,0x00,0x00,0x00,0x00,0x00,0x00,0x00,0x00,0x00,0x00,
    0x00,0x00,0x00,0x00,0x00,0x00,0x00,0x00,0x00,0x00,0x00,0x00,0x00,0x00,0x00,0x00,
    0x00,0x00,0x7F,0xF0,0x7F,0xF0,0x00,0x00,0x00,0x00,0x00,0x00,0x00,0x00,0x00,0x00,
    0x00,0x00,0x00,0x00,0x00,0x00,0x00,0x00,0x00,0x00,0x00,0x00,0x00,0x00,0x00,0x00,
    0x00,0x00,0x00,0x00,0x00,0x00,0x00,0x00,0x00,0x00,0x00,0x00,0x00,0x00,0x00,0x00,
    0x00,0x00,0x00,0x00,0x00,0x00,0x00,0x00,0x00,0x00,0x00,0x00,0x00,0x00,0x00,0x00,
    0x00,0x00,0x00,0x00,0x00,0x00,0x00,0x00,0x00,0x00,0x00,0x00,0x00,0x00,0x00,0x00,
    0x00,0x00,0x00,0x00,0x00,0x00,0x00,0x00,0x00,0x00,0x00,0x00,0x00,0x00,0x00,0x00,
    0x00,0x00,0x00,0x00,0x7F,0xFF,0xFF,0x80,0x7F,0xFF,0xFF,0x80,0x00,0x00,0x00,0x00,
    0x00,0x00,0x00,0x00,0x00,0x00,0x00,0x00,0x00,0x00,0x00,0x00,0x00,0x00,0x00,0x00,
    0x00,0x00,0x00,0x00,0x00,0x00,0x00,0x00,0x00,0x00,0x00,0x00,0x00,0x00,0x00,0x00,
    0x00,0x00,0x00,0x00,0x00,0x00,0x00,0x00,0x00,0x00,0x00,0x00,0x00,0x00,0x00,0x00,
    0x00,0x00,0x00,0x00,0x00,0x00,0x03,0x07,0x06,0x0E,0x0E,0x1C,0x00,0x00,0x00,0x00,
    0x00,0x00,0x00,0x00,0x00,0x00,0x00,0x00,0x00,0x00,0x00,0x00,0x00,0x00,0x00,0x00,
    0x00,0x00,0x00,0x00,0x00,0x00,0x07,0x07,0x07,0x0E,0x0C,0x0C,0x00,0x00,0x00,0x00,
    0x00,0x00,0x00,0x00,0x00,0x00,0x00,0x00,0x00,0x00,0x00,0x00,0x00,0x00,0x00,0x00,
    0x00,0x00,0x00,0x00,0x00,0x00,0x00,0x00,0x00,0x00,0x00,0x00,0x03,0x18,0x07,0x18,
    0x06,0x38,0x0E,0x70,0x0E,0x70,0x1C,0x70,0x00,0x00,0x00,0x00,0x00,0x00,0x00,0x00,
    0x00,0x00,0x00,0x00,0x00,0x00,0x00,0x00,0x00,0x00,0x00,0x00,0x00,0x00,0x00,0x00,
    0x00,0x00,0x00,0x00,0x00,0x00,0x00,0x00,0x00,0x00,0x00,0x00,0x00,0x00,0x00,0x00,
    0x00,0x00,0x00,0x00,0x00,0x00,0x00,0x00,0x00,0x00,0x00,0x00,0x07,0x98,0x07,0x38,
    0x07,0x38,0x0E,0x30,0x0C,0x70,0x0C,0x60,0x00,0x00,0x00,0x00,0x00,0x00,0x00,0x00,
    0x00,0x00,0x00,0x00,0x00,0x00,0x00,0x00,0x00,0x00,0x00,0x00,0x00,0x00,0x00,0x00,
    0x00,0x00,0x00,0x00,0x00,0x00,0x00,0x00,0x00,0x00,0x00,0x00,0x00,0x00,0x00,0x00,
    0x00,0x00,0x00,0x00,0x00,0x00,0x00,0x00,0x00,0x00,0x00,0x00,0x00,0x00,0x00,0x00,
    0x00,0x00,0x00,0x00,0x00,0x00,0x03,0xC0,0x07,0xE0,0x0F,0xE0,0x0F,0xF0,0x0F,0xF0,
    0x0F,0xE0,0x07,0xE0,0x03,0xC0,0x00,0x00,0x00,0x00,0x00,0x00,0x00,0x00,0x00,0x00,
    0x00,0x00,0x00,0x00,0x00,0x00,0x00,0x00,0x00,0x00,0x00,0x00,0x00,0x00,0x00,0x00,
    0x00,0x00,0x00,0x00,0x00,0x00,0x00,0x00,0x00,0x00,0x00,0x00,0x00,0x00,0x00,0x00,
    0x00,0x00,0x00,0x00,0x00,0x00,0x00,0x00,0x00,0x00,0x00,0x00,0x00,0x00,0x00,0x00,
    0x00,0x00,0x00,0x00,0x00,0x00,0x00,0x00,0x00,0x00,0x00,0x00,0x00,0x00,0x00,0x00,
    0x00,0x00,0x00,0x00,0x00,0x00,0x00,0x00,0x00,0x00,0x00,0x00,0x00,0x00,0x00,0x00,
    0x00,0x00,0x00,0x00,0x00,0x00,0x00,0x00,0x00,0x00,0x00,0x00,0x00,0x00,0x00,0x00,
    0x00,0x00,0x00,0x00,0x00,0x00,0x00,0x00,0x38,0x1C,0x1C,0x00,0x38,0x3C,0x1C,0x00,
    0x38,0x38,0x1C,0x00,0x00,0x00,0x00,0x00,0x00,0x00,0x00,0x00,0x00,0x00,0x00,0x00,
    0x00,0x00,0x00,0x00,0x00,0x00,0x00,0x00,0x00,0x00,0x00,0x00,0x00,0x00,0x00,0x00,
};
const FontGlyph FONT_32_ITAL_GLYPHS[174] PROGMEM = {
    {8, 0},
    {10, 32},
    {12, 96},
    {22, 160},
    {17, 256},
    {25, 352},
    {20, 480},
    {7, 576},
    {10, 608},
    {10, 672},
    {13, 736},
    {22, 800},
    {8, 896},
    {9, 928},
    {8, 992},
    {9, 1024},
    {17, 1088},
    {17, 1184},
    {17, 1280},
    {17, 1376},
    {17, 1472},
    {17, 1568},
    {17, 1664},
    {17, 1760},
    {17, 1856},
    {17, 1952},
    {9, 2048},
    {9, 2112},
    {22, 2176},
    {22, 2272},
    {22, 2368},
    {14, 2464},
    {26, 2528},
    {18, 2656},
    {18, 2752},
    {18, 2848},
    {20, 2944},
    {16, 3040},
    {15, 3104},
    {20, 3168},
    {20, 3264},
    {8, 3360},
    {8, 3392},
    {17, 3424},
    {14, 3520},
    {22, 3584},
    {19, 3680},
    {20, 3776},
    {16, 3872},
    {20, 3936},
    {18, 4032},
    {16, 4128},
    {16, 4192},
    {19, 4256},
    {18, 4352},
    {26, 4448},
    {18, 4576},
    {16, 4672},
    {18, 4736},
    {10, 4832},
    {9, 4896},
    {10, 4960},
    {22, 5024},
    {13, 5120},
    {13, 5184},
    {16, 5248},
    {16, 5312},
    {14, 5376},
    {16, 5440},
    {16, 5504},
    {9, 5568},
    {16, 5632},
    {16, 5696},
    {7, 5760},
    {7, 5792},
    {15, 5824},
    {7, 5888},
    {25, 5920},
    {16, 6048},
    {16, 6112},
    {16, 6176},
    {16, 6240},
    {11, 6304},
    {14, 6368},
    {10, 6432},
    {16, 6496},
    {15, 6560},
    {21, 6624},
    {15, 6720},
    {15, 6784},
    {14, 6848},
    {17, 6912},
    {9, 7008},
    {17, 7072},
    {22, 7168},
    {18, 7264},
    {18, 7360},
    {18, 7456},
    {18, 7552},
    {18, 7648},
    {18, 7744},
    {25, 7840},
    {18, 7968},
    {16, 8064},
    {16, 8128},
    {16, 8192},
    {16, 8256},
    {8, 8320},
    {8, 8352},
    {8, 8384},
    {8, 8416},
    {20, 8448},
    {19, 8544},
    {20, 8640},
    {20, 8736},
    {20, 8832},
    {20, 8928},
    {20, 9024},
    {22, 9120},
    {20, 9216},
    {19, 9312},
    {19, 9408},
    {19, 9504},
    {19, 9600},
    {16, 9696},
    {16, 9760},
    {16, 9824},
    {16, 9888},
    {16, 9952},
    {16, 10016},
    {16, 10080},
    {16, 10144},
    {16, 10208},
    {26, 10272},
    {14, 10400},
    {16, 10464},
    {16, 10528},
    {16, 10592},
    {16, 10656},
    {7, 10720},
    {7, 10752},
    {7, 10784},
    {7, 10816},
    {16, 10848},
    {16, 10912},
    {16, 10976},
    {16, 11040},
    {16, 11104},
    {16, 11168},
    {16, 11232},
    {22, 11296},
    {16, 11392},
    {16, 11456},
    {16, 11520},
    {16, 11584},
    {16, 11648},
    {15, 11712},
    {16, 11776},
    {15, 11840},
    {28, 11904},
    {27, 12032},
    {16, 12160},
    {14, 12224},
    {18, 12288},
    {14, 12384},
    {16, 12448},
    {13, 12512},
    {26, 12576},
    {8, 12704},
    {8, 12736},
    {13, 12768},
    {13, 12832},
    {15, 12896},
    {26, 12960},
};
const UiFont FONT_32_ITAL = {32, FONT_32_ITAL_GLYPHS, FONT_32_ITAL_BITS};

const uint8_t FONT_44_REG_BITS[] PROGMEM = {
    0x00,0x00,0x00,0x00,0x00,0x00,0x00,0x00,0x00,0x00,0x00,0x00,0x00,0x00,0x00,0x00,
    0x00,0x00,0x00,0x00,0x00,0x00,0x00,0x00,0x00,0x00,0x00,0x00,0x00,0x00,0x00,0x00,
    0x00,0x00,0x00,0x00,0x00,0x00,0x00,0x00,0x00,0x00,0x00,0x00,0x00,0x00,0x00,0x00,
    0x00,0x00,0x00,0x00,0x00,0x00,0x00,0x00,0x00,0x00,0x00,0x00,0x00,0x00,0x00,0x00,
    0x00,0x00,0x00,0x00,0x00,0x00,0x00,0x00,0x00,0x00,0x00,0x00,0x00,0x00,0x00,0x00,
    0x00,0x00,0x00,0x00,0x00,0x00,0x00,0x00,0x00,0x00,0x00,0x00,0x00,0x00,0x00,0x00,
    0x00,0x00,0x00,0x00,0x00,0x00,0x00,0x00,0x07,0x80,0x07,0x80,0x07,0x80,0x07,0x80,
    0x07,0x80,0x07,0x80,0x07,0x80,0x07,0x80,0x07,0x80,0x07,0x80,0x07,0x80,0x07,0x80,
    0x07,0x80,0x03,0x80,0x03,0x80,0x03,0x80,0x03,0x80,0x03,0x80,0x00,0x00,0x00,0x00,
    0x00,0x00,0x00,0x00,0x07,0x80,0x07,0x80,0x07,0x80,0x07,0x80,0x07,0x80,0x00,0x00,
    0x00,0x00,0x00,0x00,0x00,0x00,0x00,0x00,0x00,0x00,0x00,0x00,0x00,0x00,0x00,0x00,
    0x00,0x00,0x00,0x00,0x00,0x00,0x00,0x00,0x00,0x00,0x00,0x00,0x00,0x00,0x00,0x00,
    0x00,0x00,0x00,0x00,0x00,0x00,0x00,0x00,0x1E,0x3C,0x00,0x1E,0x3C,0x00,0x1E,0x3C,
    0x00,0x1E,0x3C,0x00,0x1E,0x3C,0x00,0x1E,0x3C,0x00,0x1E,0x3C,0x00,0x1E,0x3C,0x00,
    0x1E,0x3C,0x00,0x1E,0x3C,0x00,0x00,0x00,0x00,0x00,0x00,0x00,0x00,0x00,0x00,0x00,
    0x00,0x00,0x00,0x00,0x00,0x00,0x00,0x00,0x00,0x00,0x00,0x00,0x00,0x00,0x00,0x00,
    0x00,0x00,0x00,0x00,0x00,0x00,0x00,0x00,0x00,0x00,0x00,0x00,0x00,0x00,0x00,0x00,
    0x00,0x00,0x00,0x00,0x00,0x00,0x00,0x00,0x00,0x00,0x00,0x00,0x00,0x00,0x00,0x00,
    0x00,0x00,0x00,0x00,0x00,0x00,0x00,0x00,0x00,0x00,0x00,0x00,0x00,0x00,0x00,0x00,
    0x00,0x00,0x00,0x00,0x00,0x00,0x00,0x00,0x00,0x00,0x00,0x00,0x00,0x00,0x00,0x00,
    0x00,0x00,0x00,0x00,0x00,0x00,0x00,0x00,0x00,0x00,0x00,0x00,0x00,0x00,0x00,0x00,
    0x00,0x00,0x00,0x00,0x00,0x07,0x07,0x00,0x00,0x07,0x07,0x00,0x00,0x07,0x07,0x00,
    0x00,0x0F,0x0F,0x00,0x00,0x0E,0x0F,0x00,0x00,0x0E,0x0E,0x00,0x00,0x0E,0x0E,0x00,
    0x00,0x1E,0x0E,0x00,0x07,0xFF,0xFF,0xF0,0x07,0xFF,0xFF,0xF0,0x07,0xFF,0xFF,0xF0,
    0x00,0x3C,0x1C,0x00,0x00,0x38,0x3C,0x00,0x00,0x38,0x38,0x00,0x00,0x38,0x38,0x00,
    0x00,0x78,0x38,0x00,0x00,0x70,0x78,0x00,0x1F,0xFF,0xFF,0xC0,0x1F,0xFF,0xFF,0xC0,
    0x1F,0xFF,0xFF,0xC0,0x00,0xE0,0xF0,0x00,0x00,0xE0,0xE0,0x00,0x00,0xE0,0xE0,0x00,
    0x01,0xE0,0xE0,0x00,0x01,0xC1,0xE0,0x00,0x01,0xC1,0xC0,0x00,0x01,0xC1,0xC0,0x00,
    0x00,0x00,0x00,0x00,0x00,0x00,0x00,0x00,0x00,0x00,0x00,0x00,0x00,0x00,0x00,0x00,
    0x00,0x00,0x00,0x00,0x00,0x00,0x00,0x00,0x00,0x00,0x00,0x00,0x00,0x00,0x00,0x00,
    0x00,0x00,0x00,0x00,0x00,0x00,0x00,0x00,0x00,0x00,0x00,0x00,0x00,0x00,0x00,0x00,
    0x00,0x00,0x00,0x00,0x00,0x00,0x00,0x00,0x00,0x00,0x18,0x00,0x00,0x18,0x00,0x00,
    0x18,0x00,0x00,0x18,0x00,0x01,0xFF,0x80,0x07,0xFF,0xE0,0x0F,0xFF,0xE0,0x0F,0xB8,
    0xE0,0x1E,0x18,0x00,0x1E,0x18,0x00,0x1E,0x18,0x00,0x1E,0x18,0x00,0x1E,0x18,0x00,
    0x0F,0xF8,0x00,0x0F,0xFE,0x00,0x03,0xFF,0x80,0x00,0xFF,0xE0,0x00,0x1F,0xF0,0x00,
    0x19,0xF0,0x00,0x18,0xF0,0x00,0x18,0x78,0x00,0x18,0x78,0x00,0x18,0x70,0x18,0x18,
    0xF0,0x1F,0x1B,0xF0,0x1F,0xFF,0xE0,0x0F,0xFF,0xC0,0x03,0xFF,0x00,0x00,0x38,0x00,
    0x00,0x18,0x00,0x00,0x18,0x00,0x00,0x18,0x00,0x00,0x18,0x00,0x00,0x00,0x00,0x00,
    0x00,0x00,0x00,0x00,0x00,0x00,0x00,0x00,0x00,0x00,0x00,0x00,0x00,0x00,0x00,0x00,
    0x00,0x00,0x00,0x00,0x00,0x00,0x00,0x00,0x00,0x00,0x00,0x00,0x00,0x00,0x00,0x00,
    0x00,0x00,0x00,0x00,0x00,0x00,0x00,0x00,0x00,0x00,0x00,0x00,0x00,0x00,0x00,0x00,
    0x07,0xE0,0x00,0xE0,0x00,0x0F,0xF0,0x01,0xE0,0x00,0x1E,0x78,0x01,0xC0,0x00,0x1C,
    0x3C,0x03,0x80,0x00,0x3C,0x1C,0x03,0x80,0x00,0x38,0x1C,0x07,0x00,0x00,0x38,0x1E,
    0x0F,0x00,0x00,0x38,0x1E,0x0E,0x00,0x00,0x38,0x1E,0x1C,0x00,0x00,0x38,0x1E,0x3C,
    0x00,0x00,0x3C,0x1C,0x38,0x00,0x00,0x1C,0x1C,0x70,0x00,0x00,0x1E,0x78,0x70,0xFC,
    0x00,0x0F,0xF8,0xE1,0xFE,0x00,0x07,0xE1,0xE3,0xCF,0x00,0x00,0x01,0xC7,0x87,0x00,
    0x00,0x03,0x87,0x03,0x80,0x00,0x07,0x87,0x03,0x80,0x00,0x07,0x07,0x03,0x80,0x00,
    0x0E,0x0F,0x03,0x80,0x00,0x0E,0x07,0x03,0x80,0x00,0x1C,0x07,0x03,0x80,0x00,0x3C,
    0x07,0x03,0x80,0x00,0x38,0x07,0x87,0x80,0x00,0x70,0x03,0xCF,0x00,0x00,0xF0,0x01,
    0xFE,0x00,0x00,0xE0,0x00,0xFC,0x00,0x00,0x00,0x00,0x00,0x00,0x00,0x00,0x00,0x00,
    0x00,0x00,0x00,0x00,0x00,0x00,0x00,0x00,0x00,0x00,0x00,0x00,0x00,0x00,0x00,0x00,
    0x00,0x00,0x00,0x00,0x00,0x00,0x00,0x00,0x00,0x00,0x00,0x00,0x00,0x00,0x00,0x00,
    0x00,0x00,0x00,0x00,0x00,0x00,0x00,0x00,0x00,0x00,0x00,0x00,0x00,0x00,0x00,0x00,
    0x00,0x00,0x00,0x00,0x00,0x00,0x00,0x00,0x00,0x00,0x00,0x00,0x00,0x00,0x00,0x00,
    0x00,0x00,0x00,0x00,0x00,0x7F,0x00,0x00,0x00,0xFF,0xC0,0x00,0x01,0xFF,0xE0,0x00,
    0x03,0xE1,0xE0,0x00,0x03,0xC0,0x20,0x00,0x07,0x80,0x00,0x00,0x07,0x80,0x00,0x00,
    0x07,0x80,0x00,0x00,0x03,0xC0,0x00,0x00,0x03,0xC0,0x00,0x00,0x01,0xE0,0x00,0x00,
    0x03,0xF0,0x00,0x00,0x07,0xF8,0x00,0x00,0x0F,0xFC,0x01,0xE0,0x1F,0x3E,0x01,0xC0,
    0x1E,0x1F,0x03,0xC0,0x3C,0x07,0xC3,0xC0,0x3C,0x03,0xE3,0x80,0x3C,0x01,0xF7,0x80,
    0x3C,0x00,0xFF,0x00,0x3C,0x00,0x7F,0x00,0x1E,0x00,0x3E,0x00,0x1F,0x00,0x7F,0x00,
    0x0F,0xC1,0xFF,0x80,0x07,0xFF,0xF7,0xC0,0x03,0xFF,0xC3,0xE0,0x00,0xFF,0x01,0xE0,
    0x00,0x00,0x00,0x00,0x00,0x00,0x00,0x00,0x00,0x00,0x00,0x00,0x00,0x00,0x00,0x00,
    0x00,0x00,0x00,0x00,0x00,0x00,0x00,0x00,0x00,0x00,0x00,0x00,0x00,0x00,0x00,0x00,
    0x00,0x00,0x00,0x00,0x00,0x00,0x00,0x00,0x00,0x00,0x00,0x00,0x00,0x00,0x00,0x00,
    0x00,0x00,0x00,0x00,0x1E,0x00,0x1E,0x00,0x1E,0x00,0x1E,0x00,0x1E,0x00,0x1E,0x00,
    0x1E,0x00,0x1E,0x00,0x1E,0x00,0x1E,0x00,0x00,0x00,0x00,0x00,0x00,0x00,0x00,0x00,
    0x00,0x00,0x00,0x00,0x00,0x00,0x00,0x00,0x00,0x00,0x00,0x00,0x00,0x00,0x00,0x00,
    0x00,0x00,0x00,0x00,0x00,0x00,0x00,0x00,0x00,0x00,0x00,0x00,0x00,0x00,0x00,0x00,
    0x00,0x00,0x00,0x00,0x00,0x00,0x00,0x00,0x00,0x00,0x00,0x00,0x00,0x00,0x00,0x00,
    0x00,0x00,0x00,0x00,0x00,0x00,0x00,0x00,0x00,0x00,0x00,0xE0,0x01,0xE0,0x01,0xC0,
    0x03,0xC0,0x03,0x80,0x07,0x80,0x07,0x80,0x07,0x00,0x0F,0x00,0x0F,0x00,0x0F,0x00,
    0x0E,0x00,0x1E,0x00,0x1E,0x00,0x1E,0x00,0x1E,0x00,0x1E,0x00,0x1E,0x00,0x1E,0x00,
    0x1E,0x00,0x1E,0x00,0x0E,0x00,0x0F,0x00,0x0F,0x00,0x0F,0x00,0x07,0x00,0x07,0x80,
    0x07,0x80,0x03,0x80,0x03,0xC0,0x01,0xC0,0x01,0xE0,0x00,0xE0,0x00,0x00,0x00,0x00,
    0x00,0x00,0x00,0x00,0x00,0x00,0x00,0x00,0x00,0x00,0x00,0x00,0x00,0x00,0x00,0x00,
    0x00,0x00,0x1C,0x00,0x0E,0x00,0x0F,0x00,0x07,0x00,0x07,0x80,0x07,0x80,0x03,0x80,
    0x03,0xC0,0x03,0xC0,0x01,0xC0,0x01,0xE0,0x01,0xE0,0x01,0xE0,0x01,0xE0,0x01,0xE0,
    0x00,0xE0,0x00,0xE0,0x00,0xE0,0x01,0xE0,0x01,0xE0,0x01,0xE0,0x01,0xE0,0x01,0xE0,
    0x01,0xC0,0x03,0xC0,0x03,0xC0,0x03,0x80,0x07,0x80,0x07,0x80,0x07,0x00,0x0F,0x00,
    0x0E,0x00,0x1C,0x00,0x00,0x00,0x00,0x00,0x00,0x00,0x00,0x00,0x00,0x00,0x00,0x00,
    0x00,0x00,0x00,0x00,0x00,0x00,0x00,0x00,0x00,0x00,0x00,0x00,0x00,0x00,0x00,0x00,
    0x00,0x00,0x00,0x00,0x00,0xC0,0x00,0x00,0xC0,0x00,0x00,0xC0,0x00,0x20,0xC1,0x80,
    0x78,0xC7,0x80,0x3E,0xCF,0x00,0x0F,0xFC,0x00,0x03,0xF0,0x00,0x03,0xF0,0x00,0x0F,
    0xFC,0x00,0x3E,0xCF,0x00,0x78,0xC7,0x80,0x20,0xC1,0x80,0x00,0xC0,0x00,0x00,0xC0,
    0x00,0x00,0xC0,0x00,0x00,0x00,0x00,0x00,0x00,0x00,0x00,0x00,0x00,0x00,0x00,0x00,
    0x00,0x00,0x00,0x00,0x00,0x00,0x00,0x00,0x00,0x00,0x00,0x00,0x00,0x00,0x00,0x00,
    0x00,0x00,0x00,0x00,0x00,0x00,0x00,0x00,0x00,0x00,0x00,0x00,0x00,0x00,0x00,0x00,
    0x00,0x00,0x00,0x00,0x00,0x00,0x00,0x00,0x00,0x00,0x00,0x00,0x00,0x00,0x00,0x00,
    0x00,0x00,0x00,0x00,0x00,0x00,0x00,0x00,0x00,0x00,0x00,0x00,0x00,0x00,0x00,0x00,
    0x00,0x00,0x00,0x00,0x00,0x00,0x00,0x00,0x00,0x00,0x00,0x00,0x00,0x00,0x00,0x00,
    0x00,0x00,0x00,0x00,0x00,0x00,0x00,0x00,0x00,0x00,0x00,0x00,0x00,0x00,0x00,0x00,
    0x00,0x03,0x80,0x00,0x00,0x03,0x80,0x00,0x00,0x03,0x80,0x00,0x00,0x03,0x80,0x00,
    0x00,0x03,0x80,0x00,0x00,0x03,0x80,0x00,0x00,0x03,0x80,0x00,0x00,0x03,0x80,0x00,
    0x00,0x03,0x80,0x00,0x00,0x03,0x80,0x00,0x0F,0xFF,0xFF,0xE0,0x0F,0xFF,0xFF,0xE0,
    0x0F,0xFF,0xFF,0xE0,0x00,0x03,0x80,0x00,0x00,0x03,0x80,0x00,0x00,0x03,0x80,0x00,
    0x00,0x03,0x80,0x00,0x00,0x03,0x80,0x00,0x00,0x03,0x80,0x00,0x00,0x03,0x80,0x00,
    0x00,0x03,0x80,0x00,0x00,0x03,0x80,0x00,0x00,0x03,0x80,0x00,0x00,0x00,0x00,0x00,
    0x00,0x00,0x00,0x00,0x00,0x00,0x00,0x00,0x00,0x00,0x00,0x00,0x00,0x00,0x00,0x00,
    0x00,0x00,0x00,0x00,0x00,0x00,0x00,0x00,0x00,0x00,0x00,0x00,0x00,0x00,0x00,0x00,
    0x00,0x00,0x00,0x00,0x00,0x00,0x00,0x00,0x00,0x00,0x00,0x00,0x00,0x00,0x00,0x00,
    0x00,0x00,0x00,0x00,0x00,0x00,0x00,0x00,0x00,0x00,0x00,0x00,0x00,0x00,0x00,0x00,
    0x00,0x00,0x00,0x00,0x00,0x00,0x00,0x00,0x00,0x00,0x00,0x00,0x00,0x00,0x00,0x00,
    0x00,0x00,0x00,0x00,0x00,0x00,0x00,0x00,0x00,0x00,0x00,0x00,0x0F,0x00,0x0F,0x00,
    0x0F,0x00,0x0F,0x00,0x0F,0x00,0x0E,0x00,0x1E,0x00,0x1C,0x00,0x1C,0x00,0x00,0x00,
    0x00,0x00,0x00,0x00,0x00,0x00,0x00,0x00,0x00,0x00,0x00,0x00,0x00,0x00,0x00,0x00,
    0x00,0x00,0x00,0x00,0x00,0x00,0x00,0x00,0x00,0x00,0x00,0x00,0x00,0x00,0x00,0x00,
    0x00,0x00,0x00,0x00,0x00,0x00,0x00,0x00,0x00,0x00,0x00,0x00,0x00,0x00,0x00,0x00,
    0x00,0x00,0x00,0x00,0x00,0x00,0x3F,0xF0,0x3F,0xF0,0x3F,0xF0,0x00,0x00,0x00,0x00,
    0x00,0x00,0x00,0x00,0x00,0x00,0x00,0x00,0x00,0x00,0x00,0x00,0x00,0x00,0x00,0x00,
    0x00,0x00,0x00,0x00,0x00,0x00,0x00,0x00,0x00,0x00,0x00,0x00,0x00,0x00,0x00,0x00,
    0x00,0x00,0x00,0x00,0x00,0x00,0x00,0x00,0x00,0x00,0x00,0x00,0x00,0x00,0x00,0x00,
    0x00,0x00,0x00,0x00,0x00,0x00,0x00,0x00,0x00,0x00,0x00,0x00,0x00,0x00,0x00,0x00,
    0x00,0x00,0x00,0x00,0x00,0x00,0x00,0x00,0x00,0x00,0x00,0x00,0x00,0x00,0x00,0x00,
    0x00,0x00,0x00,0x00,0x00,0x00,0x00,0x00,0x00,0x00,0x00,0x00,0x0F,0x00,0x0F,0x00,
    0x0F,0x00,0x0F,0x00,0x0F,0x00,0x00,0x00,0x00,0x00,0x00,0x00,0x00,0x00,0x00,0x00,
    0x00,0x00,0x00,0x00,0x00,0x00,0x00,0x00,0x00,0x00,0x00,0x00,0x00,0x00,0x00,0x00,
    0x00,0x00,0x00,0x00,0x00,0x00,0x00,0x00,0x00,0x70,0x00,0x70,0x00,0xF0,0x00,0xF0,
    0x00,0xE0,0x01,0xE0,0x01,0xE0,0x01,0xC0,0x01,0xC0,0x03,0xC0,0x03,0x80,0x03,0x80,
    0x07,0x80,0x07,0x00,0x07,0x00,0x0F,0x00,0x0E,0x00,0x0E,0x00,0x1E,0x00,0x1E,0x00,
    0x1C,0x00,0x3C,0x00,0x3C,0x00,0x38,0x00,0x38,0x00,0x78,0x00,0x70,0x00,0x70,0x00,
    0xF0,0x00,0xE0,0x00,0x00,0x00,0x00,0x00,0x00,0x00,0x00,0x00,0x00,0x00,0x00,0x00,
    0x00,0x00,0x00,0x00,0x00,0x00,0x00,0x00,0x00,0x00,0x00,0x00,0x00,0x00,0x00,0x00,
    0x00,0x00,0x00,0x00,0x00,0x00,0x00,0x00,0x00,0xFE,0x00,0x01,0xFF,0x80,0x07,0xFF,
    0xC0,0x07,0xC7,0xE0,0x0F,0x81,0xE0,0x0F,0x00,0xF0,0x1E,0x00,0xF0,0x1E,0x00,0x78,
    0x1E,0x00,0x78,0x1E,0x00,0x78,0x3C,0x00,0x78,0x3C,0x00,0x78,0x3C,0x00,0x78,0x3C,
    0x00,0x78,0x3C,0x00,0x78,0x3C,0x00,0x78,0x3C,0x00,0x78,0x1E,0x00,0x78,0x1E,0x00,
    0x78,0x1E,0x00,0x78,0x1E,0x00,0xF0,0x0F,0x00,0xF0,0x0F,0x81,0xE0,0x07,0xC7,0xE0,
    0x07,0xFF,0xC0,0x01,0xFF,0x80,0x00,0xFE,0x00,0x00,0x00,0x00,0x00,0x00,0x00,0x00,
    0x00,0x00,0x00,0x00,0x00,0x00,0x00,0x00,0x00,0x00,0x00,0x00,0x00,0x00,0x00,0x00,
    0x00,0x00,0x00,0x00,0x00,0x00,0x00,0x00,0x00,0x00,0x00,0x00,0x00,0x00,0x00,0x00,
    0x00,0x00,0x00,0x00,0x00,0x00,0x00,0x00,0x00,0x00,0x00,0x00,0x03,0xFC,0x00,0x0F,
    0xFC,0x00,0x0F,0xFC,0x00,0x0F,0xBC,0x00,0x00,0x3C,0x00,0x00,0x3C,0x00,0x00,0x3C,
    0x00,0x00,0x3C,0x00,0x00,0x3C,0x00,0x00,0x3C,0x00,0x00,0x3C,0x00,0x00,0x3C,0x00,
    0x00,0x3C,0x00,0x00,0x3C,0x00,0x00,0x3C,0x00,0x00,0x3C,0x00,0x00,0x3C,0x00,0x00,
    0x3C,0x00,0x00,0x3C,0x00,0x00,0x3C,0x00,0x00,0x3C,0x00,0x00,0x3C,0x00,0x00,0x3C,
    0x00,0x00,0x3C,0x00,0x0F,0xFF,0xF0,0x0F,0xFF,0xF0,0x0F,0xFF,0xF0,0x00,0x00,0x00,
    0x00,0x00,0x00,0x00,0x00,0x00,0x00,0x00,0x00,0x00,0x00,0x00,0x00,0x00,0x00,0x00,
    0x00,0x00,0x00,0x00,0x00,0x00,0x00,0x00,0x00,0x00,0x00,0x00,0x00,0x00,0x00,0x00,
    0x00,0x00,0x00,0x00,0x00,0x00,0x00,0x00,0x00,0x00,0x00,0x00,0x00,0x00,0x00,0x00,
    0x03,0xFE,0x00,0x0F,0xFF,0x80,0x1F,0xFF,0xC0,0x1F,0x07,0xE0,0x1C,0x03,0xE0,0x10,
    0x01,0xF0,0x00,0x00,0xF0,0x00,0x00,0xF0,0x00,0x00,0xF0,0x00,0x00,0xF0,0x00,0x01,
    0xE0,0x00,0x03,0xE0,0x00,0x03,0xC0,0x00,0x07,0x80,0x00,0x0F,0x80,0x00,0x1F,0x00,
    0x00,0x3E,0x00,0x00,0x7C,0x00,0x00,0xF8,0x00,0x01,0xF0,0x00,0x03,0xE0,0x00,0x07,
    0xC0,0x00,0x0F,0x80,0x00,0x1F,0x00,0x00,0x1F,0xFF,0xF0,0x1F,0xFF,0xF0,0x1F,0xFF,
    0xF0,0x00,0x00,0x00,0x00,0x00,0x00,0x00,0x00,0x00,0x00,0x00,0x00,0x00,0x00,0x00,
    0x00,0x00,0x00,0x00,0x00,0x00,0x00,0x00,0x00,0x00,0x00,0x00,0x00,0x00,0x00,0x00,
    0x00,0x00,0x00,0x00,0x00,0x00,0x00,0x00,0x00,0x00,0x00,0x00,0x00,0x00,0x00,0x00,
    0x00,0x00,0x00,0x00,0x07,0xFE,0x00,0x1F,0xFF,0x80,0x1F,0xFF,0xC0,0x1E,0x07,0xE0,
    0x00,0x01,0xF0,0x00,0x00,0xF0,0x00,0x00,0xF0,0x00,0x00,0xF0,0x00,0x00,0xF0,0x00,
    0x01,0xE0,0x00,0x07,0xE0,0x01,0xFF,0xC0,0x01,0xFF,0x00,0x01,0xFF,0xC0,0x00,0x07,
    0xE0,0x00,0x01,0xF0,0x00,0x00,0xF0,0x00,0x00,0x78,0x00,0x00,0x78,0x00,0x00,0x78,
    0x00,0x00,0x78,0x00,0x00,0xF0,0x00,0x01,0xF0,0x1C,0x07,0xE0,0x1F,0xFF,0xC0,0x1F,
    0xFF,0x80,0x0F,0xFE,0x00,0x00,0x00,0x00,0x00,0x00,0x00,0x00,0x00,0x00,0x00,0x00,
    0x00,0x00,0x00,0x00,0x00,0x00,0x00,0x00,0x00,0x00,0x00,0x00,0x00,0x00,0x00,0x00,
    0x00,0x00,0x00,0x00,0x00,0x00,0x00,0x00,0x00,0x00,0x00,0x00,0x00,0x00,0x00,0x00,
    0x00,0x00,0x00,0x00,0x00,0x00,0x00,0x00,0x00,0x07,0xC0,0x00,0x0F,0xC0,0x00,0x1F,
    0xC0,0x00,0x1F,0xC0,0x00,0x3B,0xC0,0x00,0x7B,0xC0,0x00,0x73,0xC0,0x00,0xF3,0xC0,
    0x01,0xE3,0xC0,0x01,0xC3,0xC0,0x03,0xC3,0xC0,0x07,0x83,0xC0,0x07,0x03,0xC0,0x0F,
    0x03,0xC0,0x1E,0x03,0xC0,0x1E,0x03,0xC0,0x3C,0x03,0xC0,0x38,0x03,0xC0,0x3F,0xFF,
    0xFC,0x3F,0xFF,0xFC,0x3F,0xFF,0xFC,0x00,0x03,0xC0,0x00,0x03,0xC0,0x00,0x03,0xC0,
    0x00,0x03,0xC0,0x00,0x03,0xC0,0x00,0x03,0xC0,0x00,0x00,0x00,0x00,0x00,0x00,0x00,
    0x00,0x00,0x00,0x00,0x00,0x00,0x00,0x00,0x00,0x00,0x00,0x00,0x00,0x00,0x00,0x00,
    0x00,0x00,0x00,0x00,0x00,0x00,0x00,0x00,0x00,0x00,0x00,0x00,0x00,0x00,0x00,0x00,
    0x00,0x00,0x00,0x00,0x00,0x00,0x00,0x00,0x00,0x00,0x00,0x00,0x0F,0xFF,0xE0,0x0F,
    0xFF,0xE0,0x0F,0xFF,0xE0,0x0F,0x00,0x00,0x0F,0x00,0x00,0x0F,0x00,0x00,0x0F,0x00,
    0x00,0x0F,0x00,0x00,0x0F,0x00,0x00,0x0F,0xFE,0x00,0x0F,0xFF,0x80,0x0F,0xFF,0xC0,
    0x0E,0x0F,0xE0,0x00,0x03,0xE0,0x00,0x01,0xF0,0x00,0x00,0xF0,0x00,0x00,0xF0,0x00,
    0x00,0xF0,0x00,0x00,0xF0,0x00,0x00,0xF0,0x00,0x00,0xF0,0x00,0x01,0xF0,0x00,0x03,
    0xE0,0x1C,0x0F,0xE0,0x1F,0xFF,0xC0,0x1F,0xFF,0x80,0x0F,0xFE,0x00,0x00,0x00,0x00,
    0x00,0x00,0x00,0x00,0x00,0x00,0x00,0x00,0x00,0x00,0x00,0x00,0x00,0x00,0x00,0x00,
    0x00,0x00,0x00,0x00,0x00,0x00,0x00,0x00,0x00,0x00,0x00,0x00,0x00,0x00,0x00,0x00,
    0x00,0x00,0x00,0x00,0x00,0x00,0x00,0x00,0x00,0x00,0x00,0x00,0x00,0x00,0x00,0x00,
    0x00,0x3F,0xC0,0x00,0xFF,0xF0,0x01,0xFF,0xF0,0x03,0xF0,0x70,0x07,0xC0,0x00,0x0F,
    0x80,0x00,0x0F,0x00,0x00,0x1F,0x00,0x00,0x1E,0x00,0x00,0x1E,0x00,0x00,0x1E,0x7F,
    0x00,0x1E,0xFF,0xC0,0x3F,0xFF,0xE0,0x3F,0xC3,0xF0,0x3F,0x80,0xF8,0x3F,0x00,0x78,
    0x1E,0x00,0x78,0x1E,0x00,0x78,0x1E,0x00,0x78,0x1E,0x00,0x78,0x1E,0x00,0x78,0x0F,
    0x00,0x78,0x0F,0x80,0xF0,0x07,0xC3,0xF0,0x03,0xFF,0xE0,0x01,0xFF,0xC0,0x00,0x7F,
    0x00,0x00,0x00,0x00,0x00,0x00,0x00,0x00,0x00,0x00,0x00,0x00,0x00,0x00,0x00,0x00,
    0x00,0x00,0x00,0x00,0x00,0x00,0x00,0x00,0x00,0x00,0x00,0x00,0x00,0x00,0x00,0x00,
    0x00,0x00,0x00,0x00,0x00,0x00,0x00,0x00,0x00,0x00,0x00,0x00,0x00,0x00,0x00,0x00,
    0x00,0x00,0x00,0x00,0x1F,0xFF,0xF8,0x1F,0xFF,0xF8,0x1F,0xFF,0xF0,0x00,0x00,0xF0,
    0x00,0x01,0xE0,0x00,0x01,0xE0,0x00,0x03,0xE0,0x00,0x03,0xC0,0x00,0x03,0xC0,0x00,
    0x07,0xC0,0x00,0x07,0x80,0x00,0x07,0x80,0x00,0x0F,0x00,0x00,0x0F,0x00,0x00,0x1F,
    0x00,0x00,0x1E,0x00,0x00,0x1E,0x00,0x00,0x3C,0x00,0x00,0x3C,0x00,0x00,0x7C,0x00,
    0x00,0x78,0x00,0x00,0x78,0x00,0x00,0xF8,0x00,0x00,0xF0,0x00,0x00,0xF0,0x00,0x01,
    0xE0,0x00,0x01,0xE0,0x00,0x00,0x00,0x00,0x00,0x00,0x00,0x00,0x00,0x00,0x00,0x00,
    0x00,0x00,0x00,0x00,0x00,0x00,0x00,0x00,0x00,0x00,0x00,0x00,0x00,0x00,0x00,0x00,
    0x00,0x00,0x00,0x00,0x00,0x00,0x00,0x00,0x00,0x00,0x00,0x00,0x00,0x00,0x00,0x00,
    0x00,0x00,0x00,0x00,0x00,0x00,0x00,0x00,0x00,0xFF,0x00,0x03,0xFF,0xC0,0x0F,0xFF,
    0xE0,0x0F,0xC3,0xF0,0x1F,0x00,0xF0,0x1E,0x00,0xF0,0x1E,0x00,0x78,0x1E,0x00,0x70,
    0x1E,0x00,0xF0,0x0F,0x00,0xF0,0x0F,0xC3,0xE0,0x03,0xFF,0xC0,0x01,0xFF,0x80,0x07,
    0xFF,0xC0,0x0F,0xC3,0xE0,0x1F,0x00,0xF0,0x1E,0x00,0x78,0x3E,0x00,0x78,0x3C,0x00,
    0x78,0x3C,0x00,0x78,0x3E,0x00,0x78,0x1E,0x00,0x78,0x1F,0x00,0xF8,0x0F,0xC3,0xF0,
    0x0F,0xFF,0xE0,0x07,0xFF,0xC0,0x01,0xFF,0x00,0x00,0x00,0x00,0x00,0x00,0x00,0x00,
    0x00,0x00,0x00,0x00,0x00,0x00,0x00,0x00,0x00,0x00,0x00,0x00,0x00,0x00,0x00,0x00,
    0x00,0x00,0x00,0x00,0x00,0x00,0x00,0x00,0x00,0x00,0x00,0x00,0x00,0x00,0x00,0x00,
    0x00,0x00,0x00,0x00,0x00,0x00,0x00,0x00,0x00,0x00,0x00,0x00,0x01,0xFE,0x00,0x03,
    0xFF,0x80,0x0F,0xFF,0xC0,0x0F,0x87,0xE0,0x1F,0x01,0xE0,0x1E,0x00,0xF0,0x3C,0x00,
    0xF0,0x3C,0x00,0xF0,0x3C,0x00,0xF8,0x3C,0x00,0xF8,0x3C,0x00,0xF8,0x1E,0x00,0xF8,
    0x1F,0x01,0xF8,0x0F,0x87,0xF8,0x0F,0xFF,0xF8,0x07,0xFF,0x78,0x01,0xFC,0x78,0x00,
    0x00,0x78,0x00,0x00,0xF0,0x00,0x00,0xF0,0x00,0x00,0xF0,0x00,0x01,0xE0,0x00,0x03,
    0xE0,0x0E,0x0F,0xC0,0x0F,0xFF,0x80,0x0F,0xFF,0x00,0x07,0xFC,0x00,0x00,0x00,0x00,
    0x00,0x00,0x00,0x00,0x00,0x00,0x00,0x00,0x00,0x00,0x00,0x00,0x00,0x00,0x00,0x00,
    0x00,0x00,0x00,0x00,0x00,0x00,0x00,0x00,0x00,0x00,0x00,0x00,0x00,0x00,0x00,0x00,
    0x00,0x00,0x00,0x00,0x00,0x00,0x00,0x00,0x00,0x00,0x00,0x00,0x00,0x00,0x00,0x00,
    0x00,0x00,0x00,0x00,0x00,0x00,0x00,0x00,0x0F,0x00,0x0F,0x00,0x0F,0x00,0x0F,0x00,
    0x0F,0x00,0x00,0x00,0x00,0x00,0x00,0x00,0x00,0x00,0x00,0x00,0x00,0x00,0x00,0x00,
    0x00,0x00,0x00,0x00,0x0F,0x00,0x0F,0x00,0x0F,0x00,0x0F,0x00,0x0F,0x00,0x00,0x00,
    0x00,0x00,0x00,0x00,0x00,0x00,0x00,0x00,0x00,0x00,0x00,0x00,0x00,0x00,0x00,0x00,
    0x00,0x00,0x00,0x00,0x00,0x00,0x00,0x00,0x00,0x00,0x00,0x00,0x00,0x00,0x00,0x00,
    0x00,0x00,0x00,0x00,0x00,0x00,0x00,0x00,0x00,0x00,0x00,0x00,0x00,0x00,0x00,0x00,
    0x0F,0x00,0x0F,0x00,0x0F,0x00,0x0F,0x00,0x0F,0x00,0x00,0x00,0x00,0x00,0x00,0x00,
    0x00,0x00,0x00,0x00,0x00,0x00,0x00,0x00,0x00,0x00,0x00,0x00,0x0F,0x00,0x0F,0x00,
    0x0F,0x00,0x0F,0x00,0x0F,0x00,0x0E,0x00,0x1E,0x00,0x1C,0x00,0x1C,0x00,0x00,0x00,
    0x00,0x00,0x00,0x00,0x00,0x00,0x00,0x00,0x00,0x00,0x00,0x00,0x00,0x00,0x00,0x00,
    0x00,0x00,0x00,0x00,0x00,0x00,0x00,0x00,0x00,0x00,0x00,0x00,0x00,0x00,0x00,0x00,
    0x00,0x00,0x00,0x00,0x00,0x00,0x00,0x00,0x00,0x00,0x00,0x00,0x00,0x00,0x00,0x00,
    0x00,0x00,0x00,0x00,0x00,0x00,0x00,0x00,0x00,0x00,0x00,0x00,0x00,0x00,0x00,0x60,
    0x00,0x00,0x03,0xE0,0x00,0x00,0x0F,0xE0,0x00,0x00,0x7F,0xE0,0x00,0x03,0xFF,0x00,
    0x00,0x0F,0xFC,0x00,0x00,0x7F,0xE0,0x00,0x03,0xFF,0x00,0x00,0x0F,0xF8,0x00,0x00,
    0x0F,0xC0,0x00,0x00,0x0F,0xC0,0x00,0x00,0x0F,0xF8,0x00,0x00,0x03,0xFF,0x00,0x00,
    0x00,0x7F,0xE0,0x00,0x00,0x0F,0xFC,0x00,0x00,0x03,0xFF,0x00,0x00,0x00,0x7F,0xE0,
    0x00,0x00,0x0F,0xE0,0x00,0x00,0x03,0xE0,0x00,0x00,0x00,0x60,0x00,0x00,0x00,0x00,
    0x00,0x00,0x00,0x00,0x00,0x00,0x00,0x00,0x00,0x00,0x00,0x00,0x00,0x00,0x00,0x00,
    0x00,0x00,0x00,0x00,0x00,0x00,0x00,0x00,0x00,0x00,0x00,0x00,0x00,0x00,0x00,0x00,
    0x00,0x00,0x00,0x00,0x00,0x00,0x00,0x00,0x00,0x00,0x00,0x00,0x00,0x00,0x00,0x00,
    0x00,0x00,0x00,0x00,0x00,0x00,0x00,0x00,0x00,0x00,0x00,0x00,0x00,0x00,0x00,0x00,
    0x00,0x00,0x00,0x00,0x00,0x00,0x00,0x00,0x00,0x00,0x00,0x00,0x00,0x00,0x00,0x00,
    0x00,0x00,0x00,0x00,0x00,0x00,0x00,0x00,0x00,0x00,0x00,0x00,0x00,0x00,0x00,0x00,
    0x00,0x00,0x00,0x00,0x00,0x00,0x00,0x00,0x00,0x00,0x00,0x00,0x00,0x00,0x00,0x00,
    0x00,0x00,0x00,0x00,0x0F,0xFF,0xFF,0xE0,0x0F,0xFF,0xFF,0xE0,0x0F,0xFF,0xFF,0xE0,
    0x00,0x00,0x00,0x00,0x00,0x00,0x00,0x00,0x00,0x00,0x00,0x00,0x00,0x00,0x00,0x00,
    0x0F,0xFF,0xFF,0xE0,0x0F,0xFF,0xFF,0xE0,0x0F,0xFF,0xFF,0xE0,0x00,0x00,0x00,0x00,
    0x00,0x00,0x00,0x00,0x00,0x00,0x00,0x00,0x00,0x00,0x00,0x00,0x00,0x00,0x00,0x00,
    0x00,0x00,0x00,0x00,0x00,0x00,0x00,0x00,0x00,0x00,0x00,0x00,0x00,0x00,0x00,0x00,
    0x00,0x00,0x00,0x00,0x00,0x00,0x00,0x00,0x00,0x00,0x00,0x00,0x00,0x00,0x00,0x00,
    0x00,0x00,0x00,0x00,0x00,0x00,0x00,0x00,0x00,0x00,0x00,0x00,0x00,0x00,0x00,0x00,
    0x00,0x00,0x00,0x00,0x00,0x00,0x00,0x00,0x00,0x00,0x00,0x00,0x00,0x00,0x00,0x00,
    0x00,0x00,0x00,0x00,0x00,0x00,0x00,0x00,0x00,0x00,0x00,0x00,0x00,0x00,0x00,0x00,
    0x00,0x00,0x00,0x00,0x00,0x00,0x00,0x00,0x00,0x00,0x00,0x00,0x0C,0x00,0x00,0x00,
    0x0F,0x80,0x00,0x00,0x0F,0xE0,0x00,0x00,0x0F,0xFC,0x00,0x00,0x01,0xFF,0x80,0x00,
    0x00,0x7F,0xE0,0x00,0x00,0x0F,0xFC,0x00,0x00,0x01,0xFF,0x80,0x00,0x00,0x3F,0xE0,
    0x00,0x00,0x07,0xE0,0x00,0x00,0x07,0xE0,0x00,0x00,0x3F,0xE0,0x00,0x01,0xFF,0x80,
    0x00,0x0F,0xFC,0x00,0x00,0x7F,0xE0,0x00,0x01,0xFF,0x80,0x00,0x0F,0xFC,0x00,0x00,
    0x0F,0xE0,0x00,0x00,0x0F,0x80,0x00,0x00,0x0C,0x00,0x00,0x00,0x00,0x00,0x00,0x00,
    0x00,0x00,0x00,0x00,0x00,0x00,0x00,0x00,0x00,0x00,0x00,0x00,0x00,0x00,0x00,0x00,
    0x00,0x00,0x00,0x00,0x00,0x00,0x00,0x00,0x00,0x00,0x00,0x00,0x00,0x00,0x00,0x00,
    0x00,0x00,0x00,0x00,0x00,0x00,0x00,0x00,0x00,0x00,0x00,0x00,0x00,0x00,0x00,0x00,
    0x00,0x00,0x00,0x00,0x00,0x00,0x00,0x00,0x00,0x00,0x00,0x00,0x00,0x00,0x00,0x00,
    0x03,0xF8,0x00,0x1F,0xFE,0x00,0x3F,0xFF,0x00,0x3E,0x1F,0x80,0x30,0x07,0x80,0x00,
    0x07,0x80,0x00,0x07,0x80,0x00,0x07,0x80,0x00,0x0F,0x00,0x00,0x1F,0x00,0x00,0x3E,
    0x00,0x00,0x7C,0x00,0x00,0xF8,0x00,0x00,0xF0,0x00,0x01,0xE0,0x00,0x01,0xE0,0x00,
    0x01,0xE0,0x00,0x01,0xE0,0x00,0x01,0xE0,0x00,0x00,0x00,0x00,0x00,0x00,0x00,0x00,
    0x00,0x00,0x01,0xE0,0x00,0x01,0xE0,0x00,0x01,0xE0,0x00,0x01,0xE0,0x00,0x01,0xE0,
    0x00,0x00,0x00,0x00,0x00,0x00,0x00,0x00,0x00,0x00,0x00,0x00,0x00,0x00,0x00,0x00,
    0x00,0x00,0x00,0x00,0x00,0x00,0x00,0x00,0x00,0x00,0x00,0x00,0x00,0x00,0x00,0x00,
    0x00,0x00,0x00,0x00,0x00,0x00,0x00,0x00,0x00,0x00,0x00,0x00,0x00,0x00,0x00,0x00,
    0x00,0x00,0x00,0x00,0x00,0x00,0x00,0x00,0x00,0x00,0x00,0x00,0x00,0x00,0x00,0x00,
    0x00,0x00,0x00,0x00,0x00,0x00,0x00,0x00,0x00,0x00,0x03,0xFF,0x00,0x00,0x00,0x1F,
    0xFF,0xC0,0x00,0x00,0x3F,0xFF,0xF0,0x00,0x00,0xFF,0x03,0xF8,0x00,0x01,0xF8,0x00,
    0x7E,0x00,0x03,0xE0,0x00,0x1E,0x00,0x07,0xC0,0x00,0x0F,0x00,0x07,0x00,0x00,0x07,
    0x80,0x0F,0x01,0xF9,0xC3,0x80,0x0E,0x07,0xFD,0xC1,0xC0,0x1C,0x0F,0xFF,0xC1,0xC0,
    0x1C,0x0F,0x8F,0xC1,0xC0,0x1C,0x1E,0x03,0xC0,0xC0,0x38,0x1C,0x01,0xC0,0xE0,0x38,
    0x1C,0x01,0xC0,0xE0,0x38,0x1C,0x01,0xC1,0xC0,0x38,0x1C,0x01,0xC1,0xC0,0x38,0x1C,
    0x01,0xC1,0xC0,0x38,0x1C,0x01,0xC3,0xC0,0x1C,0x1E,0x03,0xC7,0x80,0x1C,0x0F,0x8F,
    0xDF,0x00,0x1C,0x0F,0xFF,0xFE,0x00,0x0E,0x07,0xFD,0xFC,0x00,0x0F,0x01,0xF9,0xF0,
    0x00,0x07,0x00,0x00,0x00,0x00,0x07,0xC0,0x00,0x00,0x00,0x03,0xE0,0x00,0x30,0x00,
    0x01,0xF8,0x00,0x78,0x00,0x00,0xFF,0x03,0xF8,0x00,0x00,0x3F,0xFF,0xE0,0x00,0x00,
    0x1F,0xFF,0xC0,0x00,0x00,0x03,0xFE,0x00,0x00,0x00,0x00,0x00,0x00,0x00,0x00,0x00,
    0x00,0x00,0x00,0x00,0x00,0x00,0x00,0x00,0x00,0x00,0x00,0x00,0x00,0x00,0x00,0x00,
    0x00,0x00,0x00,0x00,0x00,0x00,0x00,0x00,0x00,0x00,0x00,0x00,0x00,0x00,0x00,0x00,
    0x00,0x00,0x00,0x00,0x00,0x00,0x00,0x00,0x00,0x3E,0x00,0x00,0x00,0x3E,0x00,0x00,
    0x00,0x7F,0x00,0x00,0x00,0x7F,0x00,0x00,0x00,0x7F,0x80,0x00,0x00,0xF7,0x80,0x00,
    0x00,0xF3,0x80,0x00,0x00,0xE3,0xC0,0x00,0x01,0xE3,0xC0,0x00,0x01,0xE1,0xE0,0x00,
    0x03,0xC1,0xE0,0x00,0x03,0xC1,0xE0,0x00,0x03,0xC0,0xF0,0x00,0x07,0x80,0xF0,0x00,
    0x07,0x80,0xF0,0x00,0x0F,0x00,0x78,0x00,0x0F,0x00,0x78,0x00,0x0F,0xFF,0xFC,0x00,
    0x1F,0xFF,0xFC,0x00,0x1F,0xFF,0xFC,0x00,0x1E,0x00,0x1E,0x00,0x3C,0x00,0x1E,0x00,
    0x3C,0x00,0x1E,0x00,0x7C,0x00,0x0F,0x00,0x78,0x00,0x0F,0x00,0x78,0x00,0x0F,0x80,
    0xF8,0x00,0x07,0x80,0x00,0x00,0x00,0x00,0x00,0x00,0x00,0x00,0x00,0x00,0x00,0x00,
    0x00,0x00,0x00,0x00,0x00,0x00,0x00,0x00,0x00,0x00,0x00,0x00,0x00,0x00,0x00,0x00,
    0x00,0x00,0x00,0x00,0x00,0x00,0x00,0x00,0x00,0x00,0x00,0x00,0x00,0x00,0x00,0x00,
    0x00,0x00,0x00,0x00,0x00,0x00,0x00,0x00,0x00,0x00,0x00,0x00,0x00,0x00,0x00,0x00,
    0x00,0x00,0x00,0x00,0x00,0x00,0x00,0x00,0x1F,0xFF,0x80,0x00,0x1F,0xFF,0xE0,0x00,
    0x1F,0xFF,0xF0,0x00,0x1E,0x01,0xF8,0x00,0x1E,0x00,0x78,0x00,0x1E,0x00,0x3C,0x00,
    0x1E,0x00,0x3C,0x00,0x1E,0x00,0x3C,0x00,0x1E,0x00,0x3C,0x00,0x1E,0x00,0x78,0x00,
    0x1E,0x01,0xF8,0x00,0x1F,0xFF,0xF0,0x00,0x1F,0xFF,0xC0,0x00,0x1F,0xFF,0xF0,0x00,
    0x1E,0x00,0xF8,0x00,0x1E,0x00,0x3C,0x00,0x1E,0x00,0x3C,0x00,0x1E,0x00,0x1E,0x00,
    0x1E,0x00,0x1E,0x00,0x1E,0x00,0x1E,0x00,0x1E,0x00,0x1E,0x00,0x1E,0x00,0x3E,0x00,
    0x1E,0x00,0x3C,0x00,0x1E,0x00,0xFC,0x00,0x1F,0xFF,0xF8,0x00,0x1F,0xFF,0xF0,0x00,
    0x1F,0xFF,0xC0,0x00,0x00,0x00,0x00,0x00,0x00,0x00,0x00,0x00,0x00,0x00,0x00,0x00,
    0x00,0x00,0x00,0x00,0x00,0x00,0x00,0x00,0x00,0x00,0x00,0x00,0x00,0x00,0x00,0x00,
    0x00,0x00,0x00,0x00,0x00,0x00,0x00,0x00,0x00,0x00,0x00,0x00,0x00,0x00,0x00,0x00,
    0x00,0x00,0x00,0x00,0x00,0x00,0x00,0x00,0x00,0x00,0x00,0x00,0x00,0x00,0x00,0x00,
    0x00,0x00,0x00,0x00,0x00,0x00,0x00,0x00,0x00,0x1F,0xF0,0x00,0x00,0xFF,0xFC,0x00,
    0x01,0xFF,0xFE,0x00,0x03,0xF8,0x3F,0x00,0x07,0xC0,0x0F,0x00,0x0F,0x80,0x03,0x00,
    0x1F,0x00,0x01,0x00,0x1E,0x00,0x00,0x00,0x1E,0x00,0x00,0x00,0x3E,0x00,0x00,0x00,
    0x3C,0x00,0x00,0x00,0x3C,0x00,0x00,0x00,0x3C,0x00,0x00,0x00,0x3C,0x00,0x00,0x00,
    0x3C,0x00,0x00,0x00,0x3C,0x00,0x00,0x00,0x3C,0x00,0x00,0x00,0x3E,0x00,0x00,0x00,
    0x1E,0x00,0x00,0x00,0x1E,0x00,0x00,0x00,0x1F,0x00,0x01,0x00,0x0F,0x80,0x03,0x00,
    0x07,0xC0,0x0F,0x00,0x03,0xF8,0x3F,0x00,0x01,0xFF,0xFE,0x00,0x00,0xFF,0xFC,0x00,
    0x00,0x1F,0xF0,0x00,0x00,0x00,0x00,0x00,0x00,0x00,0x00,0x00,0x00,0x00,0x00,0x00,
    0x00,0x00,0x00,0x00,0x00,0x00,0x00,0x00,0x00,0x00,0x00,0x00,0x00,0x00,0x00,0x00,
    0x00,0x00,0x00,0x00,0x00,0x00,0x00,0x00,0x00,0x00,0x00,0x00,0x00,0x00,0x00,0x00,
    0x00,0x00,0x00,0x00,0x00,0x00,0x00,0x00,0x00,0x00,0x00,0x00,0x00,0x00,0x00,0x00,
    0x00,0x00,0x00,0x00,0x00,0x00,0x00,0x00,0x1F,0xFF,0x80,0x00,0x1F,0xFF,0xF0,0x00,
    0x1F,0xFF,0xFC,0x00,0x1E,0x01,0xFE,0x00,0x1E,0x00,0x3F,0x00,0x1E,0x00,0x0F,0x80,
    0x1E,0x00,0x0F,0x80,0x1E,0x00,0x07,0xC0,0x1E,0x00,0x07,0xC0,0x1E,0x00,0x03,0xC0,
    0x1E,0x00,0x03,0xC0,0x1E,0x00,0x03,0xC0,0x1E,0x00,0x03,0xC0,0x1E,0x00,0x03,0xC0,
    0x1E,0x00,0x03,0xC0,0x1E,0x00,0x03,0xC0,0x1E,0x00,0x03,0xC0,0x1E,0x00,0x03,0xC0,
    0x1E,0x00,0x07,0xC0,0x1E,0x00,0x07,0xC0,0x1E,0x00,0x0F,0x80,0x1E,0x00,0x0F,0x80,
    0x1E,0x00,0x3F,0x00,0x1E,0x01,0xFE,0x00,0x1F,0xFF,0xFC,0x00,0x1F,0xFF,0xF0,0x00,
    0x1F,0xFF,0x80,0x00,0x00,0x00,0x00,0x00,0x00,0x00,0x00,0x00,0x00,0x00,0x00,0x00,
    0x00,0x00,0x00,0x00,0x00,0x00,0x00,0x00,0x00,0x00,0x00,0x00,0x00,0x00,0x00,0x00,
    0x00,0x00,0x00,0x00,0x00,0x00,0x00,0x00,0x00,0x00,0x00,0x00,0x00,0x00,0x00,0x00,
    0x00,0x00,0x00,0x00,0x00,0x00,0x00,0x00,0x00,0x00,0x00,0x00,0x00,0x00,0x00,0x00,
    0x1F,0xFF,0xF8,0x1F,0xFF,0xF8,0x1F,0xFF,0xF8,0x1E,0x00,0x00,0x1E,0x00,0x00,0x1E,
    0x00,0x00,0x1E,0x00,0x00,0x1E,0x00,0x00,0x1E,0x00,0x00,0x1E,0x00,0x00,0x1E,0x00,
    0x00,0x1F,0xFF,0xF0,0x1F,0xFF,0xF0,0x1F,0xFF,0xF0,0x1E,0x00,0x00,0x1E,0x00,0x00,
    0x1E,0x00,0x00,0x1E,0x00,0x00,0x1E,0x00,0x00,0x1E,0x00,0x00,0x1E,0x00,0x00,0x1E,
    0x00,0x00,0x1E,0x00,0x00,0x1E,0x00,0x00,0x1F,0xFF,0xF8,0x1F,0xFF,0xF8,0x1F,0xFF,
    0xF8,0x00,0x00,0x00,0x00,0x00,0x00,0x00,0x00,0x00,0x00,0x00,0x00,0x00,0x00,0x00,
    0x00,0x00,0x00,0x00,0x00,0x00,0x00,0x00,0x00,0x00,0x00,0x00,0x00,0x00,0x00,0x00,
    0x00,0x00,0x00,0x00,0x00,0x00,0x00,0x00,0x00,0x00,0x00,0x00,0x00,0x00,0x00,0x00,
    0x00,0x00,0x00,0x00,0x1F,0xFF,0xE0,0x1F,0xFF,0xE0,0x1F,0xFF,0xE0,0x1E,0x00,0x00,
    0x1E,0x00,0x00,0x1E,0x00,0x00,0x1E,0x00,0x00,0x1E,0x00,0x00,0x1E,0x00,0x00,0x1E,
    0x00,0x00,0x1E,0x00,0x00,0x1F,0xFF,0xC0,0x1F,0xFF,0xC0,0x1F,0xFF,0xC0,0x1E,0x00,
    0x00,0x1E,0x00,0x00,0x1E,0x00,0x00,0x1E,0x00,0x00,0x1E,0x00,0x00,0x1E,0x00,0x00,
    0x1E,0x00,0x00,0x1E,0x00,0x00,0x1E,0x00,0x00,0x1E,0x00,0x00,0x1E,0x00,0x00,0x1E,
    0x00,0x00,0x1E,0x00,0x00,0x00,0x00,0x00,0x00,0x00,0x00,0x00,0x00,0x00,0x00,0x00,
    0x00,0x00,0x00,0x00,0x00,0x00,0x00,0x00,0x00,0x00,0x00,0x00,0x00,0x00,0x00,0x00,
    0x00,0x00,0x00,0x00,0x00,0x00,0x00,0x00,0x00,0x00,0x00,0x00,0x00,0x00,0x00,0x00,
    0x00,0x00,0x00,0x00,0x00,0x00,0x00,0x00,0x00,0x00,0x00,0x00,0x00,0x00,0x00,0x00,
    0x00,0x1F,0xF0,0x00,0x00,0xFF,0xFE,0x00,0x01,0xFF,0xFF,0x00,0x03,0xF8,0x3F,0x80,
    0x07,0xC0,0x07,0x80,0x0F,0x80,0x01,0x80,0x1F,0x00,0x00,0x80,0x1E,0x00,0x00,0x00,
    0x1E,0x00,0x00,0x00,0x3E,0x00,0x00,0x00,0x3C,0x00,0x00,0x00,0x3C,0x00,0x00,0x00,
    0x3C,0x00,0xFF,0xC0,0x3C,0x00,0xFF,0xC0,0x3C,0x00,0xFF,0xC0,0x3C,0x00,0x03,0xC0,
    0x3C,0x00,0x03,0xC0,0x3E,0x00,0x03,0xC0,0x1E,0x00,0x03,0xC0,0x1E,0x00,0x03,0xC0,
    0x1F,0x00,0x03,0xC0,0x0F,0x80,0x03,0xC0,0x07,0xC0,0x03,0xC0,0x03,0xF8,0x1F,0xC0,
    0x01,0xFF,0xFF,0x80,0x00,0xFF,0xFE,0x00,0x00,0x1F,0xF8,0x00,0x00,0x00,0x00,0x00,
    0x00,0x00,0x00,0x00,0x00,0x00,0x00,0x00,0x00,0x00,0x00,0x00,0x00,0x00,0x00,0x00,
    0x00,0x00,0x00,0x00,0x00,0x00,0x00,0x00,0x00,0x00,0x00,0x00,0x00,0x00,0x00,0x00,
    0x00,0x00,0x00,0x00,0x00,0x00,0x00,0x00,0x00,0x00,0x00,0x00,0x00,0x00,0x00,0x00,
    0x00,0x00,0x00,0x00,0x00,0x00,0x00,0x00,0x00,0x00,0x00,0x00,0x00,0x00,0x00,0x00,
    0x1E,0x00,0x0F,0x00,0x1E,0x00,0x0F,0x00,0x1E,0x00,0x0F,0x00,0x1E,0x00,0x0F,0x00,
    0x1E,0x00,0x0F,0x00,0x1E,0x00,0x0F,0x00,0x1E,0x00,0x0F,0x00,0x1E,0x00,0x0F,0x00,
    0x1E,0x00,0x0F,0x00,0x1E,0x00,0x0F,0x00,0x1E,0x00,0x0F,0x00,0x1F,0xFF,0xFF,0x00,
    0x1F,0xFF,0xFF,0x00,0x1F,0xFF,0xFF,0x00,0x1E,0x00,0x0F,0x00,0x1E,0x00,0x0F,0x00,
    0x1E,0x00,0x0F,0x00,0x1E,0x00,0x0F,0x00,0x1E,0x00,0x0F,0x00,0x1E,0x00,0x0F,0x00,
    0x1E,0x00,0x0F,0x00,0x1E,0x00,0x0F,0x00,0x1E,0x00,0x0F,0x00,0x1E,0x00,0x0F,0x00,
    0x1E,0x00,0x0F,0x00,0x1E,0x00,0x0F,0x00,0x1E,0x00,0x0F,0x00,0x00,0x00,0x00,0x00,
    0x00,0x00,0x00,0x00,0x00,0x00,0x00,0x00,0x00,0x00,0x00,0x00,0x00,0x00,0x00,0x00,
    0x00,0x00,0x00,0x00,0x00,0x00,0x00,0x00,0x00,0x00,0x00,0x00,0x00,0x00,0x00,0x00,
    0x00,0x00,0x00,0x00,0x00,0x00,0x00,0x00,0x00,0x00,0x00,0x00,0x00,0x00,0x00,0x00,
    0x1E,0x00,0x1E,0x00,0x1E,0x00,0x1E,0x00,0x1E,0x00,0x1E,0x00,0x1E,0x00,0x1E,0x00,
    0x1E,0x00,0x1E,0x00,0x1E,0x00,0x1E,0x00,0x1E,0x00,0x1E,0x00,0x1E,0x00,0x1E,0x00,
    0x1E,0x00,0x1E,0x00,0x1E,0x00,0x1E,0x00,0x1E,0x00,0x1E,0x00,0x1E,0x00,0x1E,0x00,
    0x1E,0x00,0x1E,0x00,0x1E,0x00,0x00,0x00,0x00,0x00,0x00,0x00,0x00,0x00,0x00,0x00,
    0x00,0x00,0x00,0x00,0x00,0x00,0x00,0x00,0x00,0x00,0x00,0x00,0x00,0x00,0x00,0x00,
    0x00,0x00,0x00,0x00,0x00,0x00,0x00,0x00,0x1E,0x00,0x1E,0x00,0x1E,0x00,0x1E,0x00,
    0x1E,0x00,0x1E,0x00,0x1E,0x00,0x1E,0x00,0x1E,0x00,0x1E,0x00,0x1E,0x00,0x1E,0x00,
    0x1E,0x00,0x1E,0x00,0x1E,0x00,0x1E,0x00,0x1E,0x00,0x1E,0x00,0x1E,0x00,0x1E,0x00,
    0x1E,0x00,0x1E,0x00,0x1E,0x00,0x1E,0x00,0x1E,0x00,0x1E,0x00,0x1E,0x00,0x1E,0x00,
    0x1E,0x00,0x3E,0x00,0x7C,0x00,0xFC,0x00,0xF8,0x00,0xE0,0x00,0x00,0x00,0x00,0x00,
    0x00,0x00,0x00,0x00,0x00,0x00,0x00,0x00,0x00,0x00,0x00,0x00,0x00,0x00,0x00,0x00,
    0x00,0x00,0x00,0x00,0x00,0x00,0x00,0x00,0x1E,0x00,0x1F,0x1E,0x00,0x3E,0x1E,0x00,
    0x7C,0x1E,0x01,0xF8,0x1E,0x03,0xF0,0x1E,0x07,0xC0,0x1E,0x0F,0x80,0x1E,0x1F,0x00,
    0x1E,0x3E,0x00,0x1E,0x7C,0x00,0x1F,0xF8,0x00,0x1F,0xF0,0x00,0x1F,0xE0,0x00,0x1F,
    0xF0,0x00,0x1F,0xF8,0x00,0x1E,0x7C,0x00,0x1E,0x3E,0x00,0x1E,0x1F,0x00,0x1E,0x0F,
    0x80,0x1E,0x07,0xC0,0x1E,0x03,0xE0,0x1E,0x01,0xF0,0x1E,0x00,0xF8,0x1E,0x00,0x7C,
    0x1E,0x00,0x3E,0x1E,0x00,0x1F,0x1E,0x00,0x0F,0x00,0x00,0x00,0x00,0x00,0x00,0x00,
    0x00,0x00,0x00,0x00,0x00,0x00,0x00,0x00,0x00,0x00,0x00,0x00,0x00,0x00,0x00,0x00,
    0x00,0x00,0x00,0x00,0x00,0x00,0x00,0x00,0x00,0x00,0x00,0x00,0x00,0x00,0x00,0x00,
    0x00,0x00,0x00,0x00,0x00,0x00,0x00,0x00,0x00,0x00,0x00,0x00,0x1E,0x00,0x00,0x1E,
    0x00,0x00,0x1E,0x00,0x00,0x1E,0x00,0x00,0x1E,0x00,0x00,0x1E,0x00,0x00,0x1E,0x00,
    0x00,0x1E,0x00,0x00,0x1E,0x00,0x00,0x1E,0x00,0x00,0x1E,0x00,0x00,0x1E,0x00,0x00,
    0x1E,0x00,0x00,0x1E,0x00,0x00,0x1E,0x00,0x00,0x1E,0x00,0x00,0x1E,0x00,0x00,0x1E,
    0x00,0x00,0x1E,0x00,0x00,0x1E,0x00,0x00,0x1E,0x00,0x00,0x1E,0x00,0x00,0x1E,0x00,
    0x00,0x1E,0x00,0x00,0x1F,0xFF,0xF8,0x1F,0xFF,0xF8,0x1F,0xFF,0xF8,0x00,0x00,0x00,
    0x00,0x00,0x00,0x00,0x00,0x00,0x00,0x00,0x00,0x00,0x00,0x00,0x00,0x00,0x00,0x00,
    0x00,0x00,0x00,0x00,0x00,0x00,0x00,0x00,0x00,0x00,0x00,0x00,0x00,0x00,0x00,0x00,
    0x00,0x00,0x00,0x00,0x00,0x00,0x00,0x00,0x00,0x00,0x00,0x00,0x00,0x00,0x00,0x00,
    0x00,0x00,0x00,0x00,0x00,0x00,0x00,0x00,0x1F,0x80,0x03,0xF8,0x1F,0xC0,0x03,0xF8,
    0x1F,0xC0,0x03,0xF8,0x1F,0xE0,0x07,0xF8,0x1F,0xE0,0x07,0xF8,0x1E,0xE0,0x07,0x78,
    0x1E,0xF0,0x0F,0x78,0x1E,0x70,0x0E,0x78,0x1E,0x70,0x0E,0x78,0x1E,0x78,0x1E,0x78,
    0x1E,0x38,0x1C,0x78,0x1E,0x3C,0x3C,0x78,0x1E,0x3C,0x3C,0x78,0x1E,0x1C,0x38,0x78,
    0x1E,0x1E,0x78,0x78,0x1E,0x0E,0x70,0x78,0x1E,0x0E,0x70,0x78,0x1E,0x0F,0xF0,0x78,
    0x1E,0x07,0xE0,0x78,0x1E,0x07,0xE0,0x78,0x1E,0x07,0xE0,0x78,0x1E,0x03,0xC0,0x78,
    0x1E,0x00,0x00,0x78,0x1E,0x00,0x00,0x78,0x1E,0x00,0x00,0x78,0x1E,0x00,0x00,0x78,
    0x1E,0x00,0x00,0x78,0x00,0x00,0x00,0x00,0x00,0x00,0x00,0x00,0x00,0x00,0x00,0x00,
    0x00,0x00,0x00,0x00,0x00,0x00,0x00,0x00,0x00,0x00,0x00,0x00,0x00,0x00,0x00,0x00,
    0x00,0x00,0x00,0x00,0x00,0x00,0x00,0x00,0x00,0x00,0x00,0x00,0x00,0x00,0x00,0x00,
    0x00,0x00,0x00,0x00,0x00,0x00,0x00,0x00,0x00,0x00,0x00,0x00,0x00,0x00,0x00,0x00,
    0x00,0x00,0x00,0x00,0x00,0x00,0x00,0x00,0x1F,0x80,0x0F,0x00,0x1F,0xC0,0x0F,0x00,
    0x1F,0xC0,0x0F,0x00,0x1F,0xE0,0x0F,0x00,0x1F,0xE0,0x0F,0x00,0x1F,0xF0,0x0F,0x00,
    0x1E,0xF0,0x0F,0x00,0x1E,0x78,0x0F,0x00,0x1E,0x78,0x0F,0x00,0x1E,0x3C,0x0F,0x00,
    0x1E,0x3C,0x0F,0x00,0x1E,0x1E,0x0F,0x00,0x1E,0x1E,0x0F,0x00,0x1E,0x0F,0x0F,0x00,
    0x1E,0x0F,0x0F,0x00,0x1E,0x07,0x8F,0x00,0x1E,0x07,0x8F,0x00,0x1E,0x03,0xCF,0x00,
    0x1E,0x03,0xEF,0x00,0x1E,0x01,0xEF,0x00,0x1E,0x01,0xFF,0x00,0x1E,0x00,0xFF,0x00,
    0x1E,0x00,0x7F,0x00,0x1E,0x00,0x7F,0x00,0x1E,0x00,0x3F,0x00,0x1E,0x00,0x3F,0x00,
    0x1E,0x00,0x1F,0x00,0x00,0x00,0x00,0x00,0x00,0x00,0x00,0x00,0x00,0x00,0x00,0x00,
    0x00,0x00,0x00,0x00,0x00,0x00,0x00,0x00,0x00,0x00,0x00,0x00,0x00,0x00,0x00,0x00,
    0x00,0x00,0x00,0x00,0x00,0x00,0x00,0x00,0x00,0x00,0x00,0x00,0x00,0x00,0x00,0x00,
    0x00,0x00,0x00,0x00,0x00,0x00,0x00,0x00,0x00,0x00,0x00,0x00,0x00,0x00,0x00,0x00,
    0x00,0x00,0x00,0x00,0x00,0x00,0x00,0x00,0x00,0x3F,0xE0,0x00,0x00,0xFF,0xF8,0x00,
    0x01,0xFF,0xFE,0x00,0x07,0xF0,0x7F,0x00,0x07,0xC0,0x1F,0x00,0x0F,0x80,0x0F,0x80,
    0x1F,0x00,0x07,0xC0,0x1E,0x00,0x03,0xC0,0x1E,0x00,0x03,0xE0,0x3E,0x00,0x01,0xE0,
    0x3C,0x00,0x01,0xE0,0x3C,0x00,0x01,0xE0,0x3C,0x00,0x01,0xE0,0x3C,0x00,0x01,0xE0,
    0x3C,0x00,0x01,0xE0,0x3C,0x00,0x01,0xE0,0x3C,0x00,0x01,0xE0,0x3E,0x00,0x01,0xE0,
    0x1E,0x00,0x03,0xE0,0x1E,0x00,0x03,0xC0,0x1F,0x00,0x07,0xC0,0x0F,0x80,0x0F,0x80,
    0x07,0xC0,0x1F,0x00,0x07,0xF0,0x7F,0x00,0x01,0xFF,0xFE,0x00,0x00,0xFF,0xF8,0x00,
    0x00,0x3F,0xE0,0x00,0x00,0x00,0x00,0x00,0x00,0x00,0x00,0x00,0x00,0x00,0x00,0x00,
    0x00,0x00,0x00,0x00,0x00,0x00,0x00,0x00,0x00,0x00,0x00,0x00,0x00,0x00,0x00,0x00,
    0x00,0x00,0x00,0x00,0x00,0x00,0x00,0x00,0x00,0x00,0x00,0x00,0x00,0x00,0x00,0x00,
    0x00,0x00,0x00,0x00,0x00,0x00,0x00,0x00,0x00,0x00,0x00,0x00,0x00,0x00,0x00,0x00,
    0x1F,0xFF,0x00,0x1F,0xFF,0xC0,0x1F,0xFF,0xE0,0x1E,0x03,0xF0,0x1E,0x00,0xF8,0x1E,
    0x00,0xF8,0x1E,0x00,0x78,0x1E,0x00,0x78,0x1E,0x00,0x78,0x1E,0x00,0x78,0x1E,0x00,
    0xF8,0x1E,0x00,0xF8,0x1E,0x03,0xF0,0x1F,0xFF,0xE0,0x1F,0xFF,0xC0,0x1F,0xFF,0x00,
    0x1E,0x00,0x00,0x1E,0x00,0x00,0x1E,0x00,0x00,0x1E,0x00,0x00,0x1E,0x00,0x00,0x1E,
    0x00,0x00,0x1E,0x00,0x00,0x1E,0x00,0x00,0x1E,0x00,0x00,0x1E,0x00,0x00,0x1E,0x00,
    0x00,0x00,0x00,0x00,0x00,0x00,0x00,0x00,0x00,0x00,0x00,0x00,0x00,0x00,0x00,0x00,
    0x00,0x00,0x00,0x00,0x00,0x00,0x00,0x00,0x00,0x00,0x00,0x00,0x00,0x00,0x00,0x00,
    0x00,0x00,0x00,0x00,0x00,0x00,0x00,0x00,0x00,0x00,0x00,0x00,0x00,0x00,0x00,0x00,
    0x00,0x00,0x00,0x00,0x00,0x00,0x00,0x00,0x00,0x00,0x00,0x00,0x00,0x3F,0xE0,0x00,
    0x00,0xFF,0xF8,0x00,0x01,0xFF,0xFE,0x00,0x07,0xF0,0x7F,0x00,0x07,0xC0,0x1F,0x00,
    0x0F,0x80,0x0F,0x80,0x1F,0x00,0x07,0xC0,0x1E,0x00,0x03,0xC0,0x1E,0x00,0x03,0xE0,
    0x3E,0x00,0x01,0xE0,0x3C,0x00,0x01,0xE0,0x3C,0x00,0x01,0xE0,0x3C,0x00,0x01,0xE0,
    0x3C,0x00,0x01,0xE0,0x3C,0x00,0x01,0xE0,0x3C,0x00,0x01,0xE0,0x3C,0x00,0x01,0xE0,
    0x3E,0x00,0x01,0xE0,0x1E,0x00,0x03,0xC0,0x1E,0x00,0x03,0xC0,0x1F,0x00,0x07,0xC0,
    0x0F,0x80,0x0F,0x80,0x07,0xC0,0x1F,0x00,0x07,0xF0,0x7F,0x00,0x01,0xFF,0xFC,0x00,
    0x00,0xFF,0xF8,0x00,0x00,0x3F,0xF0,0x00,0x00,0x00,0xF8,0x00,0x00,0x00,0x7C,0x00,
    0x00,0x00,0x3E,0x00,0x00,0x00,0x1E,0x00,0x00,0x00,0x1F,0x00,0x00,0x00,0x00,0x00,
    0x00,0x00,0x00,0x00,0x00,0x00,0x00,0x00,0x00,0x00,0x00,0x00,0x00,0x00,0x00,0x00,
    0x00,0x00,0x00,0x00,0x00,0x00,0x00,0x00,0x00,0x00,0x00,0x00,0x00,0x00,0x00,0x00,
    0x00,0x00,0x00,0x00,0x00,0x00,0x00,0x00,0x00,0x00,0x00,0x00,0x1F,0xFF,0x00,0x00,
    0x1F,0xFF,0xC0,0x00,0x1F,0xFF,0xE0,0x00,0x1E,0x03,0xF0,0x00,0x1E,0x00,0xF8,0x00,
    0x1E,0x00,0x78,0x00,0x1E,0x00,0x78,0x00,0x1E,0x00,0x78,0x00,0x1E,0x00,0x78,0x00,
    0x1E,0x00,0x78,0x00,0x1E,0x00,0x78,0x00,0x1E,0x00,0xF8,0x00,0x1E,0x03,0xF0,0x00,
    0x1F,0xFF,0xE0,0x00,0x1F,0xFF,0xC0,0x00,0x1F,0xFF,0xC0,0x00,0x1E,0x07,0xE0,0x00,
    0x1E,0x01,0xF0,0x00,0x1E,0x00,0xF0,0x00,0x1E,0x00,0x78,0x00,0x1E,0x00,0x78,0x00,
    0x1E,0x00,0x3C,0x00,0x1E,0x00,0x3C,0x00,0x1E,0x00,0x1E,0x00,0x1E,0x00,0x1F,0x00,
    0x1E,0x00,0x0F,0x00,0x1E,0x00,0x0F,0x80,0x00,0x00,0x00,0x00,0x00,0x00,0x00,0x00,
    0x00,0x00,0x00,0x00,0x00,0x00,0x00,0x00,0x00,0x00,0x00,0x00,0x00,0x00,0x00,0x00,
    0x00,0x00,0x00,0x00,0x00,0x00,0x00,0x00,0x00,0x00,0x00,0x00,0x00,0x00,0x00,0x00,
    0x00,0x00,0x00,0x00,0x00,0x00,0x00,0x00,0x00,0x00,0x00,0x00,0x00,0x00,0x00,0x00,
    0x00,0x00,0x00,0x00,0x01,0xFF,0x00,0x07,0xFF,0xE0,0x0F,0xFF,0xF0,0x1F,0xC3,0xF0,
    0x1F,0x00,0x70,0x1E,0x00,0x10,0x3C,0x00,0x00,0x3C,0x00,0x00,0x3C,0x00,0x00,0x1E,
    0x00,0x00,0x1F,0x00,0x00,0x1F,0xE0,0x00,0x0F,0xFF,0x00,0x03,0xFF,0xC0,0x00,0x7F,
    0xF0,0x00,0x03,0xF0,0x00,0x00,0xF8,0x00,0x00,0x78,0x00,0x00,0x7C,0x00,0x00,0x7C,
    0x00,0x00,0x7C,0x30,0x00,0x78,0x3C,0x00,0xF8,0x3F,0x83,0xF0,0x3F,0xFF,0xF0,0x1F,
    0xFF,0xC0,0x03,0xFF,0x00,0x00,0x00,0x00,0x00,0x00,0x00,0x00,0x00,0x00,0x00,0x00,
    0x00,0x00,0x00,0x00,0x00,0x00,0x00,0x00,0x00,0x00,0x00,0x00,0x00,0x00,0x00,0x00,
    0x00,0x00,0x00,0x00,0x00,0x00,0x00,0x00,0x00,0x00,0x00,0x00,0x00,0x00,0x00,0x00,
    0x00,0x00,0x00,0x00,0x00,0x00,0x00,0x00,0xFF,0xFF,0xFE,0xFF,0xFF,0xFE,0xFF,0xFF,
    0xFE,0x00,0x78,0x00,0x00,0x78,0x00,0x00,0x78,0x00,0x00,0x78,0x00,0x00,0x78,0x00,
    0x00,0x78,0x00,0x00,0x78,0x00,0x00,0x78,0x00,0x00,0x78,0x00,0x00,0x78,0x00,0x00,
    0x78,0x00,0x00,0x78,0x00,0x00,0x78,0x00,0x00,0x78,0x00,0x00,0x78,0x00,0x00,0x78,
    0x00,0x00,0x78,0x00,0x00,0x78,0x00,0x00,0x78,0x00,0x00,0x78,0x00,0x00,0x78,0x00,
    0x00,0x78,0x00,0x00,0x78,0x00,0x00,0x78,0x00,0x00,0x00,0x00,0x00,0x00,0x00,0x00,
    0x00,0x00,0x00,0x00,0x00,0x00,0x00,0x00,0x00,0x00,0x00,0x00,0x00,0x00,0x00,0x00,
    0x00,0x00,0x00,0x00,0x00,0x00,0x00,0x00,0x00,0x00,0x00,0x00,0x00,0x00,0x00,0x00,
    0x00,0x00,0x00,0x00,0x00,0x00,0x00,0x00,0x00,0x00,0x00,0x00,0x00,0x00,0x00,0x00,
    0x00,0x00,0x00,0x00,0x1E,0x00,0x0F,0x00,0x1E,0x00,0x0F,0x00,0x1E,0x00,0x0F,0x00,
    0x1E,0x00,0x0F,0x00,0x1E,0x00,0x0F,0x00,0x1E,0x00,0x0F,0x00,0x1E,0x00,0x0F,0x00,
    0x1E,0x00,0x0F,0x00,0x1E,0x00,0x0F,0x00,0x1E,0x00,0x0F,0x00,0x1E,0x00,0x0F,0x00,
    0x1E,0x00,0x0F,0x00,0x1E,0x00,0x0F,0x00,0x1E,0x00,0x0F,0x00,0x1E,0x00,0x0F,0x00,
    0x1E,0x00,0x0F,0x00,0x1E,0x00,0x0F,0x00,0x1E,0x00,0x0F,0x00,0x1E,0x00,0x0F,0x00,
    0x1E,0x00,0x0F,0x00,0x0F,0x00,0x1F,0x00,0x0F,0x00,0x1E,0x00,0x0F,0x80,0x3E,0x00,
    0x07,0xE0,0xFC,0x00,0x03,0xFF,0xF8,0x00,0x01,0xFF,0xF0,0x00,0x00,0x7F,0xC0,0x00,
    0x00,0x00,0x00,0x00,0x00,0x00,0x00,0x00,0x00,0x00,0x00,0x00,0x00,0x00,0x00,0x00,
    0x00,0x00,0x00,0x00,0x00,0x00,0x00,0x00,0x00,0x00,0x00,0x00,0x00,0x00,0x00,0x00,
    0x00,0x00,0x00,0x00,0x00,0x00,0x00,0x00,0x00,0x00,0x00,0x00,0x00,0x00,0x00,0x00,
    0x00,0x00,0x00,0x00,0x00,0x00,0x00,0x00,0x00,0x00,0x00,0x00,0x00,0x00,0x00,0x00,
    0x00,0x00,0x00,0x00,0xF0,0x00,0x07,0x80,0x78,0x00,0x0F,0x80,0x78,0x00,0x0F,0x00,
    0x7C,0x00,0x0F,0x00,0x3C,0x00,0x1E,0x00,0x3C,0x00,0x1E,0x00,0x1E,0x00,0x1E,0x00,
    0x1E,0x00,0x3C,0x00,0x1E,0x00,0x3C,0x00,0x0F,0x00,0x7C,0x00,0x0F,0x00,0x78,0x00,
    0x0F,0x80,0x78,0x00,0x07,0x80,0xF0,0x00,0x07,0x80,0xF0,0x00,0x03,0xC0,0xF0,0x00,
    0x03,0xC1,0xE0,0x00,0x03,0xC1,0xE0,0x00,0x01,0xE3,0xE0,0x00,0x01,0xE3,0xC0,0x00,
    0x00,0xF3,0xC0,0x00,0x00,0xF7,0x80,0x00,0x00,0xF7,0x80,0x00,0x00,0x7F,0x80,0x00,
    0x00,0x7F,0x00,0x00,0x00,0x7F,0x00,0x00,0x00,0x3E,0x00,0x00,0x00,0x3E,0x00,0x00,
    0x00,0x00,0x00,0x00,0x00,0x00,0x00,0x00,0x00,0x00,0x00,0x00,0x00,0x00,0x00,0x00,
    0x00,0x00,0x00,0x00,0x00,0x00,0x00,0x00,0x00,0x00,0x00,0x00,0x00,0x00,0x00,0x00,
    0x00,0x00,0x00,0x00,0x00,0x00,0x00,0x00,0x00,0x00,0x00,0x00,0x00,0x00,0x00,0x00,
    0x00,0x00,0x00,0x00,0x00,0x00,0x00,0x00,0x00,0x00,0x00,0x00,0x00,0x00,0x00,0x00,
    0x00,0x00,0x00,0x00,0x00,0x00,0x00,0x00,0x00,0x00,0x00,0x00,0x78,0x00,0xF8,0x01,
    0xE0,0x78,0x00,0xF8,0x01,0xE0,0x3C,0x01,0xF8,0x01,0xE0,0x3C,0x01,0xF8,0x01,0xE0,
    0x3C,0x01,0xFC,0x03,0xC0,0x3C,0x01,0xDC,0x03,0xC0,0x1E,0x03,0xDC,0x03,0xC0,0x1E,
    0x03,0xDC,0x03,0xC0,0x1E,0x03,0x9E,0x07,0x80,0x1E,0x03,0x8E,0x07,0x80,0x0F,0x07,
    0x8E,0x07,0x80,0x0F,0x07,0x8E,0x07,0x80,0x0F,0x07,0x0F,0x0F,0x00,0x0F,0x07,0x07,
    0x0F,0x00,0x07,0x8F,0x07,0x0F,0x00,0x07,0x8F,0x07,0x0F,0x00,0x07,0x8E,0x07,0x9E,
    0x00,0x07,0x8E,0x03,0x9E,0x00,0x03,0xDE,0x03,0x9E,0x00,0x03,0xDE,0x03,0x9E,0x00,
    0x03,0xDC,0x03,0xFC,0x00,0x03,0xFC,0x03,0xFC,0x00,0x01,0xFC,0x01,0xFC,0x00,0x01,
    0xFC,0x01,0xFC,0x00,0x01,0xF8,0x01,0xF8,0x00,0x01,0xF8,0x01,0xF8,0x00,0x00,0xF8,
    0x00,0xF8,0x00,0x00,0x00,0x00,0x00,0x00,0x00,0x00,0x00,0x00,0x00,0x00,0x00,0x00,
    0x00,0x00,0x00,0x00,0x00,0x00,0x00,0x00,0x00,0x00,0x00,0x00,0x00,0x00,0x00,0x00,
    0x00,0x00,0x00,0x00,0x00,0x00,0x00,0x00,0x00,0x00,0x00,0x00,0x00,0x00,0x00,0x00,
    0x00,0x00,0x00,0x00,0x00,0x00,0x00,0x00,0x00,0x00,0x00,0x00,0x00,0x00,0x00,0x00,
    0x00,0x00,0x00,0x00,0x00,0x00,0x00,0x00,0x00,0x00,0x00,0x00,0x00,0x00,0x00,0x00,
    0x3E,0x00,0x1E,0x00,0x1E,0x00,0x3E,0x00,0x0F,0x00,0x3C,0x00,0x0F,0x80,0x78,0x00,
    0x07,0x80,0xF8,0x00,0x03,0xC0,0xF0,0x00,0x03,0xE1,0xE0,0x00,0x01,0xE3,0xE0,0x00,
    0x00,0xF3,0xC0,0x00,0x00,0xFF,0x80,0x00,0x00,0x7F,0x80,0x00,0x00,0x3F,0x00,0x00,
    0x00,0x3E,0x00,0x00,0x00,0x3E,0x00,0x00,0x00,0x3F,0x00,0x00,0x00,0x7F,0x80,0x00,
    0x00,0xF7,0x80,0x00,0x01,0xF3,0xC0,0x00,0x01,0xE3,0xE0,0x00,0x03,0xC1,0xE0,0x00,
    0x07,0xC0,0xF0,0x00,0x07,0x80,0xF8,0x00,0x0F,0x00,0x78,0x00,0x1F,0x00,0x3C,0x00,
    0x1E,0x00,0x3E,0x00,0x3C,0x00,0x1E,0x00,0x7C,0x00,0x0F,0x00,0x00,0x00,0x00,0x00,
    0x00,0x00,0x00,0x00,0x00,0x00,0x00,0x00,0x00,0x00,0x00,0x00,0x00,0x00,0x00,0x00,
    0x00,0x00,0x00,0x00,0x00,0x00,0x00,0x00,0x00,0x00,0x00,0x00,0x00,0x00,0x00,0x00,
    0x00,0x00,0x00,0x00,0x00,0x00,0x00,0x00,0x00,0x00,0x00,0x00,0x00,0x00,0x00,0x00,
    0x00,0x00,0x00,0x00,0x00,0x00,0x00,0x00,0xF0,0x00,0x3E,0x78,0x00,0x3C,0x7C,0x00,
    0x78,0x3C,0x00,0xF8,0x1E,0x00,0xF0,0x1F,0x01,0xE0,0x0F,0x03,0xC0,0x07,0x83,0xC0,
    0x07,0xC7,0x80,0x03,0xCF,0x00,0x01,0xFF,0x00,0x01,0xFE,0x00,0x00,0xFC,0x00,0x00,
    0x7C,0x00,0x00,0x78,0x00,0x00,0x78,0x00,0x00,0x78,0x00,0x00,0x78,0x00,0x00,0x78,
    0x00,0x00,0x78,0x00,0x00,0x78,0x00,0x00,0x78,0x00,0x00,0x78,0x00,0x00,0x78,0x00,
    0x00,0x78,0x00,0x00,0x78,0x00,0x00,0x78,0x00,0x00,0x00,0x00,0x00,0x00,0x00,0x00,
    0x00,0x00,0x00,0x00,0x00,0x00,0x00,0x00,0x00,0x00,0x00,0x00,0x00,0x00,0x00,0x00,
    0x00,0x00,0x00,0x00,0x00,0x00,0x00,0x00,0x00,0x00,0x00,0x00,0x00,0x00,0x00,0x00,
    0x00,0x00,0x00,0x00,0x00,0x00,0x00,0x00,0x00,0x00,0x00,0x00,0x00,0x00,0x00,0x00,
    0x00,0x00,0x00,0x00,0x3F,0xFF,0xFE,0x00,0x3F,0xFF,0xFE,0x00,0x3F,0xFF,0xFE,0x00,
    0x00,0x00,0x3E,0x00,0x00,0x00,0x7C,0x00,0x00,0x00,0x78,0x00,0x00,0x00,0xF0,0x00,
    0x00,0x01,0xF0,0x00,0x00,0x03,0xE0,0x00,0x00,0x07,0xC0,0x00,0x00,0x0F,0x80,0x00,
    0x00,0x0F,0x00,0x00,0x00,0x1F,0x00,0x00,0x00,0x3E,0x00,0x00,0x00,0x7C,0x00,0x00,
    0x00,0xF8,0x00,0x00,0x00,0xF0,0x00,0x00,0x01,0xF0,0x00,0x00,0x03,0xE0,0x00,0x00,
    0x07,0xC0,0x00,0x00,0x0F,0x80,0x00,0x00,0x0F,0x00,0x00,0x00,0x1F,0x00,0x00,0x00,
    0x3E,0x00,0x00,0x00,0x7F,0xFF,0xFF,0x00,0x7F,0xFF,0xFF,0x00,0x7F,0xFF,0xFF,0x00,
    0x00,0x00,0x00,0x00,0x00,0x00,0x00,0x00,0x00,0x00,0x00,0x00,0x00,0x00,0x00,0x00,
    0x00,0x00,0x00,0x00,0x00,0x00,0x00,0x00,0x00,0x00,0x00,0x00,0x00,0x00,0x00,0x00,
    0x00,0x00,0x00,0x00,0x00,0x00,0x00,0x00,0x00,0x00,0x00,0x00,0x00,0x00,0x00,0x00,
    0x00,0x00,0x1F,0xE0,0x1F,0xE0,0x1F,0xE0,0x1E,0x00,0x1E,0x00,0x1E,0x00,0x1E,0x00,
    0x1E,0x00,0x1E,0x00,0x1E,0x00,0x1E,0x00,0x1E,0x00,0x1E,0x00,0x1E,0x00,0x1E,0x00,
    0x1E,0x00,0x1E,0x00,0x1E,0x00,0x1E,0x00,0x1E,0x00,0x1E,0x00,0x1E,0x00,0x1E,0x00,
    0x1E,0x00,0x1E,0x00,0x1E,0x00,0x1E,0x00,0x1E,0x00,0x1E,0x00,0x1E,0x00,0x1F,0xE0,
    0x1F,0xE0,0x1F,0xE0,0x00,0x00,0x00,0x00,0x00,0x00,0x00,0x00,0x00,0x00,0x00,0x00,
    0x00,0x00,0x00,0x00,0x00,0x00,0x00,0x00,0x00,0x00,0x00,0x00,0xE0,0x00,0xF0,0x00,
    0x70,0x00,0x70,0x00,0x78,0x00,0x38,0x00,0x38,0x00,0x3C,0x00,0x3C,0x00,0x1C,0x00,
    0x1E,0x00,0x1E,0x00,0x0E,0x00,0x0E,0x00,0x0F,0x00,0x07,0x00,0x07,0x00,0x07,0x80,
    0x03,0x80,0x03,0x80,0x03,0xC0,0x01,0xC0,0x01,0xC0,0x01,0xE0,0x01,0xE0,0x00,0xE0,
    0x00,0xF0,0x00,0xF0,0x00,0x70,0x00,0x70,0x00,0x00,0x00,0x00,0x00,0x00,0x00,0x00,
    0x00,0x00,0x00,0x00,0x00,0x00,0x00,0x00,0x00,0x00,0x00,0x00,0x00,0x00,0x00,0x00,
    0x00,0x00,0x1F,0xE0,0x1F,0xE0,0x1F,0xE0,0x00,0xE0,0x00,0xE0,0x00,0xE0,0x00,0xE0,
    0x00,0xE0,0x00,0xE0,0x00,0xE0,0x00,0xE0,0x00,0xE0,0x00,0xE0,0x00,0xE0,0x00,0xE0,
    0x00,0xE0,0x00,0xE0,0x00,0xE0,0x00,0xE0,0x00,0xE0,0x00,0xE0,0x00,0xE0,0x00,0xE0,
    0x00,0xE0,0x00,0xE0,0x00,0xE0,0x00,0xE0,0x00,0xE0,0x00,0xE0,0x00,0xE0,0x1F,0xE0,
    0x1F,0xE0,0x1F,0xE0,0x00,0x00,0x00,0x00,0x00,0x00,0x00,0x00,0x00,0x00,0x00,0x00,
    0x00,0x00,0x00,0x00,0x00,0x00,0x00,0x00,0x00,0x00,0x00,0x00,0x00,0x00,0x00,0x00,
    0x00,0x00,0x00,0x00,0x00,0x00,0x00,0x00,0x00,0x00,0x00,0x00,0x00,0x07,0xC0,0x00,
    0x00,0x0F,0xE0,0x00,0x00,0x1F,0xF0,0x00,0x00,0x3E,0xF8,0x00,0x00,0x7C,0x7C,0x00,
    0x00,0xF8,0x3E,0x00,0x01,0xF0,0x1F,0x00,0x03,0xE0,0x0F,0x80,0x07,0x80,0x03,0xC0,
    0x0F,0x00,0x01,0xE0,0x00,0x00,0x00,0x00,0x00,0x00,0x00,0x00,0x00,0x00,0x00,0x00,
    0x00,0x00,0x00,0x00,0x00,0x00,0x00,0x00,0x00,0x00,0x00,0x00,0x00,0x00,0x00,0x00,
    0x00,0x00,0x00,0x00,0x00,0x00,0x00,0x00,0x00,0x00,0x00,0x00,0x00,0x00,0x00,0x00,
    0x00,0x00,0x00,0x00,0x00,0x00,0x00,0x00,0x00,0x00,0x00,0x00,0x00,0x00,0x00,0x00,
    0x00,0x00,0x00,0x00,0x00,0x00,0x00,0x00,0x00,0x00,0x00,0x00,0x00,0x00,0x00,0x00,
    0x00,0x00,0x00,0x00,0x00,0x00,0x00,0x00,0x00,0x00,0x00,0x00,0x00,0x00,0x00,0x00,
    0x00,0x00,0x00,0x00,0x00,0x00,0x00,0x00,0x00,0x00,0x00,0x00,0x00,0x00,0x00,0x00,
    0x00,0x00,0x00,0x00,0x00,0x00,0x00,0x00,0x00,0x00,0x00,0x00,0x00,0x00,0x00,0x00,
    0x00,0x00,0x00,0x00,0x00,0x00,0x00,0x00,0x00,0x00,0x00,0x00,0x00,0x00,0x00,0x00,
    0x00,0x00,0x00,0x00,0x00,0x00,0x00,0x00,0x00,0x00,0x00,0x00,0x00,0x00,0x00,0x00,
    0x00,0x00,0x00,0x00,0x00,0x00,0x00,0x00,0x00,0x00,0x00,0x00,0x00,0x00,0x00,0x00,
    0x00,0x00,0x00,0x00,0x00,0x00,0x00,0x00,0x00,0x00,0x00,0x00,0x00,0x00,0x00,0x00,
    0x00,0x00,0x00,0x00,0x00,0x00,0x00,0x00,0x00,0x00,0x00,0x00,0x00,0x00,0x00,0x00,
    0x00,0x00,0x00,0x00,0x00,0x00,0x00,0x00,0x00,0x00,0x00,0x00,0x00,0x00,0x00,0x00,
    0x00,0x00,0x00,0x00,0x00,0x00,0x00,0xFF,0xFF,0xC0,0xFF,0xFF,0xC0,0xFF,0xFF,0xC0,
    0x00,0x00,0x00,0x00,0x00,0x00,0x00,0x00,0x00,0x00,0x00,0x00,0x00,0x00,0x00,0x1E,
    0x00,0x00,0x0F,0x00,0x00,0x07,0x80,0x00,0x03,0x80,0x00,0x01,0xC0,0x00,0x01,0xE0,
    0x00,0x00,0xF0,0x00,0x00,0x00,0x00,0x00,0x00,0x00,0x00,0x00,0x00,0x00,0x00,0x00,
    0x00,0x00,0x00,0x00,0x00,0x00,0x00,0x00,0x00,0x00,0x00,0x00,0x00,0x00,0x00,0x00,
    0x00,0x00,0x00,0x00,0x00,0x00,0x00,0x00,0x00,0x00,0x00,0x00,0x00,0x00,0x00,0x00,
    0x00,0x00,0x00,0x00,0x00,0x00,0x00,0x00,0x00,0x00,0x00,0x00,0x00,0x00,0x00,0x00,
    0x00,0x00,0x00,0x00,0x00,0x00,0x00,0x00,0x00,0x00,0x00,0x00,0x00,0x00,0x00,0x00,
    0x00,0x00,0x00,0x00,0x00,0x00,0x00,0x00,0x00,0x00,0x00,0x00,0x00,0x00,0x00,0x00,
    0x00,0x00,0x00,0x00,0x00,0x00,0x00,0x00,0x00,0x00,0x00,0x00,0x00,0x00,0x00,0x00,
    0x00,0x00,0x00,0x00,0x00,0x00,0x00,0x00,0x00,0x00,0x00,0x00,0x00,0x00,0x00,0x00,
    0x00,0x00,0x00,0x00,0x00,0x00,0x00,0x00,0x00,0x00,0x00,0x00,0x00,0x00,0x00,0x00,
    0x00,0x01,0xFE,0x00,0x0F,0xFF,0x80,0x0F,0xFF,0xC0,0x0F,0x07,0xC0,0x08,0x01,0xE0,
    0x00,0x00,0xE0,0x00,0x00,0xE0,0x01,0xFF,0xE0,0x07,0xFF,0xE0,0x1F,0xFF,0xF0,0x1F,
    0x80,0xF0,0x3C,0x00,0xF0,0x3C,0x00,0xF0,0x3C,0x01,0xF0,0x3C,0x01,0xF0,0x3C,0x03,
    0xF0,0x1F,0x0F,0xF0,0x1F,0xFE,0xF0,0x0F,0xFC,0xF0,0x03,0xF0,0xF0,0x00,0x00,0x00,
    0x00,0x00,0x00,0x00,0x00,0x00,0x00,0x00,0x00,0x00,0x00,0x00,0x00,0x00,0x00,0x00,
    0x00,0x00,0x00,0x00,0x00,0x00,0x00,0x00,0x00,0x00,0x00,0x00,0x00,0x00,0x00,0x00,
    0x00,0x00,0x00,0x00,0x00,0x00,0x00,0x00,0x00,0x00,0x00,0x00,0x00,0x1E,0x00,0x00,
    0x1E,0x00,0x00,0x1E,0x00,0x00,0x1E,0x00,0x00,0x1E,0x00,0x00,0x1E,0x00,0x00,0x1E,
    0x00,0x00,0x1E,0x00,0x00,0x1E,0x3F,0x00,0x1E,0xFF,0xC0,0x1F,0xFF,0xE0,0x1F,0xC3,
    0xF0,0x1F,0x80,0xF0,0x1F,0x00,0x78,0x1E,0x00,0x78,0x1E,0x00,0x38,0x1E,0x00,0x3C,
    0x1E,0x00,0x3C,0x1E,0x00,0x3C,0x1E,0x00,0x3C,0x1E,0x00,0x38,0x1E,0x00,0x78,0x1F,
    0x00,0x78,0x1F,0x80,0xF0,0x1F,0xC3,0xF0,0x1F,0xFF,0xE0,0x1E,0xFF,0xC0,0x1E,0x3F,
    0x00,0x00,0x00,0x00,0x00,0x00,0x00,0x00,0x00,0x00,0x00,0x00,0x00,0x00,0x00,0x00,
    0x00,0x00,0x00,0x00,0x00,0x00,0x00,0x00,0x00,0x00,0x00,0x00,0x00,0x00,0x00,0x00,
    0x00,0x00,0x00,0x00,0x00,0x00,0x00,0x00,0x00,0x00,0x00,0x00,0x00,0x00,0x00,0x00,
    0x00,0x00,0x00,0x00,0x00,0x00,0x00,0x00,0x00,0x00,0x00,0x00,0x00,0x00,0x00,0x00,
    0x00,0x00,0x00,0x00,0x00,0x00,0x00,0x00,0x00,0x00,0xFF,0x00,0x03,0xFF,0xC0,0x07,
    0xFF,0xC0,0x0F,0xC3,0xC0,0x1F,0x00,0x40,0x1E,0x00,0x00,0x3C,0x00,0x00,0x3C,0x00,
    0x00,0x3C,0x00,0x00,0x3C,0x00,0x00,0x3C,0x00,0x00,0x3C,0x00,0x00,0x3C,0x00,0x00,
    0x3C,0x00,0x00,0x1E,0x00,0x00,0x1F,0x00,0x40,0x0F,0xC1,0xC0,0x07,0xFF,0xC0,0x03,
    0xFF,0xC0,0x00,0xFF,0x00,0x00,0x00,0x00,0x00,0x00,0x00,0x00,0x00,0x00,0x00,0x00,
    0x00,0x00,0x00,0x00,0x00,0x00,0x00,0x00,0x00,0x00,0x00,0x00,0x00,0x00,0x00,0x00,
    0x00,0x00,0x00,0x00,0x00,0x00,0x00,0x00,0x00,0x00,0x00,0x00,0x00,0x00,0x00,0x00,
    0x00,0x00,0x00,0x00,0x00,0x00,0x00,0x70,0x00,0x00,0x70,0x00,0x00,0x70,0x00,0x00,
    0x70,0x00,0x00,0x70,0x00,0x00,0x70,0x00,0x00,0x70,0x00,0x00,0x70,0x01,0xF8,0x70,
    0x07,0xFE,0x70,0x0F,0xFF,0x70,0x0F,0x87,0xF0,0x1F,0x01,0xF0,0x1E,0x00,0xF0,0x3C,
    0x00,0xF0,0x3C,0x00,0xF0,0x3C,0x00,0xF0,0x3C,0x00,0x70,0x3C,0x00,0x70,0x3C,0x00,
    0xF0,0x3C,0x00,0xF0,0x3C,0x00,0xF0,0x1E,0x00,0xF0,0x1F,0x01,0xF0,0x0F,0x87,0xF0,
    0x0F,0xFF,0x70,0x07,0xFE,0x70,0x01,0xF8,0x70,0x00,0x00,0x00,0x00,0x00,0x00,0x00,
    0x00,0x00,0x00,0x00,0x00,0x00,0x00,0x00,0x00,0x00,0x00,0x00,0x00,0x00,0x00,0x00,
    0x00,0x00,0x00,0x00,0x00,0x00,0x00,0x00,0x00,0x00,0x00,0x00,0x00,0x00,0x00,0x00,
    0x00,0x00,0x00,0x00,0x00,0x00,0x00,0x00,0x00,0x00,0x00,0x00,0x00,0x00,0x00,0x00,
    0x00,0x00,0x00,0x00,0x00,0x00,0x00,0x00,0x00,0x00,0x00,0x00,0x00,0x00,0x00,0x00,
    0x00,0x00,0xFF,0x00,0x03,0xFF,0x80,0x07,0xFF,0xE0,0x0F,0xC3,0xE0,0x1F,0x00,0xF0,
    0x1E,0x00,0x70,0x3C,0x00,0x78,0x3C,0x00,0x78,0x3F,0xFF,0xF8,0x3F,0xFF,0xF8,0x3F,
    0xFF,0xF8,0x3C,0x00,0x00,0x3C,0x00,0x00,0x3C,0x00,0x00,0x1E,0x00,0x00,0x1F,0x00,
    0x10,0x0F,0xC0,0xF0,0x07,0xFF,0xF0,0x03,0xFF,0xE0,0x00,0xFF,0x80,0x00,0x00,0x00,
    0x00,0x00,0x00,0x00,0x00,0x00,0x00,0x00,0x00,0x00,0x00,0x00,0x00,0x00,0x00,0x00,
    0x00,0x00,0x00,0x00,0x00,0x00,0x00,0x00,0x00,0x00,0x00,0x00,0x00,0x00,0x00,0x00,
    0x00,0x00,0x00,0x00,0x00,0x00,0x01,0xF8,0x03,0xF8,0x07,0xF8,0x0F,0x80,0x0F,0x00,
    0x0F,0x00,0x0F,0x00,0x0F,0x00,0x7F,0xF8,0x7F,0xF8,0x7F,0xF8,0x0F,0x00,0x0F,0x00,
    0x0F,0x00,0x0F,0x00,0x0F,0x00,0x0F,0x00,0x0F,0x00,0x0F,0x00,0x0F,0x00,0x0F,0x00,
    0x0F,0x00,0x0F,0x00,0x0F,0x00,0x0F,0x00,0x0F,0x00,0x0F,0x00,0x0F,0x00,0x00,0x00,
    0x00,0x00,0x00,0x00,0x00,0x00,0x00,0x00,0x00,0x00,0x00,0x00,0x00,0x00,0x00,0x00,
    0x00,0x00,0x00,0x00,0x00,0x00,0x00,0x00,0x00,0x00,0x00,0x00,0x00,0x00,0x00,0x00,
    0x00,0x00,0x00,0x00,0x00,0x00,0x00,0x00,0x00,0x00,0x00,0x00,0x00,0x00,0x00,0x00,
    0x00,0x00,0x00,0x00,0x00,0x00,0x00,0x00,0x00,0x00,0x00,0x00,0x00,0x01,0xF8,0x70,
    0x07,0xFE,0x70,0x0F,0xFF,0x70,0x0F,0x87,0xF0,0x1F,0x01,0xF0,0x1E,0x00,0xF0,0x3C,
    0x00,0xF0,0x3C,0x00,0xF0,0x3C,0x00,0x70,0x3C,0x00,0x70,0x3C,0x00,0x70,0x3C,0x00,
    0x70,0x3C,0x00,0xF0,0x3C,0x00,0xF0,0x1E,0x00,0xF0,0x1F,0x01,0xF0,0x0F,0x87,0xF0,
    0x0F,0xFF,0x70,0x07,0xFE,0x70,0x01,0xF8,0x70,0x00,0x00,0xF0,0x00,0x00,0xF0,0x00,
    0x00,0xF0,0x0C,0x01,0xE0,0x0F,0x07,0xE0,0x0F,0xFF,0xC0,0x07,0xFF,0x80,0x01,0xFE,
    0x00,0x00,0x00,0x00,0x00,0x00,0x00,0x00,0x00,0x00,0x00,0x00,0x00,0x00,0x00,0x00,
    0x00,0x00,0x00,0x00,0x00,0x00,0x00,0x00,0x00,0x1E,0x00,0x00,0x1E,0x00,0x00,0x1E,
    0x00,0x00,0x1E,0x00,0x00,0x1E,0x00,0x00,0x1E,0x00,0x00,0x1E,0x00,0x00,0x1E,0x00,
    0x00,0x1E,0x3F,0x80,0x1E,0x7F,0xC0,0x1E,0xFF,0xE0,0x1F,0xC3,0xF0,0x1F,0x80,0xF0,
    0x1F,0x00,0xF0,0x1E,0x00,0x70,0x1E,0x00,0x70,0x1E,0x00,0x70,0x1E,0x00,0x78,0x1E,
    0x00,0x78,0x1E,0x00,0x78,0x1E,0x00,0x78,0x1E,0x00,0x78,0x1E,0x00,0x78,0x1E,0x00,
    0x78,0x1E,0x00,0x78,0x1E,0x00,0x78,0x1E,0x00,0x78,0x1E,0x00,0x78,0x00,0x00,0x00,
    0x00,0x00,0x00,0x00,0x00,0x00,0x00,0x00,0x00,0x00,0x00,0x00,0x00,0x00,0x00,0x00,
    0x00,0x00,0x00,0x00,0x00,0x00,0x00,0x00,0x00,0x00,0x00,0x00,0x00,0x00,0x00,0x00,
    0x00,0x00,0x00,0x00,0x00,0x00,0x1E,0x00,0x1E,0x00,0x1E,0x00,0x1E,0x00,0x00,0x00,
    0x00,0x00,0x00,0x00,0x00,0x00,0x1E,0x00,0x1E,0x00,0x1E,0x00,0x1E,0x00,0x1E,0x00,
    0x1E,0x00,0x1E,0x00,0x1E,0x00,0x1E,0x00,0x1E,0x00,0x1E,0x00,0x1E,0x00,0x1E,0x00,
    0x1E,0x00,0x1E,0x00,0x1E,0x00,0x1E,0x00,0x1E,0x00,0x1E,0x00,0x1E,0x00,0x00,0x00,
    0x00,0x00,0x00,0x00,0x00,0x00,0x00,0x00,0x00,0x00,0x00,0x00,0x00,0x00,0x00,0x00,
    0x00,0x00,0x00,0x00,0x00,0x00,0x00,0x00,0x00,0x00,0x00,0x00,0x00,0x00,0x1E,0x00,
    0x1E,0x00,0x1E,0x00,0x1E,0x00,0x00,0x00,0x00,0x00,0x00,0x00,0x00,0x00,0x1E,0x00,
    0x1E,0x00,0x1E,0x00,0x1E,0x00,0x1E,0x00,0x1E,0x00,0x1E,0x00,0x1E,0x00,0x1E,0x00,
    0x1E,0x00,0x1E,0x00,0x1E,0x00,0x1E,0x00,0x1E,0x00,0x1E,0x00,0x1E,0x00,0x1E,0x00,
    0x1E,0x00,0x1E,0x00,0x1E,0x00,0x1E,0x00,0x1E,0x00,0x1E,0x00,0x1E,0x00,0x3C,0x00,
    0xFC,0x00,0xF8,0x00,0xF0,0x00,0x00,0x00,0x00,0x00,0x00,0x00,0x00,0x00,0x00,0x00,
    0x00,0x00,0x00,0x00,0x00,0x00,0x00,0x00,0x00,0x00,0x00,0x00,0x00,0x1E,0x00,0x00,
    0x1E,0x00,0x00,0x1E,0x00,0x00,0x1E,0x00,0x00,0x1E,0x00,0x00,0x1E,0x00,0x00,0x1E,
    0x00,0x00,0x1E,0x00,0x00,0x1E,0x00,0xF8,0x1E,0x01,0xE0,0x1E,0x03,0xC0,0x1E,0x0F,
    0x80,0x1E,0x1F,0x00,0x1E,0x3E,0x00,0x1E,0x7C,0x00,0x1E,0xF0,0x00,0x1F,0xE0,0x00,
    0x1F,0xE0,0x00,0x1F,0xF0,0x00,0x1E,0xF8,0x00,0x1E,0x7C,0x00,0x1E,0x3E,0x00,0x1E,
    0x1F,0x00,0x1E,0x0F,0x80,0x1E,0x07,0xC0,0x1E,0x03,0xE0,0x1E,0x01,0xF0,0x1E,0x00,
    0xF8,0x00,0x00,0x00,0x00,0x00,0x00,0x00,0x00,0x00,0x00,0x00,0x00,0x00,0x00,0x00,
    0x00,0x00,0x00,0x00,0x00,0x00,0x00,0x00,0x00,0x00,0x00,0x00,0x00,0x00,0x00,0x00,
    0x00,0x00,0x00,0x00,0x00,0x00,0x00,0x00,0x00,0x00,0x1E,0x00,0x1E,0x00,0x1E,0x00,
    0x1E,0x00,0x1E,0x00,0x1E,0x00,0x1E,0x00,0x1E,0x00,0x1E,0x00,0x1E,0x00,0x1E,0x00,
    0x1E,0x00,0x1E,0x00,0x1E,0x00,0x1E,0x00,0x1E,0x00,0x1E,0x00,0x1E,0x00,0x1E,0x00,
    0x1E,0x00,0x1E,0x00,0x1E,0x00,0x1E,0x00,0x1E,0x00,0x1E,0x00,0x1E,0x00,0x1E,0x00,
    0x1E,0x00,0x00,0x00,0x00,0x00,0x00,0x00,0x00,0x00,0x00,0x00,0x00,0x00,0x00,0x00,
    0x00,0x00,0x00,0x00,0x00,0x00,0x00,0x00,0x00,0x00,0x00,0x00,0x00,0x00,0x00,0x00,
    0x00,0x00,0x00,0x00,0x00,0x00,0x00,0x00,0x00,0x00,0x00,0x00,0x00,0x00,0x00,0x00,
    0x00,0x00,0x00,0x00,0x00,0x00,0x00,0x00,0x00,0x00,0x00,0x00,0x00,0x00,0x00,0x00,
    0x00,0x00,0x00,0x00,0x00,0x00,0x00,0x00,0x00,0x00,0x00,0x00,0x00,0x00,0x00,0x00,
    0x00,0x00,0x00,0x00,0x00,0x00,0x00,0x00,0x00,0x00,0x00,0x00,0x00,0x00,0x00,0x1E,
    0x3F,0x01,0xF8,0x00,0x1E,0x7F,0x83,0xFE,0x00,0x1E,0xFF,0xC7,0xFF,0x00,0x1F,0xC3,
    0xEE,0x1F,0x00,0x1F,0x81,0xFC,0x0F,0x80,0x1F,0x00,0xF8,0x07,0x80,0x1E,0x00,0xF0,
    0x07,0x80,0x1E,0x00,0xF0,0x07,0x80,0x1E,0x00,0xF0,0x07,0x80,0x1E,0x00,0xF0,0x07,
    0x80,0x1E,0x00,0xF0,0x07,0x80,0x1E,0x00,0xF0,0x07,0x80,0x1E,0x00,0xF0,0x07,0x80,
    0x1E,0x00,0xF0,0x07,0x80,0x1E,0x00,0xF0,0x07,0x80,0x1E,0x00,0xF0,0x07,0x80,0x1E,
    0x00,0xF0,0x07,0x80,0x1E,0x00,0xF0,0x07,0x80,0x1E,0x00,0xF0,0x07,0x80,0x1E,0x00,
    0xF0,0x07,0x80,0x00,0x00,0x00,0x00,0x00,0x00,0x00,0x00,0x00,0x00,0x00,0x00,0x00,
    0x00,0x00,0x00,0x00,0x00,0x00,0x00,0x00,0x00,0x00,0x00,0x00,0x00,0x00,0x00,0x00,
    0x00,0x00,0x00,0x00,0x00,0x00,0x00,0x00,0x00,0x00,0x00,0x00,0x00,0x00,0x00,0x00,
    0x00,0x00,0x00,0x00,0x00,0x00,0x00,0x00,0x00,0x00,0x00,0x00,0x00,0x00,0x00,0x00,
    0x00,0x00,0x00,0x00,0x00,0x00,0x00,0x00,0x00,0x00,0x00,0x00,0x00,0x00,0x00,0x00,
    0x00,0x00,0x00,0x00,0x00,0x00,0x00,0x00,0x00,0x00,0x00,0x00,0x00,0x1E,0x3F,0x80,
    0x1E,0x7F,0xC0,0x1E,0xFF,0xE0,0x1F,0xC3,0xF0,0x1F,0x80,0xF0,0x1F,0x00,0xF0,0x1E,
    0x00,0x70,0x1E,0x00,0x70,0x1E,0x00,0x70,0x1E,0x00,0x78,0x1E,0x00,0x78,0x1E,0x00,
    0x78,0x1E,0x00,0x78,0x1E,0x00,0x78,0x1E,0x00,0x78,0x1E,0x00,0x78,0x1E,0x00,0x78,
    0x1E,0x00,0x78,0x1E,0x00,0x78,0x1E,0x00,0x78,0x00,0x00,0x00,0x00,0x00,0x00,0x00,
    0x00,0x00,0x00,0x00,0x00,0x00,0x00,0x00,0x00,0x00,0x00,0x00,0x00,0x00,0x00,0x00,
    0x00,0x00,0x00,0x00,0x00,0x00,0x00,0x00,0x00,0x00,0x00,0x00,0x00,0x00,0x00,0x00,
    0x00,0x00,0x00,0x00,0x00,0x00,0x00,0x00,0x00,0x00,0x00,0x00,0x00,0x00,0x00,0x00,
    0x00,0x00,0x00,0x00,0x00,0x00,0x00,0x00,0x00,0x00,0x00,0x00,0x00,0x00,0x00,0x00,
    0x00,0x01,0xFE,0x00,0x03,0xFF,0x80,0x0F,0xFF,0xC0,0x0F,0x87,0xE0,0x1F,0x01,0xF0,
    0x1E,0x00,0xF0,0x3C,0x00,0xF0,0x3C,0x00,0x78,0x3C,0x00,0x78,0x3C,0x00,0x78,0x3C,
    0x00,0x78,0x3C,0x00,0x78,0x3C,0x00,0x78,0x3C,0x00,0xF0,0x1E,0x00,0xF0,0x1F,0x01,
    0xF0,0x0F,0x87,0xE0,0x0F,0xFF,0xC0,0x03,0xFF,0x80,0x01,0xFE,0x00,0x00,0x00,0x00,
    0x00,0x00,0x00,0x00,0x00,0x00,0x00,0x00,0x00,0x00,0x00,0x00,0x00,0x00,0x00,0x00,
    0x00,0x00,0x00,0x00,0x00,0x00,0x00,0x00,0x00,0x00,0x00,0x00,0x00,0x00,0x00,0x00,
    0x00,0x00,0x00,0x00,0x00,0x00,0x00,0x00,0x00,0x00,0x00,0x00,0x00,0x00,0x00,0x00,
    0x00,0x00,0x00,0x00,0x00,0x00,0x00,0x00,0x00,0x00,0x00,0x00,0x00,0x00,0x00,0x00,
    0x00,0x00,0x00,0x00,0x00,0x1E,0x3F,0x00,0x1E,0xFF,0xC0,0x1F,0xFF,0xE0,0x1F,0xC3,
    0xF0,0x1F,0x80,0xF0,0x1F,0x00,0x78,0x1E,0x00,0x78,0x1E,0x00,0x38,0x1E,0x00,0x3C,
    0x1E,0x00,0x3C,0x1E,0x00,0x3C,0x1E,0x00,0x3C,0x1E,0x00,0x38,0x1E,0x00,0x78,0x1F,
    0x00,0x78,0x1F,0x80,0xF0,0x1F,0xC3,0xF0,0x1F,0xFF,0xE0,0x1E,0xFF,0xC0,0x1E,0x3F,
    0x00,0x1E,0x00,0x00,0x1E,0x00,0x00,0x1E,0x00,0x00,0x1E,0x00,0x00,0x1E,0x00,0x00,
    0x1E,0x00,0x00,0x1E,0x00,0x00,0x1E,0x00,0x00,0x00,0x00,0x00,0x00,0x00,0x00,0x00,
    0x00,0x00,0x00,0x00,0x00,0x00,0x00,0x00,0x00,0x00,0x00,0x00,0x00,0x00,0x00,0x00,
    0x00,0x00,0x00,0x00,0x00,0x00,0x00,0x00,0x00,0x00,0x00,0x00,0x00,0x00,0x00,0x00,
    0x00,0x00,0x00,0x00,0x00,0x00,0x00,0x00,0x00,0x01,0xF8,0x70,0x07,0xFE,0x70,0x0F,
    0xFF,0x70,0x0F,0x87,0xF0,0x1F,0x01,0xF0,0x1E,0x00,0xF0,0x3C,0x00,0xF0,0x3C,0x00,
    0xF0,0x3C,0x00,0xF0,0x3C,0x00,0x70,0x3C,0x00,0x70,0x3C,0x00,0xF0,0x3C,0x00,0xF0,
    0x3C,0x00,0xF0,0x1E,0x00,0xF0,0x1F,0x01,0xF0,0x0F,0x87,0xF0,0x0F,0xFF,0x70,0x07,
    0xFE,0x70,0x01,0xF8,0x70,0x00,0x00,0x70,0x00,0x00,0x70,0x00,0x00,0x70,0x00,0x00,
    0x70,0x00,0x00,0x70,0x00,0x00,0x70,0x00,0x00,0x70,0x00,0x00,0x70,0x00,0x00,0x00,
    0x00,0x00,0x00,0x00,0x00,0x00,0x00,0x00,0x00,0x00,0x00,0x00,0x00,0x00,0x00,0x00,
    0x00,0x00,0x00,0x00,0x00,0x00,0x00,0x00,0x00,0x00,0x00,0x00,0x00,0x00,0x1E,0x3E,
    0x1E,0xFE,0x1E,0xFE,0x1F,0xE0,0x1F,0x80,0x1F,0x00,0x1E,0x00,0x1E,0x00,0x1E,0x00,
    0x1E,0x00,0x1E,0x00,0x1E,0x00,0x1E,0x00,0x1E,0x00,0x1E,0x00,0x1E,0x00,0x1E,0x00,
    0x1E,0x00,0x1E,0x00,0x1E,0x00,0x00,0x00,0x00,0x00,0x00,0x00,0x00,0x00,0x00,0x00,
    0x00,0x00,0x00,0x00,0x00,0x00,0x00,0x00,0x00,0x00,0x00,0x00,0x00,0x00,0x00,0x00,
    0x00,0x00,0x00,0x00,0x00,0x00,0x00,0x00,0x00,0x00,0x00,0x00,0x00,0x00,0x00,0x00,
    0x00,0x00,0x00,0x00,0x00,0x00,0x00,0x00,0x00,0x00,0x00,0x00,0x00,0x00,0x00,0x00,
    0x00,0x00,0x00,0x00,0x00,0x03,0xFE,0x00,0x0F,0xFF,0x80,0x1F,0xFF,0x80,0x3F,0x03,
    0x80,0x3C,0x00,0x00,0x3C,0x00,0x00,0x3C,0x00,0x00,0x3F,0x00,0x00,0x1F,0xF0,0x00,
    0x0F,0xFE,0x00,0x01,0xFF,0x00,0x00,0x1F,0x80,0x00,0x07,0x80,0x00,0x03,0xC0,0x00,
    0x03,0xC0,0x20,0x07,0x80,0x3E,0x0F,0x80,0x3F,0xFF,0x00,0x1F,0xFE,0x00,0x07,0xF8,
    0x00,0x00,0x00,0x00,0x00,0x00,0x00,0x00,0x00,0x00,0x00,0x00,0x00,0x00,0x00,0x00,
    0x00,0x00,0x00,0x00,0x00,0x00,0x00,0x00,0x00,0x00,0x00,0x00,0x00,0x00,0x00,0x00,
    0x00,0x00,0x00,0x00,0x00,0x00,0x00,0x00,0x00,0x00,0x00,0x00,0x00,0x00,0x1E,0x00,
    0x1E,0x00,0x1E,0x00,0x1E,0x00,0x1E,0x00,0x1E,0x00,0x7F,0xFC,0x7F,0xFC,0x7F,0xFC,
    0x1E,0x00,0x1E,0x00,0x1E,0x00,0x1E,0x00,0x1E,0x00,0x1E,0x00,0x1E,0x00,0x1E,0x00,
    0x1E,0x00,0x1E,0x00,0x1E,0x00,0x1E,0x00,0x1E,0x00,0x0F,0x00,0x0F,0xFC,0x07,0xFC,
    0x03,0xFC,0x00,0x00,0x00,0x00,0x00,0x00,0x00,0x00,0x00,0x00,0x00,0x00,0x00,0x00,
    0x00,0x00,0x00,0x00,0x00,0x00,0x00,0x00,0x00,0x00,0x00,0x00,0x00,0x00,0x00,0x00,
    0x00,0x00,0x00,0x00,0x00,0x00,0x00,0x00,0x00,0x00,0x00,0x00,0x00,0x00,0x00,0x00,
    0x00,0x00,0x00,0x00,0x00,0x00,0x00,0x00,0x00,0x00,0x00,0x00,0x00,0x00,0x00,0x00,
    0x00,0x1E,0x00,0x70,0x1E,0x00,0x70,0x1E,0x00,0x70,0x1E,0x00,0x70,0x1E,0x00,0x70,
    0x1E,0x00,0x70,0x1E,0x00,0x70,0x1E,0x00,0x70,0x1E,0x00,0x70,0x1E,0x00,0x70,0x1E,
    0x00,0x70,0x1E,0x00,0x70,0x1E,0x00,0xF0,0x1E,0x00,0xF0,0x1E,0x00,0xF0,0x0F,0x01,
    0xF0,0x0F,0x87,0xF0,0x07,0xFF,0x70,0x07,0xFE,0x70,0x01,0xF8,0x70,0x00,0x00,0x00,
    0x00,0x00,0x00,0x00,0x00,0x00,0x00,0x00,0x00,0x00,0x00,0x00,0x00,0x00,0x00,0x00,
    0x00,0x00,0x00,0x00,0x00,0x00,0x00,0x00,0x00,0x00,0x00,0x00,0x00,0x00,0x00,0x00,
    0x00,0x00,0x00,0x00,0x00,0x00,0x00,0x00,0x00,0x00,0x00,0x00,0x00,0x00,0x00,0x00,
    0x00,0x00,0x00,0x00,0x00,0x00,0x00,0x00,0x00,0x00,0x00,0x00,0x00,0x00,0x00,0x00,
    0x00,0x00,0x00,0x00,0x00,0x78,0x00,0x78,0x78,0x00,0x70,0x3C,0x00,0xF0,0x3C,0x00,
    0xF0,0x1E,0x01,0xE0,0x1E,0x01,0xE0,0x1E,0x01,0xE0,0x0F,0x03,0xC0,0x0F,0x03,0xC0,
    0x07,0x03,0x80,0x07,0x87,0x80,0x07,0x87,0x80,0x03,0xCF,0x00,0x03,0xCF,0x00,0x03,
    0xCE,0x00,0x01,0xFE,0x00,0x01,0xFE,0x00,0x00,0xFC,0x00,0x00,0xFC,0x00,0x00,0xFC,
    0x00,0x00,0x00,0x00,0x00,0x00,0x00,0x00,0x00,0x00,0x00,0x00,0x00,0x00,0x00,0x00,
    0x00,0x00,0x00,0x00,0x00,0x00,0x00,0x00,0x00,0x00,0x00,0x00,0x00,0x00,0x00,0x00,
    0x00,0x00,0x00,0x00,0x00,0x00,0x00,0x00,0x00,0x00,0x00,0x00,0x00,0x00,0x00,0x00,
    0x00,0x00,0x00,0x00,0x00,0x00,0x00,0x00,0x00,0x00,0x00,0x00,0x00,0x00,0x00,0x00,
    0x00,0x00,0x00,0x00,0x00,0x00,0x00,0x00,0x00,0x00,0x00,0x00,0x00,0x00,0x00,0x00,
    0x00,0x00,0x00,0x00,0x00,0x00,0x00,0x00,0x78,0x07,0x80,0x78,0x38,0x07,0xC0,0x70,
    0x3C,0x0F,0xC0,0x70,0x3C,0x0F,0xC0,0xF0,0x1C,0x0F,0xC0,0xF0,0x1E,0x0F,0xE0,0xE0,
    0x1E,0x1E,0xE1,0xE0,0x1E,0x1C,0xE1,0xE0,0x0E,0x1C,0xF1,0xE0,0x0F,0x3C,0x71,0xC0,
    0x0F,0x38,0x73,0xC0,0x0F,0x38,0x73,0xC0,0x07,0x38,0x7B,0xC0,0x07,0xF8,0x3B,0x80,
    0x07,0xF0,0x3F,0x80,0x07,0xF0,0x3F,0x80,0x03,0xF0,0x3F,0x80,0x03,0xF0,0x1F,0x00,
    0x03,0xE0,0x1F,0x00,0x01,0xE0,0x1F,0x00,0x00,0x00,0x00,0x00,0x00,0x00,0x00,0x00,
    0x00,0x00,0x00,0x00,0x00,0x00,0x00,0x00,0x00,0x00,0x00,0x00,0x00,0x00,0x00,0x00,
    0x00,0x00,0x00,0x00,0x00,0x00,0x00,0x00,0x00,0x00,0x00,0x00,0x00,0x00,0x00,0x00,
    0x00,0x00,0x00,0x00,0x00,0x00,0x00,0x00,0x00,0x00,0x00,0x00,0x00,0x00,0x00,0x00,
    0x00,0x00,0x00,0x00,0x00,0x00,0x00,0x00,0x00,0x00,0x00,0x00,0x00,0x00,0x00,0x00,
    0x00,0x00,0x00,0x00,0x00,0x00,0x00,0x00,0x00,0x3C,0x00,0xF0,0x1E,0x01,0xE0,0x1F,
    0x03,0xE0,0x0F,0x03,0xC0,0x07,0x87,0x80,0x03,0xCF,0x00,0x03,0xFF,0x00,0x01,0xFE,
    0x00,0x00,0xFC,0x00,0x00,0x78,0x00,0x00,0xFC,0x00,0x01,0xFC,0x00,0x01,0xFE,0x00,
    0x03,0xCF,0x00,0x07,0x8F,0x80,0x0F,0x87,0x80,0x1F,0x03,0xC0,0x1E,0x01,0xE0,0x3C,
    0x01,0xF0,0x7C,0x00,0xF8,0x00,0x00,0x00,0x00,0x00,0x00,0x00,0x00,0x00,0x00,0x00,
    0x00,0x00,0x00,0x00,0x00,0x00,0x00,0x00,0x00,0x00,0x00,0x00,0x00,0x00,0x00,0x00,
    0x00,0x00,0x00,0x00,0x00,0x00,0x00,0x00,0x00,0x00,0x00,0x00,0x00,0x00,0x00,0x00,
    0x00,0x00,0x00,0x00,0x00,0x00,0x00,0x00,0x00,0x00,0x00,0x00,0x00,0x00,0x00,0x00,
    0x00,0x00,0x00,0x00,0x00,0x00,0x00,0x00,0x00,0x00,0x00,0x00,0x00,0x78,0x00,0x78,
    0x38,0x00,0xF0,0x3C,0x00,0xF0,0x3C,0x00,0xF0,0x1E,0x01,0xE0,0x1E,0x01,0xE0,0x0E,
    0x03,0xC0,0x0F,0x03,0xC0,0x0F,0x03,0xC0,0x07,0x87,0x80,0x07,0x87,0x80,0x03,0x8F,
    0x00,0x03,0xCF,0x00,0x01,0xCF,0x00,0x01,0xFE,0x00,0x01,0xFE,0x00,0x00,0xFC,0x00,
    0x00,0xFC,0x00,0x00,0x7C,0x00,0x00,0x78,0x00,0x00,0x78,0x00,0x00,0xF0,0x00,0x00,
    0xF0,0x00,0x01,0xE0,0x00,0x03,0xE0,0x00,0x1F,0xC0,0x00,0x1F,0xC0,0x00,0x1F,0x00,
    0x00,0x00,0x00,0x00,0x00,0x00,0x00,0x00,0x00,0x00,0x00,0x00,0x00,0x00,0x00,0x00,
    0x00,0x00,0x00,0x00,0x00,0x00,0x00,0x00,0x00,0x00,0x00,0x00,0x00,0x00,0x00,0x00,
    0x00,0x00,0x00,0x00,0x00,0x00,0x00,0x00,0x00,0x00,0x00,0x00,0x00,0x00,0x00,0x00,
    0x00,0x3F,0xFF,0xC0,0x3F,0xFF,0xC0,0x3F,0xFF,0xC0,0x00,0x07,0xC0,0x00,0x07,0x80,
    0x00,0x0F,0x00,0x00,0x1E,0x00,0x00,0x3C,0x00,0x00,0x78,0x00,0x00,0xF0,0x00,0x01,
    0xE0,0x00,0x03,0xC0,0x00,0x07,0xC0,0x00,0x07,0x80,0x00,0x0F,0x00,0x00,0x1E,0x00,
    0x00,0x3C,0x00,0x00,0x7F,0xFF,0xC0,0x7F,0xFF,0xC0,0x7F,0xFF,0xC0,0x00,0x00,0x00,
    0x00,0x00,0x00,0x00,0x00,0x00,0x00,0x00,0x00,0x00,0x00,0x00,0x00,0x00,0x00,0x00,
    0x00,0x00,0x00,0x00,0x00,0x00,0x00,0x00,0x00,0x00,0x00,0x00,0x00,0x00,0x00,0x00,
    0x00,0x00,0x00,0x00,0x00,0x00,0x00,0x00,0x00,0x00,0x00,0x00,0x00,0x00,0x07,0xE0,
    0x00,0x1F,0xE0,0x00,0x1F,0xE0,0x00,0x3E,0x00,0x00,0x3C,0x00,0x00,0x3C,0x00,0x00,
    0x3C,0x00,0x00,0x3C,0x00,0x00,0x3C,0x00,0x00,0x3C,0x00,0x00,0x3C,0x00,0x00,0x3C,
    0x00,0x00,0x3C,0x00,0x00,0x78,0x00,0x00,0xF8,0x00,0x0F,0xF0,0x00,0x0F,0xE0,0x00,
    0x0F,0xF0,0x00,0x00,0xF8,0x00,0x00,0x78,0x00,0x00,0x3C,0x00,0x00,0x3C,0x00,0x00,
    0x3C,0x00,0x00,0x3C,0x00,0x00,0x3C,0x00,0x00,0x3C,0x00,0x00,0x3C,0x00,0x00,0x3C,
    0x00,0x00,0x3C,0x00,0x00,0x3C,0x00,0x00,0x3E,0x00,0x00,0x1F,0xE0,0x00,0x0F,0xE0,
    0x00,0x07,0xE0,0x00,0x00,0x00,0x00,0x00,0x00,0x00,0x00,0x00,0x00,0x00,0x00,0x00,
    0x00,0x00,0x00,0x00,0x00,0x00,0x00,0x00,0x00,0x00,0x07,0x00,0x07,0x00,0x07,0x00,
    0x07,0x00,0x07,0x00,0x07,0x00,0x07,0x00,0x07,0x00,0x07,0x00,0x07,0x00,0x07,0x00,
    0x07,0x00,0x07,0x00,0x07,0x00,0x07,0x00,0x07,0x00,0x07,0x00,0x07,0x00,0x07,0x00,
    0x07,0x00,0x07,0x00,0x07,0x00,0x07,0x00,0x07,0x00,0x07,0x00,0x07,0x00,0x07,0x00,
    0x07,0x00,0x07,0x00,0x07,0x00,0x07,0x00,0x07,0x00,0x07,0x00,0x07,0x00,0x07,0x00,
    0x07,0x00,0x07,0x00,0x00,0x00,0x00,0x00,0x00,0x00,0x00,0x00,0x00,0x00,0x00,0x00,
    0x00,0x00,0x00,0x00,0x00,0x00,0x00,0x00,0x00,0x0F,0xE0,0x00,0x0F,0xF0,0x00,0x0F,
    0xF8,0x00,0x00,0xF8,0x00,0x00,0x78,0x00,0x00,0x38,0x00,0x00,0x38,0x00,0x00,0x38,
    0x00,0x00,0x38,0x00,0x00,0x38,0x00,0x00,0x38,0x00,0x00,0x3C,0x00,0x00,0x3C,0x00,
    0x00,0x3C,0x00,0x00,0x3E,0x00,0x00,0x1F,0xE0,0x00,0x07,0xE0,0x00,0x1F,0xE0,0x00,
    0x1F,0x00,0x00,0x3C,0x00,0x00,0x3C,0x00,0x00,0x3C,0x00,0x00,0x38,0x00,0x00,0x38,
    0x00,0x00,0x38,0x00,0x00,0x38,0x00,0x00,0x38,0x00,0x00,0x38,0x00,0x00,0x38,0x00,
    0x00,0x78,0x00,0x00,0xF8,0x00,0x0F,0xF8,0x00,0x0F,0xF0,0x00,0x0F,0xE0,0x00,0x00,
    0x00,0x00,0x00,0x00,0x00,0x00,0x00,0x00,0x00,0x00,0x00,0x00,0x00,0x00,0x00,0x00,
    0x00,0x00,0x00,0x00,0x00,0x00,0x00,0x00,0x00,0x00,0x00,0x00,0x00,0x00,0x00,0x00,
    0x00,0x00,0x00,0x00,0x00,0x00,0x00,0x00,0x00,0x00,0x00,0x00,0x00,0x00,0x00,0x00,
    0x00,0x00,0x00,0x00,0x00,0x00,0x00,0x00,0x00,0x00,0x00,0x00,0x00,0x00,0x00,0x00,
    0x00,0x00,0x00,0x00,0x00,0x00,0x00,0x00,0x00,0x00,0x00,0x00,0x00,0x00,0x00,0x00,
    0x00,0x00,0x00,0x00,0x00,0x00,0x00,0x00,0x00,0x00,0x00,0x00,0x01,0xFE,0x00,0x60,
    0x07,0xFF,0xC1,0xE0,0x0F,0xFF,0xFF,0xE0,0x0F,0x07,0xFF,0xC0,0x0C,0x00,0xFF,0x00,
    0x08,0x00,0x00,0x00,0x00,0x00,0x00,0x00,0x00,0x00,0x00,0x00,0x00,0x00,0x00,0x00,
    0x00,0x00,0x00,0x00,0x00,0x00,0x00,0x00,0x00,0x00,0x00,0x00,0x00,0x00,0x00,0x00,
    0x00,0x00,0x00,0x00,0x00,0x00,0x00,0x00,0x00,0x00,0x00,0x00,0x00,0x00,0x00,0x00,
    0x00,0x00,0x00,0x00,0x00,0x00,0x00,0x00,0x00,0x00,0x00,0x00,0x00,0x00,0x00,0x00,
    0x00,0x00,0x00,0x00,0x00,0x00,0x00,0x00,0x00,0xF0,0x00,0x00,0x00,0x78,0x00,0x00,
    0x00,0x3C,0x00,0x00,0x00,0x1C,0x00,0x00,0x00,0x0E,0x00,0x00,0x00,0x00,0x00,0x00,
    0x00,0x00,0x00,0x00,0x00,0x00,0x00,0x00,0x00,0x3E,0x00,0x00,0x00,0x3E,0x00,0x00,
    0x00,0x7F,0x00,0x00,0x00,0x7F,0x00,0x00,0x00,0x7F,0x80,0x00,0x00,0xF7,0x80,0x00,
    0x00,0xF3,0x80,0x00,0x00,0xE3,0xC0,0x00,0x01,0xE3,0xC0,0x00,0x01,0xE1,0xE0,0x00,
    0x03,0xC1,0xE0,0x00,0x03,0xC1,0xE0,0x00,0x03,0xC0,0xF0,0x00,0x07,0x80,0xF0,0x00,
    0x07,0x80,0xF0,0x00,0x0F,0x00,0x78,0x00,0x0F,0x00,0x78,0x00,0x0F,0xFF,0xFC,0x00,
    0x1F,0xFF,0xFC,0x00,0x1F,0xFF,0xFC,0x00,0x1E,0x00,0x1E,0x00,0x3C,0x00,0x1E,0x00,
    0x3C,0x00,0x1E,0x00,0x7C,0x00,0x0F,0x00,0x78,0x00,0x0F,0x00,0x78,0x00,0x0F,0x80,
    0xF8,0x00,0x07,0x80,0x00,0x00,0x00,0x00,0x00,0x00,0x00,0x00,0x00,0x00,0x00,0x00,
    0x00,0x00,0x00,0x00,0x00,0x00,0x00,0x00,0x00,0x00,0x00,0x00,0x00,0x00,0x00,0x00,
    0x00,0x00,0x00,0x00,0x00,0x00,0x00,0x00,0x00,0x07,0x80,0x00,0x00,0x0F,0x00,0x00,
    0x00,0x0E,0x00,0x00,0x00,0x1C,0x00,0x00,0x00,0x38,0x00,0x00,0x00,0x00,0x00,0x00,
    0x00,0x00,0x00,0x00,0x00,0x00,0x00,0x00,0x00,0x3E,0x00,0x00,0x00,0x3E,0x00,0x00,
    0x00,0x7F,0x00,0x00,0x00,0x7F,0x00,0x00,0x00,0x7F,0x80,0x00,0x00,0xF7,0x80,0x00,
    0x00,0xF3,0x80,0x00,0x00,0xE3,0xC0,0x00,0x01,0xE3,0xC0,0x00,0x01,0xE1,0xE0,0x00,
    0x03,0xC1,0xE0,0x00,0x03,0xC1,0xE0,0x00,0x03,0xC0,0xF0,0x00,0x07,0x80,0xF0,0x00,
    0x07,0x80,0xF0,0x00,0x0F,0x00,0x78,0x00,0x0F,0x00,0x78,0x00,0x0F,0xFF,0xFC,0x00,
    0x1F,0xFF,0xFC,0x00,0x1F,0xFF,0xFC,0x00,0x1E,0x00,0x1E,0x00,0x3C,0x00,0x1E,0x00,
    0x3C,0x00,0x1E,0x00,0x7C,0x00,0x0F,0x00,0x78,0x00,0x0F,0x00,0x78,0x00,0x0F,0x80,
    0xF8,0x00,0x07,0x80,0x00,0x00,0x00,0x00,0x00,0x00,0x00,0x00,0x00,0x00,0x00,0x00,
    0x00,0x00,0x00,0x00,0x00,0x00,0x00,0x00,0x00,0x00,0x00,0x00,0x00,0x00,0x00,0x00,
    0x00,0x00,0x00,0x00,0x00,0x00,0x00,0x00,0x00,0x3E,0x00,0x00,0x00,0x3F,0x00,0x00,
    0x00,0x77,0x00,0x00,0x00,0xE3,0x80,0x00,0x01,0xC1,0xC0,0x00,0x00,0x00,0x00,0x00,
    0x00,0x00,0x00,0x00,0x00,0x00,0x00,0x00,0x00,0x3E,0x00,0x00,0x00,0x3E,0x00,0x00,
    0x00,0x7F,0x00,0x00,0x00,0x7F,0x00,0x00,0x00,0x7F,0x80,0x00,0x00,0xF7,0x80,0x00,
    0x00,0xF3,0x80,0x00,0x00,0xE3,0xC0,0x00,0x01,0xE3,0xC0,0x00,0x01,0xE1,0xE0,0x00,
    0x03,0xC1,0xE0,0x00,0x03,0xC1,0xE0,0x00,0x03,0xC0,0xF0,0x00,0x07,0x80,0xF0,0x00,
    0x07,0x80,0xF0,0x00,0x0F,0x00,0x78,0x00,0x0F,0x00,0x78,0x00,0x0F,0xFF,0xFC,0x00,
    0x1F,0xFF,0xFC,0x00,0x1F,0xFF,0xFC,0x00,0x1E,0x00,0x1E,0x00,0x3C,0x00,0x1E,0x00,
    0x3C,0x00,0x1E,0x00,0x7C,0x00,0x0F,0x00,0x78,0x00,0x0F,0x00,0x78,0x00,0x0F,0x80,
    0xF8,0x00,0x07,0x80,0x00,0x00,0x00,0x00,0x00,0x00,0x00,0x00,0x00,0x00,0x00,0x00,
    0x00,0x00,0x00,0x00,0x00,0x00,0x00,0x00,0x00,0x00,0x00,0x00,0x00,0x00,0x00,0x00,
    0x00,0x00,0x00,0x00,0x00,0x00,0x00,0x00,0x00,0x00,0x00,0x00,0x00,0xF0,0xE0,0x00,
    0x01,0xFC,0xE0,0x00,0x01,0xDF,0xC0,0x00,0x01,0x87,0x80,0x00,0x00,0x00,0x00,0x00,
    0x00,0x00,0x00,0x00,0x00,0x00,0x00,0x00,0x00,0x3E,0x00,0x00,0x00,0x3E,0x00,0x00,
    0x00,0x7F,0x00,0x00,0x00,0x7F,0x00,0x00,0x00,0x7F,0x80,0x00,0x00,0xF7,0x80,0x00,
    0x00,0xF3,0x80,0x00,0x00,0xE3,0xC0,0x00,0x01,0xE3,0xC0,0x00,0x01,0xE1,0xE0,0x00,
    0x03,0xC1,0xE0,0x00,0x03,0xC1,0xE0,0x00,0x03,0xC0,0xF0,0x00,0x07,0x80,0xF0,0x00,
    0x07,0x80,0xF0,0x00,0x0F,0x00,0x78,0x00,0x0F,0x00,0x78,0x00,0x0F,0xFF,0xFC,0x00,
    0x1F,0xFF,0xFC,0x00,0x1F,0xFF,0xFC,0x00,0x1E,0x00,0x1E,0x00,0x3C,0x00,0x1E,0x00,
    0x3C,0x00,0x1E,0x00,0x7C,0x00,0x0F,0x00,0x78,0x00,0x0F,0x00,0x78,0x00,0x0F,0x80,
    0xF8,0x00,0x07,0x80,0x00,0x00,0x00,0x00,0x00,0x00,0x00,0x00,0x00,0x00,0x00,0x00,
    0x00,0x00,0x00,0x00,0x00,0x00,0x00,0x00,0x00,0x00,0x00,0x00,0x00,0x00,0x00,0x00,
    0x00,0x00,0x00,0x00,0x00,0x00,0x00,0x00,0x00,0x00,0x00,0x00,0x01,0xE3,0xC0,0x00,
    0x01,0xE3,0xC0,0x00,0x01,0xE3,0xC0,0x00,0x01,0xE3,0xC0,0x00,0x00,0x00,0x00,0x00,
    0x00,0x00,0x00,0x00,0x00,0x00,0x00,0x00,0x00,0x3E,0x00,0x00,0x00,0x3E,0x00,0x00,
    0x00,0x7F,0x00,0x00,0x00,0x7F,0x00,0x00,0x00,0x7F,0x80,0x00,0x00,0xF7,0x80,0x00,
    0x00,0xF3,0x80,0x00,0x00,0xE3,0xC0,0x00,0x01,0xE3,0xC0,0x00,0x01,0xE1,0xE0,0x00,
    0x03,0xC1,0xE0,0x00,0x03,0xC1,0xE0,0x00,0x03,0xC0,0xF0,0x00,0x07,0x80,0xF0,0x00,
    0x07,0x80,0xF0,0x00,0x0F,0x00,0x78,0x00,0x0F,0x00,0x78,0x00,0x0F,0xFF,0xFC,0x00,
    0x1F,0xFF,0xFC,0x00,0x1F,0xFF,0xFC,0x00,0x1E,0x00,0x1E,0x00,0x3C,0x00,0x1E,0x00,
    0x3C,0x00,0x1E,0x00,0x7C,0x00,0x0F,0x00,0x78,0x00,0x0F,0x00,0x78,0x00,0x0F,0x80,
    0xF8,0x00,0x07,0x80,0x00,0x00,0x00,0x00,0x00,0x00,0x00,0x00,0x00,0x00,0x00,0x00,
    0x00,0x00,0x00,0x00,0x00,0x00,0x00,0x00,0x00,0x00,0x00,0x00,0x00,0x00,0x00,0x00,
    0x00,0x00,0x00,0x00,0x00,0x00,0x00,0x00,0x00,0x3E,0x00,0x00,0x00,0x7F,0x00,0x00,
    0x00,0xF3,0x80,0x00,0x00,0xE1,0xC0,0x00,0x00,0xC1,0xC0,0x00,0x00,0xC1,0xC0,0x00,
    0x00,0xE1,0xC0,0x00,0x00,0xF3,0x80,0x00,0x00,0x7F,0x80,0x00,0x00,0x3F,0x00,0x00,
    0x00,0x7F,0x00,0x00,0x00,0x7F,0x00,0x00,0x00,0x77,0x80,0x00,0x00,0xF7,0x80,0x00,
    0x00,0xF3,0x80,0x00,0x01,0xE3,0xC0,0x00,0x01,0xE3,0xC0,0x00,0x01,0xE1,0xE0,0x00,
    0x03,0xC1,0xE0,0x00,0x03,0xC1,0xE0,0x00,0x03,0xC0,0xF0,0x00,0x07,0x80,0xF0,0x00,
    0x07,0x80,0xF0,0x00,0x0F,0x00,0x78,0x00,0x0F,0x00,0x78,0x00,0x0F,0xFF,0xFC,0x00,
    0x1F,0xFF,0xFC,0x00,0x1F,0xFF,0xFC,0x00,0x1E,0x00,0x1E,0x00,0x3C,0x00,0x1E,0x00,
    0x3C,0x00,0x1E,0x00,0x7C,0x00,0x0F,0x00,0x78,0x00,0x0F,0x00,0x78,0x00,0x0F,0x80,
    0xF8,0x00,0x07,0x80,0x00,0x00,0x00,0x00,0x00,0x00,0x00,0x00,0x00,0x00,0x00,0x00,
    0x00,0x00,0x00,0x00,0x00,0x00,0x00,0x00,0x00,0x00,0x00,0x00,0x00,0x00,0x00,0x00,
    0x00,0x00,0x00,0x00,0x00,0x00,0x00,0x00,0x00,0x00,0x00,0x00,0x00,0x00,0x00,0x00,
    0x00,0x00,0x00,0x00,0x00,0x00,0x00,0x00,0x00,0x00,0x00,0x00,0x00,0x00,0x00,0x00,
    0x00,0x00,0x00,0x00,0x00,0x00,0x00,0x00,0x00,0x00,0x00,0x00,0x00,0x00,0x00,0x00,
    0x00,0x1F,0xFF,0xFF,0xC0,0x00,0x1F,0xFF,0xFF,0xC0,0x00,0x3F,0xFF,0xFF,0xC0,0x00,
    0x3C,0xF0,0x00,0x00,0x00,0x78,0xF0,0x00,0x00,0x00,0x78,0xF0,0x00,0x00,0x00,0x78,
    0xF0,0x00,0x00,0x00,0xF0,0xF0,0x00,0x00,0x00,0xF0,0xF0,0x00,0x00,0x01,0xE0,0xF0,
    0x00,0x00,0x01,0xE0,0xF0,0x00,0x00,0x03,0xE0,0xFF,0xFF,0x80,0x03,0xC0,0xFF,0xFF,
    0x80,0x03,0xC0,0xFF,0xFF,0x80,0x07,0x80,0xF0,0x00,0x00,0x07,0x80,0xF0,0x00,0x00,
    0x0F,0x00,0xF0,0x00,0x00,0x0F,0xFF,0xF0,0x00,0x00,0x0F,0xFF,0xF0,0x00,0x00,0x1F,
    0xFF,0xF0,0x00,0x00,0x1E,0x00,0xF0,0x00,0x00,0x3C,0x00,0xF0,0x00,0x00,0x3C,0x00,
    0xF0,0x00,0x00,0x78,0x00,0xF0,0x00,0x00,0x78,0x00,0xFF,0xFF,0xC0,0x78,0x00,0xFF,
    0xFF,0xC0,0xF0,0x00,0xFF,0xFF,0xC0,0x00,0x00,0x00,0x00,0x00,0x00,0x00,0x00,0x00,
    0x00,0x00,0x00,0x00,0x00,0x00,0x00,0x00,0x00,0x00,0x00,0x00,0x00,0x00,0x00,0x00,
    0x00,0x00,0x00,0x00,0x00,0x00,0x00,0x00,0x00,0x00,0x00,0x00,0x00,0x00,0x00,0x00,
    0x00,0x00,0x00,0x00,0x00,0x00,0x00,0x00,0x00,0x00,0x00,0x00,0x00,0x00,0x00,0x00,
    0x00,0x00,0x00,0x00,0x00,0x00,0x00,0x00,0x00,0x00,0x00,0x00,0x00,0x00,0x00,0x00,
    0x00,0x00,0x00,0x00,0x00,0x1F,0xF0,0x00,0x00,0xFF,0xFC,0x00,0x01,0xFF,0xFE,0x00,
    0x03,0xF8,0x3F,0x00,0x07,0xC0,0x0F,0x00,0x0F,0x80,0x03,0x00,0x1F,0x00,0x01,0x00,
    0x1E,0x00,0x00,0x00,0x1E,0x00,0x00,0x00,0x3E,0x00,0x00,0x00,0x3C,0x00,0x00,0x00,
    0x3C,0x00,0x00,0x00,0x3C,0x00,0x00,0x00,0x3C,0x00,0x00,0x00,0x3C,0x00,0x00,0x00,
    0x3C,0x00,0x00,0x00,0x3C,0x00,0x00,0x00,0x3E,0x00,0x00,0x00,0x1E,0x00,0x00,0x00,
    0x1E,0x00,0x00,0x00,0x1F,0x00,0x01,0x00,0x0F,0x80,0x03,0x00,0x07,0xC0,0x0F,0x00,
    0x03,0xF8,0x3F,0x00,0x01,0xFF,0xFE,0x00,0x00,0xFF,0xFC,0x00,0x00,0x1F,0xF0,0x00,
    0x00,0x03,0x80,0x00,0x00,0x01,0xC0,0x00,0x00,0x01,0xC0,0x00,0x00,0x11,0xC0,0x00,
    0x00,0x3F,0xC0,0x00,0x00,0x3F,0xC0,0x00,0x00,0x1F,0x80,0x00,0x00,0x00,0x00,0x00,
    0x00,0x00,0x00,0x00,0x00,0xF0,0x00,0x00,0x70,0x00,0x00,0x38,0x00,0x00,0x3C,0x00,
    0x00,0x1C,0x00,0x00,0x00,0x00,0x00,0x00,0x00,0x00,0x00,0x00,0x1F,0xFF,0xF8,0x1F,
    0xFF,0xF8,0x1F,0xFF,0xF8,0x1E,0x00,0x00,0x1E,0x00,0x00,0x1E,0x00,0x00,0x1E,0x00,
    0x00,0x1E,0x00,0x00,0x1E,0x00,0x00,0x1E,0x00,0x00,0x1E,0x00,0x00,0x1F,0xFF,0xF0,
    0x1F,0xFF,0xF0,0x1F,0xFF,0xF0,0x1E,0x00,0x00,0x1E,0x00,0x00,0x1E,0x00,0x00,0x1E,
    0x00,0x00,0x1E,0x00,0x00,0x1E,0x00,0x00,0x1E,0x00,0x00,0x1E,0x00,0x00,0x1E,0x00,
    0x00,0x1E,0x00,0x00,0x1F,0xFF,0xF8,0x1F,0xFF,0xF8,0x1F,0xFF,0xF8,0x00,0x00,0x00,
    0x00,0x00,0x00,0x00,0x00,0x00,0x00,0x00,0x00,0x00,0x00,0x00,0x00,0x00,0x00,0x00,
    0x00,0x00,0x00,0x00,0x00,0x00,0x00,0x00,0x00,0x07,0x00,0x00,0x0E,0x00,0x00,0x1E,
    0x00,0x00,0x3C,0x00,0x00,0x38,0x00,0x00,0x00,0x00,0x00,0x00,0x00,0x00,0x00,0x00,
    0x1F,0xFF,0xF8,0x1F,0xFF,0xF8,0x1F,0xFF,0xF8,0x1E,0x00,0x00,0x1E,0x00,0x00,0x1E,
    0x00,0x00,0x1E,0x00,0x00,0x1E,0x00,0x00,0x1E,0x00,0x00,0x1E,0x00,0x00,0x1E,0x00,
    0x00,0x1F,0xFF,0xF0,0x1F,0xFF,0xF0,0x1F,0xFF,0xF0,0x1E,0x00,0x00,0x1E,0x00,0x00,
    0x1E,0x00,0x00,0x1E,0x00,0x00,0x1E,0x00,0x00,0x1E,0x00,0x00,0x1E,0x00,0x00,0x1E,
    0x00,0x00,0x1E,0x00,0x00,0x1E,0x00,0x00,0x1F,0xFF,0xF8,0x1F,0xFF,0xF8,0x1F,0xFF,
    0xF8,0x00,0x00,0x00,0x00,0x00,0x00,0x00,0x00,0x00,0x00,0x00,0x00,0x00,0x00,0x00,
    0x00,0x00,0x00,0x00,0x00,0x00,0x00,0x00,0x00,0x00,0x00,0x00,0x00,0x3C,0x00,0x00,
    0x7E,0x00,0x00,0xF7,0x00,0x00,0xE3,0x80,0x01,0xC3,0x80,0x00,0x00,0x00,0x00,0x00,
    0x00,0x00,0x00,0x00,0x1F,0xFF,0xF8,0x1F,0xFF,0xF8,0x1F,0xFF,0xF8,0x1E,0x00,0x00,
    0x1E,0x00,0x00,0x1E,0x00,0x00,0x1E,0x00,0x00,0x1E,0x00,0x00,0x1E,0x00,0x00,0x1E,
    0x00,0x00,0x1E,0x00,0x00,0x1F,0xFF,0xF0,0x1F,0xFF,0xF0,0x1F,0xFF,0xF0,0x1E,0x00,
    0x00,0x1E,0x00,0x00,0x1E,0x00,0x00,0x1E,0x00,0x00,0x1E,0x00,0x00,0x1E,0x00,0x00,
    0x1E,0x00,0x00,0x1E,0x00,0x00,0x1E,0x00,0x00,0x1E,0x00,0x00,0x1F,0xFF,0xF8,0x1F,
    0xFF,0xF8,0x1F,0xFF,0xF8,0x00,0x00,0x00,0x00,0x00,0x00,0x00,0x00,0x00,0x00,0x00,
    0x00,0x00,0x00,0x00,0x00,0x00,0x00,0x00,0x00,0x00,0x00,0x00,0x00,0x00,0x00,0x00,
    0x00,0x00,0x00,0x01,0xE3,0xC0,0x01,0xE3,0xC0,0x01,0xE3,0xC0,0x01,0xE3,0xC0,0x00,
    0x00,0x00,0x00,0x00,0x00,0x00,0x00,0x00,0x1F,0xFF,0xF8,0x1F,0xFF,0xF8,0x1F,0xFF,
    0xF8,0x1E,0x00,0x00,0x1E,0x00,0x00,0x1E,0x00,0x00,0x1E,0x00,0x00,0x1E,0x00,0x00,
    0x1E,0x00,0x00,0x1E,0x00,0x00,0x1E,0x00,0x00,0x1F,0xFF,0xF0,0x1F,0xFF,0xF0,0x1F,
    0xFF,0xF0,0x1E,0x00,0x00,0x1E,0x00,0x00,0x1E,0x00,0x00,0x1E,0x00,0x00,0x1E,0x00,
    0x00,0x1E,0x00,0x00,0x1E,0x00,0x00,0x1E,0x00,0x00,0x1E,0x00,0x00,0x1E,0x00,0x00,
    0x1F,0xFF,0xF8,0x1F,0xFF,0xF8,0x1F,0xFF,0xF8,0x00,0x00,0x00,0x00,0x00,0x00,0x00,
    0x00,0x00,0x00,0x00,0x00,0x00,0x00,0x00,0x00,0x00,0x00,0x00,0x00,0x00,0x00,0x00,
    0x00,0x00,0x00,0x00,0x78,0x00,0x3C,0x00,0x1C,0x00,0x0E,0x00,0x07,0x00,0x00,0x00,
    0x00,0x00,0x00,0x00,0x1E,0x00,0x1E,0x00,0x1E,0x00,0x1E,0x00,0x1E,0x00,0x1E,0x00,
    0x1E,0x00,0x1E,0x00,0x1E,0x00,0x1E,0x00,0x1E,0x00,0x1E,0x00,0x1E,0x00,0x1E,0x00,
    0x1E,0x00,0x1E,0x00,0x1E,0x00,0x1E,0x00,0x1E,0x00,0x1E,0x00,0x1E,0x00,0x1E,0x00,
    0x1E,0x00,0x1E,0x00,0x1E,0x00,0x1E,0x00,0x1E,0x00,0x00,0x00,0x00,0x00,0x00,0x00,
    0x00,0x00,0x00,0x00,0x00,0x00,0x00,0x00,0x00,0x00,0x00,0x00,0x03,0xC0,0x07,0x80,
    0x0F,0x00,0x0E,0x00,0x1C,0x00,0x00,0x00,0x00,0x00,0x00,0x00,0x1E,0x00,0x1E,0x00,
    0x1E,0x00,0x1E,0x00,0x1E,0x00,0x1E,0x00,0x1E,0x00,0x1E,0x00,0x1E,0x00,0x1E,0x00,
    0x1E,0x00,0x1E,0x00,0x1E,0x00,0x1E,0x00,0x1E,0x00,0x1E,0x00,0x1E,0x00,0x1E,0x00,
    0x1E,0x00,0x1E,0x00,0x1E,0x00,0x1E,0x00,0x1E,0x00,0x1E,0x00,0x1E,0x00,0x1E,0x00,
    0x1E,0x00,0x00,0x00,0x00,0x00,0x00,0x00,0x00,0x00,0x00,0x00,0x00,0x00,0x00,0x00,
    0x00,0x00,0x00,0x00,0x1F,0x00,0x3F,0x80,0x3B,0x80,0x71,0xC0,0xE0,0xE0,0x00,0x00,
    0x00,0x00,0x00,0x00,0x1E,0x00,0x1E,0x00,0x1E,0x00,0x1E,0x00,0x1E,0x00,0x1E,0x00,
    0x1E,0x00,0x1E,0x00,0x1E,0x00,0x1E,0x00,0x1E,0x00,0x1E,0x00,0x1E,0x00,0x1E,0x00,
    0x1E,0x00,0x1E,0x00,0x1E,0x00,0x1E,0x00,0x1E,0x00,0x1E,0x00,0x1E,0x00,0x1E,0x00,
    0x1E,0x00,0x1E,0x00,0x1E,0x00,0x1E,0x00,0x1E,0x00,0x00,0x00,0x00,0x00,0x00,0x00,
    0x00,0x00,0x00,0x00,0x00,0x00,0x00,0x00,0x00,0x00,0x00,0x00,0x00,0x00,0xF1,0xE0,
    0xF1,0xE0,0xF1,0xE0,0xF1,0xE0,0x00,0x00,0x00,0x00,0x00,0x00,0x1E,0x00,0x1E,0x00,
    0x1E,0x00,0x1E,0x00,0x1E,0x00,0x1E,0x00,0x1E,0x00,0x1E,0x00,0x1E,0x00,0x1E,0x00,
    0x1E,0x00,0x1E,0x00,0x1E,0x00,0x1E,0x00,0x1E,0x00,0x1E,0x00,0x1E,0x00,0x1E,0x00,
    0x1E,0x00,0x1E,0x00,0x1E,0x00,0x1E,0x00,0x1E,0x00,0x1E,0x00,0x1E,0x00,0x1E,0x00,
    0x1E,0x00,0x00,0x00,0x00,0x00,0x00,0x00,0x00,0x00,0x00,0x00,0x00,0x00,0x00,0x00,
    0x00,0x00,0x00,0x00,0x00,0x00,0x00,0x00,0x00,0x00,0x00,0x00,0x00,0x00,0x00,0x00,
    0x00,0x00,0x00,0x00,0x00,0x00,0x00,0x00,0x00,0x00,0x00,0x00,0x00,0x00,0x00,0x00,
    0x00,0x00,0x00,0x00,0x0F,0xFF,0xC0,0x00,0x0F,0xFF,0xF0,0x00,0x0F,0xFF,0xFC,0x00,
    0x0F,0x01,0xFE,0x00,0x0F,0x00,0x3F,0x00,0x0F,0x00,0x0F,0x80,0x0F,0x00,0x07,0x80,
    0x0F,0x00,0x07,0xC0,0x0F,0x00,0x03,0xC0,0x0F,0x00,0x03,0xC0,0x0F,0x00,0x03,0xC0,
    0x0F,0x00,0x03,0xE0,0xFF,0xFC,0x03,0xE0,0xFF,0xFC,0x03,0xE0,0xFF,0xFC,0x03,0xE0,
    0x0F,0x00,0x03,0xE0,0x0F,0x00,0x03,0xC0,0x0F,0x00,0x03,0xC0,0x0F,0x00,0x03,0xC0,
    0x0F,0x00,0x07,0xC0,0x0F,0x00,0x07,0x80,0x0F,0x00,0x0F,0x80,0x0F,0x00,0x3F,0x00,
    0x0F,0x01,0xFE,0x00,0x0F,0xFF,0xFC,0x00,0x0F,0xFF,0xF0,0x00,0x0F,0xFF,0xC0,0x00,
    0x00,0x00,0x00,0x00,0x00,0x00,0x00,0x00,0x00,0x00,0x00,0x00,0x00,0x00,0x00,0x00,
    0x00,0x00,0x00,0x00,0x00,0x00,0x00,0x00,0x00,0x00,0x00,0x00,0x00,0x00,0x00,0x00,
    0x00,0x00,0x00,0x00,0x00,0x00,0x00,0x00,0x00,0x7C,0x70,0x00,0x00,0xFE,0x70,0x00,
    0x00,0xEF,0xE0,0x00,0x00,0xC3,0xC0,0x00,0x00,0x00,0x00,0x00,0x00,0x00,0x00,0x00,
    0x00,0x00,0x00,0x00,0x1F,0x80,0x0F,0x00,0x1F,0xC0,0x0F,0x00,0x1F,0xC0,0x0F,0x00,
    0x1F,0xE0,0x0F,0x00,0x1F,0xE0,0x0F,0x00,0x1F,0xF0,0x0F,0x00,0x1E,0xF0,0x0F,0x00,
    0x1E,0x78,0x0F,0x00,0x1E,0x78,0x0F,0x00,0x1E,0x3C,0x0F,0x00,0x1E,0x3C,0x0F,0x00,
    0x1E,0x1E,0x0F,0x00,0x1E,0x1E,0x0F,0x00,0x1E,0x0F,0x0F,0x00,0x1E,0x0F,0x0F,0x00,
    0x1E,0x07,0x8F,0x00,0x1E,0x07,0x8F,0x00,0x1E,0x03,0xCF,0x00,0x1E,0x03,0xEF,0x00,
    0x1E,0x01,0xEF,0x00,0x1E,0x01,0xFF,0x00,0x1E,0x00,0xFF,0x00,0x1E,0x00,0x7F,0x00,
    0x1E,0x00,0x7F,0x00,0x1E,0x00,0x3F,0x00,0x1E,0x00,0x3F,0x00,0x1E,0x00,0x1F,0x00,
    0x00,0x00,0x00,0x00,0x00,0x00,0x00,0x00,0x00,0x00,0x00,0x00,0x00,0x00,0x00,0x00,
    0x00,0x00,0x00,0x00,0x00,0x00,0x00,0x00,0x00,0x00,0x00,0x00,0x00,0x00,0x00,0x00,
    0x00,0x00,0x00,0x00,0x00,0x3C,0x00,0x00,0x00,0x1E,0x00,0x00,0x00,0x0F,0x00,0x00,
    0x00,0x07,0x00,0x00,0x00,0x03,0x80,0x00,0x00,0x00,0x00,0x00,0x00,0x00,0x00,0x00,
    0x00,0x00,0x00,0x00,0x00,0x3F,0xE0,0x00,0x00,0xFF,0xF8,0x00,0x01,0xFF,0xFE,0x00,
    0x07,0xF0,0x7F,0x00,0x07,0xC0,0x1F,0x00,0x0F,0x80,0x0F,0x80,0x1F,0x00,0x07,0xC0,
    0x1E,0x00,0x03,0xC0,0x1E,0x00,0x03,0xE0,0x3E,0x00,0x01,0xE0,0x3C,0x00,0x01,0xE0,
    0x3C,0x00,0x01,0xE0,0x3C,0x00,0x01,0xE0,0x3C,0x00,0x01,0xE0,0x3C,0x00,0x01,0xE0,
    0x3C,0x00,0x01,0xE0,0x3C,0x00,0x01,0xE0,0x3E,0x00,0x01,0xE0,0x1E,0x00,0x03,0xE0,
    0x1E,0x00,0x03,0xC0,0x1F,0x00,0x07,0xC0,0x0F,0x80,0x0F,0x80,0x07,0xC0,0x1F,0x00,
    0x07,0xF0,0x7F,0x00,0x01,0xFF,0xFE,0x00,0x00,0xFF,0xF8,0x00,0x00,0x3F,0xE0,0x00,
    0x00,0x00,0x00,0x00,0x00,0x00,0x00,0x00,0x00,0x00,0x00,0x00,0x00,0x00,0x00,0x00,
    0x00,0x00,0x00,0x00,0x00,0x00,0x00,0x00,0x00,0x00,0x00,0x00,0x00,0x00,0x00,0x00,
    0x00,0x00,0x00,0x00,0x00,0x01,0xE0,0x00,0x00,0x03,0xC0,0x00,0x00,0x03,0x80,0x00,
    0x00,0x07,0x00,0x00,0x00,0x0E,0x00,0x00,0x00,0x00,0x00,0x00,0x00,0x00,0x00,0x00,
    0x00,0x00,0x00,0x00,0x00,0x3F,0xE0,0x00,0x00,0xFF,0xF8,0x00,0x01,0xFF,0xFE,0x00,
    0x07,0xF0,0x7F,0x00,0x07,0xC0,0x1F,0x00,0x0F,0x80,0x0F,0x80,0x1F,0x00,0x07,0xC0,
    0x1E,0x00,0x03,0xC0,0x1E,0x00,0x03,0xE0,0x3E,0x00,0x01,0xE0,0x3C,0x00,0x01,0xE0,
    0x3C,0x00,0x01,0xE0,0x3C,0x00,0x01,0xE0,0x3C,0x00,0x01,0xE0,0x3C,0x00,0x01,0xE0,
    0x3C,0x00,0x01,0xE0,0x3C,0x00,0x01,0xE0,0x3E,0x00,0x01,0xE0,0x1E,0x00,0x03,0xE0,
    0x1E,0x00,0x03,0xC0,0x1F,0x00,0x07,0xC0,0x0F,0x80,0x0F,0x80,0x07,0xC0,0x1F,0x00,
    0x07,0xF0,0x7F,0x00,0x01,0xFF,0xFE,0x00,0x00,0xFF,0xF8,0x00,0x00,0x3F,0xE0,0x00,
    0x00,0x00,0x00,0x00,0x00,0x00,0x00,0x00,0x00,0x00,0x00,0x00,0x00,0x00,0x00,0x00,
    0x00,0x00,0x00,0x00,0x00,0x00,0x00,0x00,0x00,0x00,0x00,0x00,0x00,0x00,0x00,0x00,
    0x00,0x00,0x00,0x00,0x00,0x0F,0x80,0x00,0x00,0x0F,0xC0,0x00,0x00,0x1D,0xC0,0x00,
    0x00,0x38,0xE0,0x00,0x00,0x70,0x70,0x00,0x00,0x00,0x00,0x00,0x00,0x00,0x00,0x00,
    0x00,0x00,0x00,0x00,0x00,0x3F,0xE0,0x00,0x00,0xFF,0xF8,0x00,0x01,0xFF,0xFE,0x00,
    0x07,0xF0,0x7F,0x00,0x07,0xC0,0x1F,0x00,0x0F,0x80,0x0F,0x80,0x1F,0x00,0x07,0xC0,
    0x1E,0x00,0x03,0xC0,0x1E,0x00,0x03,0xE0,0x3E,0x00,0x01,0xE0,0x3C,0x00,0x01,0xE0,
    0x3C,0x00,0x01,0xE0,0x3C,0x00,0x01,0xE0,0x3C,0x00,0x01,0xE0,0x3C,0x00,0x01,0xE0,
    0x3C,0x00,0x01,0xE0,0x3C,0x00,0x01,0xE0,0x3E,0x00,0x01,0xE0,0x1E,0x00,0x03,0xE0,
    0x1E,0x00,0x03,0xC0,0x1F,0x00,0x07,0xC0,0x0F,0x80,0x0F,0x80,0x07,0xC0,0x1F,0x00,
    0x07,0xF0,0x7F,0x00,0x01,0xFF,0xFE,0x00,0x00,0xFF,0xF8,0x00,0x00,0x3F,0xE0,0x00,
    0x00,0x00,0x00,0x00,0x00,0x00,0x00,0x00,0x00,0x00,0x00,0x00,0x00,0x00,0x00,0x00,
    0x00,0x00,0x00,0x00,0x00,0x00,0x00,0x00,0x00,0x00,0x00,0x00,0x00,0x00,0x00,0x00,
    0x00,0x00,0x00,0x00,0x00,0x00,0x00,0x00,0x00,0x3C,0x38,0x00,0x00,0x7F,0x30,0x00,
    0x00,0x77,0xF0,0x00,0x00,0xE1,0xE0,0x00,0x00,0x00,0x00,0x00,0x00,0x00,0x00,0x00,
    0x00,0x00,0x00,0x00,0x00,0x3F,0xE0,0x00,0x00,0xFF,0xF8,0x00,0x01,0xFF,0xFE,0x00,
    0x07,0xF0,0x7F,0x00,0x07,0xC0,0x1F,0x00,0x0F,0x80,0x0F,0x80,0x1F,0x00,0x07,0xC0,
    0x1E,0x00,0x03,0xC0,0x1E,0x00,0x03,0xE0,0x3E,0x00,0x01,0xE0,0x3C,0x00,0x01,0xE0,
    0x3C,0x00,0x01,0xE0,0x3C,0x00,0x01,0xE0,0x3C,0x00,0x01,0xE0,0x3C,0x00,0x01,0xE0,
    0x3C,0x00,0x01,0xE0,0x3C,0x00,0x01,0xE0,0x3E,0x00,0x01,0xE0,0x1E,0x00,0x03,0xE0,
    0x1E,0x00,0x03,0xC0,0x1F,0x00,0x07,0xC0,0x0F,0x80,0x0F,0x80,0x07,0xC0,0x1F,0x00,
    0x07,0xF0,0x7F,0x00,0x01,0xFF,0xFE,0x00,0x00,0xFF,0xF8,0x00,0x00,0x3F,0xE0,0x00,
    0x00,0x00,0x00,0x00,0x00,0x00,0x00,0x00,0x00,0x00,0x00,0x00,0x00,0x00,0x00,0x00,
    0x00,0x00,0x00,0x00,0x00,0x00,0x00,0x00,0x00,0x00,0x00,0x00,0x00,0x00,0x00,0x00,
    0x00,0x00,0x00,0x00,0x00,0x00,0x00,0x00,0x00,0x78,0xF0,0x00,0x00,0x78,0xF0,0x00,
    0x00,0x78,0xF0,0x00,0x00,0x78,0xF0,0x00,0x00,0x00,0x00,0x00,0x00,0x00,0x00,0x00,
    0x00,0x00,0x00,0x00,0x00,0x3F,0xE0,0x00,0x00,0xFF,0xF8,0x00,0x01,0xFF,0xFE,0x00,
    0x07,0xF0,0x7F,0x00,0x07,0xC0,0x1F,0x00,0x0F,0x80,0x0F,0x80,0x1F,0x00,0x07,0xC0,
    0x1E,0x00,0x03,0xC0,0x1E,0x00,0x03,0xE0,0x3E,0x00,0x01,0xE0,0x3C,0x00,0x01,0xE0,
    0x3C,0x00,0x01,0xE0,0x3C,0x00,0x01,0xE0,0x3C,0x00,0x01,0xE0,0x3C,0x00,0x01,0xE0,
    0x3C,0x00,0x01,0xE0,0x3C,0x00,0x01,0xE0,0x3E,0x00,0x01,0xE0,0x1E,0x00,0x03,0xE0,
    0x1E,0x00,0x03,0xC0,0x1F,0x00,0x07,0xC0,0x0F,0x80,0x0F,0x80,0x07,0xC0,0x1F,0x00,
    0x07,0xF0,0x7F,0x00,0x01,0xFF,0xFE,0x00,0x00,0xFF,0xF8,0x00,0x00,0x3F,0xE0,0x00,
    0x00,0x00,0x00,0x00,0x00,0x00,0x00,0x00,0x00,0x00,0x00,0x00,0x00,0x00,0x00,0x00,
    0x00,0x00,0x00,0x00,0x00,0x00,0x00,0x00,0x00,0x00,0x00,0x00,0x00,0x00,0x00,0x00,
    0x00,0x00,0x00,0x00,0x00,0x00,0x00,0x00,0x00,0x00,0x00,0x00,0x00,0x00,0x00,0x00,
    0x00,0x00,0x00,0x00,0x00,0x00,0x00,0x00,0x00,0x00,0x00,0x00,0x00,0x00,0x00,0x00,
    0x00,0x00,0x00,0x00,0x00,0x00,0x00,0x00,0x00,0x00,0x00,0x00,0x00,0x00,0x00,0x00,
    0x00,0x00,0x00,0x00,0x00,0x00,0x00,0x00,0x01,0x00,0x01,0x00,0x03,0x80,0x03,0x80,
    0x07,0xC0,0x07,0xC0,0x03,0xE0,0x0F,0x80,0x01,0xF0,0x1F,0x00,0x00,0xF8,0x3E,0x00,
    0x00,0x7C,0x7C,0x00,0x00,0x3E,0xF8,0x00,0x00,0x1F,0xF0,0x00,0x00,0x0F,0xE0,0x00,
    0x00,0x07,0xC0,0x00,0x00,0x0F,0xE0,0x00,0x00,0x1F,0xF0,0x00,0x00,0x3E,0xF8,0x00,
    0x00,0x7C,0x7C,0x00,0x00,0xF8,0x3E,0x00,0x01,0xF0,0x1F,0x00,0x03,0xE0,0x0F,0x80,
    0x07,0xC0,0x07,0xC0,0x03,0x80,0x03,0x80,0x01,0x00,0x01,0x00,0x00,0x00,0x00,0x00,
    0x00,0x00,0x00,0x00,0x00,0x00,0x00,0x00,0x00,0x00,0x00,0x00,0x00,0x00,0x00,0x00,
    0x00,0x00,0x00,0x00,0x00,0x00,0x00,0x00,0x00,0x00,0x00,0x00,0x00,0x00,0x00,0x00,
    0x00,0x00,0x00,0x00,0x00,0x00,0x00,0x00,0x00,0x00,0x00,0x00,0x00,0x00,0x00,0x00,
    0x00,0x00,0x00,0x00,0x00,0x00,0x00,0x00,0x00,0x00,0x00,0x00,0x00,0x00,0x00,0x00,
    0x00,0x00,0x00,0x40,0x00,0x3F,0xE0,0xE0,0x00,0xFF,0xF9,0xE0,0x01,0xFF,0xFF,0xC0,
    0x07,0xF0,0x7F,0x80,0x07,0xC0,0x1F,0x80,0x0F,0x80,0x0F,0x80,0x1F,0x00,0x1F,0xC0,
    0x1E,0x00,0x3F,0xC0,0x1E,0x00,0x7B,0xC0,0x3E,0x00,0xF1,0xE0,0x3C,0x01,0xE1,0xE0,
    0x3C,0x01,0xC1,0xE0,0x3C,0x03,0x81,0xE0,0x3C,0x07,0x01,0xE0,0x3C,0x0E,0x01,0xE0,
    0x3C,0x1E,0x01,0xE0,0x3C,0x3C,0x01,0xE0,0x3E,0x78,0x01,0xE0,0x1E,0xF0,0x03,0xE0,
    0x1F,0xE0,0x03,0xC0,0x1F,0xC0,0x07,0xC0,0x0F,0x80,0x0F,0x80,0x07,0xC0,0x1F,0x00,
    0x0F,0xF0,0x7F,0x00,0x1F,0xFF,0xFE,0x00,0x3C,0xFF,0xF8,0x00,0x38,0x3F,0xE0,0x00,
    0x10,0x00,0x00,0x00,0x00,0x00,0x00,0x00,0x00,0x00,0x00,0x00,0x00,0x00,0x00,0x00,
    0x00,0x00,0x00,0x00,0x00,0x00,0x00,0x00,0x00,0x00,0x00,0x00,0x00,0x00,0x00,0x00,
    0x00,0x00,0x00,0x00,0x00,0x78,0x00,0x00,0x00,0x3C,0x00,0x00,0x00,0x1C,0x00,0x00,
    0x00,0x0E,0x00,0x00,0x00,0x07,0x00,0x00,0x00,0x00,0x00,0x00,0x00,0x00,0x00,0x00,
    0x00,0x00,0x00,0x00,0x1E,0x00,0x0F,0x00,0x1E,0x00,0x0F,0x00,0x1E,0x00,0x0F,0x00,
    0x1E,0x00,0x0F,0x00,0x1E,0x00,0x0F,0x00,0x1E,0x00,0x0F,0x00,0x1E,0x00,0x0F,0x00,
    0x1E,0x00,0x0F,0x00,0x1E,0x00,0x0F,0x00,0x1E,0x00,0x0F,0x00,0x1E,0x00,0x0F,0x00,
    0x1E,0x00,0x0F,0x00,0x1E,0x00,0x0F,0x00,0x1E,0x00,0x0F,0x00,0x1E,0x00,0x0F,0x00,
    0x1E,0x00,0x0F,0x00,0x1E,0x00,0x0F,0x00,0x1E,0x00,0x0F,0x00,0x1E,0x00,0x0F,0x00,
    0x1E,0x00,0x0F,0x00,0x0F,0x00,0x1F,0x00,0x0F,0x00,0x1E,0x00,0x0F,0x80,0x3E,0x00,
    0x07,0xE0,0xFC,0x00,0x03,0xFF,0xF8,0x00,0x01,0xFF,0xF0,0x00,0x00,0x7F,0xC0,0x00,
    0x00,0x00,0x00,0x00,0x00,0x00,0x00,0x00,0x00,0x00,0x00,0x00,0x00,0x00,0x00,0x00,
    0x00,0x00,0x00,0x00,0x00,0x00,0x00,0x00,0x00,0x00,0x00,0x00,0x00,0x00,0x00,0x00,
    0x00,0x00,0x00,0x00,0x00,0x03,0xC0,0x00,0x00,0x07,0x80,0x00,0x00,0x07,0x00,0x00,
    0x00,0x0E,0x00,0x00,0x00,0x1C,0x00,0x00,0x00,0x00,0x00,0x00,0x00,0x00,0x00,0x00,
    0x00,0x00,0x00,0x00,0x1E,0x00,0x0F,0x00,0x1E,0x00,0x0F,0x00,0x1E,0x00,0x0F,0x00,
    0x1E,0x00,0x0F,0x00,0x1E,0x00,0x0F,0x00,0x1E,0x00,0x0F,0x00,0x1E,0x00,0x0F,0x00,
    0x1E,0x00,0x0F,0x00,0x1E,0x00,0x0F,0x00,0x1E,0x00,0x0F,0x00,0x1E,0x00,0x0F,0x00,
    0x1E,0x00,0x0F,0x00,0x1E,0x00,0x0F,0x00,0x1E,0x00,0x0F,0x00,0x1E,0x00,0x0F,0x00,
    0x1E,0x00,0x0F,0x00,0x1E,0x00,0x0F,0x00,0x1E,0x00,0x0F,0x00,0x1E,0x00,0x0F,0x00,
    0x1E,0x00,0x0F,0x00,0x0F,0x00,0x1F,0x00,0x0F,0x00,0x1E,0x00,0x0F,0x80,0x3E,0x00,
    0x07,0xE0,0xFC,0x00,0x03,0xFF,0xF8,0x00,0x01,0xFF,0xF0,0x00,0x00,0x7F,0xC0,0x00,
    0x00,0x00,0x00,0x00,0x00,0x00,0x00,0x00,0x00,0x00,0x00,0x00,0x00,0x00,0x00,0x00,
    0x00,0x00,0x00,0x00,0x00,0x00,0x00,0x00,0x00,0x00,0x00,0x00,0x00,0x00,0x00,0x00,
    0x00,0x00,0x00,0x00,0x00,0x1F,0x00,0x00,0x00,0x1F,0x80,0x00,0x00,0x3B,0x80,0x00,
    0x00,0x71,0xC0,0x00,0x00,0xE0,0xE0,0x00,0x00,0x00,0x00,0x00,0x00,0x00,0x00,0x00,
    0x00,0x00,0x00,0x00,0x1E,0x00,0x0F,0x00,0x1E,0x00,0x0F,0x00,0x1E,0x00,0x0F,0x00,
    0x1E,0x00,0x0F,0x00,0x1E,0x00,0x0F,0x00,0x1E,0x00,0x0F,0x00,0x1E,0x00,0x0F,0x00,
    0x1E,0x00,0x0F,0x00,0x1E,0x00,0x0F,0x00,0x1E,0x00,0x0F,0x00,0x1E,0x00,0x0F,0x00,
    0x1E,0x00,0x0F,0x00,0x1E,0x00,0x0F,0x00,0x1E,0x00,0x0F,0x00,0x1E,0x00,0x0F,0x00,
    0x1E,0x00,0x0F,0x00,0x1E,0x00,0x0F,0x00,0x1E,0x00,0x0F,0x00,0x1E,0x00,0x0F,0x00,
    0x1E,0x00,0x0F,0x00,0x0F,0x00,0x1F,0x00,0x0F,0x00,0x1E,0x00,0x0F,0x80,0x3E,0x00,
    0x07,0xE0,0xFC,0x00,0x03,0xFF,0xF8,0x00,0x01,0xFF,0xF0,0x00,0x00,0x7F,0xC0,0x00,
    0x00,0x00,0x00,0x00,0x00,0x00,0x00,0x00,0x00,0x00,0x00,0x00,0x00,0x00,0x00,0x00,
    0x00,0x00,0x00,0x00,0x00,0x00,0x00,0x00,0x00,0x00,0x00,0x00,0x00,0x00,0x00,0x00,
    0x00,0x00,0x00,0x00,0x00,0x00,0x00,0x00,0x00,0xF1,0xE0,0x00,0x00,0xF1,0xE0,0x00,
    0x00,0xF1,0xE0,0x00,0x00,0xF1,0xE0,0x00,0x00,0x00,0x00,0x00,0x00,0x00,0x00,0x00,
    0x00,0x00,0x00,0x00,0x1E,0x00,0x0F,0x00,0x1E,0x00,0x0F,0x00,0x1E,0x00,0x0F,0x00,
    0x1E,0x00,0x0F,0x00,0x1E,0x00,0x0F,0x00,0x1E,0x00,0x0F,0x00,0x1E,0x00,0x0F,0x00,
    0x1E,0x00,0x0F,0x00,0x1E,0x00,0x0F,0x00,0x1E,0x00,0x0F,0x00,0x1E,0x00,0x0F,0x00,
    0x1E,0x00,0x0F,0x00,0x1E,0x00,0x0F,0x00,0x1E,0x00,0x0F,0x00,0x1E,0x00,0x0F,0x00,
    0x1E,0x00,0x0F,0x00,0x1E,0x00,0x0F,0x00,0x1E,0x00,0x0F,0x00,0x1E,0x00,0x0F,0x00,
    0x1E,0x00,0x0F,0x00,0x0F,0x00,0x1F,0x00,0x0F,0x00,0x1E,0x00,0x0F,0x80,0x3E,0x00,
    0x07,0xE0,0xFC,0x00,0x03,0xFF,0xF8,0x00,0x01,0xFF,0xF0,0x00,0x00,0x7F,0xC0,0x00,
    0x00,0x00,0x00,0x00,0x00,0x00,0x00,0x00,0x00,0x00,0x00,0x00,0x00,0x00,0x00,0x00,
    0x00,0x00,0x00,0x00,0x00,0x00,0x00,0x00,0x00,0x00,0x00,0x00,0x00,0x00,0x00,0x00,
    0x00,0x00,0x00,0x00,0x00,0x0E,0x00,0x00,0x1E,0x00,0x00,0x3C,0x00,0x00,0x38,0x00,
    0x00,0x70,0x00,0x00,0x00,0x00,0x00,0x00,0x00,0x00,0x00,0x00,0xF0,0x00,0x3E,0x78,
    0x00,0x3C,0x7C,0x00,0x78,0x3C,0x00,0xF8,0x1E,0x00,0xF0,0x1F,0x01,0xE0,0x0F,0x03,
    0xC0,0x07,0x83,0xC0,0x07,0xC7,0x80,0x03,0xCF,0x00,0x01,0xFF,0x00,0x01,0xFE,0x00,
    0x00,0xFC,0x00,0x00,0x7C,0x00,0x00,0x78,0x00,0x00,0x78,0x00,0x00,0x78,0x00,0x00,
    0x78,0x00,0x00,0x78,0x00,0x00,0x78,0x00,0x00,0x78,0x00,0x00,0x78,0x00,0x00,0x78,
    0x00,0x00,0x78,0x00,0x00,0x78,0x00,0x00,0x78,0x00,0x00,0x78,0x00,0x00,0x00,0x00,
    0x00,0x00,0x00,0x00,0x00,0x00,0x00,0x00,0x00,0x00,0x00,0x00,0x00,0x00,0x00,0x00,
    0x00,0x00,0x00,0x00,0x00,0x00,0x00,0x00,0x00,0x00,0x00,0x00,0x00,0x00,0x00,0x00,
    0x00,0x00,0x00,0x00,0x00,0x00,0x00,0x00,0x00,0x00,0x00,0x00,0x00,0x00,0x00,0x00,
    0x1E,0x00,0x00,0x1E,0x00,0x00,0x1E,0x00,0x00,0x1E,0x00,0x00,0x1E,0x00,0x00,0x1F,
    0xFF,0x00,0x1F,0xFF,0xC0,0x1F,0xFF,0xE0,0x1E,0x03,0xF0,0x1E,0x00,0xF8,0x1E,0x00,
    0xF8,0x1E,0x00,0x78,0x1E,0x00,0x78,0x1E,0x00,0x78,0x1E,0x00,0x78,0x1E,0x00,0xF8,
    0x1E,0x00,0xF8,0x1E,0x03,0xF0,0x1F,0xFF,0xE0,0x1F,0xFF,0xC0,0x1F,0xFF,0x00,0x1E,
    0x00,0x00,0x1E,0x00,0x00,0x1E,0x00,0x00,0x1E,0x00,0x00,0x1E,0x00,0x00,0x1E,0x00,
    0x00,0x00,0x00,0x00,0x00,0x00,0x00,0x00,0x00,0x00,0x00,0x00,0x00,0x00,0x00,0x00,
    0x00,0x00,0x00,0x00,0x00,0x00,0x00,0x00,0x00,0x00,0x00,0x00,0x00,0x00,0x00,0x00,
    0x00,0x00,0x00,0x00,0x00,0x00,0x00,0x00,0x00,0x00,0x00,0x00,0x00,0x00,0x00,0x00,
    0x00,0x00,0xFE,0x00,0x03,0xFF,0x80,0x07,0xFF,0xC0,0x0F,0xC7,0xE0,0x0F,0x01,0xE0,
    0x1E,0x00,0xE0,0x1E,0x00,0xE0,0x1E,0x07,0xF0,0x1E,0x0F,0xC0,0x1E,0x1E,0x00,0x1E,
    0x1C,0x00,0x1E,0x3C,0x00,0x1E,0x3C,0x00,0x1E,0x3C,0x00,0x1E,0x1F,0x00,0x1E,0x1F,
    0x80,0x1E,0x0F,0xE0,0x1E,0x03,0xF0,0x1E,0x01,0xF8,0x1E,0x00,0x78,0x1E,0x00,0x3C,
    0x1E,0x00,0x3C,0x1E,0x00,0x3C,0x1E,0x00,0x3C,0x1E,0x60,0xF8,0x1E,0x7F,0xF8,0x1E,
    0x7F,0xF0,0x1E,0x3F,0xC0,0x00,0x00,0x00,0x00,0x00,0x00,0x00,0x00,0x00,0x00,0x00,
    0x00,0x00,0x00,0x00,0x00,0x00,0x00,0x00,0x00,0x00,0x00,0x00,0x00,0x00,0x00,0x00,
    0x00,0x00,0x00,0x00,0x00,0x00,0x00,0x00,0x00,0x00,0x00,0x00,0x00,0x00,0x00,0x07,
    0x80,0x00,0x03,0x80,0x00,0x03,0xC0,0x00,0x01,0xE0,0x00,0x00,0xF0,0x00,0x00,0x70,
    0x00,0x00,0x38,0x00,0x00,0x00,0x00,0x00,0x00,0x00,0x00,0x00,0x00,0x01,0xFE,0x00,
    0x0F,0xFF,0x80,0x0F,0xFF,0xC0,0x0F,0x07,0xC0,0x08,0x01,0xE0,0x00,0x00,0xE0,0x00,
    0x00,0xE0,0x01,0xFF,0xE0,0x07,0xFF,0xE0,0x1F,0xFF,0xF0,0x1F,0x80,0xF0,0x3C,0x00,
    0xF0,0x3C,0x00,0xF0,0x3C,0x01,0xF0,0x3C,0x01,0xF0,0x3C,0x03,0xF0,0x1F,0x0F,0xF0,
    0x1F,0xFE,0xF0,0x0F,0xFC,0xF0,0x03,0xF0,0xF0,0x00,0x00,0x00,0x00,0x00,0x00,0x00,
    0x00,0x00,0x00,0x00,0x00,0x00,0x00,0x00,0x00,0x00,0x00,0x00,0x00,0x00,0x00,0x00,
    0x00,0x00,0x00,0x00,0x00,0x00,0x00,0x00,0x00,0x00,0x00,0x00,0x00,0x00,0x00,0x00,
    0x00,0x00,0x00,0x00,0x07,0x80,0x00,0x0F,0x00,0x00,0x1E,0x00,0x00,0x1C,0x00,0x00,
    0x38,0x00,0x00,0x70,0x00,0x00,0xF0,0x00,0x00,0x00,0x00,0x00,0x00,0x00,0x00,0x00,
    0x00,0x01,0xFE,0x00,0x0F,0xFF,0x80,0x0F,0xFF,0xC0,0x0F,0x07,0xC0,0x08,0x01,0xE0,
    0x00,0x00,0xE0,0x00,0x00,0xE0,0x01,0xFF,0xE0,0x07,0xFF,0xE0,0x1F,0xFF,0xF0,0x1F,
    0x80,0xF0,0x3C,0x00,0xF0,0x3C,0x00,0xF0,0x3C,0x01,0xF0,0x3C,0x01,0xF0,0x3C,0x03,
    0xF0,0x1F,0x0F,0xF0,0x1F,0xFE,0xF0,0x0F,0xFC,0xF0,0x03,0xF0,0xF0,0x00,0x00,0x00,
    0x00,0x00,0x00,0x00,0x00,0x00,0x00,0x00,0x00,0x00,0x00,0x00,0x00,0x00,0x00,0x00,
    0x00,0x00,0x00,0x00,0x00,0x00,0x00,0x00,0x00,0x00,0x00,0x00,0x00,0x00,0x00,0x00,
    0x00,0x00,0x00,0x00,0x00,0x00,0x00,0x00,0x78,0x00,0x00,0xF8,0x00,0x00,0xFC,0x00,
    0x01,0xDC,0x00,0x03,0x8E,0x00,0x03,0x87,0x00,0x07,0x07,0x00,0x00,0x00,0x00,0x00,
    0x00,0x00,0x00,0x00,0x00,0x01,0xFE,0x00,0x0F,0xFF,0x80,0x0F,0xFF,0xC0,0x0F,0x07,
    0xC0,0x08,0x01,0xE0,0x00,0x00,0xE0,0x00,0x00,0xE0,0x01,0xFF,0xE0,0x07,0xFF,0xE0,
    0x1F,0xFF,0xF0,0x1F,0x80,0xF0,0x3C,0x00,0xF0,0x3C,0x00,0xF0,0x3C,0x01,0xF0,0x3C,
    0x01,0xF0,0x3C,0x03,0xF0,0x1F,0x0F,0xF0,0x1F,0xFE,0xF0,0x0F,0xFC,0xF0,0x03,0xF0,
    0xF0,0x00,0x00,0x00,0x00,0x00,0x00,0x00,0x00,0x00,0x00,0x00,0x00,0x00,0x00,0x00,
    0x00,0x00,0x00,0x00,0x00,0x00,0x00,0x00,0x00,0x00,0x00,0x00,0x00,0x00,0x00,0x00,
    0x00,0x00,0x00,0x00,0x00,0x00,0x00,0x00,0x00,0x00,0x00,0x00,0x00,0x00,0x03,0xC3,
    0x80,0x07,0xF3,0x80,0x07,0x7B,0x00,0x06,0x3F,0x00,0x06,0x1E,0x00,0x00,0x00,0x00,
    0x00,0x00,0x00,0x00,0x00,0x00,0x00,0x00,0x00,0x01,0xFE,0x00,0x0F,0xFF,0x80,0x0F,
    0xFF,0xC0,0x0F,0x07,0xC0,0x08,0x01,0xE0,0x00,0x00,0xE0,0x00,0x00,0xE0,0x01,0xFF,
    0xE0,0x07,0xFF,0xE0,0x1F,0xFF,0xF0,0x1F,0x80,0xF0,0x3C,0x00,0xF0,0x3C,0x00,0xF0,
    0x3C,0x01,0xF0,0x3C,0x01,0xF0,0x3C,0x03,0xF0,0x1F,0x0F,0xF0,0x1F,0xFE,0xF0,0x0F,
    0xFC,0xF0,0x03,0xF0,0xF0,0x00,0x00,0x00,0x00,0x00,0x00,0x00,0x00,0x00,0x00,0x00,
    0x00,0x00,0x00,0x00,0x00,0x00,0x00,0x00,0x00,0x00,0x00,0x00,0x00,0x00,0x00,0x00,
    0x00,0x00,0x00,0x00,0x00,0x00,0x00,0x00,0x00,0x00,0x00,0x00,0x00,0x00,0x00,0x00,
    0x00,0x00,0x00,0x00,0x00,0x07,0x8F,0x00,0x07,0x8F,0x00,0x07,0x8F,0x00,0x07,0x8F,
    0x00,0x00,0x00,0x00,0x00,0x00,0x00,0x00,0x00,0x00,0x00,0x00,0x00,0x01,0xFE,0x00,
    0x0F,0xFF,0x80,0x0F,0xFF,0xC0,0x0F,0x07,0xC0,0x08,0x01,0xE0,0x00,0x00,0xE0,0x00,
    0x00,0xE0,0x01,0xFF,0xE0,0x07,0xFF,0xE0,0x1F,0xFF,0xF0,0x1F,0x80,0xF0,0x3C,0x00,
    0xF0,0x3C,0x00,0xF0,0x3C,0x01,0xF0,0x3C,0x01,0xF0,0x3C,0x03,0xF0,0x1F,0x0F,0xF0,
    0x1F,0xFE,0xF0,0x0F,0xFC,0xF0,0x03,0xF0,0xF0,0x00,0x00,0x00,0x00,0x00,0x00,0x00,
    0x00,0x00,0x00,0x00,0x00,0x00,0x00,0x00,0x00,0x00,0x00,0x00,0x00,0x00,0x00,0x00,
    0x00,0x00,0x00,0x00,0x00,0x00,0x00,0x00,0x00,0x00,0x00,0xF8,0x00,0x01,0xFC,0x00,
    0x03,0xCE,0x00,0x03,0x87,0x00,0x03,0x07,0x00,0x03,0x07,0x00,0x03,0x87,0x00,0x03,
    0xCE,0x00,0x01,0xFC,0x00,0x00,0xF8,0x00,0x00,0x00,0x00,0x00,0x00,0x00,0x00,0x00,
    0x00,0x01,0xFE,0x00,0x0F,0xFF,0x80,0x0F,0xFF,0xC0,0x0F,0x07,0xC0,0x08,0x01,0xE0,
    0x00,0x00,0xE0,0x00,0x00,0xE0,0x01,0xFF,0xE0,0x07,0xFF,0xE0,0x1F,0xFF,0xF0,0x1F,
    0x80,0xF0,0x3C,0x00,0xF0,0x3C,0x00,0xF0,0x3C,0x01,0xF0,0x3C,0x01,0xF0,0x3C,0x03,
    0xF0,0x1F,0x0F,0xF0,0x1F,0xFE,0xF0,0x0F,0xFC,0xF0,0x03,0xF0,0xF0,0x00,0x00,0x00,
    0x00,0x00,0x00,0x00,0x00,0x00,0x00,0x00,0x00,0x00,0x00,0x00,0x00,0x00,0x00,0x00,
    0x00,0x00,0x00,0x00,0x00,0x00,0x00,0x00,0x00,0x00,0x00,0x00,0x00,0x00,0x00,0x00,
    0x00,0x00,0x00,0x00,0x00,0x00,0x00,0x00,0x00,0x00,0x00,0x00,0x00,0x00,0x00,0x00,
    0x00,0x00,0x00,0x00,0x00,0x00,0x00,0x00,0x00,0x00,0x00,0x00,0x00,0x00,0x00,0x00,
    0x00,0x00,0x00,0x00,0x00,0x00,0x00,0x00,0x00,0x00,0x00,0x00,0x00,0x00,0x00,0x00,
    0x00,0x00,0x00,0x00,0x00,0x00,0x00,0x00,0x00,0x00,0x00,0x00,0x00,0x00,0x00,0x00,
    0x00,0x00,0x00,0x01,0xFE,0x03,0xF8,0x00,0x0F,0xFF,0x8F,0xFE,0x00,0x0F,0xFF,0xFF,
    0xFF,0x00,0x0F,0x07,0xFE,0x0F,0x80,0x08,0x01,0xF8,0x07,0xC0,0x00,0x00,0xF0,0x03,
    0xC0,0x00,0x00,0xF0,0x01,0xC0,0x01,0xFF,0xE0,0x01,0xC0,0x07,0xFF,0xFF,0xFF,0xE0,
    0x1F,0xFF,0xFF,0xFF,0xE0,0x1F,0x80,0xFF,0xFF,0xE0,0x3C,0x00,0xE0,0x00,0x00,0x3C,
    0x00,0xF0,0x00,0x00,0x3C,0x01,0xF0,0x00,0x00,0x3C,0x01,0xF0,0x00,0x00,0x3C,0x03,
    0xF8,0x00,0xC0,0x1F,0x0F,0xFF,0x07,0xC0,0x1F,0xFF,0x3F,0xFF,0xC0,0x0F,0xFE,0x0F,
    0xFF,0x80,0x03,0xF8,0x03,0xFC,0x00,0x00,0x00,0x00,0x00,0x00,0x00,0x00,0x00,0x00,
    0x00,0x00,0x00,0x00,0x00,0x00,0x00,0x00,0x00,0x00,0x00,0x00,0x00,0x00,0x00,0x00,
    0x00,0x00,0x00,0x00,0x00,0x00,0x00,0x00,0x00,0x00,0x00,0x00,0x00,0x00,0x00,0x00,
    0x00,0x00,0x00,0x00,0x00,0x00,0x00,0x00,0x00,0x00,0x00,0x00,0x00,0x00,0x00,0x00,
    0x00,0x00,0x00,0x00,0x00,0x00,0x00,0x00,0x00,0x00,0x00,0x00,0x00,0x00,0x00,0x00,
    0x00,0x00,0x00,0x00,0x00,0x00,0x00,0x00,0x00,0x00,0x00,0x00,0x00,0x00,0x00,0x00,
    0x00,0x00,0xFF,0x00,0x03,0xFF,0xC0,0x07,0xFF,0xC0,0x0F,0xC3,0xC0,0x1F,0x00,0x40,
    0x1E,0x00,0x00,0x3C,0x00,0x00,0x3C,0x00,0x00,0x3C,0x00,0x00,0x3C,0x00,0x00,0x3C,
    0x00,0x00,0x3C,0x00,0x00,0x3C,0x00,0x00,0x3C,0x00,0x00,0x1E,0x00,0x00,0x1F,0x00,
    0x40,0x0F,0xC1,0xC0,0x07,0xFF,0xC0,0x03,0xFF,0xC0,0x00,0xFF,0x00,0x00,0x1C,0x00,
    0x00,0x0E,0x00,0x00,0x06,0x00,0x00,0x8E,0x00,0x00,0xFE,0x00,0x00,0xFE,0x00,0x00,
    0xFC,0x00,0x00,0x00,0x00,0x00,0x00,0x00,0x00,0x00,0x00,0x00,0x00,0x00,0x00,0x00,
    0x00,0x00,0x00,0x00,0x00,0x00,0x00,0x03,0xC0,0x00,0x01,0xC0,0x00,0x01,0xE0,0x00,
    0x00,0xF0,0x00,0x00,0x78,0x00,0x00,0x38,0x00,0x00,0x1C,0x00,0x00,0x00,0x00,0x00,
    0x00,0x00,0x00,0x00,0x00,0x00,0xFF,0x00,0x03,0xFF,0x80,0x07,0xFF,0xE0,0x0F,0xC3,
    0xE0,0x1F,0x00,0xF0,0x1E,0x00,0x70,0x3C,0x00,0x78,0x3C,0x00,0x78,0x3F,0xFF,0xF8,
    0x3F,0xFF,0xF8,0x3F,0xFF,0xF8,0x3C,0x00,0x00,0x3C,0x00,0x00,0x3C,0x00,0x00,0x1E,
    0x00,0x00,0x1F,0x00,0x10,0x0F,0xC0,0xF0,0x07,0xFF,0xF0,0x03,0xFF,0xE0,0x00,0xFF,
    0x80,0x00,0x00,0x00,0x00,0x00,0x00,0x00,0x00,0x00,0x00,0x00,0x00,0x00,0x00,0x00,
    0x00,0x00,0x00,0x00,0x00,0x00,0x00,0x00,0x00,0x00,0x00,0x00,0x00,0x00,0x00,0x00,
    0x00,0x00,0x00,0x00,0x00,0x00,0x00,0x00,0x00,0x00,0x00,0x00,0x03,0xC0,0x00,0x07,
    0x80,0x00,0x0F,0x00,0x00,0x0E,0x00,0x00,0x1C,0x00,0x00,0x38,0x00,0x00,0x78,0x00,
    0x00,0x00,0x00,0x00,0x00,0x00,0x00,0x00,0x00,0x00,0xFF,0x00,0x03,0xFF,0x80,0x07,
    0xFF,0xE0,0x0F,0xC3,0xE0,0x1F,0x00,0xF0,0x1E,0x00,0x70,0x3C,0x00,0x78,0x3C,0x00,
    0x78,0x3F,0xFF,0xF8,0x3F,0xFF,0xF8,0x3F,0xFF,0xF8,0x3C,0x00,0x00,0x3C,0x00,0x00,
    0x3C,0x00,0x00,0x1E,0x00,0x00,0x1F,0x00,0x10,0x0F,0xC0,0xF0,0x07,0xFF,0xF0,0x03,
    0xFF,0xE0,0x00,0xFF,0x80,0x00,0x00,0x00,0x00,0x00,0x00,0x00,0x00,0x00,0x00,0x00,
    0x00,0x00,0x00,0x00,0x00,0x00,0x00,0x00,0x00,0x00,0x00,0x00,0x00,0x00,0x00,0x00,
    0x00,0x00,0x00,0x00,0x00,0x00,0x00,0x00,0x00,0x00,0x00,0x00,0x00,0x00,0x00,0x00,
    0x3C,0x00,0x00,0x7C,0x00,0x00,0x7E,0x00,0x00,0xEF,0x00,0x01,0xC7,0x00,0x01,0xC3,
    0x80,0x03,0x83,0x80,0x00,0x00,0x00,0x00,0x00,0x00,0x00,0x00,0x00,0x00,0xFF,0x00,
    0x03,0xFF,0x80,0x07,0xFF,0xE0,0x0F,0xC3,0xE0,0x1F,0x00,0xF0,0x1E,0x00,0x70,0x3C,
    0x00,0x78,0x3C,0x00,0x78,0x3F,0xFF,0xF8,0x3F,0xFF,0xF8,0x3F,0xFF,0xF8,0x3C,0x00,
    0x00,0x3C,0x00,0x00,0x3C,0x00,0x00,0x1E,0x00,0x00,0x1F,0x00,0x10,0x0F,0xC0,0xF0,
    0x07,0xFF,0xF0,0x03,0xFF,0xE0,0x00,0xFF,0x80,0x00,0x00,0x00,0x00,0x00,0x00,0x00,
    0x00,0x00,0x00,0x00,0x00,0x00,0x00,0x00,0x00,0x00,0x00,0x00,0x00,0x00,0x00,0x00,
    0x00,0x00,0x00,0x00,0x00,0x00,0x00,0x00,0x00,0x00,0x00,0x00,0x00,0x00,0x00,0x00,
    0x00,0x00,0x00,0x00,0x00,0x00,0x00,0x00,0x00,0x03,0xC7,0x80,0x03,0xC7,0x80,0x03,
    0xC7,0x80,0x03,0xC7,0x80,0x00,0x00,0x00,0x00,0x00,0x00,0x00,0x00,0x00,0x00,0x00,
    0x00,0x00,0xFF,0x00,0x03,0xFF,0x80,0x07,0xFF,0xE0,0x0F,0xC3,0xE0,0x1F,0x00,0xF0,
    0x1E,0x00,0x70,0x3C,0x00,0x78,0x3C,0x00,0x78,0x3F,0xFF,0xF8,0x3F,0xFF,0xF8,0x3F,
    0xFF,0xF8,0x3C,0x00,0x00,0x3C,0x00,0x00,0x3C,0x00,0x00,0x1E,0x00,0x00,0x1F,0x00,
    0x10,0x0F,0xC0,0xF0,0x07,0xFF,0xF0,0x03,0xFF,0xE0,0x00,0xFF,0x80,0x00,0x00,0x00,
    0x00,0x00,0x00,0x00,0x00,0x00,0x00,0x00,0x00,0x00,0x00,0x00,0x00,0x00,0x00,0x00,
    0x00,0x00,0x00,0x00,0x00,0x00,0x00,0x00,0x00,0x00,0x00,0x00,0x00,0x00,0x00,0x00,
    0x00,0x00,0xE0,0x00,0xF0,0x00,0x78,0x00,0x38,0x00,0x1C,0x00,0x1E,0x00,0x0E,0x00,
    0x00,0x00,0x00,0x00,0x00,0x00,0x1E,0x00,0x1E,0x00,0x1E,0x00,0x1E,0x00,0x1E,0x00,
    0x1E,0x00,0x1E,0x00,0x1E,0x00,0x1E,0x00,0x1E,0x00,0x1E,0x00,0x1E,0x00,0x1E,0x00,
    0x1E,0x00,0x1E,0x00,0x1E,0x00,0x1E,0x00,0x1E,0x00,0x1E,0x00,0x1E,0x00,0x00,0x00,
    0x00,0x00,0x00,0x00,0x00,0x00,0x00,0x00,0x00,0x00,0x00,0x00,0x00,0x00,0x00,0x00,
    0x00,0x00,0x00,0x00,0x00,0x00,0x00,0x00,0x00,0x00,0x01,0xC0,0x03,0xC0,0x03,0x80,
    0x07,0x80,0x0F,0x00,0x0E,0x00,0x1C,0x00,0x00,0x00,0x00,0x00,0x00,0x00,0x1E,0x00,
    0x1E,0x00,0x1E,0x00,0x1E,0x00,0x1E,0x00,0x1E,0x00,0x1E,0x00,0x1E,0x00,0x1E,0x00,
    0x1E,0x00,0x1E,0x00,0x1E,0x00,0x1E,0x00,0x1E,0x00,0x1E,0x00,0x1E,0x00,0x1E,0x00,
    0x1E,0x00,0x1E,0x00,0x1E,0x00,0x00,0x00,0x00,0x00,0x00,0x00,0x00,0x00,0x00,0x00,
    0x00,0x00,0x00,0x00,0x00,0x00,0x00,0x00,0x00,0x00,0x00,0x00,0x00,0x00,0x00,0x00,
    0x00,0x00,0x1E,0x00,0x1F,0x00,0x3F,0x00,0x7B,0x80,0x73,0xC0,0xE1,0xC0,0xC0,0xC0,
    0x00,0x00,0x00,0x00,0x00,0x00,0x1E,0x00,0x1E,0x00,0x1E,0x00,0x1E,0x00,0x1E,0x00,
    0x1E,0x00,0x1E,0x00,0x1E,0x00,0x1E,0x00,0x1E,0x00,0x1E,0x00,0x1E,0x00,0x1E,0x00,
    0x1E,0x00,0x1E,0x00,0x1E,0x00,0x1E,0x00,0x1E,0x00,0x1E,0x00,0x1E,0x00,0x00,0x00,
    0x00,0x00,0x00,0x00,0x00,0x00,0x00,0x00,0x00,0x00,0x00,0x00,0x00,0x00,0x00,0x00,
    0x00,0x00,0x00,0x00,0x00,0x00,0x00,0x00,0x00,0x00,0x00,0x00,0x00,0x00,0xF1,0xC0,
    0xF1,0xC0,0xF1,0xC0,0xF1,0xC0,0x00,0x00,0x00,0x00,0x00,0x00,0x00,0x00,0x1E,0x00,
    0x1E,0x00,0x1E,0x00,0x1E,0x00,0x1E,0x00,0x1E,0x00,0x1E,0x00,0x1E,0x00,0x1E,0x00,
    0x1E,0x00,0x1E,0x00,0x1E,0x00,0x1E,0x00,0x1E,0x00,0x1E,0x00,0x1E,0x00,0x1E,0x00,
    0x1E,0x00,0x1E,0x00,0x1E,0x00,0x00,0x00,0x00,0x00,0x00,0x00,0x00,0x00,0x00,0x00,
    0x00,0x00,0x00,0x00,0x00,0x00,0x00,0x00,0x00,0x00,0x00,0x00,0x00,0x00,0x00,0x00,
    0x00,0x00,0x00,0x00,0x00,0x00,0x00,0x00,0x00,0x00,0x00,0x00,0x00,0x03,0xC0,0x00,
    0x01,0xE1,0xE0,0x00,0xFF,0xC0,0x00,0xFE,0x00,0x07,0xFC,0x00,0x0F,0xBE,0x00,0x0C,
    0x1F,0x00,0x00,0x0F,0x80,0x01,0xFF,0x80,0x03,0xFF,0xC0,0x07,0xFF,0xE0,0x0F,0xC3,
    0xE0,0x1F,0x00,0xF0,0x1E,0x00,0xF0,0x3C,0x00,0xF0,0x3C,0x00,0x78,0x3C,0x00,0x78,
    0x3C,0x00,0x78,0x3C,0x00,0x78,0x3C,0x00,0x78,0x3C,0x00,0x78,0x3C,0x00,0xF0,0x1E,
    0x00,0xF0,0x1F,0x01,0xE0,0x0F,0x87,0xE0,0x07,0xFF,0xC0,0x03,0xFF,0x80,0x00,0xFE,
    0x00,0x00,0x00,0x00,0x00,0x00,0x00,0x00,0x00,0x00,0x00,0x00,0x00,0x00,0x00,0x00,
    0x00,0x00,0x00,0x00,0x00,0x00,0x00,0x00,0x00,0x00,0x00,0x00,0x00,0x00,0x00,0x00,
    0x00,0x00,0x00,0x00,0x00,0x00,0x00,0x00,0x00,0x00,0x00,0x00,0x00,0x00,0x00,0xF1,
    0xC0,0x01,0xF9,0xC0,0x03,0xBD,0xC0,0x03,0x9F,0x80,0x03,0x8F,0x00,0x00,0x00,0x00,
    0x00,0x00,0x00,0x00,0x00,0x00,0x00,0x00,0x00,0x1E,0x3F,0x80,0x1E,0x7F,0xC0,0x1E,
    0xFF,0xE0,0x1F,0xC3,0xF0,0x1F,0x80,0xF0,0x1F,0x00,0xF0,0x1E,0x00,0x70,0x1E,0x00,
    0x70,0x1E,0x00,0x70,0x1E,0x00,0x78,0x1E,0x00,0x78,0x1E,0x00,0x78,0x1E,0x00,0x78,
    0x1E,0x00,0x78,0x1E,0x00,0x78,0x1E,0x00,0x78,0x1E,0x00,0x78,0x1E,0x00,0x78,0x1E,
    0x00,0x78,0x1E,0x00,0x78,0x00,0x00,0x00,0x00,0x00,0x00,0x00,0x00,0x00,0x00,0x00,
    0x00,0x00,0x00,0x00,0x00,0x00,0x00,0x00,0x00,0x00,0x00,0x00,0x00,0x00,0x00,0x00,
    0x00,0x00,0x00,0x00,0x00,0x00,0x00,0x00,0x00,0x00,0x00,0x00,0x00,0x00,0x00,0x07,
    0x80,0x00,0x03,0xC0,0x00,0x01,0xE0,0x00,0x00,0xE0,0x00,0x00,0x70,0x00,0x00,0x38,
    0x00,0x00,0x3C,0x00,0x00,0x00,0x00,0x00,0x00,0x00,0x00,0x00,0x00,0x01,0xFE,0x00,
    0x03,0xFF,0x80,0x0F,0xFF,0xC0,0x0F,0x87,0xE0,0x1F,0x01,0xF0,0x1E,0x00,0xF0,0x3C,
    0x00,0xF0,0x3C,0x00,0x78,0x3C,0x00,0x78,0x3C,0x00,0x78,0x3C,0x00,0x78,0x3C,0x00,
    0x78,0x3C,0x00,0x78,0x3C,0x00,0xF0,0x1E,0x00,0xF0,0x1F,0x01,0xF0,0x0F,0x87,0xE0,
    0x0F,0xFF,0xC0,0x03,0xFF,0x80,0x01,0xFE,0x00,0x00,0x00,0x00,0x00,0x00,0x00,0x00,
    0x00,0x00,0x00,0x00,0x00,0x00,0x00,0x00,0x00,0x00,0x00,0x00,0x00,0x00,0x00,0x00,
    0x00,0x00,0x00,0x00,0x00,0x00,0x00,0x00,0x00,0x00,0x00,0x00,0x00,0x00,0x00,0x00,
    0x00,0x00,0x00,0x00,0x07,0x80,0x00,0x07,0x00,0x00,0x0F,0x00,0x00,0x1E,0x00,0x00,
    0x3C,0x00,0x00,0x38,0x00,0x00,0x70,0x00,0x00,0x00,0x00,0x00,0x00,0x00,0x00,0x00,
    0x00,0x01,0xFE,0x00,0x03,0xFF,0x80,0x0F,0xFF,0xC0,0x0F,0x87,0xE0,0x1F,0x01,0xF0,
    0x1E,0x00,0xF0,0x3C,0x00,0xF0,0x3C,0x00,0x78,0x3C,0x00,0x78,0x3C,0x00,0x78,0x3C,
    0x00,0x78,0x3C,0x00,0x78,0x3C,0x00,0x78,0x3C,0x00,0xF0,0x1E,0x00,0xF0,0x1F,0x01,
    0xF0,0x0F,0x87,0xE0,0x0F,0xFF,0xC0,0x03,0xFF,0x80,0x01,0xFE,0x00,0x00,0x00,0x00,
    0x00,0x00,0x00,0x00,0x00,0x00,0x00,0x00,0x00,0x00,0x00,0x00,0x00,0x00,0x00,0x00,
    0x00,0x00,0x00,0x00,0x00,0x00,0x00,0x00,0x00,0x00,0x00,0x00,0x00,0x00,0x00,0x00,
    0x00,0x00,0x00,0x00,0x00,0x00,0x00,0x00,0x78,0x00,0x00,0x7C,0x00,0x00,0xFC,0x00,
    0x00,0xEE,0x00,0x01,0xC7,0x00,0x03,0x87,0x00,0x03,0x83,0x80,0x00,0x00,0x00,0x00,
    0x00,0x00,0x00,0x00,0x00,0x01,0xFE,0x00,0x03,0xFF,0x80,0x0F,0xFF,0xC0,0x0F,0x87,
    0xE0,0x1F,0x01,0xF0,0x1E,0x00,0xF0,0x3C,0x00,0xF0,0x3C,0x00,0x78,0x3C,0x00,0x78,
    0x3C,0x00,0x78,0x3C,0x00,0x78,0x3C,0x00,0x78,0x3C,0x00,0x78,0x3C,0x00,0xF0,0x1E,
    0x00,0xF0,0x1F,0x01,0xF0,0x0F,0x87,0xE0,0x0F,0xFF,0xC0,0x03,0xFF,0x80,0x01,0xFE,
    0x00,0x00,0x00,0x00,0x00,0x00,0x00,0x00,0x00,0x00,0x00,0x00,0x00,0x00,0x00,0x00,
    0x00,0x00,0x00,0x00,0x00,0x00,0x00,0x00,0x00,0x00,0x00,0x00,0x00,0x00,0x00,0x00,
    0x00,0x00,0x00,0x00,0x00,0x00,0x00,0x00,0x00,0x00,0x00,0x00,0x00,0x00,0x01,0xE1,
    0x80,0x03,0xF1,0x80,0x03,0x7B,0x80,0x07,0x3F,0x80,0x07,0x0F,0x00,0x00,0x00,0x00,
    0x00,0x00,0x00,0x00,0x00,0x00,0x00,0x00,0x00,0x01,0xFE,0x00,0x03,0xFF,0x80,0x0F,
    0xFF,0xC0,0x0F,0x87,0xE0,0x1F,0x01,0xF0,0x1E,0x00,0xF0,0x3C,0x00,0xF0,0x3C,0x00,
    0x78,0x3C,0x00,0x78,0x3C,0x00,0x78,0x3C,0x00,0x78,0x3C,0x00,0x78,0x3C,0x00,0x78,
    0x3C,0x00,0xF0,0x1E,0x00,0xF0,0x1F,0x01,0xF0,0x0F,0x87,0xE0,0x0F,0xFF,0xC0,0x03,
    0xFF,0x80,0x01,0xFE,0x00,0x00,0x00,0x00,0x00,0x00,0x00,0x00,0x00,0x00,0x00,0x00,
    0x00,0x00,0x00,0x00,0x00,0x00,0x00,0x00,0x00,0x00,0x00,0x00,0x00,0x00,0x00,0x00,
    0x00,0x00,0x00,0x00,0x00,0x00,0x00,0x00,0x00,0x00,0x00,0x00,0x00,0x00,0x00,0x00,
    0x00,0x00,0x00,0x00,0x00,0x03,0xC7,0x80,0x03,0xC7,0x80,0x03,0xC7,0x80,0x03,0xC7,
    0x80,0x00,0x00,0x00,0x00,0x00,0x00,0x00,0x00,0x00,0x00,0x00,0x00,0x01,0xFE,0x00,
    0x03,0xFF,0x80,0x0F,0xFF,0xC0,0x0F,0x87,0xE0,0x1F,0x01,0xF0,0x1E,0x00,0xF0,0x3C,
    0x00,0xF0,0x3C,0x00,0x78,0x3C,0x00,0x78,0x3C,0x00,0x78,0x3C,0x00,0x78,0x3C,0x00,
    0x78,0x3C,0x00,0x78,0x3C,0x00,0xF0,0x1E,0x00,0xF0,0x1F,0x01,0xF0,0x0F,0x87,0xE0,
    0x0F,0xFF,0xC0,0x03,0xFF,0x80,0x01,0xFE,0x00,0x00,0x00,0x00,0x00,0x00,0x00,0x00,
    0x00,0x00,0x00,0x00,0x00,0x00,0x00,0x00,0x00,0x00,0x00,0x00,0x00,0x00,0x00,0x00,
    0x00,0x00,0x00,0x00,0x00,0x00,0x00,0x00,0x00,0x00,0x00,0x00,0x00,0x00,0x00,0x00,
    0x00,0x00,0x00,0x00,0x00,0x00,0x00,0x00,0x00,0x00,0x00,0x00,0x00,0x00,0x00,0x00,
    0x00,0x00,0x00,0x00,0x00,0x00,0x00,0x00,0x00,0x00,0x00,0x00,0x00,0x00,0x00,0x00,
    0x00,0x00,0x00,0x00,0x00,0x00,0x00,0x00,0x00,0x00,0x00,0x00,0x00,0x00,0x00,0x00,
    0x00,0x07,0xC0,0x00,0x00,0x07,0xC0,0x00,0x00,0x07,0xC0,0x00,0x00,0x07,0xC0,0x00,
    0x00,0x00,0x00,0x00,0x00,0x00,0x00,0x00,0x00,0x00,0x00,0x00,0x0F,0xFF,0xFF,0xE0,
    0x0F,0xFF,0xFF,0xE0,0x0F,0xFF,0xFF,0xE0,0x00,0x00,0x00,0x00,0x00,0x00,0x00,0x00,
    0x00,0x00,0x00,0x00,0x00,0x07,0xC0,0x00,0x00,0x07,0xC0,0x00,0x00,0x07,0xC0,0x00,
    0x00,0x07,0xC0,0x00,0x00,0x00,0x00,0x00,0x00,0x00,0x00,0x00,0x00,0x00,0x00,0x00,
    0x00,0x00,0x00,0x00,0x00,0x00,0x00,0x00,0x00,0x00,0x00,0x00,0x00,0x00,0x00,0x00,
    0x00,0x00,0x00,0x00,0x00,0x00,0x00,0x00,0x00,0x00,0x00,0x00,0x00,0x00,0x00,0x00,
    0x00,0x00,0x00,0x00,0x00,0x00,0x00,0x00,0x00,0x00,0x00,0x00,0x00,0x00,0x00,0x00,
    0x00,0x00,0x00,0x00,0x00,0x00,0x00,0x00,0x00,0x00,0x00,0x00,0x00,0x00,0x00,0x00,
    0x00,0x00,0x00,0x00,0x00,0x00,0x00,0x00,0x00,0x00,0x00,0x00,0x00,0x00,0x00,0x00,
    0x18,0x01,0xFE,0x38,0x03,0xFF,0xF8,0x0F,0xFF,0xF0,0x0F,0x87,0xE0,0x1F,0x01,0xE0,
    0x1E,0x03,0xF0,0x3C,0x07,0xF0,0x3C,0x0E,0x78,0x3C,0x1C,0x78,0x3C,0x38,0x78,0x3C,
    0x70,0x78,0x3C,0xF0,0x78,0x3D,0xE0,0x78,0x3F,0xC0,0xF0,0x1F,0x80,0xF0,0x1F,0x01,
    0xF0,0x0F,0x87,0xE0,0x1F,0xFF,0xC0,0x3B,0xFF,0x80,0x78,0xFE,0x00,0x30,0x00,0x00,
    0x00,0x00,0x00,0x00,0x00,0x00,0x00,0x00,0x00,0x00,0x00,0x00,0x00,0x00,0x00,0x00,
    0x00,0x00,0x00,0x00,0x00,0x00,0x00,0x00,0x00,0x00,0x00,0x00,0x00,0x00,0x00,0x00,
    0x00,0x00,0x00,0x00,0x00,0x00,0x00,0x03,0x80,0x00,0x03,0xC0,0x00,0x01,0xE0,0x00,
    0x00,0xF0,0x00,0x00,0x70,0x00,0x00,0x38,0x00,0x00,0x1C,0x00,0x00,0x00,0x00,0x00,
    0x00,0x00,0x00,0x00,0x00,0x1E,0x00,0x70,0x1E,0x00,0x70,0x1E,0x00,0x70,0x1E,0x00,
    0x70,0x1E,0x00,0x70,0x1E,0x00,0x70,0x1E,0x00,0x70,0x1E,0x00,0x70,0x1E,0x00,0x70,
    0x1E,0x00,0x70,0x1E,0x00,0x70,0x1E,0x00,0x70,0x1E,0x00,0xF0,0x1E,0x00,0xF0,0x1E,
    0x00,0xF0,0x0F,0x01,0xF0,0x0F,0x87,0xF0,0x07,0xFF,0x70,0x07,0xFE,0x70,0x01,0xF8,
    0x70,0x00,0x00,0x00,0x00,0x00,0x00,0x00,0x00,0x00,0x00,0x00,0x00,0x00,0x00,0x00,
    0x00,0x00,0x00,0x00,0x00,0x00,0x00,0x00,0x00,0x00,0x00,0x00,0x00,0x00,0x00,0x00,
    0x00,0x00,0x00,0x00,0x00,0x00,0x00,0x00,0x00,0x00,0x00,0x00,0x07,0x80,0x00,0x07,
    0x80,0x00,0x0F,0x00,0x00,0x1E,0x00,0x00,0x1C,0x00,0x00,0x38,0x00,0x00,0x70,0x00,
    0x00,0x00,0x00,0x00,0x00,0x00,0x00,0x00,0x00,0x1E,0x00,0x70,0x1E,0x00,0x70,0x1E,
    0x00,0x70,0x1E,0x00,0x70,0x1E,0x00,0x70,0x1E,0x00,0x70,0x1E,0x00,0x70,0x1E,0x00,
    0x70,0x1E,0x00,0x70,0x1E,0x00,0x70,0x1E,0x00,0x70,0x1E,0x00,0x70,0x1E,0x00,0xF0,
    0x1E,0x00,0xF0,0x1E,0x00,0xF0,0x0F,0x01,0xF0,0x0F,0x87,0xF0,0x07,0xFF,0x70,0x07,
    0xFE,0x70,0x01,0xF8,0x70,0x00,0x00,0x00,0x00,0x00,0x00,0x00,0x00,0x00,0x00,0x00,
    0x00,0x00,0x00,0x00,0x00,0x00,0x00,0x00,0x00,0x00,0x00,0x00,0x00,0x00,0x00,0x00,
    0x00,0x00,0x00,0x00,0x00,0x00,0x00,0x00,0x00,0x00,0x00,0x00,0x00,0x00,0x00,0x00,
    0x38,0x00,0x00,0x7C,0x00,0x00,0xFE,0x00,0x00,0xEE,0x00,0x01,0xC7,0x00,0x03,0x87,
    0x00,0x03,0x83,0x80,0x00,0x00,0x00,0x00,0x00,0x00,0x00,0x00,0x00,0x1E,0x00,0x70,
    0x1E,0x00,0x70,0x1E,0x00,0x70,0x1E,0x00,0x70,0x1E,0x00,0x70,0x1E,0x00,0x70,0x1E,
    0x00,0x70,0x1E,0x00,0x70,0x1E,0x00,0x70,0x1E,0x00,0x70,0x1E,0x00,0x70,0x1E,0x00,
    0x70,0x1E,0x00,0xF0,0x1E,0x00,0xF0,0x1E,0x00,0xF0,0x0F,0x01,0xF0,0x0F,0x87,0xF0,
    0x07,0xFF,0x70,0x07,0xFE,0x70,0x01,0xF8,0x70,0x00,0x00,0x00,0x00,0x00,0x00,0x00,
    0x00,0x00,0x00,0x00,0x00,0x00,0x00,0x00,0x00,0x00,0x00,0x00,0x00,0x00,0x00,0x00,
    0x00,0x00,0x00,0x00,0x00,0x00,0x00,0x00,0x00,0x00,0x00,0x00,0x00,0x00,0x00,0x00,
    0x00,0x00,0x00,0x00,0x00,0x00,0x00,0x00,0x00,0x03,0xC7,0x80,0x03,0xC7,0x80,0x03,
    0xC7,0x80,0x03,0xC7,0x80,0x00,0x00,0x00,0x00,0x00,0x00,0x00,0x00,0x00,0x00,0x00,
    0x00,0x1E,0x00,0x70,0x1E,0x00,0x70,0x1E,0x00,0x70,0x1E,0x00,0x70,0x1E,0x00,0x70,
    0x1E,0x00,0x70,0x1E,0x00,0x70,0x1E,0x00,0x70,0x1E,0x00,0x70,0x1E,0x00,0x70,0x1E,
    0x00,0x70,0x1E,0x00,0x70,0x1E,0x00,0xF0,0x1E,0x00,0xF0,0x1E,0x00,0xF0,0x0F,0x01,
    0xF0,0x0F,0x87,0xF0,0x07,0xFF,0x70,0x07,0xFE,0x70,0x01,0xF8,0x70,0x00,0x00,0x00,
    0x00,0x00,0x00,0x00,0x00,0x00,0x00,0x00,0x00,0x00,0x00,0x00,0x00,0x00,0x00,0x00,
    0x00,0x00,0x00,0x00,0x00,0x00,0x00,0x00,0x00,0x00,0x00,0x00,0x00,0x00,0x00,0x00,
    0x00,0x00,0x00,0x00,0x00,0x00,0x00,0x00,0x07,0x80,0x00,0x0F,0x00,0x00,0x1E,0x00,
    0x00,0x1C,0x00,0x00,0x38,0x00,0x00,0x78,0x00,0x00,0x70,0x00,0x00,0x00,0x00,0x00,
    0x00,0x00,0x00,0x00,0x00,0x78,0x00,0x78,0x38,0x00,0xF0,0x3C,0x00,0xF0,0x3C,0x00,
    0xF0,0x1E,0x01,0xE0,0x1E,0x01,0xE0,0x0E,0x03,0xC0,0x0F,0x03,0xC0,0x0F,0x03,0xC0,
    0x07,0x87,0x80,0x07,0x87,0x80,0x03,0x8F,0x00,0x03,0xCF,0x00,0x01,0xCF,0x00,0x01,
    0xFE,0x00,0x01,0xFE,0x00,0x00,0xFC,0x00,0x00,0xFC,0x00,0x00,0x7C,0x00,0x00,0x78,
    0x00,0x00,0x78,0x00,0x00,0xF0,0x00,0x00,0xF0,0x00,0x01,0xE0,0x00,0x03,0xE0,0x00,
    0x1F,0xC0,0x00,0x1F,0xC0,0x00,0x1F,0x00,0x00,0x00,0x00,0x00,0x00,0x00,0x00,0x00,
    0x00,0x00,0x00,0x00,0x00,0x00,0x00,0x00,0x00,0x00,0x00,0x00,0x00,0x00,0x00,0x00,
    0x00,0x1E,0x00,0x00,0x1E,0x00,0x00,0x1E,0x00,0x00,0x1E,0x00,0x00,0x1E,0x00,0x00,
    0x1E,0x00,0x00,0x1E,0x00,0x00,0x1E,0x00,0x00,0x1E,0x3F,0x00,0x1E,0xFF,0xC0,0x1F,
    0xFF,0xE0,0x1F,0xC3,0xF0,0x1F,0x80,0xF0,0x1F,0x00,0x78,0x1E,0x00,0x78,0x1E,0x00,
    0x38,0x1E,0x00,0x3C,0x1E,0x00,0x3C,0x1E,0x00,0x3C,0x1E,0x00,0x3C,0x1E,0x00,0x38,
    0x1E,0x00,0x78,0x1F,0x00,0x78,0x1F,0x80,0xF0,0x1F,0xC3,0xF0,0x1F,0xFF,0xE0,0x1E,
    0xFF,0xC0,0x1E,0x3F,0x00,0x1E,0x00,0x00,0x1E,0x00,0x00,0x1E,0x00,0x00,0x1E,0x00,
    0x00,0x1E,0x00,0x00,0x1E,0x00,0x00,0x1E,0x00,0x00,0x1E,0x00,0x00,0x00,0x00,0x00,
    0x00,0x00,0x00,0x00,0x00,0x00,0x00,0x00,0x00,0x00,0x00,0x00,0x00,0x00,0x00,0x00,
    0x00,0x00,0x00,0x00,0x00,0x07,0x8F,0x80,0x07,0x8F,0x80,0x07,0x8F,0x80,0x07,0x8F,
    0x80,0x00,0x00,0x00,0x00,0x00,0x00,0x00,0x00,0x00,0x00,0x00,0x00,0x78,0x00,0x78,
    0x38,0x00,0xF0,0x3C,0x00,0xF0,0x3C,0x00,0xF0,0x1E,0x01,0xE0,0x1E,0x01,0xE0,0x0E,
    0x03,0xC0,0x0F,0x03,0xC0,0x0F,0x03,0xC0,0x07,0x87,0x80,0x07,0x87,0x80,0x03,0x8F,
    0x00,0x03,0xCF,0x00,0x01,0xCF,0x00,0x01,0xFE,0x00,0x01,0xFE,0x00,0x00,0xFC,0x00,
    0x00,0xFC,0x00,0x00,0x7C,0x00,0x00,0x78,0x00,0x00,0x78,0x00,0x00,0xF0,0x00,0x00,
    0xF0,0x00,0x01,0xE0,0x00,0x03,0xE0,0x00,0x1F,0xC0,0x00,0x1F,0xC0,0x00,0x1F,0x00,
    0x00,0x00,0x00,0x00,0x00,0x00,0x00,0x00,0x00,0x00,0x00,0x00,0x00,0x00,0x00,0x00,
    0x00,0x00,0x00,0x00,0x00,0x00,0x00,0x00,0x00,0x00,0x00,0x00,0x00,0x00,0x00,0x00,
    0x00,0x00,0x00,0x00,0x00,0x00,0x00,0x00,0x00,0x00,0x00,0x00,0x00,0x0F,0xFF,0xFF,
    0xF8,0x00,0x7F,0xFF,0xFF,0xF8,0x01,0xFF,0xFF,0xFF,0xF8,0x03,0xFC,0x0F,0x00,0x00,
    0x07,0xE0,0x0F,0x00,0x00,0x0F,0x80,0x0F,0x00,0x00,0x0F,0x00,0x0F,0x00,0x00,0x1F,
    0x00,0x0F,0x00,0x00,0x1E,0x00,0x0F,0x00,0x00,0x3E,0x00,0x0F,0x00,0x00,0x3C,0x00,
    0x0F,0x00,0x00,0x3C,0x00,0x0F,0xFF,0xF8,0x3C,0x00,0x0F,0xFF,0xF8,0x3C,0x00,0x0F,
    0xFF,0xF8,0x3C,0x00,0x0F,0x00,0x00,0x3C,0x00,0x0F,0x00,0x00,0x3C,0x00,0x0F,0x00,
    0x00,0x3E,0x00,0x0F,0x00,0x00,0x1E,0x00,0x0F,0x00,0x00,0x1F,0x00,0x0F,0x00,0x00,
    0x0F,0x00,0x0F,0x00,0x00,0x0F,0x80,0x0F,0x00,0x00,0x07,0xE0,0x0F,0x00,0x00,0x03,
    0xFC,0x0F,0x00,0x00,0x01,0xFF,0xFF,0xFF,0xF8,0x00,0x7F,0xFF,0xFF,0xF8,0x00,0x0F,
    0xFF,0xFF,0xF8,0x00,0x00,0x00,0x00,0x00,0x00,0x00,0x00,0x00,0x00,0x00,0x00,0x00,
    0x00,0x00,0x00,0x00,0x00,0x00,0x00,0x00,0x00,0x00,0x00,0x00,0x00,0x00,0x00,0x00,
    0x00,0x00,0x00,0x00,0x00,0x00,0x00,0x00,0x00,0x00,0x00,0x00,0x00,0x00,0x00,0x00,
    0x00,0x00,0x00,0x00,0x00,0x00,0x00,0x00,0x00,0x00,0x00,0x00,0x00,0x00,0x00,0x00,
    0x00,0x00,0x00,0x00,0x00,0x00,0x00,0x00,0x00,0x00,0x00,0x00,0x00,0x00,0x00,0x00,
    0x00,0x00,0x00,0x00,0x00,0x00,0x00,0x00,0x00,0x00,0x00,0x00,0x00,0x00,0x00,0x00,
    0x00,0x00,0x00,0x00,0x00,0x00,0x00,0x00,0x00,0x00,0x00,0x00,0x00,0x00,0x00,0x00,
    0x00,0x00,0x00,0x00,0x00,0x00,0x00,0x00,0x00,0x00,0x00,0x01,0xFE,0x01,0xFE,0x00,
    0x03,0xFF,0x87,0xFF,0x80,0x07,0xFF,0xCF,0xFF,0xC0,0x0F,0x87,0xFF,0x87,0xC0,0x1F,
    0x01,0xFE,0x01,0xE0,0x1E,0x00,0xFC,0x00,0xF0,0x3C,0x00,0xF8,0x00,0xF0,0x3C,0x00,
    0x78,0x00,0xF0,0x3C,0x00,0x7F,0xFF,0xF0,0x3C,0x00,0x7F,0xFF,0xF0,0x3C,0x00,0x7F,
    0xFF,0xF0,0x3C,0x00,0x78,0x00,0x00,0x3C,0x00,0x78,0x00,0x00,0x3C,0x00,0xF8,0x00,
    0x00,0x1E,0x00,0xFC,0x00,0x00,0x1F,0x01,0xFE,0x00,0x20,0x0F,0x87,0xFF,0x81,0xE0,
    0x07,0xFF,0xCF,0xFF,0xE0,0x03,0xFF,0x87,0xFF,0xC0,0x01,0xFE,0x00,0xFF,0x00,0x00,
    0x00,0x00,0x00,0x00,0x00,0x00,0x00,0x00,0x00,0x00,0x00,0x00,0x00,0x00,0x00,0x00,
    0x00,0x00,0x00,0x00,0x00,0x00,0x00,0x00,0x00,0x00,0x00,0x00,0x00,0x00,0x00,0x00,
    0x00,0x00,0x00,0x00,0x00,0x00,0x00,0x00,0x00,0x00,0x00,0x00,0x03,0x83,0x80,0x01,
    0xC7,0x00,0x00,0xEF,0x00,0x00,0x7E,0x00,0x00,0x7C,0x00,0x00,0x00,0x00,0x00,0x00,
    0x00,0x00,0x00,0x00,0x01,0xFF,0x00,0x07,0xFF,0xE0,0x0F,0xFF,0xF0,0x1F,0xC3,0xF0,
    0x1F,0x00,0x70,0x1E,0x00,0x10,0x3C,0x00,0x00,0x3C,0x00,0x00,0x3C,0x00,0x00,0x1E,
    0x00,0x00,0x1F,0x00,0x00,0x1F,0xE0,0x00,0x0F,0xFF,0x00,0x03,0xFF,0xC0,0x00,0x7F,
    0xF0,0x00,0x03,0xF0,0x00,0x00,0xF8,0x00,0x00,0x78,0x00,0x00,0x7C,0x00,0x00,0x7C,
    0x00,0x00,0x7C,0x30,0x00,0x78,0x3C,0x00,0xF8,0x3F,0x83,0xF0,0x3F,0xFF,0xF0,0x1F,
    0xFF,0xC0,0x03,0xFF,0x00,0x00,0x00,0x00,0x00,0x00,0x00,0x00,0x00,0x00,0x00,0x00,
    0x00,0x00,0x00,0x00,0x00,0x00,0x00,0x00,0x00,0x00,0x00,0x00,0x00,0x00,0x00,0x00,
    0x00,0x00,0x00,0x00,0x00,0x00,0x00,0x00,0x00,0x00,0x00,0x00,0x00,0x00,0x00,0x0E,
    0x07,0x00,0x07,0x0E,0x00,0x03,0x9C,0x00,0x03,0x9C,0x00,0x01,0xF8,0x00,0x00,0xF0,
    0x00,0x00,0xF0,0x00,0x00,0x00,0x00,0x00,0x00,0x00,0x00,0x00,0x00,0x03,0xFE,0x00,
    0x0F,0xFF,0x80,0x1F,0xFF,0x80,0x3F,0x03,0x80,0x3C,0x00,0x00,0x3C,0x00,0x00,0x3C,
    0x00,0x00,0x3F,0x00,0x00,0x1F,0xF0,0x00,0x0F,0xFE,0x00,0x01,0xFF,0x00,0x00,0x1F,
    0x80,0x00,0x07,0x80,0x00,0x03,0xC0,0x00,0x03,0xC0,0x20,0x07,0x80,0x3E,0x0F,0x80,
    0x3F,0xFF,0x00,0x1F,0xFE,0x00,0x07,0xF8,0x00,0x00,0x00,0x00,0x00,0x00,0x00,0x00,
    0x00,0x00,0x00,0x00,0x00,0x00,0x00,0x00,0x00,0x00,0x00,0x00,0x00,0x00,0x00,0x00,
    0x00,0x00,0x00,0x00,0x01,0xC1,0xC0,0x00,0x00,0xE3,0x80,0x00,0x00,0x77,0x00,0x00,
    0x00,0x3F,0x00,0x00,0x00,0x3E,0x00,0x00,0x00,0x00,0x00,0x00,0x00,0x00,0x00,0x00,
    0x00,0x00,0x00,0x00,0x3F,0xFF,0xFE,0x00,0x3F,0xFF,0xFE,0x00,0x3F,0xFF,0xFE,0x00,
    0x00,0x00,0x3E,0x00,0x00,0x00,0x7C,0x00,0x00,0x00,0x78,0x00,0x00,0x00,0xF0,0x00,
    0x00,0x01,0xF0,0x00,0x00,0x03,0xE0,0x00,0x00,0x07,0xC0,0x00,0x00,0x0F,0x80,0x00,
    0x00,0x0F,0x00,0x00,0x00,0x1F,0x00,0x00,0x00,0x3E,0x00,0x00,0x00,0x7C,0x00,0x00,
    0x00,0xF8,0x00,0x00,0x00,0xF0,0x00,0x00,0x01,0xF0,0x00,0x00,0x03,0xE0,0x00,0x00,
    0x07,0xC0,0x00,0x00,0x0F,0x80,0x00,0x00,0x0F,0x00,0x00,0x00,0x1F,0x00,0x00,0x00,
    0x3E,0x00,0x00,0x00,0x7F,0xFF,0xFF,0x00,0x7F,0xFF,0xFF,0x00,0x7F,0xFF,0xFF,0x00,
    0x00,0x00,0x00,0x00,0x00,0x00,0x00,0x00,0x00,0x00,0x00,0x00,0x00,0x00,0x00,0x00,
    0x00,0x00,0x00,0x00,0x00,0x00,0x00,0x00,0x00,0x00,0x00,0x00,0x00,0x00,0x00,0x00,
    0x00,0x00,0x00,0x00,0x00,0x00,0x00,0x00,0x00,0x00,0x00,0x00,0x00,0x00,0x00,0x00,
    0x00,0x00,0x00,0x0E,0x0E,0x00,0x07,0x0E,0x00,0x07,0x1C,0x00,0x03,0xB8,0x00,0x01,
    0xF8,0x00,0x01,0xF0,0x00,0x00,0xF0,0x00,0x00,0x00,0x00,0x00,0x00,0x00,0x00,0x00,
    0x00,0x3F,0xFF,0xC0,0x3F,0xFF,0xC0,0x3F,0xFF,0xC0,0x00,0x07,0xC0,0x00,0x07,0x80,
    0x00,0x0F,0x00,0x00,0x1E,0x00,0x00,0x3C,0x00,0x00,0x78,0x00,0x00,0xF0,0x00,0x01,
    0xE0,0x00,0x03,0xC0,0x00,0x07,0xC0,0x00,0x07,0x80,0x00,0x0F,0x00,0x00,0x1E,0x00,
    0x00,0x3C,0x00,0x00,0x7F,0xFF,0xC0,0x7F,0xFF,0xC0,0x7F,0xFF,0xC0,0x00,0x00,0x00,
    0x00,0x00,0x00,0x00,0x00,0x00,0x00,0x00,0x00,0x00,0x00,0x00,0x00,0x00,0x00,0x00,
    0x00,0x00,0x00,0x00,0x00,0x00,0x00,0x00,0x00,0x00,0x00,0x03,0xC7,0x80,0x03,0xC7,
    0x80,0x03,0xC7,0x80,0x03,0xC7,0x80,0x00,0x00,0x00,0x00,0x00,0x00,0x00,0x00,0x00,
    0xF0,0x00,0x3E,0x78,0x00,0x3C,0x7C,0x00,0x78,0x3C,0x00,0xF8,0x1E,0x00,0xF0,0x1F,
    0x01,0xE0,0x0F,0x03,0xC0,0x07,0x83,0xC0,0x07,0xC7,0x80,0x03,0xCF,0x00,0x01,0xFF,
    0x00,0x01,0xFE,0x00,0x00,0xFC,0x00,0x00,0x7C,0x00,0x00,0x78,0x00,0x00,0x78,0x00,
    0x00,0x78,0x00,0x00,0x78,0x00,0x00,0x78,0x00,0x00,0x78,0x00,0x00,0x78,0x00,0x00,
    0x78,0x00,0x00,0x78,0x00,0x00,0x78,0x00,0x00,0x78,0x00,0x00,0x78,0x00,0x00,0x78,
    0x00,0x00,0x00,0x00,0x00,0x00,0x00,0x00,0x00,0x00,0x00,0x00,0x00,0x00,0x00,0x00,
    0x00,0x00,0x00,0x00,0x00,0x00,0x00,0x00,0x00,0x00,0x00,0x00,0x00,0x00,0x00,0x00,
    0x00,0x00,0x00,0x00,0x00,0x00,0x00,0x00,0x00,0x00,0x00,0x00,0x00,0x00,0x00,0x00,
    0x00,0x00,0x00,0x00,0x00,0x00,0x00,0x00,0x00,0x00,0x00,0x00,0x00,0x00,0x00,0x00,
    0x00,0x00,0x00,0x00,0x00,0x00,0x00,0x00,0x00,0x00,0x00,0x00,0x00,0x00,0x00,0x00,
    0x00,0x00,0x00,0x00,0x00,0x00,0x00,0x00,0x00,0x00,0x00,0x00,0x00,0x00,0x00,0x00,
    0x00,0x00,0x00,0x00,0x3F,0xFF,0x80,0x3F,0xFF,0x80,0x3F,0xFF,0x80,0x00,0x00,0x00,
    0x00,0x00,0x00,0x00,0x00,0x00,0x00,0x00,0x00,0x00,0x00,0x00,0x00,0x00,0x00,0x00,
    0x00,0x00,0x00,0x00,0x00,0x00,0x00,0x00,0x00,0x00,0x00,0x00,0x00,0x00,0x00,0x00,
    0x00,0x00,0x00,0x00,0x00,0x00,0x00,0x00,0x00,0x00,0x00,0x00,0x00,0x00,0x00,0x00,
    0x00,0x00,0x00,0x00,0x00,0x00,0x00,0x00,0x00,0x00,0x00,0x00,0x00,0x00,0x00,0x00,
    0x00,0x00,0x00,0x00,0x00,0x00,0x00,0x00,0x00,0x00,0x00,0x00,0x00,0x00,0x00,0x00,
    0x00,0x00,0x00,0x00,0x00,0x00,0x00,0x00,0x00,0x00,0x00,0x00,0x00,0x00,0x00,0x00,
    0x00,0x00,0x00,0x00,0x00,0x00,0x00,0x00,0x00,0x00,0x00,0x00,0x00,0x00,0x00,0x00,
    0x00,0x00,0x00,0x00,0x00,0x00,0x00,0x00,0x00,0x00,0x00,0x00,0x00,0x00,0x00,0x00,
    0x00,0x00,0x00,0x00,0x00,0x00,0x00,0x00,0x00,0x00,0x00,0x00,0x00,0x00,0x00,0x00,
    0x00,0x00,0x00,0x00,0x00,0x00,0x00,0x00,0x00,0x00,0x00,0x00,0x00,0x00,0x00,0x00,
    0x00,0x00,0x00,0x00,0x00,0x00,0x00,0x00,0x3F,0xFF,0xFF,0xFF,0xE0,0x3F,0xFF,0xFF,
    0xFF,0xE0,0x3F,0xFF,0xFF,0xFF,0xE0,0x00,0x00,0x00,0x00,0x00,0x00,0x00,0x00,0x00,
    0x00,0x00,0x00,0x00,0x00,0x00,0x00,0x00,0x00,0x00,0x00,0x00,0x00,0x00,0x00,0x00,
    0x00,0x00,0x00,0x00,0x00,0x00,0x00,0x00,0x00,0x00,0x00,0x00,0x00,0x00,0x00,0x00,
    0x00,0x00,0x00,0x00,0x00,0x00,0x00,0x00,0x00,0x00,0x00,0x00,0x00,0x00,0x00,0x00,
    0x00,0x00,0x00,0x00,0x00,0x00,0x00,0x00,0x00,0x00,0x00,0x00,0x00,0x00,0x00,0x00,
    0x00,0x00,0x00,0x00,0x00,0x00,0x00,0x00,0x00,0x00,0x00,0x00,0x00,0x00,0x00,0x00,
    0x00,0x00,0x00,0x00,0x00,0x00,0x00,0x00,0x00,0x00,0x00,0x00,0x03,0x00,0x07,0x00,
    0x07,0x00,0x0F,0x00,0x0E,0x00,0x1E,0x00,0x1E,0x00,0x1E,0x00,0x1E,0x00,0x00,0x00,
    0x00,0x00,0x00,0x00,0x00,0x00,0x00,0x00,0x00,0x00,0x00,0x00,0x00,0x00,0x00,0x00,
    0x00,0x00,0x00,0x00,0x00,0x00,0x00,0x00,0x00,0x00,0x00,0x00,0x00,0x00,0x00,0x00,
    0x00,0x00,0x00,0x00,0x00,0x00,0x00,0x00,0x00,0x00,0x00,0x00,0x00,0x00,0x00,0x00,
    0x00,0x00,0x00,0x00,0x00,0x00,0x00,0x00,0x00,0x00,0x00,0x00,0x00,0x00,0x00,0x00,
    0x00,0x00,0x00,0x00,0x07,0x80,0x07,0x80,0x07,0x80,0x0F,0x00,0x0F,0x00,0x0E,0x00,
    0x0E,0x00,0x1C,0x00,0x1C,0x00,0x00,0x00,0x00,0x00,0x00,0x00,0x00,0x00,0x00,0x00,
    0x00,0x00,0x00,0x00,0x00,0x00,0x00,0x00,0x00,0x00,0x00,0x00,0x00,0x00,0x00,0x00,
    0x00,0x00,0x00,0x00,0x00,0x00,0x00,0x00,0x00,0x00,0x00,0x00,0x00,0x00,0x00,0x00,
    0x00,0x00,0x00,0x00,0x00,0x00,0x00,0x00,0x00,0x00,0x00,0x00,0x00,0x00,0x00,0x00,
    0x00,0x00,0x00,0x00,0x00,0x00,0x00,0x00,0x00,0x00,0x00,0x00,0x00,0x00,0x00,0x00,
    0x00,0x00,0x00,0x00,0x03,0x07,0x00,0x07,0x07,0x00,0x07,0x0E,0x00,0x0F,0x0E,0x00,
    0x0E,0x1E,0x00,0x1E,0x1E,0x00,0x1E,0x3E,0x00,0x1E,0x3E,0x00,0x1E,0x3E,0x00,0x00,
    0x00,0x00,0x00,0x00,0x00,0x00,0x00,0x00,0x00,0x00,0x00,0x00,0x00,0x00,0x00,0x00,
    0x00,0x00,0x00,0x00,0x00,0x00,0x00,0x00,0x00,0x00,0x00,0x00,0x00,0x00,0x00,0x00,
    0x00,0x00,0x00,0x00,0x00,0x00,0x00,0x00,0x00,0x00,0x00,0x00,0x00,0x00,0x00,0x00,
    0x00,0x00,0x00,0x00,0x00,0x00,0x00,0x00,0x00,0x00,0x00,0x00,0x00,0x00,0x00,0x00,
    0x00,0x00,0x00,0x00,0x00,0x00,0x00,0x00,0x00,0x00,0x00,0x00,0x00,0x00,0x00,0x00,
    0x00,0x00,0x00,0x00,0x00,0x00,0x00,0x00,0x00,0x00,0x00,0x00,0x00,0x00,0x00,0x00,
    0x00,0x00,0x00,0x00,0x00,0x00,0x00,0x00,0x0F,0x8F,0x00,0x0F,0x8F,0x00,0x0F,0x8F,
    0x00,0x0F,0x0F,0x00,0x0F,0x1E,0x00,0x0E,0x1E,0x00,0x0E,0x1C,0x00,0x1C,0x1C,0x00,
    0x1C,0x38,0x00,0x00,0x00,0x00,0x00,0x00,0x00,0x00,0x00,0x00,0x00,0x00,0x00,0x00,
    0x00,0x00,0x00,0x00,0x00,0x00,0x00,0x00,0x00,0x00,0x00,0x00,0x00,0x00,0x00,0x00,
    0x00,0x00,0x00,0x00,0x00,0x00,0x00,0x00,0x00,0x00,0x00,0x00,0x00,0x00,0x00,0x00,
    0x00,0x00,0x00,0x00,0x00,0x00,0x00,0x00,0x00,0x00,0x00,0x00,0x00,0x00,0x00,0x00,
    0x00,0x00,0x00,0x00,0x00,0x00,0x00,0x00,0x00,0x00,0x00,0x00,0x00,0x00,0x00,0x00,
    0x00,0x00,0x00,0x00,0x00,0x00,0x00,0x00,0x00,0x00,0x00,0x00,0x00,0x00,0x00,0x00,
    0x00,0x00,0x00,0x00,0x00,0x00,0x00,0x00,0x00,0x00,0x00,0x00,0x00,0x00,0x00,0x00,
    0x00,0x00,0x00,0x00,0x00,0x00,0x00,0x00,0x00,0x00,0x00,0x00,0x00,0x00,0x00,0x00,
    0x00,0x00,0x00,0x00,0x00,0xFC,0x00,0x01,0xFE,0x00,0x03,0xFF,0x00,0x03,0xFF,0x00,
    0x07,0xFF,0x00,0x07,0xFF,0x00,0x07,0xFF,0x00,0x03,0xFF,0x00,0x03,0xFF,0x00,0x01,
    0xFE,0x00,0x00,0xFC,0x00,0x00,0x00,0x00,0x00,0x00,0x00,0x00,0x00,0x00,0x00,0x00,
    0x00,0x00,0x00,0x00,0x00,0x00,0x00,0x00,0x00,0x00,0x00,0x00,0x00,0x00,0x00,0x00,
    0x00,0x00,0x00,0x00,0x00,0x00,0x00,0x00,0x00,0x00,0x00,0x00,0x00,0x00,0x00,0x00,
    0x00,0x00,0x00,0x00,0x00,0x00,0x00,0x00,0x00,0x00,0x00,0x00,0x00,0x00,0x00,0x00,
    0x00,0x00,0x00,0x00,0x00,0x00,0x00,0x00,0x00,0x00,0x00,0x00,0x00,0x00,0x00,0x00,
    0x00,0x00,0x00,0x00,0x00,0x00,0x00,0x00,0x00,0x00,0x00,0x00,0x00,0x00,0x00,0x00,
    0x00,0x00,0x00,0x00,0x00,0x00,0x00,0x00,0x00,0x00,0x00,0x00,0x00,0x00,0x00,0x00,
    0x00,0x00,0x00,0x00,0x00,0x00,0x00,0x00,0x00,0x00,0x00,0x00,0x00,0x00,0x00,0x00,
    0x00,0x00,0x00,0x00,0x00,0x00,0x00,0x00,0x00,0x00,0x00,0x00,0x00,0x00,0x00,0x00,
    0x00,0x00,0x00,0x00,0x00,0x00,0x00,0x00,0x00,0x00,0x00,0x00,0x00,0x00,0x00,0x00,
    0x00,0x00,0x00,0x00,0x00,0x00,0x00,0x00,0x00,0x00,0x00,0x00,0x00,0x00,0x00,0x00,
    0x00,0x00,0x00,0x00,0x00,0x00,0x00,0x00,0x00,0x00,0x00,0x00,0x00,0x00,0x00,0x00,
    0x00,0x00,0x00,0x00,0x00,0x00,0x00,0x00,0x00,0x00,0x00,0x00,0x00,0x00,0x0F,0x00,
    0xF8,0x07,0x80,0x0F,0x00,0xF8,0x07,0x80,0x0F,0x00,0xF8,0x07,0x80,0x0F,0x00,0xF8,
    0x07,0x80,0x0F,0x00,0xF8,0x07,0x80,0x00,0x00,0x00,0x00,0x00,0x00,0x00,0x00,0x00,
    0x00,0x00,0x00,0x00,0x00,0x00,0x00,0x00,0x00,0x00,0x00,0x00,0x00,0x00,0x00,0x00,
    0x00,0x00,0x00,0x00,0x00,0x00,0x00,0x00,0x00,0x00,0x00,0x00,0x00,0x00,0x00,0x00,
    0x00,0x00,0x00,0x00,
};
const FontGlyph FONT_44_REG_GLYPHS[174] PROGMEM = {
    {12, 0},
    {15, 88},
    {17, 176},
    {31, 308},
    {24, 484},
    {35, 616},
    {29, 836},
    {10, 1012},
    {14, 1100},
    {14, 1188},
    {18, 1276},
    {31, 1408},
    {12, 1584},
    {13, 1672},
    {12, 1760},
    {12, 1848},
    {24, 1936},
    {24, 2068},
    {24, 2200},
    {24, 2332},
    {24, 2464},
    {24, 2596},
    {24, 2728},
    {24, 2860},
    {24, 2992},
    {24, 3124},
    {12, 3256},
    {12, 3344},
    {31, 3432},
    {31, 3608},
    {31, 3784},
    {20, 3960},
    {37, 4092},
    {25, 4312},
    {25, 4488},
    {26, 4664},
    {28, 4840},
    {23, 5016},
    {21, 5148},
    {29, 5280},
    {28, 5456},
    {11, 5632},
    {11, 5720},
    {24, 5808},
    {21, 5940},
    {32, 6072},
    {28, 6248},
    {29, 6424},
    {22, 6600},
    {29, 6732},
    {26, 6908},
    {23, 7084},
    {23, 7216},
    {27, 7348},
    {25, 7524},
    {37, 7700},
    {25, 7920},
    {23, 8096},
    {25, 8228},
    {14, 8404},
    {12, 8492},
    {14, 8580},
    {31, 8668},
    {18, 8844},
    {18, 8976},
    {23, 9108},
    {23, 9240},
    {20, 9372},
    {23, 9504},
    {23, 9636},
    {13, 9768},
    {23, 9856},
    {23, 9988},
    {10, 10120},
    {10, 10208},
    {21, 10296},
    {10, 10428},
    {36, 10516},
    {23, 10736},
    {23, 10868},
    {23, 11000},
    {23, 11132},
    {15, 11264},
    {19, 11352},
    {14, 11484},
    {23, 11572},
    {22, 11704},
    {30, 11836},
    {22, 12012},
    {22, 12144},
    {19, 12276},
    {24, 12408},
    {12, 12540},
    {24, 12628},
    {31, 12760},
    {25, 12936},
    {25, 13112},
    {25, 13288},
    {25, 13464},
    {25, 13640},
    {25, 13816},
    {36, 13992},
    {26, 14212},
    {23, 14388},
    {23, 14520},
    {23, 14652},
    {23, 14784},
    {11, 14916},
    {11, 15004},
    {11, 15092},
    {11, 15180},
    {29, 15268},
    {28, 15444},
    {29, 15620},
    {29, 15796},
    {29, 15972},
    {29, 16148},
    {29, 16324},
    {31, 16500},
    {29, 16676},
    {27, 16852},
    {27, 17028},
    {27, 17204},
    {27, 17380},
    {23, 17556},
    {22, 17688},
    {23, 17820},
    {23, 17952},
    {23, 18084},
    {23, 18216},
    {23, 18348},
    {23, 18480},
    {23, 18612},
    {36, 18744},
    {20, 18964},
    {23, 19096},
    {23, 19228},
    {23, 19360},
    {23, 19492},
    {10, 19624},
    {10, 19712},
    {10, 19800},
    {10, 19888},
    {23, 19976},
    {23, 20108},
    {23, 20240},
    {23, 20372},
    {23, 20504},
    {23, 20636},
    {23, 20768},
    {31, 20900},
    {23, 21076},
    {23, 21208},
    {23, 21340},
    {23, 21472},
    {23, 21604},
    {22, 21736},
    {23, 21868},
    {22, 22000},
    {40, 22132},
    {38, 22352},
    {23, 22572},
    {19, 22704},
    {25, 22836},
    {19, 23012},
    {23, 23144},
    {18, 23276},
    {37, 23408},
    {12, 23628},
    {12, 23716},
    {19, 23804},
    {19, 23936},
    {22, 24068},
    {37, 24200},
};
const UiFont FONT_44_REG = {44, FONT_44_REG_GLYPHS, FONT_44_REG_BITS};

const uint8_t FONT_44_BOLD_BITS[] PROGMEM = {
    0x00,0x00,0x00,0x00,0x00,0x00,0x00,0x00,0x00,0x00,0x00,0x00,0x00,0x00,0x00,0x00,
    0x00,0x00,0x00,0x00,0x00,0x00,0x00,0x00,0x00,0x00,0x00,0x00,0x00,0x00,0x00,0x00,
    0x00,0x00,0x00,0x00,0x00,0x00,0x00,0x00,0x00,0x00,0x00,0x00,0x00,0x00,0x00,0x00,
    0x00,0x00,0x00,0x00,0x00,0x00,0x00,0x00,0x00,0x00,0x00,0x00,0x00,0x00,0x00,0x00,
    0x00,0x00,0x00,0x00,0x00,0x00,0x00,0x00,0x00,0x00,0x00,0x00,0x00,0x00,0x00,0x00,
    0x00,0x00,0x00,0x00,0x00,0x00,0x00,0x00,0x00,0x00,0x00,0x00,0x00,0x00,0x00,0x00,
    0x00,0x00,0x00,0x00,0x00,0x00,0x00,0x00,0x00,0x00,0x00,0x00,0x00,0x00,0x00,0x00,
    0x07,0xF0,0x00,0x07,0xF0,0x00,0x07,0xF0,0x00,0x07,0xF0,0x00,0x07,0xF0,0x00,0x07,
    0xF0,0x00,0x07,0xF0,0x00,0x07,0xF0,0x00,0x07,0xF0,0x00,0x07,0xF0,0x00,0x07,0xF0,
    0x00,0x07,0xF0,0x00,0x07,0xF0,0x00,0x07,0xE0,0x00,0x07,0xE0,0x00,0x03,0xE0,0x00,
    0x03,0xE0,0x00,0x03,0xE0,0x00,0x00,0x00,0x00,0x00,0x00,0x00,0x00,0x00,0x00,0x07,
    0xF0,0x00,0x07,0xF0,0x00,0x07,0xF0,0x00,0x07,0xF0,0x00,0x07,0xF0,0x00,0x07,0xF0,
    0x00,0x00,0x00,0x00,0x00,0x00,0x00,0x00,0x00,0x00,0x00,0x00,0x00,0x00,0x00,0x00,
    0x00,0x00,0x00,0x00,0x00,0x00,0x00,0x00,0x00,0x00,0x00,0x00,0x00,0x00,0x00,0x00,
    0x00,0x00,0x00,0x00,0x00,0x00,0x00,0x00,0x00,0x00,0x00,0x00,0x00,0x00,0x00,0x00,
    0x00,0x00,0x00,0x00,0x1F,0x1F,0x00,0x1F,0x1F,0x00,0x1F,0x1F,0x00,0x1F,0x1F,0x00,
    0x1F,0x1F,0x00,0x1F,0x1F,0x00,0x1F,0x1F,0x00,0x1F,0x1F,0x00,0x1F,0x1F,0x00,0x1F,
    0x1F,0x00,0x00,0x00,0x00,0x00,0x00,0x00,0x00,0x00,0x00,0x00,0x00,0x00,0x00,0x00,
    0x00,0x00,0x00,0x00,0x00,0x00,0x00,0x00,0x00,0x00,0x00,0x00,0x00,0x00,0x00,0x00,
    0x00,0x00,0x00,0x00,0x00,0x00,0x00,0x00,0x00,0x00,0x00,0x00,0x00,0x00,0x00,0x00,
    0x00,0x00,0x00,0x00,0x00,0x00,0x00,0x00,0x00,0x00,0x00,0x00,0x00,0x00,0x00,0x00,
    0x00,0x00,0x00,0x00,0x00,0x00,0x00,0x00,0x00,0x00,0x00,0x00,0x00,0x00,0x00,0x00,
    0x00,0x00,0x00,0x00,0x00,0x00,0x00,0x00,0x00,0x00,0x00,0x00,0x00,0x00,0x00,0x00,
    0x00,0x00,0x00,0x00,0x00,0x00,0x00,0x00,0x00,0x00,0x00,0x00,0x00,0x00,0x00,0x00,
    0x00,0x0F,0x87,0x80,0x00,0x0F,0x07,0x80,0x00,0x0F,0x0F,0x80,0x00,0x1F,0x0F,0x80,
    0x00,0x1F,0x0F,0x00,0x00,0x1E,0x0F,0x00,0x00,0x1E,0x1F,0x00,0x0F,0xFF,0xFF,0xF8,
    0x0F,0xFF,0xFF,0xF8,0x0F,0xFF,0xFF,0xF8,0x0F,0xFF,0xFF,0xF8,0x00,0x7C,0x3E,0x00,
    0x00,0x7C,0x3C,0x00,0x00,0x78,0x3C,0x00,0x00,0x78,0x7C,0x00,0x00,0xF8,0x7C,0x00,
    0x3F,0xFF,0xFF,0xE0,0x3F,0xFF,0xFF,0xE0,0x3F,0xFF,0xFF,0xE0,0x3F,0xFF,0xFF,0xE0,
    0x01,0xF0,0xF0,0x00,0x01,0xE0,0xF0,0x00,0x01,0xE0,0xF0,0x00,0x03,0xE1,0xF0,0x00,
    0x03,0xE1,0xE0,0x00,0x03,0xC1,0xE0,0x00,0x03,0xC1,0xE0,0x00,0x00,0x00,0x00,0x00,
    0x00,0x00,0x00,0x00,0x00,0x00,0x00,0x00,0x00,0x00,0x00,0x00,0x00,0x00,0x00,0x00,
    0x00,0x00,0x00,0x00,0x00,0x00,0x00,0x00,0x00,0x00,0x00,0x00,0x00,0x00,0x00,0x00,
    0x00,0x00,0x00,0x00,0x00,0x00,0x00,0x00,0x00,0x00,0x00,0x00,0x00,0x00,0x00,0x00,
    0x00,0x00,0x00,0x00,0x00,0x00,0x00,0x00,0x00,0x00,0x00,0x00,0x00,0x1E,0x00,0x00,
    0x00,0x1E,0x00,0x00,0x00,0x1E,0x00,0x00,0x00,0x1E,0x00,0x00,0x00,0xFF,0xF0,0x00,
    0x03,0xFF,0xFC,0x00,0x07,0xFF,0xFC,0x00,0x0F,0xFF,0xFC,0x00,0x1F,0xDE,0x7C,0x00,
    0x1F,0x9E,0x0C,0x00,0x1F,0x9E,0x00,0x00,0x1F,0x9E,0x00,0x00,0x1F,0xDE,0x00,0x00,
    0x1F,0xFE,0x00,0x00,0x1F,0xFF,0xE0,0x00,0x0F,0xFF,0xF8,0x00,0x07,0xFF,0xFC,0x00,
    0x01,0xFF,0xFE,0x00,0x00,0x3F,0xFE,0x00,0x00,0x1F,0xFE,0x00,0x00,0x1E,0x7E,0x00,
    0x00,0x1E,0x7E,0x00,0x18,0x1E,0x7E,0x00,0x1F,0x1E,0xFE,0x00,0x1F,0xFF,0xFC,0x00,
    0x1F,0xFF,0xFC,0x00,0x1F,0xFF,0xF8,0x00,0x07,0xFF,0xC0,0x00,0x00,0x1E,0x00,0x00,
    0x00,0x1E,0x00,0x00,0x00,0x1E,0x00,0x00,0x00,0x1E,0x00,0x00,0x00,0x1E,0x00,0x00,
    0x00,0x00,0x00,0x00,0x00,0x00,0x00,0x00,0x00,0x00,0x00,0x00,0x00,0x00,0x00,0x00,
    0x00,0x00,0x00,0x00,0x00,0x00,0x00,0x00,0x00,0x00,0x00,0x00,0x00,0x00,0x00,0x00,
    0x00,0x00,0x00,0x00,0x00,0x00,0x00,0x00,0x00,0x00,0x00,0x00,0x00,0x00,0x00,0x00,
    0x00,0x00,0x00,0x00,0x00,0x00,0x00,0x00,0x07,0xF0,0x00,0xF8,0x00,0x1F,0xF8,0x00,
    0xF0,0x00,0x1F,0xFC,0x01,0xF0,0x00,0x3E,0x7E,0x01,0xE0,0x00,0x7C,0x3E,0x03,0xC0,
    0x00,0x7C,0x1F,0x07,0xC0,0x00,0x7C,0x1F,0x07,0x80,0x00,0x7C,0x1F,0x0F,0x00,0x00,
    0x7C,0x1F,0x1F,0x00,0x00,0x7C,0x1F,0x1E,0x00,0x00,0x7C,0x3E,0x3E,0x00,0x00,0x3E,
    0x3E,0x3C,0x00,0x00,0x1F,0xFC,0x78,0x7F,0x00,0x1F,0xF8,0xF8,0xFF,0xC0,0x07,0xF0,
    0xF1,0xFF,0xE0,0x00,0x01,0xE3,0xF3,0xE0,0x00,0x03,0xE3,0xE1,0xF0,0x00,0x03,0xC7,
    0xC1,0xF0,0x00,0x07,0xC7,0xC1,0xF0,0x00,0x07,0x87,0xC1,0xF0,0x00,0x0F,0x07,0xC1,
    0xF0,0x00,0x1F,0x07,0xC1,0xF0,0x00,0x1E,0x03,0xE1,0xF0,0x00,0x3C,0x03,0xF3,0xE0,
    0x00,0x7C,0x01,0xFF,0xE0,0x00,0x78,0x00,0xFF,0xC0,0x00,0xF8,0x00,0x7F,0x00,0x00,
    0x00,0x00,0x00,0x00,0x00,0x00,0x00,0x00,0x00,0x00,0x00,0x00,0x00,0x00,0x00,0x00,
    0x00,0x00,0x00,0x00,0x00,0x00,0x00,0x00,0x00,0x00,0x00,0x00,0x00,0x00,0x00,0x00,
    0x00,0x00,0x00,0x00,0x00,0x00,0x00,0x00,0x00,0x00,0x00,0x00,0x00,0x00,0x00,0x00,
    0x00,0x00,0x00,0x00,0x00,0x00,0x00,0x00,0x00,0x00,0x00,0x00,0x00,0x00,0x00,0x00,
    0x00,0x00,0x00,0x00,0x00,0x00,0x00,0x00,0x00,0x00,0x00,0x00,0x00,0x1F,0xF0,0x00,
    0x00,0x7F,0xFC,0x00,0x00,0xFF,0xFC,0x00,0x01,0xFF,0xFC,0x00,0x03,0xFC,0x3C,0x00,
    0x03,0xF8,0x0C,0x00,0x03,0xF8,0x00,0x00,0x03,0xF8,0x00,0x00,0x01,0xFC,0x00,0x00,
    0x01,0xFE,0x00,0x00,0x01,0xFF,0x00,0x00,0x03,0xFF,0x80,0xFC,0x07,0xFF,0xC1,0xF8,
    0x0F,0xFF,0xE1,0xF8,0x1F,0xCF,0xF1,0xF8,0x1F,0x87,0xF9,0xF8,0x3F,0x83,0xFF,0xF0,
    0x3F,0x81,0xFF,0xF0,0x3F,0x80,0xFF,0xE0,0x3F,0x80,0x7F,0xC0,0x3F,0xC0,0x7F,0xC0,
    0x1F,0xF0,0xFF,0xC0,0x1F,0xFF,0xFF,0xE0,0x0F,0xFF,0xFF,0xF0,0x07,0xFF,0xFF,0xF8,
    0x03,0xFF,0xF3,0xFC,0x00,0xFF,0xC3,0xFE,0x00,0x00,0x00,0x00,0x00,0x00,0x00,0x00,
    0x00,0x00,0x00,0x00,0x00,0x00,0x00,0x00,0x00,0x00,0x00,0x00,0x00,0x00,0x00,0x00,
    0x00,0x00,0x00,0x00,0x00,0x00,0x00,0x00,0x00,0x00,0x00,0x00,0x00,0x00,0x00,0x00,
    0x00,0x00,0x00,0x00,0x00,0x00,0x00,0x00,0x00,0x00,0x00,0x00,0x1F,0x00,0x1F,0x00,
    0x1F,0x00,0x1F,0x00,0x1F,0x00,0x1F,0x00,0x1F,0x00,0x1F,0x00,0x1F,0x00,0x1F,0x00,
    0x00,0x00,0x00,0x00,0x00,0x00,0x00,0x00,0x00,0x00,0x00,0x00,0x00,0x00,0x00,0x00,
    0x00,0x00,0x00,0x00,0x00,0x00,0x00,0x00,0x00,0x00,0x00,0x00,0x00,0x00,0x00,0x00,
    0x00,0x00,0x00,0x00,0x00,0x00,0x00,0x00,0x00,0x00,0x00,0x00,0x00,0x00,0x00,0x00,
    0x00,0x00,0x00,0x00,0x00,0x00,0x00,0x00,0x00,0x00,0x00,0x00,0x00,0x00,0x00,0x00,
    0x00,0x00,0x00,0x00,0x00,0x00,0x00,0x00,0x00,0x00,0xFC,0x00,0x00,0xF8,0x00,0x01,
    0xF8,0x00,0x03,0xF0,0x00,0x03,0xF0,0x00,0x07,0xF0,0x00,0x07,0xE0,0x00,0x07,0xE0,
    0x00,0x0F,0xE0,0x00,0x0F,0xC0,0x00,0x0F,0xC0,0x00,0x0F,0xC0,0x00,0x1F,0xC0,0x00,
    0x1F,0xC0,0x00,0x1F,0xC0,0x00,0x1F,0xC0,0x00,0x1F,0xC0,0x00,0x1F,0xC0,0x00,0x1F,
    0xC0,0x00,0x1F,0xC0,0x00,0x1F,0xC0,0x00,0x0F,0xC0,0x00,0x0F,0xC0,0x00,0x0F,0xC0,
    0x00,0x0F,0xE0,0x00,0x07,0xE0,0x00,0x07,0xE0,0x00,0x07,0xF0,0x00,0x03,0xF0,0x00,
    0x03,0xF0,0x00,0x01,0xF8,0x00,0x00,0xF8,0x00,0x00,0xFC,0x00,0x00,0x00,0x00,0x00,
    0x00,0x00,0x00,0x00,0x00,0x00,0x00,0x00,0x00,0x00,0x00,0x00,0x00,0x00,0x00,0x00,
    0x00,0x00,0x00,0x00,0x00,0x00,0x00,0x00,0x00,0x00,0x00,0x00,0x00,0x1F,0x80,0x00,
    0x0F,0x80,0x00,0x0F,0xC0,0x00,0x0F,0xC0,0x00,0x07,0xE0,0x00,0x07,0xE0,0x00,0x03,
    0xF0,0x00,0x03,0xF0,0x00,0x03,0xF8,0x00,0x01,0xF8,0x00,0x01,0xF8,0x00,0x01,0xF8,
    0x00,0x01,0xFC,0x00,0x01,0xFC,0x00,0x01,0xFC,0x00,0x01,0xFC,0x00,0x01,0xFC,0x00,
    0x01,0xFC,0x00,0x01,0xFC,0x00,0x01,0xFC,0x00,0x01,0xFC,0x00,0x01,0xF8,0x00,0x01,
    0xF8,0x00,0x01,0xF8,0x00,0x03,0xF8,0x00,0x03,0xF0,0x00,0x03,0xF0,0x00,0x07,0xE0,
    0x00,0x07,0xE0,0x00,0x0F,0xC0,0x00,0x0F,0xC0,0x00,0x0F,0x80,0x00,0x1F,0x80,0x00,
    0x00,0x00,0x00,0x00,0x00,0x00,0x00,0x00,0x00,0x00,0x00,0x00,0x00,0x00,0x00,0x00,
    0x00,0x00,0x00,0x00,0x00,0x00,0x00,0x00,0x00,0x00,0x00,0x00,0x00,0x00,0x00,0x00,
    0x00,0x00,0x00,0x00,0x00,0xE0,0x00,0x00,0xE0,0x00,0x00,0xE0,0x00,0x20,0xE0,0xC0,
    0x78,0xE3,0xC0,0x7E,0xEF,0xE0,0x3F,0xFF,0x80,0x0F,0xFE,0x00,0x03,0xF8,0x00,0x0F,
    0xFE,0x00,0x3F,0xFF,0x80,0x7E,0xEF,0xE0,0x78,0xE3,0xC0,0x20,0xE0,0xC0,0x00,0xE0,
    0x00,0x00,0xE0,0x00,0x00,0xE0,0x00,0x00,0x00,0x00,0x00,0x00,0x00,0x00,0x00,0x00,
    0x00,0x00,0x00,0x00,0x00,0x00,0x00,0x00,0x00,0x00,0x00,0x00,0x00,0x00,0x00,0x00,
    0x00,0x00,0x00,0x00,0x00,0x00,0x00,0x00,0x00,0x00,0x00,0x00,0x00,0x00,0x00,0x00,
    0x00,0x00,0x00,0x00,0x00,0x00,0x00,0x00,0x00,0x00,0x00,0x00,0x00,0x00,0x00,0x00,
    0x00,0x00,0x00,0x00,0x00,0x00,0x00,0x00,0x00,0x00,0x00,0x00,0x00,0x00,0x00,0x00,
    0x00,0x00,0x00,0x00,0x00,0x00,0x00,0x00,0x00,0x00,0x00,0x00,0x00,0x00,0x00,0x00,
    0x00,0x00,0x00,0x00,0x00,0x00,0x00,0x00,0x00,0x00,0x00,0x00,0x00,0x07,0xC0,0x00,
    0x00,0x07,0xC0,0x00,0x00,0x07,0xC0,0x00,0x00,0x07,0xC0,0x00,0x00,0x07,0xC0,0x00,
    0x00,0x07,0xC0,0x00,0x00,0x07,0xC0,0x00,0x00,0x07,0xC0,0x00,0x00,0x07,0xC0,0x00,
    0x00,0x07,0xC0,0x00,0x0F,0xFF,0xFF,0xE0,0x0F,0xFF,0xFF,0xE0,0x0F,0xFF,0xFF,0xE0,
    0x0F,0xFF,0xFF,0xE0,0x00,0x07,0xC0,0x00,0x00,0x07,0xC0,0x00,0x00,0x07,0xC0,0x00,
    0x00,0x07,0xC0,0x00,0x00,0x07,0xC0,0x00,0x00,0x07,0xC0,0x00,0x00,0x07,0xC0,0x00,
    0x00,0x07,0xC0,0x00,0x00,0x07,0xC0,0x00,0x00,0x07,0xC0,0x00,0x00,0x00,0x00,0x00,
    0x00,0x00,0x00,0x00,0x00,0x00,0x00,0x00,0x00,0x00,0x00,0x00,0x00,0x00,0x00,0x00,
    0x00,0x00,0x00,0x00,0x00,0x00,0x00,0x00,0x00,0x00,0x00,0x00,0x00,0x00,0x00,0x00,
    0x00,0x00,0x00,0x00,0x00,0x00,0x00,0x00,0x00,0x00,0x00,0x00,0x00,0x00,0x00,0x00,
    0x00,0x00,0x00,0x00,0x00,0x00,0x00,0x00,0x00,0x00,0x00,0x00,0x00,0x00,0x00,0x00,
    0x00,0x00,0x00,0x00,0x00,0x00,0x00,0x00,0x00,0x00,0x00,0x00,0x00,0x00,0x00,0x00,
    0x00,0x00,0x00,0x00,0x00,0x00,0x00,0x00,0x0F,0xC0,0x0F,0xC0,0x0F,0xC0,0x0F,0xC0,
    0x0F,0xC0,0x0F,0xC0,0x1F,0xC0,0x1F,0x80,0x1F,0x00,0x3F,0x00,0x3E,0x00,0x3C,0x00,
    0x00,0x00,0x00,0x00,0x00,0x00,0x00,0x00,0x00,0x00,0x00,0x00,0x00,0x00,0x00,0x00,
    0x00,0x00,0x00,0x00,0x00,0x00,0x00,0x00,0x00,0x00,0x00,0x00,0x00,0x00,0x00,0x00,
    0x00,0x00,0x00,0x00,0x00,0x00,0x00,0x00,0x00,0x00,0x00,0x00,0x00,0x00,0x00,0x00,
    0x00,0x00,0x3F,0xFC,0x3F,0xFC,0x3F,0xFC,0x3F,0xFC,0x3F,0xFC,0x00,0x00,0x00,0x00,
    0x00,0x00,0x00,0x00,0x00,0x00,0x00,0x00,0x00,0x00,0x00,0x00,0x00,0x00,0x00,0x00,
    0x00,0x00,0x00,0x00,0x00,0x00,0x00,0x00,0x00,0x00,0x00,0x00,0x00,0x00,0x00,0x00,
    0x00,0x00,0x00,0x00,0x00,0x00,0x00,0x00,0x00,0x00,0x00,0x00,0x00,0x00,0x00,0x00,
    0x00,0x00,0x00,0x00,0x00,0x00,0x00,0x00,0x00,0x00,0x00,0x00,0x00,0x00,0x00,0x00,
    0x00,0x00,0x00,0x00,0x00,0x00,0x00,0x00,0x00,0x00,0x00,0x00,0x00,0x00,0x00,0x00,
    0x00,0x00,0x00,0x00,0x00,0x00,0x00,0x00,0x0F,0xC0,0x0F,0xC0,0x0F,0xC0,0x0F,0xC0,
    0x0F,0xC0,0x0F,0xC0,0x0F,0xC0,0x00,0x00,0x00,0x00,0x00,0x00,0x00,0x00,0x00,0x00,
    0x00,0x00,0x00,0x00,0x00,0x00,0x00,0x00,0x00,0x00,0x00,0x00,0x00,0x00,0x00,0x00,
    0x00,0x00,0x00,0x00,0x00,0x00,0x00,0x00,0x00,0x7C,0x00,0x78,0x00,0x78,0x00,0xF8,
    0x00,0xF0,0x00,0xF0,0x01,0xF0,0x01,0xE0,0x01,0xE0,0x03,0xE0,0x03,0xC0,0x03,0xC0,
    0x07,0xC0,0x07,0x80,0x07,0x80,0x0F,0x80,0x0F,0x00,0x0F,0x00,0x1F,0x00,0x1F,0x00,
    0x1E,0x00,0x1E,0x00,0x3E,0x00,0x3C,0x00,0x3C,0x00,0x7C,0x00,0x78,0x00,0x78,0x00,
    0xF8,0x00,0xF0,0x00,0x00,0x00,0x00,0x00,0x00,0x00,0x00,0x00,0x00,0x00,0x00,0x00,
    0x00,0x00,0x00,0x00,0x00,0x00,0x00,0x00,0x00,0x00,0x00,0x00,0x00,0x00,0x00,0x00,
    0x00,0x00,0x00,0x00,0x00,0x00,0x00,0x00,0x00,0x00,0x00,0x00,0x00,0x00,0x00,0x00,
    0x00,0x7F,0x80,0x00,0x01,0xFF,0xE0,0x00,0x07,0xFF,0xF0,0x00,0x07,0xFF,0xF8,0x00,
    0x0F,0xFF,0xFC,0x00,0x1F,0xE3,0xFE,0x00,0x1F,0xC0,0xFE,0x00,0x3F,0xC0,0xFE,0x00,
    0x3F,0x80,0xFF,0x00,0x3F,0x80,0x7F,0x00,0x3F,0x80,0x7F,0x00,0x3F,0x80,0x7F,0x00,
    0x3F,0x80,0x7F,0x00,0x3F,0x80,0x7F,0x00,0x3F,0x80,0x7F,0x00,0x3F,0x80,0x7F,0x00,
    0x3F,0x80,0x7F,0x00,0x3F,0x80,0x7F,0x00,0x3F,0x80,0xFF,0x00,0x3F,0xC0,0xFE,0x00,
    0x1F,0xC0,0xFE,0x00,0x1F,0xE3,0xFE,0x00,0x0F,0xFF,0xFC,0x00,0x07,0xFF,0xF8,0x00,
    0x07,0xFF,0xF0,0x00,0x01,0xFF,0xE0,0x00,0x00,0x7F,0x80,0x00,0x00,0x00,0x00,0x00,
    0x00,0x00,0x00,0x00,0x00,0x00,0x00,0x00,0x00,0x00,0x00,0x00,0x00,0x00,0x00,0x00,
    0x00,0x00,0x00,0x00,0x00,0x00,0x00,0x00,0x00,0x00,0x00,0x00,0x00,0x00,0x00,0x00,
    0x00,0x00,0x00,0x00,0x00,0x00,0x00,0x00,0x00,0x00,0x00,0x00,0x00,0x00,0x00,0x00,
    0x00,0x00,0x00,0x00,0x00,0x00,0x00,0x00,0x00,0x00,0x00,0x00,0x00,0x00,0x00,0x00,
    0x03,0xFF,0x80,0x00,0x0F,0xFF,0x80,0x00,0x0F,0xFF,0x80,0x00,0x0F,0xFF,0x80,0x00,
    0x0F,0xFF,0x80,0x00,0x0F,0xBF,0x80,0x00,0x00,0x3F,0x80,0x00,0x00,0x3F,0x80,0x00,
    0x00,0x3F,0x80,0x00,0x00,0x3F,0x80,0x00,0x00,0x3F,0x80,0x00,0x00,0x3F,0x80,0x00,
    0x00,0x3F,0x80,0x00,0x00,0x3F,0x80,0x00,0x00,0x3F,0x80,0x00,0x00,0x3F,0x80,0x00,
    0x00,0x3F,0x80,0x00,0x00,0x3F,0x80,0x00,0x00,0x3F,0x80,0x00,0x00,0x3F,0x80,0x00,
    0x00,0x3F,0x80,0x00,0x00,0x3F,0x80,0x00,0x0F,0xFF,0xFE,0x00,0x0F,0xFF,0xFE,0x00,
    0x0F,0xFF,0xFE,0x00,0x0F,0xFF,0xFE,0x00,0x0F,0xFF,0xFE,0x00,0x00,0x00,0x00,0x00,
    0x00,0x00,0x00,0x00,0x00,0x00,0x00,0x00,0x00,0x00,0x00,0x00,0x00,0x00,0x00,0x00,
    0x00,0x00,0x00,0x00,0x00,0x00,0x00,0x00,0x00,0x00,0x00,0x00,0x00,0x00,0x00,0x00,
    0x00,0x00,0x00,0x00,0x00,0x00,0x00,0x00,0x00,0x00,0x00,0x00,0x00,0x00,0x00,0x00,
    0x00,0x00,0x00,0x00,0x00,0x00,0x00,0x00,0x00,0x00,0x00,0x00,0x00,0x00,0x00,0x00,
    0x01,0xFF,0x80,0x00,0x0F,0xFF,0xE0,0x00,0x1F,0xFF,0xF0,0x00,0x1F,0xFF,0xF8,0x00,
    0x1F,0xFF,0xFC,0x00,0x1F,0x87,0xFC,0x00,0x1C,0x03,0xFC,0x00,0x10,0x01,0xFC,0x00,
    0x00,0x01,0xFC,0x00,0x00,0x01,0xFC,0x00,0x00,0x01,0xFC,0x00,0x00,0x03,0xFC,0x00,
    0x00,0x03,0xF8,0x00,0x00,0x07,0xF0,0x00,0x00,0x0F,0xE0,0x00,0x00,0x3F,0xE0,0x00,
    0x00,0x7F,0x80,0x00,0x00,0xFF,0x00,0x00,0x01,0xFE,0x00,0x00,0x03,0xFC,0x00,0x00,
    0x0F,0xF8,0x00,0x00,0x1F,0xE0,0x00,0x00,0x1F,0xFF,0xFE,0x00,0x1F,0xFF,0xFE,0x00,
    0x1F,0xFF,0xFE,0x00,0x1F,0xFF,0xFE,0x00,0x1F,0xFF,0xFE,0x00,0x00,0x00,0x00,0x00,
    0x00,0x00,0x00,0x00,0x00,0x00,0x00,0x00,0x00,0x00,0x00,0x00,0x00,0x00,0x00,0x00,
    0x00,0x00,0x00,0x00,0x00,0x00,0x00,0x00,0x00,0x00,0x00,0x00,0x00,0x00,0x00,0x00,
    0x00,0x00,0x00,0x00,0x00,0x00,0x00,0x00,0x00,0x00,0x00,0x00,0x00,0x00,0x00,0x00,
    0x00,0x00,0x00,0x00,0x00,0x00,0x00,0x00,0x00,0x00,0x00,0x00,0x00,0x00,0x00,0x00,
    0x01,0xFF,0x80,0x00,0x0F,0xFF,0xE0,0x00,0x1F,0xFF,0xF8,0x00,0x1F,0xFF,0xF8,0x00,
    0x1F,0xFF,0xFC,0x00,0x1F,0x07,0xFC,0x00,0x18,0x01,0xFC,0x00,0x00,0x01,0xFC,0x00,
    0x00,0x01,0xFC,0x00,0x00,0x01,0xFC,0x00,0x00,0x07,0xF8,0x00,0x01,0xFF,0xF0,0x00,
    0x01,0xFF,0xE0,0x00,0x01,0xFF,0xF0,0x00,0x01,0xFF,0xF8,0x00,0x01,0xFF,0xFC,0x00,
    0x00,0x07,0xFC,0x00,0x00,0x01,0xFE,0x00,0x00,0x00,0xFE,0x00,0x00,0x00,0xFE,0x00,
    0x30,0x01,0xFE,0x00,0x3E,0x07,0xFE,0x00,0x3F,0xFF,0xFC,0x00,0x3F,0xFF,0xFC,0x00,
    0x3F,0xFF,0xF8,0x00,0x1F,0xFF,0xE0,0x00,0x03,0xFF,0x80,0x00,0x00,0x00,0x00,0x00,
    0x00,0x00,0x00,0x00,0x00,0x00,0x00,0x00,0x00,0x00,0x00,0x00,0x00,0x00,0x00,0x00,
    0x00,0x00,0x00,0x00,0x00,0x00,0x00,0x00,0x00,0x00,0x00,0x00,0x00,0x00,0x00,0x00,
    0x00,0x00,0x00,0x00,0x00,0x00,0x00,0x00,0x00,0x00,0x00,0x00,0x00,0x00,0x00,0x00,
    0x00,0x00,0x00,0x00,0x00,0x00,0x00,0x00,0x00,0x00,0x00,0x00,0x00,0x00,0x00,0x00,
    0x00,0x0F,0xF0,0x00,0x00,0x1F,0xF0,0x00,0x00,0x1F,0xF0,0x00,0x00,0x3F,0xF0,0x00,
    0x00,0x7F,0xF0,0x00,0x00,0x7F,0xF0,0x00,0x00,0xFF,0xF0,0x00,0x01,0xFF,0xF0,0x00,
    0x01,0xF7,0xF0,0x00,0x03,0xE7,0xF0,0x00,0x07,0xE7,0xF0,0x00,0x07,0xC7,0xF0,0x00,
    0x0F,0x87,0xF0,0x00,0x1F,0x87,0xF0,0x00,0x1F,0x07,0xF0,0x00,0x3E,0x07,0xF0,0x00,
    0x7E,0x07,0xF0,0x00,0x7F,0xFF,0xFF,0x00,0x7F,0xFF,0xFF,0x00,0x7F,0xFF,0xFF,0x00,
    0x7F,0xFF,0xFF,0x00,0x7F,0xFF,0xFF,0x00,0x00,0x07,0xF0,0x00,0x00,0x07,0xF0,0x00,
    0x00,0x07,0xF0,0x00,0x00,0x07,0xF0,0x00,0x00,0x07,0xF0,0x00,0x00,0x00,0x00,0x00,
    0x00,0x00,0x00,0x00,0x00,0x00,0x00,0x00,0x00,0x00,0x00,0x00,0x00,0x00,0x00,0x00,
    0x00,0x00,0x00,0x00,0x00,0x00,0x00,0x00,0x00,0x00,0x00,0x00,0x00,0x00,0x00,0x00,
    0x00,0x00,0x00,0x00,0x00,0x00,0x00,0x00,0x00,0x00,0x00,0x00,0x00,0x00,0x00,0x00,
    0x00,0x00,0x00,0x00,0x00,0x00,0x00,0x00,0x00,0x00,0x00,0x00,0x00,0x00,0x00,0x00,
    0x0F,0xFF,0xF8,0x00,0x0F,0xFF,0xF8,0x00,0x0F,0xFF,0xF8,0x00,0x0F,0xFF,0xF8,0x00,
    0x0F,0xFF,0xF8,0x00,0x0F,0xC0,0x00,0x00,0x0F,0xC0,0x00,0x00,0x0F,0xC0,0x00,0x00,
    0x0F,0xFF,0x80,0x00,0x0F,0xFF,0xE0,0x00,0x0F,0xFF,0xF8,0x00,0x0F,0xFF,0xF8,0x00,
    0x0F,0xFF,0xFC,0x00,0x0F,0x07,0xFE,0x00,0x08,0x01,0xFE,0x00,0x00,0x00,0xFE,0x00,
    0x00,0x00,0xFE,0x00,0x00,0x00,0xFE,0x00,0x00,0x00,0xFE,0x00,0x10,0x00,0xFE,0x00,
    0x1C,0x01,0xFE,0x00,0x1F,0x87,0xFE,0x00,0x1F,0xFF,0xFC,0x00,0x1F,0xFF,0xF8,0x00,
    0x1F,0xFF,0xF0,0x00,0x07,0xFF,0xE0,0x00,0x00,0xFF,0x80,0x00,0x00,0x00,0x00,0x00,
    0x00,0x00,0x00,0x00,0x00,0x00,0x00,0x00,0x00,0x00,0x00,0x00,0x00,0x00,0x00,0x00,
    0x00,0x00,0x00,0x00,0x00,0x00,0x00,0x00,0x00,0x00,0x00,0x00,0x00,0x00,0x00,0x00,
    0x00,0x00,0x00,0x00,0x00,0x00,0x00,0x00,0x00,0x00,0x00,0x00,0x00,0x00,0x00,0x00,
    0x00,0x00,0x00,0x00,0x00,0x00,0x00,0x00,0x00,0x00,0x00,0x00,0x00,0x00,0x00,0x00,
    0x00,0x3F,0xE0,0x00,0x00,0xFF,0xF8,0x00,0x01,0xFF,0xFC,0x00,0x03,0xFF,0xFC,0x00,
    0x07,0xFF,0xFC,0x00,0x0F,0xF8,0x3C,0x00,0x0F,0xE0,0x04,0x00,0x1F,0xC0,0x00,0x00,
    0x1F,0xC0,0x00,0x00,0x1F,0x9F,0xC0,0x00,0x3F,0xFF,0xF0,0x00,0x3F,0xFF,0xF8,0x00,
    0x3F,0xFF,0xFC,0x00,0x3F,0xFF,0xFE,0x00,0x3F,0xF1,0xFE,0x00,0x3F,0xE0,0xFF,0x00,
    0x3F,0xC0,0x7F,0x00,0x3F,0xC0,0x7F,0x00,0x1F,0xC0,0x7F,0x00,0x1F,0xC0,0x7F,0x00,
    0x1F,0xE0,0xFF,0x00,0x0F,0xF1,0xFE,0x00,0x0F,0xFF,0xFE,0x00,0x07,0xFF,0xFC,0x00,
    0x03,0xFF,0xF8,0x00,0x01,0xFF,0xF0,0x00,0x00,0x7F,0xC0,0x00,0x00,0x00,0x00,0x00,
    0x00,0x00,0x00,0x00,0x00,0x00,0x00,0x00,0x00,0x00,0x00,0x00,0x00,0x00,0x00,0x00,
    0x00,0x00,0x00,0x00,0x00,0x00,0x00,0x00,0x00,0x00,0x00,0x00,0x00,0x00,0x00,0x00,
    0x00,0x00,0x00,0x00,0x00,0x00,0x00,0x00,0x00,0x00,0x00,0x00,0x00,0x00,0x00,0x00,
    0x00,0x00,0x00,0x00,0x00,0x00,0x00,0x00,0x00,0x00,0x00,0x00,0x00,0x00,0x00,0x00,
    0x3F,0xFF,0xFE,0x00,0x3F,0xFF,0xFE,0x00,0x3F,0xFF,0xFE,0x00,0x3F,0xFF,0xFE,0x00,
    0x3F,0xFF,0xFE,0x00,0x00,0x01,0xFC,0x00,0x00,0x01,0xFC,0x00,0x00,0x03,0xF8,0x00,
    0x00,0x03,0xF8,0x00,0x00,0x07,0xF0,0x00,0x00,0x07,0xF0,0x00,0x00,0x0F,0xF0,0x00,
    0x00,0x0F,0xE0,0x00,0x00,0x1F,0xE0,0x00,0x00,0x1F,0xC0,0x00,0x00,0x1F,0xC0,0x00,
    0x00,0x3F,0x80,0x00,0x00,0x3F,0x80,0x00,0x00,0x7F,0x00,0x00,0x00,0x7F,0x00,0x00,
    0x00,0xFE,0x00,0x00,0x00,0xFE,0x00,0x00,0x01,0xFE,0x00,0x00,0x01,0xFC,0x00,0x00,
    0x03,0xFC,0x00,0x00,0x03,0xF8,0x00,0x00,0x03,0xF8,0x00,0x00,0x00,0x00,0x00,0x00,
    0x00,0x00,0x00,0x00,0x00,0x00,0x00,0x00,0x00,0x00,0x00,0x00,0x00,0x00,0x00,0x00,
    0x00,0x00,0x00,0x00,0x00,0x00,0x00,0x00,0x00,0x00,0x00,0x00,0x00,0x00,0x00,0x00,
    0x00,0x00,0x00,0x00,0x00,0x00,0x00,0x00,0x00,0x00,0x00,0x00,0x00,0x00,0x00,0x00,
    0x00,0x00,0x00,0x00,0x00,0x00,0x00,0x00,0x00,0x00,0x00,0x00,0x00,0x00,0x00,0x00,
    0x00,0xFF,0xC0,0x00,0x07,0xFF,0xF0,0x00,0x0F,0xFF,0xF8,0x00,0x1F,0xFF,0xFC,0x00,
    0x1F,0xFF,0xFE,0x00,0x1F,0xE1,0xFE,0x00,0x1F,0xC0,0xFE,0x00,0x1F,0xC0,0xFE,0x00,
    0x1F,0xC0,0xFE,0x00,0x1F,0xE1,0xFC,0x00,0x0F,0xFF,0xFC,0x00,0x07,0xFF,0xF0,0x00,
    0x01,0xFF,0xE0,0x00,0x07,0xFF,0xF8,0x00,0x0F,0xFF,0xFC,0x00,0x1F,0xE1,0xFE,0x00,
    0x1F,0xC0,0xFE,0x00,0x3F,0x80,0x7E,0x00,0x3F,0x80,0x7F,0x00,0x3F,0x80,0x7F,0x00,
    0x3F,0xC0,0xFF,0x00,0x3F,0xE1,0xFE,0x00,0x1F,0xFF,0xFE,0x00,0x1F,0xFF,0xFC,0x00,
    0x0F,0xFF,0xF8,0x00,0x07,0xFF,0xF0,0x00,0x00,0xFF,0xC0,0x00,0x00,0x00,0x00,0x00,
    0x00,0x00,0x00,0x00,0x00,0x00,0x00,0x00,0x00,0x00,0x00,0x00,0x00,0x00,0x00,0x00,
    0x00,0x00,0x00,0x00,0x00,0x00,0x00,0x00,0x00,0x00,0x00,0x00,0x00,0x00,0x00,0x00,
    0x00,0x00,0x00,0x00,0x00,0x00,0x00,0x00,0x00,0x00,0x00,0x00,0x00,0x00,0x00,0x00,
    0x00,0x00,0x00,0x00,0x00,0x00,0x00,0x00,0x00,0x00,0x00,0x00,0x00,0x00,0x00,0x00,
    0x00,0xFF,0x00,0x00,0x03,0xFF,0xC0,0x00,0x07,0xFF,0xF0,0x00,0x0F,0xFF,0xF8,0x00,
    0x1F,0xFF,0xF8,0x00,0x1F,0xE3,0xFC,0x00,0x3F,0x81,0xFC,0x00,0x3F,0x80,0xFE,0x00,
    0x3F,0x80,0xFE,0x00,0x3F,0x80,0xFE,0x00,0x3F,0x80,0xFE,0x00,0x3F,0x81,0xFE,0x00,
    0x3F,0xE3,0xFF,0x00,0x1F,0xFF,0xFF,0x00,0x1F,0xFF,0xFE,0x00,0x0F,0xFF,0xFE,0x00,
    0x07,0xFF,0xFE,0x00,0x01,0xFE,0xFE,0x00,0x00,0x00,0xFE,0x00,0x00,0x01,0xFC,0x00,
    0x08,0x03,0xFC,0x00,0x0F,0x0F,0xFC,0x00,0x0F,0xFF,0xF8,0x00,0x0F,0xFF,0xF0,0x00,
    0x0F,0xFF,0xE0,0x00,0x0F,0xFF,0x80,0x00,0x01,0xFE,0x00,0x00,0x00,0x00,0x00,0x00,
    0x00,0x00,0x00,0x00,0x00,0x00,0x00,0x00,0x00,0x00,0x00,0x00,0x00,0x00,0x00,0x00,
    0x00,0x00,0x00,0x00,0x00,0x00,0x00,0x00,0x00,0x00,0x00,0x00,0x00,0x00,0x00,0x00,
    0x00,0x00,0x00,0x00,0x00,0x00,0x00,0x00,0x00,0x00,0x00,0x00,0x00,0x00,0x00,0x00,
    0x00,0x00,0x00,0x00,0x00,0x00,0x00,0x00,0x00,0x00,0x00,0x00,0x00,0x00,0x0F,0xE0,
    0x0F,0xE0,0x0F,0xE0,0x0F,0xE0,0x0F,0xE0,0x0F,0xE0,0x0F,0xE0,0x00,0x00,0x00,0x00,
    0x00,0x00,0x00,0x00,0x00,0x00,0x00,0x00,0x0F,0xE0,0x0F,0xE0,0x0F,0xE0,0x0F,0xE0,
    0x0F,0xE0,0x0F,0xE0,0x0F,0xE0,0x00,0x00,0x00,0x00,0x00,0x00,0x00,0x00,0x00,0x00,
    0x00,0x00,0x00,0x00,0x00,0x00,0x00,0x00,0x00,0x00,0x00,0x00,0x00,0x00,0x00,0x00,
    0x00,0x00,0x00,0x00,0x00,0x00,0x00,0x00,0x00,0x00,0x00,0x00,0x00,0x00,0x00,0x00,
    0x00,0x00,0x00,0x00,0x00,0x00,0x0F,0xE0,0x0F,0xE0,0x0F,0xE0,0x0F,0xE0,0x0F,0xE0,
    0x0F,0xE0,0x0F,0xE0,0x00,0x00,0x00,0x00,0x00,0x00,0x00,0x00,0x00,0x00,0x00,0x00,
    0x0F,0xE0,0x0F,0xE0,0x0F,0xE0,0x0F,0xE0,0x0F,0xE0,0x0F,0xE0,0x0F,0xC0,0x1F,0x80,
    0x1F,0x80,0x1F,0x00,0x1E,0x00,0x3E,0x00,0x00,0x00,0x00,0x00,0x00,0x00,0x00,0x00,
    0x00,0x00,0x00,0x00,0x00,0x00,0x00,0x00,0x00,0x00,0x00,0x00,0x00,0x00,0x00,0x00,
    0x00,0x00,0x00,0x00,0x00,0x00,0x00,0x00,0x00,0x00,0x00,0x00,0x00,0x00,0x00,0x00,
    0x00,0x00,0x00,0x00,0x00,0x00,0x00,0x00,0x00,0x00,0x00,0x00,0x00,0x00,0x00,0x00,
    0x00,0x00,0x00,0x00,0x00,0x00,0x00,0x60,0x00,0x00,0x03,0xE0,0x00,0x00,0x0F,0xE0,
    0x00,0x00,0x7F,0xE0,0x00,0x03,0xFF,0xE0,0x00,0x1F,0xFF,0x80,0x00,0x7F,0xFC,0x00,
    0x03,0xFF,0xE0,0x00,0x0F,0xFF,0x00,0x00,0x0F,0xF8,0x00,0x00,0x0F,0xE0,0x00,0x00,
    0x0F,0xF8,0x00,0x00,0x0F,0xFF,0x00,0x00,0x03,0xFF,0xE0,0x00,0x00,0x7F,0xFC,0x00,
    0x00,0x1F,0xFF,0x80,0x00,0x03,0xFF,0xE0,0x00,0x00,0x7F,0xE0,0x00,0x00,0x0F,0xE0,
    0x00,0x00,0x03,0xE0,0x00,0x00,0x00,0x60,0x00,0x00,0x00,0x00,0x00,0x00,0x00,0x00,
    0x00,0x00,0x00,0x00,0x00,0x00,0x00,0x00,0x00,0x00,0x00,0x00,0x00,0x00,0x00,0x00,
    0x00,0x00,0x00,0x00,0x00,0x00,0x00,0x00,0x00,0x00,0x00,0x00,0x00,0x00,0x00,0x00,
    0x00,0x00,0x00,0x00,0x00,0x00,0x00,0x00,0x00,0x00,0x00,0x00,0x00,0x00,0x00,0x00,
    0x00,0x00,0x00,0x00,0x00,0x00,0x00,0x00,0x00,0x00,0x00,0x00,0x00,0x00,0x00,0x00,
    0x00,0x00,0x00,0x00,0x00,0x00,0x00,0x00,0x00,0x00,0x00,0x00,0x00,0x00,0x00,0x00,
    0x00,0x00,0x00,0x00,0x00,0x00,0x00,0x00,0x00,0x00,0x00,0x00,0x00,0x00,0x00,0x00,
    0x00,0x00,0x00,0x00,0x0F,0xFF,0xFF,0xE0,0x0F,0xFF,0xFF,0xE0,0x0F,0xFF,0xFF,0xE0,
    0x0F,0xFF,0xFF,0xE0,0x00,0x00,0x00,0x00,0x00,0x00,0x00,0x00,0x00,0x00,0x00,0x00,
    0x00,0x00,0x00,0x00,0x0F,0xFF,0xFF,0xE0,0x0F,0xFF,0xFF,0xE0,0x0F,0xFF,0xFF,0xE0,
    0x0F,0xFF,0xFF,0xE0,0x00,0x00,0x00,0x00,0x00,0x00,0x00,0x00,0x00,0x00,0x00,0x00,
    0x00,0x00,0x00,0x00,0x00,0x00,0x00,0x00,0x00,0x00,0x00,0x00,0x00,0x00,0x00,0x00,
    0x00,0x00,0x00,0x00,0x00,0x00,0x00,0x00,0x00,0x00,0x00,0x00,0x00,0x00,0x00,0x00,
    0x00,0x00,0x00,0x00,0x00,0x00,0x00,0x00,0x00,0x00,0x00,0x00,0x00,0x00,0x00,0x00,
    0x00,0x00,0x00,0x00,0x00,0x00,0x00,0x00,0x00,0x00,0x00,0x00,0x00,0x00,0x00,0x00,
    0x00,0x00,0x00,0x00,0x00,0x00,0x00,0x00,0x00,0x00,0x00,0x00,0x00,0x00,0x00,0x00,
    0x00,0x00,0x00,0x00,0x00,0x00,0x00,0x00,0x00,0x00,0x00,0x00,0x00,0x00,0x00,0x00,
    0x00,0x00,0x00,0x00,0x0C,0x00,0x00,0x00,0x0F,0x80,0x00,0x00,0x0F,0xE0,0x00,0x00,
    0x0F,0xFC,0x00,0x00,0x0F,0xFF,0x80,0x00,0x03,0xFF,0xF0,0x00,0x00,0x7F,0xFC,0x00,
    0x00,0x0F,0xFF,0x80,0x00,0x01,0xFF,0xE0,0x00,0x00,0x3F,0xE0,0x00,0x00,0x0F,0xE0,
    0x00,0x00,0x3F,0xE0,0x00,0x01,0xFF,0xE0,0x00,0x0F,0xFF,0x80,0x00,0x7F,0xFC,0x00,
    0x03,0xFF,0xF0,0x00,0x0F,0xFF,0x80,0x00,0x0F,0xFC,0x00,0x00,0x0F,0xE0,0x00,0x00,
    0x0F,0x80,0x00,0x00,0x0C,0x00,0x00,0x00,0x00,0x00,0x00,0x00,0x00,0x00,0x00,0x00,
    0x00,0x00,0x00,0x00,0x00,0x00,0x00,0x00,0x00,0x00,0x00,0x00,0x00,0x00,0x00,0x00,
    0x00,0x00,0x00,0x00,0x00,0x00,0x00,0x00,0x00,0x00,0x00,0x00,0x00,0x00,0x00,0x00,
    0x00,0x00,0x00,0x00,0x00,0x00,0x00,0x00,0x00,0x00,0x00,0x00,0x00,0x00,0x00,0x00,
    0x00,0x00,0x00,0x00,0x00,0x00,0x00,0x00,0x0F,0xFE,0x00,0x3F,0xFF,0x80,0x3F,0xFF,
    0xC0,0x3F,0xFF,0xC0,0x3F,0xFF,0xE0,0x3E,0x1F,0xE0,0x30,0x0F,0xE0,0x00,0x0F,0xE0,
    0x00,0x0F,0xE0,0x00,0x1F,0xE0,0x00,0x3F,0xC0,0x00,0x7F,0xC0,0x00,0xFF,0x80,0x01,
    0xFF,0x00,0x01,0xFC,0x00,0x03,0xFC,0x00,0x03,0xF8,0x00,0x03,0xF8,0x00,0x00,0x00,
    0x00,0x00,0x00,0x00,0x00,0x00,0x00,0x03,0xF8,0x00,0x03,0xF8,0x00,0x03,0xF8,0x00,
    0x03,0xF8,0x00,0x03,0xF8,0x00,0x03,0xF8,0x00,0x00,0x00,0x00,0x00,0x00,0x00,0x00,
    0x00,0x00,0x00,0x00,0x00,0x00,0x00,0x00,0x00,0x00,0x00,0x00,0x00,0x00,0x00,0x00,
    0x00,0x00,0x00,0x00,0x00,0x00,0x00,0x00,0x00,0x00,0x00,0x00,0x00,0x00,0x00,0x00,
    0x00,0x00,0x00,0x00,0x00,0x00,0x00,0x00,0x00,0x00,0x00,0x00,0x00,0x00,0x00,0x00,
    0x00,0x00,0x00,0x00,0x00,0x00,0x00,0x00,0x00,0x00,0x00,0x00,0x00,0x03,0xFF,0x00,
    0x00,0x00,0x0F,0xFF,0xC0,0x00,0x00,0x3F,0xFF,0xF0,0x00,0x00,0xFF,0x03,0xF8,0x00,
    0x01,0xF8,0x00,0x7E,0x00,0x03,0xE0,0x00,0x3E,0x00,0x07,0xC0,0x00,0x0F,0x00,0x07,
    0x80,0x00,0x07,0x80,0x0F,0x01,0xFB,0xC7,0x80,0x0F,0x07,0xFF,0xC3,0xC0,0x1E,0x0F,
    0xFF,0xC3,0xC0,0x1E,0x0F,0x8F,0xC3,0xC0,0x1C,0x1F,0x07,0xC1,0xC0,0x3C,0x1F,0x07,
    0xC1,0xE0,0x3C,0x1E,0x03,0xC1,0xE0,0x3C,0x1E,0x03,0xC1,0xC0,0x3C,0x1E,0x03,0xC1,
    0xC0,0x3C,0x1E,0x03,0xC3,0xC0,0x3C,0x1F,0x07,0xC3,0xC0,0x1C,0x1F,0x07,0xC7,0x80,
    0x1E,0x0F,0x8F,0xDF,0x00,0x1E,0x0F,0xFF,0xFF,0x00,0x0F,0x07,0xFF,0xFC,0x00,0x0F,
    0x01,0xFB,0xF0,0x00,0x07,0x80,0x00,0x00,0x00,0x07,0xC0,0x00,0x00,0x00,0x03,0xE0,
    0x00,0x30,0x00,0x01,0xF8,0x00,0xF0,0x00,0x00,0xFF,0x07,0xF8,0x00,0x00,0x3F,0xFF,
    0xF0,0x00,0x00,0x1F,0xFF,0xC0,0x00,0x00,0x03,0xFF,0x00,0x00,0x00,0x00,0x00,0x00,
    0x00,0x00,0x00,0x00,0x00,0x00,0x00,0x00,0x00,0x00,0x00,0x00,0x00,0x00,0x00,0x00,
    0x00,0x00,0x00,0x00,0x00,0x00,0x00,0x00,0x00,0x00,0x00,0x00,0x00,0x00,0x00,0x00,
    0x00,0x00,0x00,0x00,0x00,0x00,0x00,0x00,0x00,0x00,0x00,0x00,0x00,0x00,0x00,0x00,
    0x00,0x3F,0xE0,0x00,0x00,0x7F,0xE0,0x00,0x00,0x7F,0xF0,0x00,0x00,0x7F,0xF0,0x00,
    0x00,0xFF,0xF0,0x00,0x00,0xFF,0xF8,0x00,0x00,0xFF,0xF8,0x00,0x01,0xFD,0xF8,0x00,
    0x01,0xFD,0xFC,0x00,0x03,0xF9,0xFC,0x00,0x03,0xF8,0xFE,0x00,0x03,0xF8,0xFE,0x00,
    0x07,0xF0,0xFE,0x00,0x07,0xF0,0x7F,0x00,0x07,0xF0,0x7F,0x00,0x0F,0xE0,0x7F,0x00,
    0x0F,0xE0,0x3F,0x80,0x0F,0xFF,0xFF,0x80,0x1F,0xFF,0xFF,0x80,0x1F,0xFF,0xFF,0xC0,
    0x3F,0xFF,0xFF,0xC0,0x3F,0xFF,0xFF,0xE0,0x3F,0x80,0x0F,0xE0,0x7F,0x80,0x0F,0xE0,
    0x7F,0x00,0x0F,0xF0,0x7F,0x00,0x07,0xF0,0xFF,0x00,0x07,0xF0,0x00,0x00,0x00,0x00,
    0x00,0x00,0x00,0x00,0x00,0x00,0x00,0x00,0x00,0x00,0x00,0x00,0x00,0x00,0x00,0x00,
    0x00,0x00,0x00,0x00,0x00,0x00,0x00,0x00,0x00,0x00,0x00,0x00,0x00,0x00,0x00,0x00,
    0x00,0x00,0x00,0x00,0x00,0x00,0x00,0x00,0x00,0x00,0x00,0x00,0x00,0x00,0x00,0x00,
    0x00,0x00,0x00,0x00,0x00,0x00,0x00,0x00,0x00,0x00,0x00,0x00,0x00,0x00,0x00,0x00,
    0x1F,0xFF,0xE0,0x00,0x1F,0xFF,0xFC,0x00,0x1F,0xFF,0xFE,0x00,0x1F,0xFF,0xFF,0x00,
    0x1F,0xFF,0xFF,0x00,0x1F,0xE0,0xFF,0x00,0x1F,0xE0,0x7F,0x80,0x1F,0xE0,0x7F,0x80,
    0x1F,0xE0,0x7F,0x80,0x1F,0xE0,0x7F,0x00,0x1F,0xE0,0xFF,0x00,0x1F,0xFF,0xFE,0x00,
    0x1F,0xFF,0xFC,0x00,0x1F,0xFF,0xFC,0x00,0x1F,0xFF,0xFF,0x00,0x1F,0xFF,0xFF,0x80,
    0x1F,0xE0,0x7F,0x80,0x1F,0xE0,0x3F,0x80,0x1F,0xE0,0x3F,0xC0,0x1F,0xE0,0x3F,0xC0,
    0x1F,0xE0,0x3F,0xC0,0x1F,0xE0,0x7F,0xC0,0x1F,0xFF,0xFF,0x80,0x1F,0xFF,0xFF,0x80,
    0x1F,0xFF,0xFF,0x00,0x1F,0xFF,0xFE,0x00,0x1F,0xFF,0xF0,0x00,0x00,0x00,0x00,0x00,
    0x00,0x00,0x00,0x00,0x00,0x00,0x00,0x00,0x00,0x00,0x00,0x00,0x00,0x00,0x00,0x00,
    0x00,0x00,0x00,0x00,0x00,0x00,0x00,0x00,0x00,0x00,0x00,0x00,0x00,0x00,0x00,0x00,
    0x00,0x00,0x00,0x00,0x00,0x00,0x00,0x00,0x00,0x00,0x00,0x00,0x00,0x00,0x00,0x00,
    0x00,0x00,0x00,0x00,0x00,0x00,0x00,0x00,0x00,0x00,0x00,0x00,0x00,0x00,0x00,0x00,
    0x00,0x1F,0xF8,0x00,0x00,0x7F,0xFF,0x00,0x01,0xFF,0xFF,0x80,0x03,0xFF,0xFF,0x80,
    0x07,0xFF,0xFF,0x80,0x0F,0xFE,0x1F,0x80,0x1F,0xF0,0x03,0x80,0x1F,0xE0,0x00,0x80,
    0x3F,0xC0,0x00,0x00,0x3F,0xC0,0x00,0x00,0x3F,0xC0,0x00,0x00,0x3F,0x80,0x00,0x00,
    0x3F,0x80,0x00,0x00,0x3F,0x80,0x00,0x00,0x3F,0x80,0x00,0x00,0x3F,0x80,0x00,0x00,
    0x3F,0xC0,0x00,0x00,0x3F,0xC0,0x00,0x00,0x3F,0xC0,0x00,0x00,0x1F,0xE0,0x00,0x80,
    0x1F,0xF0,0x03,0x80,0x0F,0xFE,0x0F,0x80,0x07,0xFF,0xFF,0x80,0x03,0xFF,0xFF,0x80,
    0x01,0xFF,0xFF,0x80,0x00,0x7F,0xFF,0x00,0x00,0x1F,0xF8,0x00,0x00,0x00,0x00,0x00,
    0x00,0x00,0x00,0x00,0x00,0x00,0x00,0x00,0x00,0x00,0x00,0x00,0x00,0x00,0x00,0x00,
    0x00,0x00,0x00,0x00,0x00,0x00,0x00,0x00,0x00,0x00,0x00,0x00,0x00,0x00,0x00,0x00,
    0x00,0x00,0x00,0x00,0x00,0x00,0x00,0x00,0x00,0x00,0x00,0x00,0x00,0x00,0x00,0x00,
    0x00,0x00,0x00,0x00,0x00,0x00,0x00,0x00,0x00,0x00,0x00,0x00,0x00,0x00,0x00,0x00,
    0x1F,0xFF,0xE0,0x00,0x1F,0xFF,0xFC,0x00,0x1F,0xFF,0xFF,0x00,0x1F,0xFF,0xFF,0x80,
    0x1F,0xFF,0xFF,0xC0,0x1F,0xE0,0xFF,0xE0,0x1F,0xE0,0x3F,0xE0,0x1F,0xE0,0x1F,0xF0,
    0x1F,0xE0,0x0F,0xF0,0x1F,0xE0,0x07,0xF0,0x1F,0xE0,0x07,0xF8,0x1F,0xE0,0x07,0xF8,
    0x1F,0xE0,0x07,0xF8,0x1F,0xE0,0x07,0xF8,0x1F,0xE0,0x07,0xF8,0x1F,0xE0,0x07,0xF8,
    0x1F,0xE0,0x07,0xF8,0x1F,0xE0,0x07,0xF0,0x1F,0xE0,0x0F,0xF0,0x1F,0xE0,0x1F,0xF0,
    0x1F,0xE0,0x3F,0xE0,0x1F,0xE0,0xFF,0xE0,0x1F,0xFF,0xFF,0xC0,0x1F,0xFF,0xFF,0x80,
    0x1F,0xFF,0xFF,0x00,0x1F,0xFF,0xFC,0x00,0x1F,0xFF,0xE0,0x00,0x00,0x00,0x00,0x00,
    0x00,0x00,0x00,0x00,0x00,0x00,0x00,0x00,0x00,0x00,0x00,0x00,0x00,0x00,0x00,0x00,
    0x00,0x00,0x00,0x00,0x00,0x00,0x00,0x00,0x00,0x00,0x00,0x00,0x00,0x00,0x00,0x00,
    0x00,0x00,0x00,0x00,0x00,0x00,0x00,0x00,0x00,0x00,0x00,0x00,0x00,0x00,0x00,0x00,
    0x00,0x00,0x00,0x00,0x00,0x00,0x00,0x00,0x00,0x00,0x00,0x00,0x00,0x00,0x00,0x00,
    0x1F,0xFF,0xFC,0x00,0x1F,0xFF,0xFC,0x00,0x1F,0xFF,0xFC,0x00,0x1F,0xFF,0xFC,0x00,
    0x1F,0xFF,0xFC,0x00,0x1F,0xE0,0x00,0x00,0x1F,0xE0,0x00,0x00,0x1F,0xE0,0x00,0x00,
    0x1F,0xE0,0x00,0x00,0x1F,0xE0,0x00,0x00,0x1F,0xE0,0x00,0x00,0x1F,0xFF,0xFC,0x00,
    0x1F,0xFF,0xFC,0x00,0x1F,0xFF,0xFC,0x00,0x1F,0xFF,0xFC,0x00,0x1F,0xFF,0xFC,0x00,
    0x1F,0xE0,0x00,0x00,0x1F,0xE0,0x00,0x00,0x1F,0xE0,0x00,0x00,0x1F,0xE0,0x00,0x00,
    0x1F,0xE0,0x00,0x00,0x1F,0xE0,0x00,0x00,0x1F,0xFF,0xFE,0x00,0x1F,0xFF,0xFE,0x00,
    0x1F,0xFF,0xFE,0x00,0x1F,0xFF,0xFE,0x00,0x1F,0xFF,0xFE,0x00,0x00,0x00,0x00,0x00,
    0x00,0x00,0x00,0x00,0x00,0x00,0x00,0x00,0x00,0x00,0x00,0x00,0x00,0x00,0x00,0x00,
    0x00,0x00,0x00,0x00,0x00,0x00,0x00,0x00,0x00,0x00,0x00,0x00,0x00,0x00,0x00,0x00,
    0x00,0x00,0x00,0x00,0x00,0x00,0x00,0x00,0x00,0x00,0x00,0x00,0x00,0x00,0x00,0x00,
    0x00,0x00,0x00,0x00,0x00,0x00,0x00,0x00,0x00,0x00,0x00,0x00,0x00,0x00,0x00,0x00,
    0x1F,0xFF,0xFC,0x00,0x1F,0xFF,0xFC,0x00,0x1F,0xFF,0xFC,0x00,0x1F,0xFF,0xFC,0x00,
    0x1F,0xFF,0xFC,0x00,0x1F,0xE0,0x00,0x00,0x1F,0xE0,0x00,0x00,0x1F,0xE0,0x00,0x00,
    0x1F,0xE0,0x00,0x00,0x1F,0xE0,0x00,0x00,0x1F,0xE0,0x00,0x00,0x1F,0xFF,0xFC,0x00,
    0x1F,0xFF,0xFC,0x00,0x1F,0xFF,0xFC,0x00,0x1F,0xFF,0xFC,0x00,0x1F,0xFF,0xFC,0x00,
    0x1F,0xE0,0x00,0x00,0x1F,0xE0,0x00,0x00,0x1F,0xE0,0x00,0x00,0x1F,0xE0,0x00,0x00,
    0x1F,0xE0,0x00,0x00,0x1F,0xE0,0x00,0x00,0x1F,0xE0,0x00,0x00,0x1F,0xE0,0x00,0x00,
    0x1F,0xE0,0x00,0x00,0x1F,0xE0,0x00,0x00,0x1F,0xE0,0x00,0x00,0x00,0x00,0x00,0x00,
    0x00,0x00,0x00,0x00,0x00,0x00,0x00,0x00,0x00,0x00,0x00,0x00,0x00,0x00,0x00,0x00,
    0x00,0x00,0x00,0x00,0x00,0x00,0x00,0x00,0x00,0x00,0x00,0x00,0x00,0x00,0x00,0x00,
    0x00,0x00,0x00,0x00,0x00,0x00,0x00,0x00,0x00,0x00,0x00,0x00,0x00,0x00,0x00,0x00,
    0x00,0x00,0x00,0x00,0x00,0x00,0x00,0x00,0x00,0x00,0x00,0x00,0x00,0x00,0x00,0x00,
    0x00,0x0F,0xFE,0x00,0x00,0x7F,0xFF,0xC0,0x01,0xFF,0xFF,0xE0,0x03,0xFF,0xFF,0xE0,
    0x07,0xFF,0xFF,0xE0,0x0F,0xFE,0x0F,0xE0,0x1F,0xF0,0x00,0xE0,0x1F,0xE0,0x00,0x60,
    0x3F,0xC0,0x00,0x00,0x3F,0xC0,0x00,0x00,0x3F,0xC0,0x00,0x00,0x3F,0x80,0x00,0x00,
    0x3F,0x80,0x7F,0xF0,0x3F,0x80,0x7F,0xF0,0x3F,0x80,0x7F,0xF0,0x3F,0x80,0x7F,0xF0,
    0x3F,0xC0,0x7F,0xF0,0x3F,0xC0,0x07,0xF0,0x3F,0xC0,0x07,0xF0,0x1F,0xE0,0x07,0xF0,
    0x1F,0xF0,0x07,0xF0,0x0F,0xFE,0x0F,0xF0,0x07,0xFF,0xFF,0xF0,0x03,0xFF,0xFF,0xF0,
    0x01,0xFF,0xFF,0xF0,0x00,0x7F,0xFF,0xC0,0x00,0x1F,0xFC,0x00,0x00,0x00,0x00,0x00,
    0x00,0x00,0x00,0x00,0x00,0x00,0x00,0x00,0x00,0x00,0x00,0x00,0x00,0x00,0x00,0x00,
    0x00,0x00,0x00,0x00,0x00,0x00,0x00,0x00,0x00,0x00,0x00,0x00,0x00,0x00,0x00,0x00,
    0x00,0x00,0x00,0x00,0x00,0x00,0x00,0x00,0x00,0x00,0x00,0x00,0x00,0x00,0x00,0x00,
    0x00,0x00,0x00,0x00,0x00,0x00,0x00,0x00,0x00,0x00,0x00,0x00,0x00,0x00,0x00,0x00,
    0x1F,0xE0,0x0F,0xF0,0x1F,0xE0,0x0F,0xF0,0x1F,0xE0,0x0F,0xF0,0x1F,0xE0,0x0F,0xF0,
    0x1F,0xE0,0x0F,0xF0,0x1F,0xE0,0x0F,0xF0,0x1F,0xE0,0x0F,0xF0,0x1F,0xE0,0x0F,0xF0,
    0x1F,0xE0,0x0F,0xF0,0x1F,0xE0,0x0F,0xF0,0x1F,0xE0,0x0F,0xF0,0x1F,0xFF,0xFF,0xF0,
    0x1F,0xFF,0xFF,0xF0,0x1F,0xFF,0xFF,0xF0,0x1F,0xFF,0xFF,0xF0,0x1F,0xFF,0xFF,0xF0,
    0x1F,0xE0,0x0F,0xF0,0x1F,0xE0,0x0F,0xF0,0x1F,0xE0,0x0F,0xF0,0x1F,0xE0,0x0F,0xF0,
    0x1F,0xE0,0x0F,0xF0,0x1F,0xE0,0x0F,0xF0,0x1F,0xE0,0x0F,0xF0,0x1F,0xE0,0x0F,0xF0,
    0x1F,0xE0,0x0F,0xF0,0x1F,0xE0,0x0F,0xF0,0x1F,0xE0,0x0F,0xF0,0x00,0x00,0x00,0x00,
    0x00,0x00,0x00,0x00,0x00,0x00,0x00,0x00,0x00,0x00,0x00,0x00,0x00,0x00,0x00,0x00,
    0x00,0x00,0x00,0x00,0x00,0x00,0x00,0x00,0x00,0x00,0x00,0x00,0x00,0x00,0x00,0x00,
    0x00,0x00,0x00,0x00,0x00,0x00,0x00,0x00,0x00,0x00,0x00,0x00,0x00,0x00,0x00,0x00,
    0x1F,0xE0,0x1F,0xE0,0x1F,0xE0,0x1F,0xE0,0x1F,0xE0,0x1F,0xE0,0x1F,0xE0,0x1F,0xE0,
    0x1F,0xE0,0x1F,0xE0,0x1F,0xE0,0x1F,0xE0,0x1F,0xE0,0x1F,0xE0,0x1F,0xE0,0x1F,0xE0,
    0x1F,0xE0,0x1F,0xE0,0x1F,0xE0,0x1F,0xE0,0x1F,0xE0,0x1F,0xE0,0x1F,0xE0,0x1F,0xE0,
    0x1F,0xE0,0x1F,0xE0,0x1F,0xE0,0x00,0x00,0x00,0x00,0x00,0x00,0x00,0x00,0x00,0x00,
    0x00,0x00,0x00,0x00,0x00,0x00,0x00,0x00,0x00,0x00,0x00,0x00,0x00,0x00,0x00,0x00,
    0x00,0x00,0x00,0x00,0x00,0x00,0x00,0x00,0x1F,0xE0,0x1F,0xE0,0x1F,0xE0,0x1F,0xE0,
    0x1F,0xE0,0x1F,0xE0,0x1F,0xE0,0x1F,0xE0,0x1F,0xE0,0x1F,0xE0,0x1F,0xE0,0x1F,0xE0,
    0x1F,0xE0,0x1F,0xE0,0x1F,0xE0,0x1F,0xE0,0x1F,0xE0,0x1F,0xE0,0x1F,0xE0,0x1F,0xE0,
    0x1F,0xE0,0x1F,0xE0,0x1F,0xE0,0x1F,0xE0,0x1F,0xE0,0x1F,0xC0,0x1F,0xC0,0x3F,0xC0,
    0x7F,0xC0,0xFF,0x80,0xFF,0x80,0xFF,0x00,0xFE,0x00,0xF0,0x00,0x00,0x00,0x00,0x00,
    0x00,0x00,0x00,0x00,0x00,0x00,0x00,0x00,0x00,0x00,0x00,0x00,0x00,0x00,0x00,0x00,
    0x00,0x00,0x00,0x00,0x00,0x00,0x00,0x00,0x00,0x00,0x00,0x00,0x00,0x00,0x00,0x00,
    0x1F,0xE0,0x0F,0xF0,0x1F,0xE0,0x1F,0xE0,0x1F,0xE0,0x3F,0xC0,0x1F,0xE0,0x7F,0x80,
    0x1F,0xE0,0xFF,0x00,0x1F,0xE1,0xFE,0x00,0x1F,0xE3,0xFC,0x00,0x1F,0xE7,0xF8,0x00,
    0x1F,0xEF,0xF0,0x00,0x1F,0xFF,0xE0,0x00,0x1F,0xFF,0xC0,0x00,0x1F,0xFF,0x80,0x00,
    0x1F,0xFF,0x00,0x00,0x1F,0xFF,0x00,0x00,0x1F,0xFF,0x80,0x00,0x1F,0xFF,0xC0,0x00,
    0x1F,0xFF,0xE0,0x00,0x1F,0xFF,0xF0,0x00,0x1F,0xEF,0xF8,0x00,0x1F,0xE7,0xFC,0x00,
    0x1F,0xE3,0xFE,0x00,0x1F,0xE1,0xFF,0x00,0x1F,0xE0,0xFF,0x80,0x1F,0xE0,0x7F,0xC0,
    0x1F,0xE0,0x3F,0xE0,0x1F,0xE0,0x1F,0xF0,0x1F,0xE0,0x0F,0xF8,0x00,0x00,0x00,0x00,
    0x00,0x00,0x00,0x00,0x00,0x00,0x00,0x00,0x00,0x00,0x00,0x00,0x00,0x00,0x00,0x00,
    0x00,0x00,0x00,0x00,0x00,0x00,0x00,0x00,0x00,0x00,0x00,0x00,0x00,0x00,0x00,0x00,
    0x00,0x00,0x00,0x00,0x00,0x00,0x00,0x00,0x00,0x00,0x00,0x00,0x00,0x00,0x00,0x00,
    0x00,0x00,0x00,0x00,0x00,0x00,0x00,0x00,0x1F,0xE0,0x00,0x1F,0xE0,0x00,0x1F,0xE0,
    0x00,0x1F,0xE0,0x00,0x1F,0xE0,0x00,0x1F,0xE0,0x00,0x1F,0xE0,0x00,0x1F,0xE0,0x00,
    0x1F,0xE0,0x00,0x1F,0xE0,0x00,0x1F,0xE0,0x00,0x1F,0xE0,0x00,0x1F,0xE0,0x00,0x1F,
    0xE0,0x00,0x1F,0xE0,0x00,0x1F,0xE0,0x00,0x1F,0xE0,0x00,0x1F,0xE0,0x00,0x1F,0xE0,
    0x00,0x1F,0xE0,0x00,0x1F,0xE0,0x00,0x1F,0xE0,0x00,0x1F,0xFF,0xFE,0x1F,0xFF,0xFE,
    0x1F,0xFF,0xFE,0x1F,0xFF,0xFE,0x1F,0xFF,0xFE,0x00,0x00,0x00,0x00,0x00,0x00,0x00,
    0x00,0x00,0x00,0x00,0x00,0x00,0x00,0x00,0x00,0x00,0x00,0x00,0x00,0x00,0x00,0x00,
    0x00,0x00,0x00,0x00,0x00,0x00,0x00,0x00,0x00,0x00,0x00,0x00,0x00,0x00,0x00,0x00,
    0x00,0x00,0x00,0x00,0x00,0x00,0x00,0x00,0x00,0x00,0x00,0x00,0x00,0x00,0x00,0x00,
    0x00,0x00,0x00,0x00,0x00,0x00,0x00,0x00,0x00,0x00,0x00,0x00,0x1F,0xF8,0x00,0xFF,
    0xC0,0x1F,0xF8,0x00,0xFF,0xC0,0x1F,0xF8,0x01,0xFF,0xC0,0x1F,0xFC,0x01,0xFF,0xC0,
    0x1F,0xFC,0x03,0xFF,0xC0,0x1F,0xFE,0x03,0xFF,0xC0,0x1F,0xFE,0x03,0xFF,0xC0,0x1F,
    0xFF,0x07,0xFF,0xC0,0x1F,0xFF,0x07,0xFF,0xC0,0x1F,0xDF,0x0F,0xDF,0xC0,0x1F,0xDF,
    0x8F,0xDF,0xC0,0x1F,0xCF,0x8F,0x9F,0xC0,0x1F,0xCF,0xDF,0x9F,0xC0,0x1F,0xCF,0xDF,
    0x1F,0xC0,0x1F,0xC7,0xFF,0x1F,0xC0,0x1F,0xC7,0xFF,0x1F,0xC0,0x1F,0xC3,0xFE,0x1F,
    0xC0,0x1F,0xC3,0xFE,0x1F,0xC0,0x1F,0xC1,0xFC,0x1F,0xC0,0x1F,0xC1,0xFC,0x1F,0xC0,
    0x1F,0xC1,0xF8,0x1F,0xC0,0x1F,0xC0,0xF8,0x1F,0xC0,0x1F,0xC0,0x00,0x1F,0xC0,0x1F,
    0xC0,0x00,0x1F,0xC0,0x1F,0xC0,0x00,0x1F,0xC0,0x1F,0xC0,0x00,0x1F,0xC0,0x1F,0xC0,
    0x00,0x1F,0xC0,0x00,0x00,0x00,0x00,0x00,0x00,0x00,0x00,0x00,0x00,0x00,0x00,0x00,
    0x00,0x00,0x00,0x00,0x00,0x00,0x00,0x00,0x00,0x00,0x00,0x00,0x00,0x00,0x00,0x00,
    0x00,0x00,0x00,0x00,0x00,0x00,0x00,0x00,0x00,0x00,0x00,0x00,0x00,0x00,0x00,0x00,
    0x00,0x00,0x00,0x00,0x00,0x00,0x00,0x00,0x00,0x00,0x00,0x00,0x00,0x00,0x00,0x00,
    0x00,0x00,0x00,0x00,0x00,0x00,0x00,0x00,0x00,0x00,0x00,0x00,0x00,0x00,0x00,0x00,
    0x1F,0xF0,0x07,0xF0,0x1F,0xF0,0x07,0xF0,0x1F,0xF8,0x07,0xF0,0x1F,0xF8,0x07,0xF0,
    0x1F,0xFC,0x07,0xF0,0x1F,0xFC,0x07,0xF0,0x1F,0xFE,0x07,0xF0,0x1F,0xFE,0x07,0xF0,
    0x1F,0xFF,0x07,0xF0,0x1F,0xFF,0x07,0xF0,0x1F,0xDF,0x87,0xF0,0x1F,0xDF,0x87,0xF0,
    0x1F,0xCF,0xC7,0xF0,0x1F,0xCF,0xE7,0xF0,0x1F,0xC7,0xE7,0xF0,0x1F,0xC3,0xF7,0xF0,
    0x1F,0xC3,0xF7,0xF0,0x1F,0xC1,0xFF,0xF0,0x1F,0xC1,0xFF,0xF0,0x1F,0xC0,0xFF,0xF0,
    0x1F,0xC0,0xFF,0xF0,0x1F,0xC0,0x7F,0xF0,0x1F,0xC0,0x7F,0xF0,0x1F,0xC0,0x3F,0xF0,
    0x1F,0xC0,0x3F,0xF0,0x1F,0xC0,0x1F,0xF0,0x1F,0xC0,0x1F,0xF0,0x00,0x00,0x00,0x00,
    0x00,0x00,0x00,0x00,0x00,0x00,0x00,0x00,0x00,0x00,0x00,0x00,0x00,0x00,0x00,0x00,
    0x00,0x00,0x00,0x00,0x00,0x00,0x00,0x00,0x00,0x00,0x00,0x00,0x00,0x00,0x00,0x00,
    0x00,0x00,0x00,0x00,0x00,0x00,0x00,0x00,0x00,0x00,0x00,0x00,0x00,0x00,0x00,0x00,
    0x00,0x00,0x00,0x00,0x00,0x00,0x00,0x00,0x00,0x00,0x00,0x00,0x00,0x00,0x00,0x00,
    0x00,0x1F,0xF8,0x00,0x00,0xFF,0xFE,0x00,0x01,0xFF,0xFF,0x80,0x07,0xFF,0xFF,0xC0,
    0x07,0xFF,0xFF,0xE0,0x0F,0xFC,0x3F,0xF0,0x1F,0xF0,0x0F,0xF0,0x1F,0xE0,0x07,0xF8,
    0x3F,0xC0,0x07,0xF8,0x3F,0xC0,0x03,0xF8,0x3F,0xC0,0x03,0xFC,0x3F,0x80,0x03,0xFC,
    0x3F,0x80,0x03,0xFC,0x3F,0x80,0x03,0xFC,0x3F,0x80,0x03,0xFC,0x3F,0x80,0x03,0xFC,
    0x3F,0xC0,0x03,0xFC,0x3F,0xC0,0x03,0xF8,0x3F,0xC0,0x07,0xF8,0x1F,0xE0,0x07,0xF8,
    0x1F,0xF0,0x0F,0xF0,0x0F,0xFC,0x3F,0xF0,0x07,0xFF,0xFF,0xE0,0x07,0xFF,0xFF,0xC0,
    0x01,0xFF,0xFF,0x80,0x00,0xFF,0xFE,0x00,0x00,0x1F,0xF8,0x00,0x00,0x00,0x00,0x00,
    0x00,0x00,0x00,0x00,0x00,0x00,0x00,0x00,0x00,0x00,0x00,0x00,0x00,0x00,0x00,0x00,
    0x00,0x00,0x00,0x00,0x00,0x00,0x00,0x00,0x00,0x00,0x00,0x00,0x00,0x00,0x00,0x00,
    0x00,0x00,0x00,0x00,0x00,0x00,0x00,0x00,0x00,0x00,0x00,0x00,0x00,0x00,0x00,0x00,
    0x00,0x00,0x00,0x00,0x00,0x00,0x00,0x00,0x00,0x00,0x00,0x00,0x00,0x00,0x00,0x00,
    0x1F,0xFF,0xF0,0x00,0x1F,0xFF,0xFC,0x00,0x1F,0xFF,0xFE,0x00,0x1F,0xFF,0xFF,0x00,
    0x1F,0xFF,0xFF,0x80,0x1F,0xE0,0xFF,0x80,0x1F,0xE0,0x7F,0x80,0x1F,0xE0,0x3F,0xC0,
    0x1F,0xE0,0x3F,0xC0,0x1F,0xE0,0x3F,0xC0,0x1F,0xE0,0x3F,0xC0,0x1F,0xE0,0x7F,0x80,
    0x1F,0xE0,0xFF,0x80,0x1F,0xFF,0xFF,0x80,0x1F,0xFF,0xFF,0x00,0x1F,0xFF,0xFE,0x00,
    0x1F,0xFF,0xFC,0x00,0x1F,0xFF,0xF0,0x00,0x1F,0xE0,0x00,0x00,0x1F,0xE0,0x00,0x00,
    0x1F,0xE0,0x00,0x00,0x1F,0xE0,0x00,0x00,0x1F,0xE0,0x00,0x00,0x1F,0xE0,0x00,0x00,
    0x1F,0xE0,0x00,0x00,0x1F,0xE0,0x00,0x00,0x1F,0xE0,0x00,0x00,0x00,0x00,0x00,0x00,
    0x00,0x00,0x00,0x00,0x00,0x00,0x00,0x00,0x00,0x00,0x00,0x00,0x00,0x00,0x00,0x00,
    0x00,0x00,0x00,0x00,0x00,0x00,0x00,0x00,0x00,0x00,0x00,0x00,0x00,0x00,0x00,0x00,
    0x00,0x00,0x00,0x00,0x00,0x00,0x00,0x00,0x00,0x00,0x00,0x00,0x00,0x00,0x00,0x00,
    0x00,0x00,0x00,0x00,0x00,0x00,0x00,0x00,0x00,0x00,0x00,0x00,0x00,0x00,0x00,0x00,
    0x00,0x1F,0xF8,0x00,0x00,0xFF,0xFE,0x00,0x01,0xFF,0xFF,0x80,0x07,0xFF,0xFF,0xC0,
    0x07,0xFF,0xFF,0xE0,0x0F,0xFC,0x3F,0xF0,0x1F,0xF0,0x0F,0xF0,0x1F,0xE0,0x07,0xF8,
    0x3F,0xC0,0x07,0xF8,0x3F,0xC0,0x03,0xF8,0x3F,0xC0,0x03,0xFC,0x3F,0x80,0x03,0xFC,
    0x3F,0x80,0x03,0xFC,0x3F,0x80,0x03,0xFC,0x3F,0x80,0x03,0xFC,0x3F,0x80,0x03,0xFC,
    0x3F,0xC0,0x03,0xF8,0x3F,0xC0,0x03,0xF8,0x3F,0xC0,0x07,0xF8,0x1F,0xE0,0x07,0xF8,
    0x1F,0xF0,0x0F,0xF0,0x0F,0xFC,0x3F,0xF0,0x07,0xFF,0xFF,0xE0,0x07,0xFF,0xFF,0xC0,
    0x01,0xFF,0xFF,0x80,0x00,0xFF,0xFE,0x00,0x00,0x1F,0xFE,0x00,0x00,0x00,0x7F,0x00,
    0x00,0x00,0x3F,0x80,0x00,0x00,0x3F,0x80,0x00,0x00,0x1F,0xC0,0x00,0x00,0x0F,0xE0,
    0x00,0x00,0x00,0x00,0x00,0x00,0x00,0x00,0x00,0x00,0x00,0x00,0x00,0x00,0x00,0x00,
    0x00,0x00,0x00,0x00,0x00,0x00,0x00,0x00,0x00,0x00,0x00,0x00,0x00,0x00,0x00,0x00,
    0x00,0x00,0x00,0x00,0x00,0x00,0x00,0x00,0x00,0x00,0x00,0x00,0x00,0x00,0x00,0x00,
    0x1F,0xFF,0xE0,0x00,0x1F,0xFF,0xFC,0x00,0x1F,0xFF,0xFE,0x00,0x1F,0xFF,0xFE,0x00,
    0x1F,0xFF,0xFF,0x00,0x1F,0xE1,0xFF,0x00,0x1F,0xE0,0x7F,0x00,0x1F,0xE0,0x7F,0x00,
    0x1F,0xE0,0x7F,0x00,0x1F,0xE0,0x7F,0x00,0x1F,0xE0,0x7F,0x00,0x1F,0xE1,0xFE,0x00,
    0x1F,0xFF,0xFE,0x00,0x1F,0xFF,0xFC,0x00,0x1F,0xFF,0xF0,0x00,0x1F,0xFF,0xF8,0x00,
    0x1F,0xFF,0xFC,0x00,0x1F,0xE3,0xFE,0x00,0x1F,0xE0,0xFF,0x00,0x1F,0xE0,0xFF,0x00,
    0x1F,0xE0,0x7F,0x80,0x1F,0xE0,0x7F,0x80,0x1F,0xE0,0x3F,0xC0,0x1F,0xE0,0x3F,0xC0,
    0x1F,0xE0,0x1F,0xE0,0x1F,0xE0,0x1F,0xE0,0x1F,0xE0,0x0F,0xF0,0x00,0x00,0x00,0x00,
    0x00,0x00,0x00,0x00,0x00,0x00,0x00,0x00,0x00,0x00,0x00,0x00,0x00,0x00,0x00,0x00,
    0x00,0x00,0x00,0x00,0x00,0x00,0x00,0x00,0x00,0x00,0x00,0x00,0x00,0x00,0x00,0x00,
    0x00,0x00,0x00,0x00,0x00,0x00,0x00,0x00,0x00,0x00,0x00,0x00,0x00,0x00,0x00,0x00,
    0x00,0x00,0x00,0x00,0x00,0x00,0x00,0x00,0x00,0x00,0x00,0x00,0x00,0x00,0x00,0x00,
    0x00,0xFF,0xE0,0x00,0x03,0xFF,0xFC,0x00,0x07,0xFF,0xFC,0x00,0x0F,0xFF,0xFC,0x00,
    0x1F,0xFF,0xFC,0x00,0x1F,0xE0,0x7C,0x00,0x1F,0x80,0x0C,0x00,0x1F,0x80,0x00,0x00,
    0x1F,0x80,0x00,0x00,0x1F,0xE0,0x00,0x00,0x1F,0xFE,0x00,0x00,0x1F,0xFF,0xE0,0x00,
    0x0F,0xFF,0xF8,0x00,0x07,0xFF,0xFC,0x00,0x01,0xFF,0xFE,0x00,0x00,0x3F,0xFF,0x00,
    0x00,0x01,0xFF,0x00,0x00,0x00,0xFF,0x00,0x00,0x00,0x7F,0x00,0x10,0x00,0x7F,0x00,
    0x1C,0x00,0x7F,0x00,0x1F,0xC1,0xFF,0x00,0x1F,0xFF,0xFE,0x00,0x1F,0xFF,0xFE,0x00,
    0x1F,0xFF,0xFC,0x00,0x0F,0xFF,0xF8,0x00,0x01,0xFF,0xC0,0x00,0x00,0x00,0x00,0x00,
    0x00,0x00,0x00,0x00,0x00,0x00,0x00,0x00,0x00,0x00,0x00,0x00,0x00,0x00,0x00,0x00,
    0x00,0x00,0x00,0x00,0x00,0x00,0x00,0x00,0x00,0x00,0x00,0x00,0x00,0x00,0x00,0x00,
    0x00,0x00,0x00,0x00,0x00,0x00,0x00,0x00,0x00,0x00,0x00,0x00,0x00,0x00,0x00,0x00,
    0x00,0x00,0x00,0x00,0x00,0x00,0x00,0x00,0x00,0x00,0x00,0x00,0x00,0x00,0x00,0x00,
    0xFF,0xFF,0xFF,0x80,0xFF,0xFF,0xFF,0x80,0xFF,0xFF,0xFF,0x80,0xFF,0xFF,0xFF,0x80,
    0xFF,0xFF,0xFF,0x80,0x00,0x7F,0x00,0x00,0x00,0x7F,0x00,0x00,0x00,0x7F,0x00,0x00,
    0x00,0x7F,0x00,0x00,0x00,0x7F,0x00,0x00,0x00,0x7F,0x00,0x00,0x00,0x7F,0x00,0x00,
    0x00,0x7F,0x00,0x00,0x00,0x7F,0x00,0x00,0x00,0x7F,0x00,0x00,0x00,0x7F,0x00,0x00,
    0x00,0x7F,0x00,0x00,0x00,0x7F,0x00,0x00,0x00,0x7F,0x00,0x00,0x00,0x7F,0x00,0x00,
    0x00,0x7F,0x00,0x00,0x00,0x7F,0x00,0x00,0x00,0x7F,0x00,0x00,0x00,0x7F,0x00,0x00,
    0x00,0x7F,0x00,0x00,0x00,0x7F,0x00,0x00,0x00,0x7F,0x00,0x00,0x00,0x00,0x00,0x00,
    0x00,0x00,0x00,0x00,0x00,0x00,0x00,0x00,0x00,0x00,0x00,0x00,0x00,0x00,0x00,0x00,
    0x00,0x00,0x00,0x00,0x00,0x00,0x00,0x00,0x00,0x00,0x00,0x00,0x00,0x00,0x00,0x00,
    0x00,0x00,0x00,0x00,0x00,0x00,0x00,0x00,0x00,0x00,0x00,0x00,0x00,0x00,0x00,0x00,
    0x00,0x00,0x00,0x00,0x00,0x00,0x00,0x00,0x00,0x00,0x00,0x00,0x00,0x00,0x00,0x00,
    0x1F,0xE0,0x1F,0xE0,0x1F,0xE0,0x1F,0xE0,0x1F,0xE0,0x1F,0xE0,0x1F,0xE0,0x1F,0xE0,
    0x1F,0xE0,0x1F,0xE0,0x1F,0xE0,0x1F,0xE0,0x1F,0xE0,0x1F,0xE0,0x1F,0xE0,0x1F,0xE0,
    0x1F,0xE0,0x1F,0xE0,0x1F,0xE0,0x1F,0xE0,0x1F,0xE0,0x1F,0xE0,0x1F,0xE0,0x1F,0xE0,
    0x1F,0xE0,0x1F,0xE0,0x1F,0xE0,0x1F,0xE0,0x1F,0xE0,0x1F,0xE0,0x1F,0xE0,0x1F,0xE0,
    0x1F,0xE0,0x1F,0xE0,0x1F,0xE0,0x1F,0xE0,0x1F,0xE0,0x1F,0xE0,0x0F,0xE0,0x1F,0xC0,
    0x0F,0xF0,0x3F,0xC0,0x0F,0xF8,0x7F,0xC0,0x07,0xFF,0xFF,0x80,0x07,0xFF,0xFF,0x80,
    0x03,0xFF,0xFF,0x00,0x00,0xFF,0xFC,0x00,0x00,0x3F,0xF0,0x00,0x00,0x00,0x00,0x00,
    0x00,0x00,0x00,0x00,0x00,0x00,0x00,0x00,0x00,0x00,0x00,0x00,0x00,0x00,0x00,0x00,
    0x00,0x00,0x00,0x00,0x00,0x00,0x00,0x00,0x00,0x00,0x00,0x00,0x00,0x00,0x00,0x00,
    0x00,0x00,0x00,0x00,0x00,0x00,0x00,0x00,0x00,0x00,0x00,0x00,0x00,0x00,0x00,0x00,
    0x00,0x00,0x00,0x00,0x00,0x00,0x00,0x00,0x00,0x00,0x00,0x00,0x00,0x00,0x00,0x00,
    0xFF,0x00,0x07,0xF0,0x7F,0x00,0x07,0xF0,0x7F,0x00,0x0F,0xF0,0x7F,0x80,0x0F,0xE0,
    0x3F,0x80,0x0F,0xE0,0x3F,0x80,0x1F,0xE0,0x3F,0xC0,0x1F,0xC0,0x1F,0xC0,0x1F,0xC0,
    0x1F,0xC0,0x3F,0x80,0x0F,0xE0,0x3F,0x80,0x0F,0xE0,0x3F,0x80,0x0F,0xE0,0x7F,0x00,
    0x07,0xF0,0x7F,0x00,0x07,0xF0,0xFF,0x00,0x07,0xF8,0xFE,0x00,0x03,0xF8,0xFE,0x00,
    0x03,0xF9,0xFE,0x00,0x03,0xFD,0xFC,0x00,0x01,0xFD,0xFC,0x00,0x01,0xFF,0xF8,0x00,
    0x00,0xFF,0xF8,0x00,0x00,0xFF,0xF8,0x00,0x00,0xFF,0xF0,0x00,0x00,0x7F,0xF0,0x00,
    0x00,0x7F,0xF0,0x00,0x00,0x7F,0xE0,0x00,0x00,0x3F,0xE0,0x00,0x00,0x00,0x00,0x00,
    0x00,0x00,0x00,0x00,0x00,0x00,0x00,0x00,0x00,0x00,0x00,0x00,0x00,0x00,0x00,0x00,
    0x00,0x00,0x00,0x00,0x00,0x00,0x00,0x00,0x00,0x00,0x00,0x00,0x00,0x00,0x00,0x00,
    0x00,0x00,0x00,0x00,0x00,0x00,0x00,0x00,0x00,0x00,0x00,0x00,0x00,0x00,0x00,0x00,
    0x00,0x00,0x00,0x00,0x00,0x00,0x00,0x00,0x00,0x00,0x00,0x00,0x00,0x00,0x00,0x00,
    0x00,0x00,0x00,0x00,0x00,0x00,0x00,0x00,0x00,0x00,0x00,0x00,0x00,0x00,0x00,0x00,
    0x7F,0x00,0x7F,0x00,0x7F,0x00,0x7F,0x00,0x7F,0x00,0x7E,0x00,0x3F,0x80,0xFF,0x80,
    0xFE,0x00,0x3F,0x80,0xFF,0x80,0xFE,0x00,0x3F,0x80,0xFF,0x80,0xFE,0x00,0x3F,0x80,
    0xFF,0x80,0xFE,0x00,0x3F,0x81,0xFF,0x81,0xFC,0x00,0x1F,0xC1,0xFF,0xC1,0xFC,0x00,
    0x1F,0xC1,0xF7,0xC1,0xFC,0x00,0x1F,0xC1,0xF7,0xC1,0xFC,0x00,0x1F,0xC3,0xF7,0xC3,
    0xF8,0x00,0x0F,0xE3,0xE7,0xE3,0xF8,0x00,0x0F,0xE3,0xE3,0xE3,0xF8,0x00,0x0F,0xE3,
    0xE3,0xE3,0xF8,0x00,0x0F,0xE7,0xE3,0xE7,0xF0,0x00,0x07,0xF7,0xC3,0xF7,0xF0,0x00,
    0x07,0xF7,0xC1,0xF7,0xF0,0x00,0x07,0xF7,0xC1,0xF7,0xF0,0x00,0x07,0xFF,0xC1,0xFF,
    0xE0,0x00,0x03,0xFF,0x81,0xFF,0xE0,0x00,0x03,0xFF,0x80,0xFF,0xE0,0x00,0x03,0xFF,
    0x80,0xFF,0xE0,0x00,0x03,0xFF,0x80,0xFF,0xE0,0x00,0x03,0xFF,0x80,0xFF,0xC0,0x00,
    0x01,0xFF,0x00,0xFF,0xC0,0x00,0x01,0xFF,0x00,0x7F,0xC0,0x00,0x01,0xFF,0x00,0x7F,
    0xC0,0x00,0x00,0x00,0x00,0x00,0x00,0x00,0x00,0x00,0x00,0x00,0x00,0x00,0x00,0x00,
    0x00,0x00,0x00,0x00,0x00,0x00,0x00,0x00,0x00,0x00,0x00,0x00,0x00,0x00,0x00,0x00,
    0x00,0x00,0x00,0x00,0x00,0x00,0x00,0x00,0x00,0x00,0x00,0x00,0x00,0x00,0x00,0x00,
    0x00,0x00,0x00,0x00,0x00,0x00,0x00,0x00,0x00,0x00,0x00,0x00,0x00,0x00,0x00,0x00,
    0x00,0x00,0x00,0x00,0x00,0x00,0x00,0x00,0x00,0x00,0x00,0x00,0x00,0x00,0x00,0x00,
    0x00,0x00,0x00,0x00,0x00,0x00,0x00,0x00,0x7F,0x80,0x0F,0xE0,0x3F,0xC0,0x1F,0xE0,
    0x1F,0xC0,0x3F,0xC0,0x1F,0xE0,0x3F,0x80,0x0F,0xF0,0x7F,0x80,0x07,0xF0,0xFF,0x00,
    0x07,0xF8,0xFE,0x00,0x03,0xFD,0xFE,0x00,0x01,0xFF,0xFC,0x00,0x01,0xFF,0xF8,0x00,
    0x00,0xFF,0xF0,0x00,0x00,0x7F,0xF0,0x00,0x00,0x7F,0xE0,0x00,0x00,0x3F,0xE0,0x00,
    0x00,0x7F,0xE0,0x00,0x00,0xFF,0xF0,0x00,0x00,0xFF,0xF8,0x00,0x01,0xFF,0xFC,0x00,
    0x03,0xFD,0xFC,0x00,0x03,0xF9,0xFE,0x00,0x07,0xF8,0xFF,0x00,0x0F,0xF0,0x7F,0x00,
    0x0F,0xE0,0x7F,0x80,0x1F,0xE0,0x3F,0xC0,0x3F,0xC0,0x1F,0xC0,0x3F,0x80,0x1F,0xE0,
    0x7F,0x80,0x0F,0xF0,0x00,0x00,0x00,0x00,0x00,0x00,0x00,0x00,0x00,0x00,0x00,0x00,
    0x00,0x00,0x00,0x00,0x00,0x00,0x00,0x00,0x00,0x00,0x00,0x00,0x00,0x00,0x00,0x00,
    0x00,0x00,0x00,0x00,0x00,0x00,0x00,0x00,0x00,0x00,0x00,0x00,0x00,0x00,0x00,0x00,
    0x00,0x00,0x00,0x00,0x00,0x00,0x00,0x00,0x00,0x00,0x00,0x00,0x00,0x00,0x00,0x00,
    0x00,0x00,0x00,0x00,0x00,0x00,0x00,0x00,0xFF,0x00,0x1F,0xE0,0xFF,0x00,0x3F,0xC0,
    0x7F,0x80,0x3F,0xC0,0x3F,0xC0,0x7F,0x80,0x3F,0xC0,0xFF,0x00,0x1F,0xE0,0xFF,0x00,
    0x0F,0xF1,0xFE,0x00,0x0F,0xF1,0xFC,0x00,0x07,0xFB,0xFC,0x00,0x03,0xFF,0xF8,0x00,
    0x03,0xFF,0xF0,0x00,0x01,0xFF,0xF0,0x00,0x00,0xFF,0xE0,0x00,0x00,0xFF,0xC0,0x00,
    0x00,0x7F,0xC0,0x00,0x00,0x3F,0x80,0x00,0x00,0x3F,0x80,0x00,0x00,0x3F,0x80,0x00,
    0x00,0x3F,0x80,0x00,0x00,0x3F,0x80,0x00,0x00,0x3F,0x80,0x00,0x00,0x3F,0x80,0x00,
    0x00,0x3F,0x80,0x00,0x00,0x3F,0x80,0x00,0x00,0x3F,0x80,0x00,0x00,0x3F,0x80,0x00,
    0x00,0x3F,0x80,0x00,0x00,0x00,0x00,0x00,0x00,0x00,0x00,0x00,0x00,0x00,0x00,0x00,
    0x00,0x00,0x00,0x00,0x00,0x00,0x00,0x00,0x00,0x00,0x00,0x00,0x00,0x00,0x00,0x00,
    0x00,0x00,0x00,0x00,0x00,0x00,0x00,0x00,0x00,0x00,0x00,0x00,0x00,0x00,0x00,0x00,
    0x00,0x00,0x00,0x00,0x00,0x00,0x00,0x00,0x00,0x00,0x00,0x00,0x00,0x00,0x00,0x00,
    0x00,0x00,0x00,0x00,0x00,0x00,0x00,0x00,0x3F,0xFF,0xFF,0x80,0x3F,0xFF,0xFF,0x80,
    0x3F,0xFF,0xFF,0x80,0x3F,0xFF,0xFF,0x80,0x3F,0xFF,0xFF,0x80,0x00,0x00,0xFF,0x00,
    0x00,0x01,0xFE,0x00,0x00,0x03,0xFC,0x00,0x00,0x07,0xF8,0x00,0x00,0x0F,0xF8,0x00,
    0x00,0x1F,0xF0,0x00,0x00,0x1F,0xE0,0x00,0x00,0x3F,0xC0,0x00,0x00,0x7F,0x80,0x00,
    0x00,0xFF,0x80,0x00,0x01,0xFF,0x00,0x00,0x01,0xFE,0x00,0x00,0x03,0xFC,0x00,0x00,
    0x07,0xF8,0x00,0x00,0x0F,0xF8,0x00,0x00,0x1F,0xF0,0x00,0x00,0x3F,0xE0,0x00,0x00,
    0x3F,0xFF,0xFF,0x80,0x7F,0xFF,0xFF,0x80,0x7F,0xFF,0xFF,0x80,0x7F,0xFF,0xFF,0x80,
    0x7F,0xFF,0xFF,0x80,0x00,0x00,0x00,0x00,0x00,0x00,0x00,0x00,0x00,0x00,0x00,0x00,
    0x00,0x00,0x00,0x00,0x00,0x00,0x00,0x00,0x00,0x00,0x00,0x00,0x00,0x00,0x00,0x00,
    0x00,0x00,0x00,0x00,0x00,0x00,0x00,0x00,0x00,0x00,0x00,0x00,0x00,0x00,0x00,0x00,
    0x00,0x00,0x00,0x00,0x00,0x00,0x00,0x00,0x00,0x00,0x00,0x00,0x00,0x1F,0xFE,0x00,
    0x1F,0xFE,0x00,0x1F,0xFE,0x00,0x1F,0xFE,0x00,0x1F,0xC0,0x00,0x1F,0xC0,0x00,0x1F,
    0xC0,0x00,0x1F,0xC0,0x00,0x1F,0xC0,0x00,0x1F,0xC0,0x00,0x1F,0xC0,0x00,0x1F,0xC0,
    0x00,0x1F,0xC0,0x00,0x1F,0xC0,0x00,0x1F,0xC0,0x00,0x1F,0xC0,0x00,0x1F,0xC0,0x00,
    0x1F,0xC0,0x00,0x1F,0xC0,0x00,0x1F,0xC0,0x00,0x1F,0xC0,0x00,0x1F,0xC0,0x00,0x1F,
    0xC0,0x00,0x1F,0xC0,0x00,0x1F,0xC0,0x00,0x1F,0xC0,0x00,0x1F,0xC0,0x00,0x1F,0xC0,
    0x00,0x1F,0xC0,0x00,0x1F,0xFE,0x00,0x1F,0xFE,0x00,0x1F,0xFE,0x00,0x1F,0xFE,0x00,
    0x00,0x00,0x00,0x00,0x00,0x00,0x00,0x00,0x00,0x00,0x00,0x00,0x00,0x00,0x00,0x00,
    0x00,0x00,0x00,0x00,0x00,0x00,0x00,0x00,0x00,0x00,0x00,0x00,0xF0,0x00,0xF8,0x00,
    0x78,0x00,0x78,0x00,0x7C,0x00,0x3C,0x00,0x3C,0x00,0x3E,0x00,0x1E,0x00,0x1E,0x00,
    0x1F,0x00,0x1F,0x00,0x0F,0x00,0x0F,0x00,0x0F,0x80,0x07,0x80,0x07,0x80,0x07,0xC0,
    0x03,0xC0,0x03,0xC0,0x03,0xE0,0x01,0xE0,0x01,0xE0,0x01,0xF0,0x00,0xF0,0x00,0xF0,
    0x00,0xF8,0x00,0x78,0x00,0x78,0x00,0x7C,0x00,0x00,0x00,0x00,0x00,0x00,0x00,0x00,
    0x00,0x00,0x00,0x00,0x00,0x00,0x00,0x00,0x00,0x00,0x00,0x00,0x00,0x00,0x00,0x00,
    0x00,0x00,0x00,0x00,0x00,0x00,0x00,0x00,0x00,0x3F,0xFC,0x00,0x3F,0xFC,0x00,0x3F,
    0xFC,0x00,0x3F,0xFC,0x00,0x01,0xFC,0x00,0x01,0xFC,0x00,0x01,0xFC,0x00,0x01,0xFC,
    0x00,0x01,0xFC,0x00,0x01,0xFC,0x00,0x01,0xFC,0x00,0x01,0xFC,0x00,0x01,0xFC,0x00,
    0x01,0xFC,0x00,0x01,0xFC,0x00,0x01,0xFC,0x00,0x01,0xFC,0x00,0x01,0xFC,0x00,0x01,
    0xFC,0x00,0x01,0xFC,0x00,0x01,0xFC,0x00,0x01,0xFC,0x00,0x01,0xFC,0x00,0x01,0xFC,
    0x00,0x01,0xFC,0x00,0x01,0xFC,0x00,0x01,0xFC,0x00,0x01,0xFC,0x00,0x01,0xFC,0x00,
    0x3F,0xFC,0x00,0x3F,0xFC,0x00,0x3F,0xFC,0x00,0x3F,0xFC,0x00,0x00,0x00,0x00,0x00,
    0x00,0x00,0x00,0x00,0x00,0x00,0x00,0x00,0x00,0x00,0x00,0x00,0x00,0x00,0x00,0x00,
    0x00,0x00,0x00,0x00,0x00,0x00,0x00,0x00,0x00,0x00,0x00,0x00,0x00,0x00,0x00,0x00,
    0x00,0x00,0x00,0x00,0x00,0x00,0x00,0x00,0x00,0x07,0xC0,0x00,0x00,0x0F,0xE0,0x00,
    0x00,0x1F,0xF0,0x00,0x00,0x3F,0xF8,0x00,0x00,0x7F,0xFC,0x00,0x00,0xFE,0xFE,0x00,
    0x01,0xF8,0x3F,0x00,0x03,0xF0,0x1F,0x80,0x07,0xC0,0x07,0xC0,0x0F,0x80,0x03,0xE0,
    0x00,0x00,0x00,0x00,0x00,0x00,0x00,0x00,0x00,0x00,0x00,0x00,0x00,0x00,0x00,0x00,
    0x00,0x00,0x00,0x00,0x00,0x00,0x00,0x00,0x00,0x00,0x00,0x00,0x00,0x00,0x00,0x00,
    0x00,0x00,0x00,0x00,0x00,0x00,0x00,0x00,0x00,0x00,0x00,0x00,0x00,0x00,0x00,0x00,
    0x00,0x00,0x00,0x00,0x00,0x00,0x00,0x00,0x00,0x00,0x00,0x00,0x00,0x00,0x00,0x00,
    0x00,0x00,0x00,0x00,0x00,0x00,0x00,0x00,0x00,0x00,0x00,0x00,0x00,0x00,0x00,0x00,
    0x00,0x00,0x00,0x00,0x00,0x00,0x00,0x00,0x00,0x00,0x00,0x00,0x00,0x00,0x00,0x00,
    0x00,0x00,0x00,0x00,0x00,0x00,0x00,0x00,0x00,0x00,0x00,0x00,0x00,0x00,0x00,0x00,
    0x00,0x00,0x00,0x00,0x00,0x00,0x00,0x00,0x00,0x00,0x00,0x00,0x00,0x00,0x00,0x00,
    0x00,0x00,0x00,0x00,0x00,0x00,0x00,0x00,0x00,0x00,0x00,0x00,0x00,0x00,0x00,0x00,
    0x00,0x00,0x00,0x00,0x00,0x00,0x00,0x00,0x00,0x00,0x00,0x00,0x00,0x00,0x00,0x00,
    0x00,0x00,0x00,0x00,0x00,0x00,0x00,0x00,0x00,0x00,0x00,0x00,0x00,0x00,0x00,0x00,
    0x00,0x00,0x00,0x00,0x00,0x00,0x00,0x00,0x00,0x00,0x00,0x00,0x00,0x00,0x00,0x00,
    0x00,0x00,0x00,0x00,0x00,0x00,0x00,0x00,0x00,0x00,0x00,0x00,0x00,0x00,0x00,0x00,
    0x00,0x00,0x00,0x00,0x00,0x00,0x00,0x00,0x00,0x00,0x00,0x00,0x00,0x00,0x00,0x00,
    0x00,0x00,0x00,0xFF,0xFF,0xC0,0xFF,0xFF,0xC0,0xFF,0xFF,0xC0,0x00,0x00,0x00,0x00,
    0x00,0x00,0x00,0x00,0x00,0x00,0x00,0x00,0x00,0x00,0x00,0x3E,0x00,0x00,0x1F,0x00,
    0x00,0x0F,0x80,0x00,0x07,0xC0,0x00,0x03,0xC0,0x00,0x01,0xE0,0x00,0x00,0xF0,0x00,
    0x00,0x00,0x00,0x00,0x00,0x00,0x00,0x00,0x00,0x00,0x00,0x00,0x00,0x00,0x00,0x00,
    0x00,0x00,0x00,0x00,0x00,0x00,0x00,0x00,0x00,0x00,0x00,0x00,0x00,0x00,0x00,0x00,
    0x00,0x00,0x00,0x00,0x00,0x00,0x00,0x00,0x00,0x00,0x00,0x00,0x00,0x00,0x00,0x00,
    0x00,0x00,0x00,0x00,0x00,0x00,0x00,0x00,0x00,0x00,0x00,0x00,0x00,0x00,0x00,0x00,
    0x00,0x00,0x00,0x00,0x00,0x00,0x00,0x00,0x00,0x00,0x00,0x00,0x00,0x00,0x00,0x00,
    0x00,0x00,0x00,0x00,0x00,0x00,0x00,0x00,0x00,0x00,0x00,0x00,0x00,0x00,0x00,0x00,
    0x00,0x00,0x00,0x00,0x00,0x00,0x00,0x00,0x00,0x00,0x00,0x00,0x00,0x00,0x00,0x00,
    0x00,0x00,0x00,0x00,0x00,0x00,0x00,0x00,0x00,0x00,0x00,0x00,0x00,0x00,0x00,0x00,
    0x00,0x00,0x00,0x00,0x00,0x00,0x00,0x00,0x00,0x00,0x00,0x00,0x00,0x00,0x00,0x00,
    0x00,0x00,0x00,0x00,0x00,0x00,0x00,0x00,0x00,0x00,0x00,0x00,0x07,0xFF,0x80,0x00,
    0x1F,0xFF,0xE0,0x00,0x1F,0xFF,0xF0,0x00,0x1F,0xFF,0xF8,0x00,0x1F,0x07,0xFC,0x00,
    0x18,0x01,0xFC,0x00,0x00,0x01,0xFC,0x00,0x03,0xFF,0xFC,0x00,0x0F,0xFF,0xFC,0x00,
    0x1F,0xFF,0xFC,0x00,0x3F,0xFF,0xFC,0x00,0x3F,0xC1,0xFC,0x00,0x3F,0x81,0xFC,0x00,
    0x7F,0x01,0xFC,0x00,0x7F,0x83,0xFC,0x00,0x3F,0xC7,0xFC,0x00,0x3F,0xFF,0xFC,0x00,
    0x1F,0xFF,0xFC,0x00,0x0F,0xFD,0xFC,0x00,0x07,0xF1,0xFC,0x00,0x00,0x00,0x00,0x00,
    0x00,0x00,0x00,0x00,0x00,0x00,0x00,0x00,0x00,0x00,0x00,0x00,0x00,0x00,0x00,0x00,
    0x00,0x00,0x00,0x00,0x00,0x00,0x00,0x00,0x00,0x00,0x00,0x00,0x00,0x00,0x00,0x00,
    0x00,0x00,0x00,0x00,0x00,0x00,0x00,0x00,0x00,0x00,0x00,0x00,0x00,0x00,0x00,0x00,
    0x00,0x00,0x00,0x00,0x00,0x00,0x00,0x00,0x00,0x00,0x00,0x00,0x1F,0xC0,0x00,0x00,
    0x1F,0xC0,0x00,0x00,0x1F,0xC0,0x00,0x00,0x1F,0xC0,0x00,0x00,0x1F,0xC0,0x00,0x00,
    0x1F,0xC0,0x00,0x00,0x1F,0xC0,0x00,0x00,0x1F,0xC0,0x00,0x00,0x1F,0xC7,0xF0,0x00,
    0x1F,0xDF,0xF8,0x00,0x1F,0xFF,0xFC,0x00,0x1F,0xFF,0xFE,0x00,0x1F,0xFF,0xFF,0x00,
    0x1F,0xF0,0xFF,0x00,0x1F,0xE0,0x7F,0x80,0x1F,0xC0,0x3F,0x80,0x1F,0xC0,0x3F,0x80,
    0x1F,0xC0,0x3F,0x80,0x1F,0xC0,0x3F,0x80,0x1F,0xC0,0x3F,0x80,0x1F,0xC0,0x3F,0x80,
    0x1F,0xE0,0x7F,0x80,0x1F,0xF0,0xFF,0x00,0x1F,0xFF,0xFF,0x00,0x1F,0xFF,0xFE,0x00,
    0x1F,0xFF,0xFC,0x00,0x1F,0xDF,0xF8,0x00,0x1F,0xC7,0xF0,0x00,0x00,0x00,0x00,0x00,
    0x00,0x00,0x00,0x00,0x00,0x00,0x00,0x00,0x00,0x00,0x00,0x00,0x00,0x00,0x00,0x00,
    0x00,0x00,0x00,0x00,0x00,0x00,0x00,0x00,0x00,0x00,0x00,0x00,0x00,0x00,0x00,0x00,
    0x00,0x00,0x00,0x00,0x00,0x00,0x00,0x00,0x00,0x00,0x00,0x00,0x00,0x00,0x00,0x00,
    0x00,0x00,0x00,0x00,0x00,0x00,0x00,0x00,0x00,0x00,0x00,0x00,0x00,0x00,0x00,0x00,
    0x00,0x00,0x00,0x00,0x00,0x00,0x00,0x00,0x00,0x00,0x00,0x00,0x00,0x00,0xFF,0x80,
    0x03,0xFF,0xE0,0x07,0xFF,0xF0,0x0F,0xFF,0xF0,0x1F,0xFF,0xF0,0x3F,0xF0,0xF0,0x3F,
    0xC0,0x30,0x3F,0x80,0x00,0x3F,0x80,0x00,0x7F,0x80,0x00,0x7F,0x80,0x00,0x3F,0x80,
    0x00,0x3F,0x80,0x00,0x3F,0xC0,0x30,0x3F,0xF0,0xF0,0x1F,0xFF,0xF0,0x0F,0xFF,0xF0,
    0x07,0xFF,0xF0,0x03,0xFF,0xE0,0x00,0xFF,0x80,0x00,0x00,0x00,0x00,0x00,0x00,0x00,
    0x00,0x00,0x00,0x00,0x00,0x00,0x00,0x00,0x00,0x00,0x00,0x00,0x00,0x00,0x00,0x00,
    0x00,0x00,0x00,0x00,0x00,0x00,0x00,0x00,0x00,0x00,0x00,0x00,0x00,0x00,0x00,0x00,
    0x00,0x00,0x00,0x00,0x00,0x00,0x00,0x00,0x00,0x00,0x00,0x00,0x00,0x00,0x00,0x00,
    0x00,0x00,0x7F,0x00,0x00,0x00,0x7F,0x00,0x00,0x00,0x7F,0x00,0x00,0x00,0x7F,0x00,
    0x00,0x00,0x7F,0x00,0x00,0x00,0x7F,0x00,0x00,0x00,0x7F,0x00,0x00,0x00,0x7F,0x00,
    0x01,0xFC,0x7F,0x00,0x07,0xFE,0x7F,0x00,0x0F,0xFF,0xFF,0x00,0x1F,0xFF,0xFF,0x00,
    0x1F,0xFF,0xFF,0x00,0x3F,0xE3,0xFF,0x00,0x3F,0xC0,0xFF,0x00,0x3F,0x80,0xFF,0x00,
    0x3F,0x80,0x7F,0x00,0x3F,0x80,0x7F,0x00,0x3F,0x80,0x7F,0x00,0x3F,0x80,0x7F,0x00,
    0x3F,0x80,0xFF,0x00,0x3F,0xC0,0xFF,0x00,0x3F,0xE3,0xFF,0x00,0x1F,0xFF,0xFF,0x00,
    0x1F,0xFF,0xFF,0x00,0x0F,0xFF,0xFF,0x00,0x07,0xFE,0x7F,0x00,0x01,0xFC,0x7F,0x00,
    0x00,0x00,0x00,0x00,0x00,0x00,0x00,0x00,0x00,0x00,0x00,0x00,0x00,0x00,0x00,0x00,
    0x00,0x00,0x00,0x00,0x00,0x00,0x00,0x00,0x00,0x00,0x00,0x00,0x00,0x00,0x00,0x00,
    0x00,0x00,0x00,0x00,0x00,0x00,0x00,0x00,0x00,0x00,0x00,0x00,0x00,0x00,0x00,0x00,
    0x00,0x00,0x00,0x00,0x00,0x00,0x00,0x00,0x00,0x00,0x00,0x00,0x00,0x00,0x00,0x00,
    0x00,0x00,0x00,0x00,0x00,0x00,0x00,0x00,0x00,0x00,0x00,0x00,0x00,0x00,0x00,0x00,
    0x00,0x00,0x00,0x00,0x00,0x00,0x00,0x00,0x00,0x00,0x00,0x00,0x00,0x00,0x00,0x00,
    0x00,0xFF,0x80,0x00,0x03,0xFF,0xE0,0x00,0x07,0xFF,0xF0,0x00,0x0F,0xFF,0xF8,0x00,
    0x1F,0xE3,0xFC,0x00,0x3F,0xC0,0xFE,0x00,0x3F,0x80,0xFE,0x00,0x3F,0x80,0xFE,0x00,
    0x3F,0xFF,0xFE,0x00,0x7F,0xFF,0xFE,0x00,0x7F,0xFF,0xFE,0x00,0x3F,0xFF,0xFF,0x00,
    0x3F,0x00,0x00,0x00,0x3F,0x80,0x00,0x00,0x3F,0xC0,0x06,0x00,0x1F,0xE0,0x7E,0x00,
    0x0F,0xFF,0xFE,0x00,0x07,0xFF,0xFE,0x00,0x03,0xFF,0xFE,0x00,0x00,0xFF,0xF0,0x00,
    0x00,0x00,0x00,0x00,0x00,0x00,0x00,0x00,0x00,0x00,0x00,0x00,0x00,0x00,0x00,0x00,
    0x00,0x00,0x00,0x00,0x00,0x00,0x00,0x00,0x00,0x00,0x00,0x00,0x00,0x00,0x00,0x00,
    0x00,0x00,0x00,0x00,0x00,0x00,0x00,0x00,0x00,0x00,0x00,0x00,0x00,0x00,0x00,0x00,
    0x00,0x00,0x01,0xFF,0x03,0xFF,0x07,0xFF,0x0F,0xFF,0x0F,0xE0,0x0F,0xE0,0x0F,0xE0,
    0x0F,0xE0,0x7F,0xFF,0x7F,0xFF,0x7F,0xFF,0x7F,0xFF,0x7F,0xFF,0x0F,0xE0,0x0F,0xE0,
    0x0F,0xE0,0x0F,0xE0,0x0F,0xE0,0x0F,0xE0,0x0F,0xE0,0x0F,0xE0,0x0F,0xE0,0x0F,0xE0,
    0x0F,0xE0,0x0F,0xE0,0x0F,0xE0,0x0F,0xE0,0x0F,0xE0,0x00,0x00,0x00,0x00,0x00,0x00,
    0x00,0x00,0x00,0x00,0x00,0x00,0x00,0x00,0x00,0x00,0x00,0x00,0x00,0x00,0x00,0x00,
    0x00,0x00,0x00,0x00,0x00,0x00,0x00,0x00,0x00,0x00,0x00,0x00,0x00,0x00,0x00,0x00,
    0x00,0x00,0x00,0x00,0x00,0x00,0x00,0x00,0x00,0x00,0x00,0x00,0x00,0x00,0x00,0x00,
    0x00,0x00,0x00,0x00,0x00,0x00,0x00,0x00,0x00,0x00,0x00,0x00,0x00,0x00,0x00,0x00,
    0x00,0x00,0x00,0x00,0x00,0x00,0x00,0x00,0x01,0xFC,0x7F,0x00,0x07,0xFE,0x7F,0x00,
    0x0F,0xFF,0xFF,0x00,0x1F,0xFF,0xFF,0x00,0x1F,0xFF,0xFF,0x00,0x3F,0xE3,0xFF,0x00,
    0x3F,0xC0,0xFF,0x00,0x3F,0x80,0xFF,0x00,0x3F,0x80,0x7F,0x00,0x3F,0x80,0x7F,0x00,
    0x3F,0x80,0x7F,0x00,0x3F,0x80,0x7F,0x00,0x3F,0x80,0xFF,0x00,0x3F,0x80,0xFF,0x00,
    0x3F,0xE3,0xFF,0x00,0x1F,0xFF,0xFF,0x00,0x1F,0xFF,0xFF,0x00,0x0F,0xFF,0xFF,0x00,
    0x07,0xFE,0x7F,0x00,0x01,0xFC,0x7E,0x00,0x00,0x00,0xFE,0x00,0x00,0x00,0xFE,0x00,
    0x08,0x01,0xFE,0x00,0x0F,0x07,0xFC,0x00,0x0F,0xFF,0xF8,0x00,0x0F,0xFF,0xF0,0x00,
    0x0F,0xFF,0xE0,0x00,0x03,0xFF,0x80,0x00,0x00,0x00,0x00,0x00,0x00,0x00,0x00,0x00,
    0x00,0x00,0x00,0x00,0x00,0x00,0x00,0x00,0x00,0x00,0x00,0x00,0x00,0x00,0x00,0x00,
    0x00,0x00,0x00,0x00,0x00,0x00,0x00,0x00,0x1F,0xC0,0x00,0x00,0x1F,0xC0,0x00,0x00,
    0x1F,0xC0,0x00,0x00,0x1F,0xC0,0x00,0x00,0x1F,0xC0,0x00,0x00,0x1F,0xC0,0x00,0x00,
    0x1F,0xC0,0x00,0x00,0x1F,0xC0,0x00,0x00,0x1F,0xC7,0xF0,0x00,0x1F,0xDF,0xF8,0x00,
    0x1F,0xFF,0xFC,0x00,0x1F,0xFF,0xFE,0x00,0x1F,0xFF,0xFE,0x00,0x1F,0xF1,0xFE,0x00,
    0x1F,0xE0,0xFF,0x00,0x1F,0xC0,0x7F,0x00,0x1F,0xC0,0x7F,0x00,0x1F,0xC0,0x7F,0x00,
    0x1F,0xC0,0x7F,0x00,0x1F,0xC0,0x7F,0x00,0x1F,0xC0,0x7F,0x00,0x1F,0xC0,0x7F,0x00,
    0x1F,0xC0,0x7F,0x00,0x1F,0xC0,0x7F,0x00,0x1F,0xC0,0x7F,0x00,0x1F,0xC0,0x7F,0x00,
    0x1F,0xC0,0x7F,0x00,0x1F,0xC0,0x7F,0x00,0x00,0x00,0x00,0x00,0x00,0x00,0x00,0x00,
    0x00,0x00,0x00,0x00,0x00,0x00,0x00,0x00,0x00,0x00,0x00,0x00,0x00,0x00,0x00,0x00,
    0x00,0x00,0x00,0x00,0x00,0x00,0x00,0x00,0x00,0x00,0x00,0x00,0x00,0x00,0x00,0x00,
    0x00,0x00,0x00,0x00,0x00,0x00,0x00,0x00,0x00,0x00,0x1F,0xC0,0x1F,0xC0,0x1F,0xC0,
    0x1F,0xC0,0x1F,0xC0,0x1F,0xC0,0x00,0x00,0x00,0x00,0x1F,0xC0,0x1F,0xC0,0x1F,0xC0,
    0x1F,0xC0,0x1F,0xC0,0x1F,0xC0,0x1F,0xC0,0x1F,0xC0,0x1F,0xC0,0x1F,0xC0,0x1F,0xC0,
    0x1F,0xC0,0x1F,0xC0,0x1F,0xC0,0x1F,0xC0,0x1F,0xC0,0x1F,0xC0,0x1F,0xC0,0x1F,0xC0,
    0x1F,0xC0,0x00,0x00,0x00,0x00,0x00,0x00,0x00,0x00,0x00,0x00,0x00,0x00,0x00,0x00,
    0x00,0x00,0x00,0x00,0x00,0x00,0x00,0x00,0x00,0x00,0x00,0x00,0x00,0x00,0x00,0x00,
    0x00,0x00,0x1F,0xC0,0x1F,0xC0,0x1F,0xC0,0x1F,0xC0,0x1F,0xC0,0x1F,0xC0,0x00,0x00,
    0x00,0x00,0x1F,0xC0,0x1F,0xC0,0x1F,0xC0,0x1F,0xC0,0x1F,0xC0,0x1F,0xC0,0x1F,0xC0,
    0x1F,0xC0,0x1F,0xC0,0x1F,0xC0,0x1F,0xC0,0x1F,0xC0,0x1F,0xC0,0x1F,0xC0,0x1F,0xC0,
    0x1F,0xC0,0x1F,0xC0,0x1F,0xC0,0x1F,0xC0,0x1F,0xC0,0x1F,0xC0,0x1F,0xC0,0x1F,0x80,
    0x3F,0x80,0xFF,0x80,0xFF,0x00,0xFE,0x00,0xFC,0x00,0x00,0x00,0x00,0x00,0x00,0x00,
    0x00,0x00,0x00,0x00,0x00,0x00,0x00,0x00,0x00,0x00,0x00,0x00,0x00,0x00,0x00,0x00,
    0x00,0x00,0x00,0x00,0x00,0x00,0x00,0x00,0x1F,0xC0,0x00,0x00,0x1F,0xC0,0x00,0x00,
    0x1F,0xC0,0x00,0x00,0x1F,0xC0,0x00,0x00,0x1F,0xC0,0x00,0x00,0x1F,0xC0,0x00,0x00,
    0x1F,0xC0,0x00,0x00,0x1F,0xC0,0x00,0x00,0x1F,0xC0,0xFF,0x00,0x1F,0xC1,0xFE,0x00,
    0x1F,0xC3,0xFC,0x00,0x1F,0xC7,0xF8,0x00,0x1F,0xCF,0xF0,0x00,0x1F,0xDF,0xE0,0x00,
    0x1F,0xFF,0xC0,0x00,0x1F,0xFF,0x80,0x00,0x1F,0xFF,0x00,0x00,0x1F,0xFE,0x00,0x00,
    0x1F,0xFF,0x00,0x00,0x1F,0xFF,0x80,0x00,0x1F,0xFF,0xC0,0x00,0x1F,0xDF,0xE0,0x00,
    0x1F,0xCF,0xF0,0x00,0x1F,0xC7,0xF8,0x00,0x1F,0xC3,0xFC,0x00,0x1F,0xC1,0xFE,0x00,
    0x1F,0xC0,0xFF,0x00,0x1F,0xC0,0x7F,0x80,0x00,0x00,0x00,0x00,0x00,0x00,0x00,0x00,
    0x00,0x00,0x00,0x00,0x00,0x00,0x00,0x00,0x00,0x00,0x00,0x00,0x00,0x00,0x00,0x00,
    0x00,0x00,0x00,0x00,0x00,0x00,0x00,0x00,0x00,0x00,0x00,0x00,0x00,0x00,0x00,0x00,
    0x00,0x00,0x00,0x00,0x00,0x00,0x00,0x00,0x00,0x00,0x1F,0xC0,0x1F,0xC0,0x1F,0xC0,
    0x1F,0xC0,0x1F,0xC0,0x1F,0xC0,0x1F,0xC0,0x1F,0xC0,0x1F,0xC0,0x1F,0xC0,0x1F,0xC0,
    0x1F,0xC0,0x1F,0xC0,0x1F,0xC0,0x1F,0xC0,0x1F,0xC0,0x1F,0xC0,0x1F,0xC0,0x1F,0xC0,
    0x1F,0xC0,0x1F,0xC0,0x1F,0xC0,0x1F,0xC0,0x1F,0xC0,0x1F,0xC0,0x1F,0xC0,0x1F,0xC0,
    0x1F,0xC0,0x00,0x00,0x00,0x00,0x00,0x00,0x00,0x00,0x00,0x00,0x00,0x00,0x00,0x00,
    0x00,0x00,0x00,0x00,0x00,0x00,0x00,0x00,0x00,0x00,0x00,0x00,0x00,0x00,0x00,0x00,
    0x00,0x00,0x00,0x00,0x00,0x00,0x00,0x00,0x00,0x00,0x00,0x00,0x00,0x00,0x00,0x00,
    0x00,0x00,0x00,0x00,0x00,0x00,0x00,0x00,0x00,0x00,0x00,0x00,0x00,0x00,0x00,0x00,
    0x00,0x00,0x00,0x00,0x00,0x00,0x00,0x00,0x00,0x00,0x00,0x00,0x00,0x00,0x00,0x00,
    0x00,0x00,0x00,0x00,0x00,0x00,0x00,0x00,0x00,0x00,0x00,0x00,0x00,0x00,0x00,0x1F,
    0xC7,0xE0,0x7F,0x00,0x1F,0xDF,0xF0,0xFF,0x80,0x1F,0xFF,0xF9,0xFF,0xC0,0x1F,0xFF,
    0xFF,0xFF,0xE0,0x1F,0xFF,0xFF,0xFF,0xE0,0x1F,0xF1,0xFF,0x8F,0xF0,0x1F,0xE0,0xFF,
    0x07,0xF0,0x1F,0xC0,0xFE,0x07,0xF0,0x1F,0xC0,0xFE,0x07,0xF0,0x1F,0xC0,0xFE,0x07,
    0xF0,0x1F,0xC0,0xFE,0x07,0xF0,0x1F,0xC0,0xFE,0x07,0xF0,0x1F,0xC0,0xFE,0x07,0xF0,
    0x1F,0xC0,0xFE,0x07,0xF0,0x1F,0xC0,0xFE,0x07,0xF0,0x1F,0xC0,0xFE,0x07,0xF0,0x1F,
    0xC0,0xFE,0x07,0xF0,0x1F,0xC0,0xFE,0x07,0xF0,0x1F,0xC0,0xFE,0x07,0xF0,0x1F,0xC0,
    0xFE,0x07,0xF0,0x00,0x00,0x00,0x00,0x00,0x00,0x00,0x00,0x00,0x00,0x00,0x00,0x00,
    0x00,0x00,0x00,0x00,0x00,0x00,0x00,0x00,0x00,0x00,0x00,0x00,0x00,0x00,0x00,0x00,
    0x00,0x00,0x00,0x00,0x00,0x00,0x00,0x00,0x00,0x00,0x00,0x00,0x00,0x00,0x00,0x00,
    0x00,0x00,0x00,0x00,0x00,0x00,0x00,0x00,0x00,0x00,0x00,0x00,0x00,0x00,0x00,0x00,
    0x00,0x00,0x00,0x00,0x00,0x00,0x00,0x00,0x00,0x00,0x00,0x00,0x00,0x00,0x00,0x00,
    0x00,0x00,0x00,0x00,0x00,0x00,0x00,0x00,0x00,0x00,0x00,0x00,0x00,0x00,0x00,0x00,
    0x00,0x00,0x00,0x00,0x00,0x00,0x00,0x00,0x00,0x00,0x00,0x00,0x1F,0xC7,0xF0,0x00,
    0x1F,0xDF,0xF8,0x00,0x1F,0xFF,0xFC,0x00,0x1F,0xFF,0xFE,0x00,0x1F,0xFF,0xFE,0x00,
    0x1F,0xF1,0xFE,0x00,0x1F,0xE0,0xFF,0x00,0x1F,0xC0,0x7F,0x00,0x1F,0xC0,0x7F,0x00,
    0x1F,0xC0,0x7F,0x00,0x1F,0xC0,0x7F,0x00,0x1F,0xC0,0x7F,0x00,0x1F,0xC0,0x7F,0x00,
    0x1F,0xC0,0x7F,0x00,0x1F,0xC0,0x7F,0x00,0x1F,0xC0,0x7F,0x00,0x1F,0xC0,0x7F,0x00,
    0x1F,0xC0,0x7F,0x00,0x1F,0xC0,0x7F,0x00,0x1F,0xC0,0x7F,0x00,0x00,0x00,0x00,0x00,
    0x00,0x00,0x00,0x00,0x00,0x00,0x00,0x00,0x00,0x00,0x00,0x00,0x00,0x00,0x00,0x00,
    0x00,0x00,0x00,0x00,0x00,0x00,0x00,0x00,0x00,0x00,0x00,0x00,0x00,0x00,0x00,0x00,
    0x00,0x00,0x00,0x00,0x00,0x00,0x00,0x00,0x00,0x00,0x00,0x00,0x00,0x00,0x00,0x00,
    0x00,0x00,0x00,0x00,0x00,0x00,0x00,0x00,0x00,0x00,0x00,0x00,0x00,0x00,0x00,0x00,
    0x00,0x00,0x00,0x00,0x00,0x00,0x00,0x00,0x00,0x00,0x00,0x00,0x00,0x00,0x00,0x00,
    0x00,0x00,0x00,0x00,0x00,0x00,0x00,0x00,0x00,0x00,0x00,0x00,0x00,0xFF,0x80,0x00,
    0x03,0xFF,0xF0,0x00,0x07,0xFF,0xF8,0x00,0x0F,0xFF,0xFC,0x00,0x1F,0xFF,0xFE,0x00,
    0x3F,0xE3,0xFE,0x00,0x3F,0xC0,0xFE,0x00,0x3F,0x80,0xFF,0x00,0x3F,0x80,0x7F,0x00,
    0x7F,0x80,0x7F,0x00,0x7F,0x80,0x7F,0x00,0x3F,0x80,0x7F,0x00,0x3F,0x80,0xFF,0x00,
    0x3F,0xC0,0xFE,0x00,0x3F,0xE1,0xFE,0x00,0x1F,0xFF,0xFE,0x00,0x0F,0xFF,0xFC,0x00,
    0x07,0xFF,0xF8,0x00,0x03,0xFF,0xF0,0x00,0x00,0xFF,0x80,0x00,0x00,0x00,0x00,0x00,
    0x00,0x00,0x00,0x00,0x00,0x00,0x00,0x00,0x00,0x00,0x00,0x00,0x00,0x00,0x00,0x00,
    0x00,0x00,0x00,0x00,0x00,0x00,0x00,0x00,0x00,0x00,0x00,0x00,0x00,0x00,0x00,0x00,
    0x00,0x00,0x00,0x00,0x00,0x00,0x00,0x00,0x00,0x00,0x00,0x00,0x00,0x00,0x00,0x00,
    0x00,0x00,0x00,0x00,0x00,0x00,0x00,0x00,0x00,0x00,0x00,0x00,0x00,0x00,0x00,0x00,
    0x00,0x00,0x00,0x00,0x00,0x00,0x00,0x00,0x00,0x00,0x00,0x00,0x00,0x00,0x00,0x00,
    0x00,0x00,0x00,0x00,0x00,0x00,0x00,0x00,0x00,0x00,0x00,0x00,0x1F,0xC7,0xF0,0x00,
    0x1F,0xDF,0xF8,0x00,0x1F,0xFF,0xFC,0x00,0x1F,0xFF,0xFE,0x00,0x1F,0xFF,0xFF,0x00,
    0x1F,0xF0,0xFF,0x00,0x1F,0xE0,0x7F,0x80,0x1F,0xC0,0x3F,0x80,0x1F,0xC0,0x3F,0x80,
    0x1F,0xC0,0x3F,0x80,0x1F,0xC0,0x3F,0x80,0x1F,0xC0,0x3F,0x80,0x1F,0xC0,0x3F,0x80,
    0x1F,0xE0,0x7F,0x80,0x1F,0xF0,0xFF,0x00,0x1F,0xFF,0xFF,0x00,0x1F,0xFF,0xFE,0x00,
    0x1F,0xFF,0xFC,0x00,0x1F,0xDF,0xF8,0x00,0x1F,0xC7,0xF0,0x00,0x1F,0xC0,0x00,0x00,
    0x1F,0xC0,0x00,0x00,0x1F,0xC0,0x00,0x00,0x1F,0xC0,0x00,0x00,0x1F,0xC0,0x00,0x00,
    0x1F,0xC0,0x00,0x00,0x1F,0xC0,0x00,0x00,0x1F,0xC0,0x00,0x00,0x00,0x00,0x00,0x00,
    0x00,0x00,0x00,0x00,0x00,0x00,0x00,0x00,0x00,0x00,0x00,0x00,0x00,0x00,0x00,0x00,
    0x00,0x00,0x00,0x00,0x00,0x00,0x00,0x00,0x00,0x00,0x00,0x00,0x00,0x00,0x00,0x00,
    0x00,0x00,0x00,0x00,0x00,0x00,0x00,0x00,0x00,0x00,0x00,0x00,0x00,0x00,0x00,0x00,
    0x00,0x00,0x00,0x00,0x00,0x00,0x00,0x00,0x00,0x00,0x00,0x00,0x01,0xFC,0x7F,0x00,
    0x07,0xFE,0x7F,0x00,0x0F,0xFF,0xFF,0x00,0x1F,0xFF,0xFF,0x00,0x1F,0xFF,0xFF,0x00,
    0x3F,0xE3,0xFF,0x00,0x3F,0xC0,0xFF,0x00,0x3F,0x80,0xFF,0x00,0x3F,0x80,0x7F,0x00,
    0x3F,0x80,0x7F,0x00,0x3F,0x80,0x7F,0x00,0x3F,0x80,0x7F,0x00,0x3F,0x80,0xFF,0x00,
    0x3F,0xC0,0xFF,0x00,0x3F,0xE3,0xFF,0x00,0x1F,0xFF,0xFF,0x00,0x1F,0xFF,0xFF,0x00,
    0x0F,0xFF,0xFF,0x00,0x07,0xFE,0x7F,0x00,0x01,0xFC,0x7F,0x00,0x00,0x00,0x7F,0x00,
    0x00,0x00,0x7F,0x00,0x00,0x00,0x7F,0x00,0x00,0x00,0x7F,0x00,0x00,0x00,0x7F,0x00,
    0x00,0x00,0x7F,0x00,0x00,0x00,0x7F,0x00,0x00,0x00,0x7F,0x00,0x00,0x00,0x00,0x00,
    0x00,0x00,0x00,0x00,0x00,0x00,0x00,0x00,0x00,0x00,0x00,0x00,0x00,0x00,0x00,0x00,
    0x00,0x00,0x00,0x00,0x00,0x00,0x00,0x00,0x00,0x00,0x00,0x00,0x00,0x00,0x00,0x00,
    0x00,0x00,0x00,0x00,0x00,0x00,0x00,0x00,0x00,0x00,0x00,0x00,0x00,0x1F,0xC7,0xC0,
    0x1F,0xDF,0xC0,0x1F,0xFF,0xC0,0x1F,0xFF,0xC0,0x1F,0xFF,0xC0,0x1F,0xF8,0x40,0x1F,
    0xE0,0x00,0x1F,0xE0,0x00,0x1F,0xC0,0x00,0x1F,0xC0,0x00,0x1F,0xC0,0x00,0x1F,0xC0,
    0x00,0x1F,0xC0,0x00,0x1F,0xC0,0x00,0x1F,0xC0,0x00,0x1F,0xC0,0x00,0x1F,0xC0,0x00,
    0x1F,0xC0,0x00,0x1F,0xC0,0x00,0x1F,0xC0,0x00,0x00,0x00,0x00,0x00,0x00,0x00,0x00,
    0x00,0x00,0x00,0x00,0x00,0x00,0x00,0x00,0x00,0x00,0x00,0x00,0x00,0x00,0x00,0x00,
    0x00,0x00,0x00,0x00,0x00,0x00,0x00,0x00,0x00,0x00,0x00,0x00,0x00,0x00,0x00,0x00,
    0x00,0x00,0x00,0x00,0x00,0x00,0x00,0x00,0x00,0x00,0x00,0x00,0x00,0x00,0x00,0x00,
    0x00,0x00,0x00,0x00,0x00,0x00,0x00,0x00,0x00,0x00,0x00,0x00,0x00,0x00,0x00,0x00,
    0x00,0x03,0xFF,0x80,0x0F,0xFF,0xE0,0x1F,0xFF,0xE0,0x3F,0xFF,0xE0,0x3F,0x83,0xE0,
    0x3F,0x00,0x60,0x3F,0x00,0x00,0x3F,0xC0,0x00,0x3F,0xFF,0x00,0x1F,0xFF,0xC0,0x0F,
    0xFF,0xE0,0x03,0xFF,0xF0,0x00,0x0F,0xF0,0x00,0x03,0xF0,0x30,0x03,0xF0,0x3E,0x07,
    0xF0,0x3F,0xFF,0xF0,0x3F,0xFF,0xE0,0x3F,0xFF,0xC0,0x0F,0xFF,0x00,0x00,0x00,0x00,
    0x00,0x00,0x00,0x00,0x00,0x00,0x00,0x00,0x00,0x00,0x00,0x00,0x00,0x00,0x00,0x00,
    0x00,0x00,0x00,0x00,0x00,0x00,0x00,0x00,0x00,0x00,0x00,0x00,0x00,0x00,0x00,0x00,
    0x00,0x00,0x00,0x00,0x00,0x00,0x00,0x00,0x00,0x00,0x00,0x00,0x00,0x00,0x00,0x00,
    0x00,0x00,0x00,0x0F,0xC0,0x00,0x0F,0xC0,0x00,0x0F,0xC0,0x00,0x0F,0xC0,0x00,0x0F,
    0xC0,0x00,0x0F,0xC0,0x00,0xFF,0xFF,0x80,0xFF,0xFF,0x80,0xFF,0xFF,0x80,0xFF,0xFF,
    0x80,0xFF,0xFF,0x80,0x0F,0xC0,0x00,0x0F,0xC0,0x00,0x0F,0xC0,0x00,0x0F,0xC0,0x00,
    0x0F,0xC0,0x00,0x0F,0xC0,0x00,0x0F,0xC0,0x00,0x0F,0xC0,0x00,0x0F,0xC0,0x00,0x0F,
    0xE0,0x00,0x0F,0xFF,0x00,0x0F,0xFF,0x00,0x0F,0xFF,0x00,0x07,0xFF,0x00,0x01,0xFF,
    0x00,0x00,0x00,0x00,0x00,0x00,0x00,0x00,0x00,0x00,0x00,0x00,0x00,0x00,0x00,0x00,
    0x00,0x00,0x00,0x00,0x00,0x00,0x00,0x00,0x00,0x00,0x00,0x00,0x00,0x00,0x00,0x00,
    0x00,0x00,0x00,0x00,0x00,0x00,0x00,0x00,0x00,0x00,0x00,0x00,0x00,0x00,0x00,0x00,
    0x00,0x00,0x00,0x00,0x00,0x00,0x00,0x00,0x00,0x00,0x00,0x00,0x00,0x00,0x00,0x00,
    0x00,0x00,0x00,0x00,0x00,0x00,0x00,0x00,0x00,0x00,0x00,0x00,0x00,0x00,0x00,0x00,
    0x00,0x00,0x00,0x00,0x00,0x00,0x00,0x00,0x1F,0xC0,0x7E,0x00,0x1F,0xC0,0x7E,0x00,
    0x1F,0xC0,0x7E,0x00,0x1F,0xC0,0x7E,0x00,0x1F,0xC0,0x7E,0x00,0x1F,0xC0,0x7E,0x00,
    0x1F,0xC0,0x7E,0x00,0x1F,0xC0,0x7E,0x00,0x1F,0xC0,0x7E,0x00,0x1F,0xC0,0x7E,0x00,
    0x1F,0xC0,0x7E,0x00,0x1F,0xC0,0xFE,0x00,0x1F,0xC0,0xFE,0x00,0x1F,0xC1,0xFE,0x00,
    0x1F,0xE3,0xFE,0x00,0x1F,0xFF,0xFE,0x00,0x0F,0xFF,0xFE,0x00,0x0F,0xFF,0xFE,0x00,
    0x07,0xFE,0x7E,0x00,0x01,0xFC,0x7E,0x00,0x00,0x00,0x00,0x00,0x00,0x00,0x00,0x00,
    0x00,0x00,0x00,0x00,0x00,0x00,0x00,0x00,0x00,0x00,0x00,0x00,0x00,0x00,0x00,0x00,
    0x00,0x00,0x00,0x00,0x00,0x00,0x00,0x00,0x00,0x00,0x00,0x00,0x00,0x00,0x00,0x00,
    0x00,0x00,0x00,0x00,0x00,0x00,0x00,0x00,0x00,0x00,0x00,0x00,0x00,0x00,0x00,0x00,
    0x00,0x00,0x00,0x00,0x00,0x00,0x00,0x00,0x00,0x00,0x00,0x00,0x00,0x00,0x00,0x00,
    0x00,0x00,0x00,0x00,0x00,0x00,0x00,0x00,0x00,0x7E,0x00,0x7F,0x7F,0x00,0xFE,0x7F,
    0x00,0xFE,0x3F,0x00,0xFC,0x3F,0x81,0xFC,0x1F,0x81,0xFC,0x1F,0xC1,0xF8,0x1F,0xC3,
    0xF8,0x0F,0xC3,0xF0,0x0F,0xE7,0xF0,0x07,0xE7,0xF0,0x07,0xE7,0xE0,0x07,0xFF,0xE0,
    0x03,0xFF,0xC0,0x03,0xFF,0xC0,0x01,0xFF,0xC0,0x01,0xFF,0x80,0x01,0xFF,0x80,0x00,
    0xFF,0x00,0x00,0xFF,0x00,0x00,0x00,0x00,0x00,0x00,0x00,0x00,0x00,0x00,0x00,0x00,
    0x00,0x00,0x00,0x00,0x00,0x00,0x00,0x00,0x00,0x00,0x00,0x00,0x00,0x00,0x00,0x00,
    0x00,0x00,0x00,0x00,0x00,0x00,0x00,0x00,0x00,0x00,0x00,0x00,0x00,0x00,0x00,0x00,
    0x00,0x00,0x00,0x00,0x00,0x00,0x00,0x00,0x00,0x00,0x00,0x00,0x00,0x00,0x00,0x00,
    0x00,0x00,0x00,0x00,0x00,0x00,0x00,0x00,0x00,0x00,0x00,0x00,0x00,0x00,0x00,0x00,
    0x00,0x00,0x00,0x00,0x00,0x00,0x00,0x00,0x00,0x00,0x00,0x00,0x00,0x00,0x00,0x00,
    0x00,0x00,0x00,0x00,0x00,0x00,0x00,0x00,0x00,0x00,0x00,0x7F,0x03,0xF0,0x3F,0x80,
    0x3F,0x03,0xF0,0x3F,0x80,0x3F,0x03,0xF8,0x3F,0x00,0x3F,0x87,0xF8,0x3F,0x00,0x3F,
    0x87,0xF8,0x7F,0x00,0x1F,0x87,0xF8,0x7F,0x00,0x1F,0x87,0xFC,0x7E,0x00,0x1F,0xCF,
    0xFC,0x7E,0x00,0x1F,0xCF,0xFC,0xFE,0x00,0x0F,0xCF,0x3C,0xFE,0x00,0x0F,0xCF,0x3E,
    0xFC,0x00,0x0F,0xFF,0x3E,0xFC,0x00,0x0F,0xFF,0x3F,0xFC,0x00,0x07,0xFE,0x1F,0xF8,
    0x00,0x07,0xFE,0x1F,0xF8,0x00,0x07,0xFE,0x1F,0xF8,0x00,0x03,0xFE,0x1F,0xF8,0x00,
    0x03,0xFC,0x0F,0xF0,0x00,0x03,0xFC,0x0F,0xF0,0x00,0x03,0xFC,0x0F,0xF0,0x00,0x00,
    0x00,0x00,0x00,0x00,0x00,0x00,0x00,0x00,0x00,0x00,0x00,0x00,0x00,0x00,0x00,0x00,
    0x00,0x00,0x00,0x00,0x00,0x00,0x00,0x00,0x00,0x00,0x00,0x00,0x00,0x00,0x00,0x00,
    0x00,0x00,0x00,0x00,0x00,0x00,0x00,0x00,0x00,0x00,0x00,0x00,0x00,0x00,0x00,0x00,
    0x00,0x00,0x00,0x00,0x00,0x00,0x00,0x00,0x00,0x00,0x00,0x00,0x00,0x00,0x00,0x00,
    0x00,0x00,0x00,0x00,0x00,0x00,0x00,0x00,0x00,0x00,0x00,0x00,0x00,0x00,0x00,0x00,
    0x00,0x00,0x00,0x00,0x00,0x00,0x00,0x00,0x00,0x7F,0x00,0xFE,0x3F,0x81,0xFC,0x1F,
    0xC3,0xF8,0x1F,0xC7,0xF8,0x0F,0xE7,0xF0,0x07,0xFF,0xE0,0x03,0xFF,0xC0,0x03,0xFF,
    0xC0,0x01,0xFF,0x80,0x00,0xFF,0x00,0x01,0xFF,0x00,0x01,0xFF,0x80,0x03,0xFF,0xC0,
    0x07,0xFF,0xE0,0x0F,0xFF,0xE0,0x0F,0xE7,0xF0,0x1F,0xC3,0xF8,0x3F,0x83,0xFC,0x7F,
    0x81,0xFC,0x7F,0x00,0xFE,0x00,0x00,0x00,0x00,0x00,0x00,0x00,0x00,0x00,0x00,0x00,
    0x00,0x00,0x00,0x00,0x00,0x00,0x00,0x00,0x00,0x00,0x00,0x00,0x00,0x00,0x00,0x00,
    0x00,0x00,0x00,0x00,0x00,0x00,0x00,0x00,0x00,0x00,0x00,0x00,0x00,0x00,0x00,0x00,
    0x00,0x00,0x00,0x00,0x00,0x00,0x00,0x00,0x00,0x00,0x00,0x00,0x00,0x00,0x00,0x00,
    0x00,0x00,0x00,0x00,0x00,0x00,0x00,0x00,0x00,0x00,0x00,0x00,0x00,0xFE,0x00,0x7E,
    0x7F,0x00,0xFE,0x7F,0x00,0xFE,0x3F,0x80,0xFC,0x3F,0x81,0xFC,0x1F,0x81,0xFC,0x1F,
    0xC1,0xF8,0x0F,0xC3,0xF8,0x0F,0xE3,0xF0,0x0F,0xE3,0xF0,0x07,0xE7,0xF0,0x07,0xF7,
    0xE0,0x03,0xF7,0xE0,0x03,0xFF,0xC0,0x01,0xFF,0xC0,0x01,0xFF,0xC0,0x01,0xFF,0x80,
    0x00,0xFF,0x80,0x00,0xFF,0x80,0x00,0x7F,0x00,0x00,0x7F,0x00,0x00,0x7E,0x00,0x00,
    0x7E,0x00,0x00,0xFE,0x00,0x0F,0xFC,0x00,0x0F,0xF8,0x00,0x0F,0xF0,0x00,0x0F,0xE0,
    0x00,0x00,0x00,0x00,0x00,0x00,0x00,0x00,0x00,0x00,0x00,0x00,0x00,0x00,0x00,0x00,
    0x00,0x00,0x00,0x00,0x00,0x00,0x00,0x00,0x00,0x00,0x00,0x00,0x00,0x00,0x00,0x00,
    0x00,0x00,0x00,0x00,0x00,0x00,0x00,0x00,0x00,0x00,0x00,0x00,0x00,0x00,0x00,0x00,
    0x00,0x3F,0xFF,0xF0,0x3F,0xFF,0xF0,0x3F,0xFF,0xF0,0x3F,0xFF,0xF0,0x3F,0xFF,0xF0,
    0x00,0x0F,0xE0,0x00,0x1F,0xC0,0x00,0x3F,0x80,0x00,0x7F,0x00,0x00,0xFE,0x00,0x01,
    0xFC,0x00,0x03,0xF8,0x00,0x07,0xF0,0x00,0x0F,0xE0,0x00,0x1F,0xC0,0x00,0x3F,0xFF,
    0xF0,0x7F,0xFF,0xF0,0x7F,0xFF,0xF0,0x7F,0xFF,0xF0,0x7F,0xFF,0xF0,0x00,0x00,0x00,
    0x00,0x00,0x00,0x00,0x00,0x00,0x00,0x00,0x00,0x00,0x00,0x00,0x00,0x00,0x00,0x00,
    0x00,0x00,0x00,0x00,0x00,0x00,0x00,0x00,0x00,0x00,0x00,0x00,0x00,0x00,0x00,0x00,
    0x00,0x00,0x00,0x00,0x00,0x00,0x00,0x00,0x00,0x00,0x00,0x00,0x00,0x00,0x00,0x00,
    0x00,0x00,0x00,0x00,0x00,0x03,0xFC,0x00,0x00,0x0F,0xFC,0x00,0x00,0x1F,0xFC,0x00,
    0x00,0x1F,0xFC,0x00,0x00,0x3F,0xC0,0x00,0x00,0x3F,0x80,0x00,0x00,0x3F,0x80,0x00,
    0x00,0x3F,0x80,0x00,0x00,0x3F,0x80,0x00,0x00,0x3F,0x80,0x00,0x00,0x3F,0x80,0x00,
    0x00,0x3F,0x80,0x00,0x00,0x3F,0x80,0x00,0x00,0x7F,0x00,0x00,0x00,0xFF,0x00,0x00,
    0x0F,0xFE,0x00,0x00,0x0F,0xFC,0x00,0x00,0x0F,0xFE,0x00,0x00,0x0F,0xFF,0x00,0x00,
    0x00,0xFF,0x00,0x00,0x00,0x7F,0x00,0x00,0x00,0x3F,0x80,0x00,0x00,0x3F,0x80,0x00,
    0x00,0x3F,0x80,0x00,0x00,0x3F,0x80,0x00,0x00,0x3F,0x80,0x00,0x00,0x3F,0x80,0x00,
    0x00,0x3F,0x80,0x00,0x00,0x3F,0x80,0x00,0x00,0x3F,0xC0,0x00,0x00,0x1F,0xFC,0x00,
    0x00,0x1F,0xFC,0x00,0x00,0x0F,0xFC,0x00,0x00,0x03,0xFC,0x00,0x00,0x00,0x00,0x00,
    0x00,0x00,0x00,0x00,0x00,0x00,0x00,0x00,0x00,0x00,0x00,0x00,0x00,0x00,0x00,0x00,
    0x00,0x00,0x00,0x00,0x00,0x00,0x07,0x80,0x07,0x80,0x07,0x80,0x07,0x80,0x07,0x80,
    0x07,0x80,0x07,0x80,0x07,0x80,0x07,0x80,0x07,0x80,0x07,0x80,0x07,0x80,0x07,0x80,
    0x07,0x80,0x07,0x80,0x07,0x80,0x07,0x80,0x07,0x80,0x07,0x80,0x07,0x80,0x07,0x80,
    0x07,0x80,0x07,0x80,0x07,0x80,0x07,0x80,0x07,0x80,0x07,0x80,0x07,0x80,0x07,0x80,
    0x07,0x80,0x07,0x80,0x07,0x80,0x07,0x80,0x07,0x80,0x07,0x80,0x07,0x80,0x07,0x80,
    0x00,0x00,0x00,0x00,0x00,0x00,0x00,0x00,0x00,0x00,0x00,0x00,0x00,0x00,0x00,0x00,
    0x00,0x00,0x00,0x00,0x00,0x00,0x00,0x00,0x00,0x00,0x00,0x00,0x0F,0xF8,0x00,0x00,
    0x0F,0xFC,0x00,0x00,0x0F,0xFE,0x00,0x00,0x0F,0xFF,0x00,0x00,0x00,0xFF,0x00,0x00,
    0x00,0x7F,0x00,0x00,0x00,0x3F,0x00,0x00,0x00,0x3F,0x00,0x00,0x00,0x3F,0x00,0x00,
    0x00,0x3F,0x00,0x00,0x00,0x3F,0x00,0x00,0x00,0x3F,0x00,0x00,0x00,0x3F,0x80,0x00,
    0x00,0x3F,0x80,0x00,0x00,0x3F,0xC0,0x00,0x00,0x1F,0xFC,0x00,0x00,0x0F,0xFC,0x00,
    0x00,0x0F,0xFC,0x00,0x00,0x1F,0xFC,0x00,0x00,0x3F,0xC0,0x00,0x00,0x3F,0x80,0x00,
    0x00,0x3F,0x80,0x00,0x00,0x3F,0x00,0x00,0x00,0x3F,0x00,0x00,0x00,0x3F,0x00,0x00,
    0x00,0x3F,0x00,0x00,0x00,0x3F,0x00,0x00,0x00,0x3F,0x00,0x00,0x00,0x7F,0x00,0x00,
    0x00,0xFF,0x00,0x00,0x0F,0xFF,0x00,0x00,0x0F,0xFE,0x00,0x00,0x0F,0xFC,0x00,0x00,
    0x0F,0xF8,0x00,0x00,0x00,0x00,0x00,0x00,0x00,0x00,0x00,0x00,0x00,0x00,0x00,0x00,
    0x00,0x00,0x00,0x00,0x00,0x00,0x00,0x00,0x00,0x00,0x00,0x00,0x00,0x00,0x00,0x00,
    0x00,0x00,0x00,0x00,0x00,0x00,0x00,0x00,0x00,0x00,0x00,0x00,0x00,0x00,0x00,0x00,
    0x00,0x00,0x00,0x00,0x00,0x00,0x00,0x00,0x00,0x00,0x00,0x00,0x00,0x00,0x00,0x00,
    0x00,0x00,0x00,0x00,0x00,0x00,0x00,0x00,0x00,0x00,0x00,0x00,0x00,0x00,0x00,0x00,
    0x00,0x00,0x00,0x00,0x00,0x00,0x00,0x00,0x00,0x00,0x00,0x00,0x00,0x00,0x00,0x00,
    0x01,0xFE,0x00,0x60,0x07,0xFF,0xC1,0xE0,0x0F,0xFF,0xFF,0xE0,0x0F,0xFF,0xFF,0xE0,
    0x0F,0x07,0xFF,0xC0,0x0C,0x00,0xFF,0x00,0x08,0x00,0x00,0x00,0x00,0x00,0x00,0x00,
    0x00,0x00,0x00,0x00,0x00,0x00,0x00,0x00,0x00,0x00,0x00,0x00,0x00,0x00,0x00,0x00,
    0x00,0x00,0x00,0x00,0x00,0x00,0x00,0x00,0x00,0x00,0x00,0x00,0x00,0x00,0x00,0x00,
    0x00,0x00,0x00,0x00,0x00,0x00,0x00,0x00,0x00,0x00,0x00,0x00,0x00,0x00,0x00,0x00,
    0x00,0x00,0x00,0x00,0x00,0x00,0x00,0x00,0x00,0x00,0x00,0x00,0x00,0x00,0x00,0x00,
    0x00,0xF8,0x00,0x00,0x00,0x7C,0x00,0x00,0x00,0x3E,0x00,0x00,0x00,0x1F,0x00,0x00,
    0x00,0x0F,0x00,0x00,0x00,0x00,0x00,0x00,0x00,0x00,0x00,0x00,0x00,0x00,0x00,0x00,
    0x00,0x3F,0xE0,0x00,0x00,0x7F,0xE0,0x00,0x00,0x7F,0xF0,0x00,0x00,0x7F,0xF0,0x00,
    0x00,0xFF,0xF0,0x00,0x00,0xFF,0xF8,0x00,0x00,0xFF,0xF8,0x00,0x01,0xFD,0xF8,0x00,
    0x01,0xFD,0xFC,0x00,0x03,0xF9,0xFC,0x00,0x03,0xF8,0xFE,0x00,0x03,0xF8,0xFE,0x00,
    0x07,0xF0,0xFE,0x00,0x07,0xF0,0x7F,0x00,0x07,0xF0,0x7F,0x00,0x0F,0xE0,0x7F,0x00,
    0x0F,0xE0,0x3F,0x80,0x0F,0xFF,0xFF,0x80,0x1F,0xFF,0xFF,0x80,0x1F,0xFF,0xFF,0xC0,
    0x3F,0xFF,0xFF,0xC0,0x3F,0xFF,0xFF,0xE0,0x3F,0x80,0x0F,0xE0,0x7F,0x80,0x0F,0xE0,
    0x7F,0x00,0x0F,0xF0,0x7F,0x00,0x07,0xF0,0xFF,0x00,0x07,0xF0,0x00,0x00,0x00,0x00,
    0x00,0x00,0x00,0x00,0x00,0x00,0x00,0x00,0x00,0x00,0x00,0x00,0x00,0x00,0x00,0x00,
    0x00,0x00,0x00,0x00,0x00,0x00,0x00,0x00,0x00,0x00,0x00,0x00,0x00,0x00,0x00,0x00,
    0x00,0x03,0xF0,0x00,0x00,0x03,0xE0,0x00,0x00,0x07,0xC0,0x00,0x00,0x0F,0x80,0x00,
    0x00,0x1E,0x00,0x00,0x00,0x00,0x00,0x00,0x00,0x00,0x00,0x00,0x00,0x00,0x00,0x00,
    0x00,0x3F,0xE0,0x00,0x00,0x7F,0xE0,0x00,0x00,0x7F,0xF0,0x00,0x00,0x7F,0xF0,0x00,
    0x00,0xFF,0xF0,0x00,0x00,0xFF,0xF8,0x00,0x00,0xFF,0xF8,0x00,0x01,0xFD,0xF8,0x00,
    0x01,0xFD,0xFC,0x00,0x03,0xF9,0xFC,0x00,0x03,0xF8,0xFE,0x00,0x03,0xF8,0xFE,0x00,
    0x07,0xF0,0xFE,0x00,0x07,0xF0,0x7F,0x00,0x07,0xF0,0x7F,0x00,0x0F,0xE0,0x7F,0x00,
    0x0F,0xE0,0x3F,0x80,0x0F,0xFF,0xFF,0x80,0x1F,0xFF,0xFF,0x80,0x1F,0xFF,0xFF,0xC0,
    0x3F,0xFF,0xFF,0xC0,0x3F,0xFF,0xFF,0xE0,0x3F,0x80,0x0F,0xE0,0x7F,0x80,0x0F,0xE0,
    0x7F,0x00,0x0F,0xF0,0x7F,0x00,0x07,0xF0,0xFF,0x00,0x07,0xF0,0x00,0x00,0x00,0x00,
    0x00,0x00,0x00,0x00,0x00,0x00,0x00,0x00,0x00,0x00,0x00,0x00,0x00,0x00,0x00,0x00,
    0x00,0x00,0x00,0x00,0x00,0x00,0x00,0x00,0x00,0x00,0x00,0x00,0x00,0x00,0x00,0x00,
    0x00,0x1F,0xC0,0x00,0x00,0x3F,0xC0,0x00,0x00,0x7D,0xE0,0x00,0x00,0x78,0xF0,0x00,
    0x00,0xF0,0x78,0x00,0x00,0x00,0x00,0x00,0x00,0x00,0x00,0x00,0x00,0x00,0x00,0x00,
    0x00,0x3F,0xE0,0x00,0x00,0x7F,0xE0,0x00,0x00,0x7F,0xF0,0x00,0x00,0x7F,0xF0,0x00,
    0x00,0xFF,0xF0,0x00,0x00,0xFF,0xF8,0x00,0x00,0xFF,0xF8,0x00,0x01,0xFD,0xF8,0x00,
    0x01,0xFD,0xFC,0x00,0x03,0xF9,0xFC,0x00,0x03,0xF8,0xFE,0x00,0x03,0xF8,0xFE,0x00,
    0x07,0xF0,0xFE,0x00,0x07,0xF0,0x7F,0x00,0x07,0xF0,0x7F,0x00,0x0F,0xE0,0x7F,0x00,
    0x0F,0xE0,0x3F,0x80,0x0F,0xFF,0xFF,0x80,0x1F,0xFF,0xFF,0x80,0x1F,0xFF,0xFF,0xC0,
    0x3F,0xFF,0xFF,0xC0,0x3F,0xFF,0xFF,0xE0,0x3F,0x80,0x0F,0xE0,0x7F,0x80,0x0F,0xE0,
    0x7F,0x00,0x0F,0xF0,0x7F,0x00,0x07,0xF0,0xFF,0x00,0x07,0xF0,0x00,0x00,0x00,0x00,
    0x00,0x00,0x00,0x00,0x00,0x00,0x00,0x00,0x00,0x00,0x00,0x00,0x00,0x00,0x00,0x00,
    0x00,0x00,0x00,0x00,0x00,0x00,0x00,0x00,0x00,0x00,0x00,0x00,0x00,0x00,0x00,0x00,
    0x00,0x3C,0x38,0x00,0x00,0x7F,0x78,0x00,0x00,0xFF,0xF0,0x00,0x00,0xE7,0xF0,0x00,
    0x00,0xE1,0xE0,0x00,0x00,0x00,0x00,0x00,0x00,0x00,0x00,0x00,0x00,0x00,0x00,0x00,
    0x00,0x3F,0xE0,0x00,0x00,0x7F,0xE0,0x00,0x00,0x7F,0xF0,0x00,0x00,0x7F,0xF0,0x00,
    0x00,0xFF,0xF0,0x00,0x00,0xFF,0xF8,0x00,0x00,0xFF,0xF8,0x00,0x01,0xFD,0xF8,0x00,
    0x01,0xFD,0xFC,0x00,0x03,0xF9,0xFC,0x00,0x03,0xF8,0xFE,0x00,0x03,0xF8,0xFE,0x00,
    0x07,0xF0,0xFE,0x00,0x07,0xF0,0x7F,0x00,0x07,0xF0,0x7F,0x00,0x0F,0xE0,0x7F,0x00,
    0x0F,0xE0,0x3F,0x80,0x0F,0xFF,0xFF,0x80,0x1F,0xFF,0xFF,0x80,0x1F,0xFF,0xFF,0xC0,
    0x3F,0xFF,0xFF,0xC0,0x3F,0xFF,0xFF,0xE0,0x3F,0x80,0x0F,0xE0,0x7F,0x80,0x0F,0xE0,
    0x7F,0x00,0x0F,0xF0,0x7F,0x00,0x07,0xF0,0xFF,0x00,0x07,0xF0,0x00,0x00,0x00,0x00,
    0x00,0x00,0x00,0x00,0x00,0x00,0x00,0x00,0x00,0x00,0x00,0x00,0x00,0x00,0x00,0x00,
    0x00,0x00,0x00,0x00,0x00,0x00,0x00,0x00,0x00,0x00,0x00,0x00,0x00,0x00,0x00,0x00,
    0x00,0x00,0x00,0x00,0x00,0xF9,0xF0,0x00,0x00,0xF9,0xF0,0x00,0x00,0xF9,0xF0,0x00,
    0x00,0xF9,0xF0,0x00,0x00,0x00,0x00,0x00,0x00,0x00,0x00,0x00,0x00,0x00,0x00,0x00,
    0x00,0x3F,0xE0,0x00,0x00,0x7F,0xE0,0x00,0x00,0x7F,0xF0,0x00,0x00,0x7F,0xF0,0x00,
    0x00,0xFF,0xF0,0x00,0x00,0xFF,0xF8,0x00,0x00,0xFF,0xF8,0x00,0x01,0xFD,0xF8,0x00,
    0x01,0xFD,0xFC,0x00,0x03,0xF9,0xFC,0x00,0x03,0xF8,0xFE,0x00,0x03,0xF8,0xFE,0x00,
    0x07,0xF0,0xFE,0x00,0x07,0xF0,0x7F,0x00,0x07,0xF0,0x7F,0x00,0x0F,0xE0,0x7F,0x00,
    0x0F,0xE0,0x3F,0x80,0x0F,0xFF,0xFF,0x80,0x1F,0xFF,0xFF,0x80,0x1F,0xFF,0xFF,0xC0,
    0x3F,0xFF,0xFF,0xC0,0x3F,0xFF,0xFF,0xE0,0x3F,0x80,0x0F,0xE0,0x7F,0x80,0x0F,0xE0,
    0x7F,0x00,0x0F,0xF0,0x7F,0x00,0x07,0xF0,0xFF,0x00,0x07,0xF0,0x00,0x00,0x00,0x00,
    0x00,0x00,0x00,0x00,0x00,0x00,0x00,0x00,0x00,0x00,0x00,0x00,0x00,0x00,0x00,0x00,
    0x00,0x00,0x00,0x00,0x00,0x00,0x00,0x00,0x00,0x00,0x00,0x00,0x00,0x00,0x00,0x00,
    0x00,0x00,0x00,0x00,0x00,0x0F,0x80,0x00,0x00,0x3F,0xC0,0x00,0x00,0x3F,0xE0,0x00,
    0x00,0x79,0xE0,0x00,0x00,0x70,0xF0,0x00,0x00,0x70,0xF0,0x00,0x00,0x78,0xE0,0x00,
    0x00,0x3F,0xE0,0x00,0x00,0x7F,0xE0,0x00,0x00,0x7F,0xF0,0x00,0x00,0x7F,0xF0,0x00,
    0x00,0xFF,0xF0,0x00,0x00,0xFF,0xF8,0x00,0x00,0xFF,0xF8,0x00,0x01,0xFD,0xF8,0x00,
    0x01,0xFD,0xFC,0x00,0x03,0xF9,0xFC,0x00,0x03,0xF8,0xFE,0x00,0x03,0xF8,0xFE,0x00,
    0x07,0xF0,0xFE,0x00,0x07,0xF0,0x7F,0x00,0x07,0xF0,0x7F,0x00,0x0F,0xE0,0x7F,0x00,
    0x0F,0xE0,0x3F,0x80,0x1F,0xFF,0xFF,0x80,0x1F,0xFF,0xFF,0xC0,0x1F,0xFF,0xFF,0xC0,
    0x3F,0xFF,0xFF,0xC0,0x3F,0xFF,0xFF,0xE0,0x3F,0x80,0x0F,0xE0,0x7F,0x80,0x0F,0xE0,
    0x7F,0x00,0x0F,0xF0,0x7F,0x00,0x07,0xF0,0xFF,0x00,0x07,0xF0,0x00,0x00,0x00,0x00,
    0x00,0x00,0x00,0x00,0x00,0x00,0x00,0x00,0x00,0x00,0x00,0x00,0x00,0x00,0x00,0x00,
    0x00,0x00,0x00,0x00,0x00,0x00,0x00,0x00,0x00,0x00,0x00,0x00,0x00,0x00,0x00,0x00,
    0x00,0x00,0x00,0x00,0x00,0x00,0x00,0x00,0x00,0x00,0x00,0x00,0x00,0x00,0x00,0x00,
    0x00,0x00,0x00,0x00,0x00,0x00,0x00,0x00,0x00,0x00,0x00,0x00,0x00,0x00,0x00,0x00,
    0x00,0x00,0x00,0x00,0x00,0x00,0x00,0x00,0x00,0x1F,0xFF,0xFF,0xF8,0x00,0x3F,0xFF,
    0xFF,0xF8,0x00,0x3F,0xFF,0xFF,0xF8,0x00,0x3F,0xFF,0xFF,0xF8,0x00,0x7F,0xFF,0xFF,
    0xF8,0x00,0x7F,0x3F,0x80,0x00,0x00,0xFE,0x3F,0x80,0x00,0x00,0xFE,0x3F,0x80,0x00,
    0x00,0xFE,0x3F,0x80,0x00,0x01,0xFC,0x3F,0x80,0x00,0x01,0xFC,0x3F,0x80,0x00,0x03,
    0xF8,0x3F,0xFF,0xF8,0x03,0xF8,0x3F,0xFF,0xF8,0x07,0xF8,0x3F,0xFF,0xF8,0x07,0xF0,
    0x3F,0xFF,0xF8,0x07,0xF0,0x3F,0xFF,0xF8,0x0F,0xFF,0xFF,0x80,0x00,0x0F,0xFF,0xFF,
    0x80,0x00,0x1F,0xFF,0xFF,0x80,0x00,0x1F,0xFF,0xFF,0x80,0x00,0x1F,0xFF,0xFF,0x80,
    0x00,0x3F,0x80,0x3F,0x80,0x00,0x3F,0x80,0x3F,0xFF,0xFC,0x7F,0x00,0x3F,0xFF,0xFC,
    0x7F,0x00,0x3F,0xFF,0xFC,0xFF,0x00,0x3F,0xFF,0xFC,0xFE,0x00,0x3F,0xFF,0xFC,0x00,
    0x00,0x00,0x00,0x00,0x00,0x00,0x00,0x00,0x00,0x00,0x00,0x00,0x00,0x00,0x00,0x00,
    0x00,0x00,0x00,0x00,0x00,0x00,0x00,0x00,0x00,0x00,0x00,0x00,0x00,0x00,0x00,0x00,
    0x00,0x00,0x00,0x00,0x00,0x00,0x00,0x00,0x00,0x00,0x00,0x00,0x00,0x00,0x00,0x00,
    0x00,0x00,0x00,0x00,0x00,0x00,0x00,0x00,0x00,0x00,0x00,0x00,0x00,0x00,0x00,0x00,
    0x00,0x00,0x00,0x00,0x00,0x00,0x00,0x00,0x00,0x00,0x00,0x00,0x00,0x1F,0xF8,0x00,
    0x00,0x7F,0xFF,0x00,0x01,0xFF,0xFF,0x80,0x03,0xFF,0xFF,0x80,0x07,0xFF,0xFF,0x80,
    0x0F,0xFE,0x1F,0x80,0x1F,0xF0,0x03,0x80,0x1F,0xE0,0x00,0x80,0x3F,0xC0,0x00,0x00,
    0x3F,0xC0,0x00,0x00,0x3F,0xC0,0x00,0x00,0x3F,0x80,0x00,0x00,0x3F,0x80,0x00,0x00,
    0x3F,0x80,0x00,0x00,0x3F,0x80,0x00,0x00,0x3F,0x80,0x00,0x00,0x3F,0xC0,0x00,0x00,
    0x3F,0xC0,0x00,0x00,0x3F,0xC0,0x00,0x00,0x1F,0xE0,0x00,0x80,0x1F,0xF0,0x03,0x80,
    0x0F,0xFE,0x0F,0x80,0x07,0xFF,0xFF,0x80,0x03,0xFF,0xFF,0x80,0x01,0xFF,0xFF,0x80,
    0x00,0x7F,0xFF,0x00,0x00,0x1F,0xF8,0x00,0x00,0x01,0xC0,0x00,0x00,0x00,0xE0,0x00,
    0x00,0x00,0xF0,0x00,0x00,0x00,0xF0,0x00,0x00,0x1F,0xF0,0x00,0x00,0x1F,0xE0,0x00,
    0x00,0x1F,0xC0,0x00,0x00,0x00,0x00,0x00,0x00,0x00,0x00,0x00,0x01,0xF0,0x00,0x00,
    0x00,0xF8,0x00,0x00,0x00,0x7C,0x00,0x00,0x00,0x3C,0x00,0x00,0x00,0x1E,0x00,0x00,
    0x00,0x00,0x00,0x00,0x00,0x00,0x00,0x00,0x00,0x00,0x00,0x00,0x1F,0xFF,0xFC,0x00,
    0x1F,0xFF,0xFC,0x00,0x1F,0xFF,0xFC,0x00,0x1F,0xFF,0xFC,0x00,0x1F,0xFF,0xFC,0x00,
    0x1F,0xE0,0x00,0x00,0x1F,0xE0,0x00,0x00,0x1F,0xE0,0x00,0x00,0x1F,0xE0,0x00,0x00,
    0x1F,0xE0,0x00,0x00,0x1F,0xE0,0x00,0x00,0x1F,0xFF,0xFC,0x00,0x1F,0xFF,0xFC,0x00,
    0x1F,0xFF,0xFC,0x00,0x1F,0xFF,0xFC,0x00,0x1F,0xFF,0xFC,0x00,0x1F,0xE0,0x00,0x00,
    0x1F,0xE0,0x00,0x00,0x1F,0xE0,0x00,0x00,0x1F,0xE0,0x00,0x00,0x1F,0xE0,0x00,0x00,
    0x1F,0xE0,0x00,0x00,0x1F,0xFF,0xFE,0x00,0x1F,0xFF,0xFE,0x00,0x1F,0xFF,0xFE,0x00,
    0x1F,0xFF,0xFE,0x00,0x1F,0xFF,0xFE,0x00,0x00,0x00,0x00,0x00,0x00,0x00,0x00,0x00,
    0x00,0x00,0x00,0x00,0x00,0x00,0x00,0x00,0x00,0x00,0x00,0x00,0x00,0x00,0x00,0x00,
    0x00,0x00,0x00,0x00,0x00,0x00,0x00,0x00,0x00,0x00,0x00,0x00,0x00,0x07,0xC0,0x00,
    0x00,0x0F,0x80,0x00,0x00,0x1F,0x00,0x00,0x00,0x1E,0x00,0x00,0x00,0x3C,0x00,0x00,
    0x00,0x00,0x00,0x00,0x00,0x00,0x00,0x00,0x00,0x00,0x00,0x00,0x1F,0xFF,0xFC,0x00,
    0x1F,0xFF,0xFC,0x00,0x1F,0xFF,0xFC,0x00,0x1F,0xFF,0xFC,0x00,0x1F,0xFF,0xFC,0x00,
    0x1F,0xE0,0x00,0x00,0x1F,0xE0,0x00,0x00,0x1F,0xE0,0x00,0x00,0x1F,0xE0,0x00,0x00,
    0x1F,0xE0,0x00,0x00,0x1F,0xE0,0x00,0x00,0x1F,0xFF,0xFC,0x00,0x1F,0xFF,0xFC,0x00,
    0x1F,0xFF,0xFC,0x00,0x1F,0xFF,0xFC,0x00,0x1F,0xFF,0xFC,0x00,0x1F,0xE0,0x00,0x00,
    0x1F,0xE0,0x00,0x00,0x1F,0xE0,0x00,0x00,0x1F,0xE0,0x00,0x00,0x1F,0xE0,0x00,0x00,
    0x1F,0xE0,0x00,0x00,0x1F,0xFF,0xFE,0x00,0x1F,0xFF,0xFE,0x00,0x1F,0xFF,0xFE,0x00,
    0x1F,0xFF,0xFE,0x00,0x1F,0xFF,0xFE,0x00,0x00,0x00,0x00,0x00,0x00,0x00,0x00,0x00,
    0x00,0x00,0x00,0x00,0x00,0x00,0x00,0x00,0x00,0x00,0x00,0x00,0x00,0x00,0x00,0x00,
    0x00,0x00,0x00,0x00,0x00,0x00,0x00,0x00,0x00,0x00,0x00,0x00,0x00,0x7F,0x00,0x00,
    0x00,0xFF,0x80,0x00,0x00,0xF7,0x80,0x00,0x01,0xE3,0xC0,0x00,0x03,0xC1,0xE0,0x00,
    0x00,0x00,0x00,0x00,0x00,0x00,0x00,0x00,0x00,0x00,0x00,0x00,0x1F,0xFF,0xFC,0x00,
    0x1F,0xFF,0xFC,0x00,0x1F,0xFF,0xFC,0x00,0x1F,0xFF,0xFC,0x00,0x1F,0xFF,0xFC,0x00,
    0x1F,0xE0,0x00,0x00,0x1F,0xE0,0x00,0x00,0x1F,0xE0,0x00,0x00,0x1F,0xE0,0x00,0x00,
    0x1F,0xE0,0x00,0x00,0x1F,0xE0,0x00,0x00,0x1F,0xFF,0xFC,0x00,0x1F,0xFF,0xFC,0x00,
    0x1F,0xFF,0xFC,0x00,0x1F,0xFF,0xFC,0x00,0x1F,0xFF,0xFC,0x00,0x1F,0xE0,0x00,0x00,
    0x1F,0xE0,0x00,0x00,0x1F,0xE0,0x00,0x00,0x1F,0xE0,0x00,0x00,0x1F,0xE0,0x00,0x00,
    0x1F,0xE0,0x00,0x00,0x1F,0xFF,0xFE,0x00,0x1F,0xFF,0xFE,0x00,0x1F,0xFF,0xFE,0x00,
    0x1F,0xFF,0xFE,0x00,0x1F,0xFF,0xFE,0x00,0x00,0x00,0x00,0x00,0x00,0x00,0x00,0x00,
    0x00,0x00,0x00,0x00,0x00,0x00,0x00,0x00,0x00,0x00,0x00,0x00,0x00,0x00,0x00,0x00,
    0x00,0x00,0x00,0x00,0x00,0x00,0x00,0x00,0x00,0x00,0x00,0x00,0x00,0x00,0x00,0x00,
    0x01,0xE3,0xC0,0x00,0x01,0xE3,0xC0,0x00,0x01,0xE3,0xC0,0x00,0x01,0xE3,0xC0,0x00,
    0x00,0x00,0x00,0x00,0x00,0x00,0x00,0x00,0x00,0x00,0x00,0x00,0x1F,0xFF,0xFC,0x00,
    0x1F,0xFF,0xFC,0x00,0x1F,0xFF,0xFC,0x00,0x1F,0xFF,0xFC,0x00,0x1F,0xFF,0xFC,0x00,
    0x1F,0xE0,0x00,0x00,0x1F,0xE0,0x00,0x00,0x1F,0xE0,0x00,0x00,0x1F,0xE0,0x00,0x00,
    0x1F,0xE0,0x00,0x00,0x1F,0xE0,0x00,0x00,0x1F,0xFF,0xFC,0x00,0x1F,0xFF,0xFC,0x00,
    0x1F,0xFF,0xFC,0x00,0x1F,0xFF,0xFC,0x00,0x1F,0xFF,0xFC,0x00,0x1F,0xE0,0x00,0x00,
    0x1F,0xE0,0x00,0x00,0x1F,0xE0,0x00,0x00,0x1F,0xE0,0x00,0x00,0x1F,0xE0,0x00,0x00,
    0x1F,0xE0,0x00,0x00,0x1F,0xFF,0xFE,0x00,0x1F,0xFF,0xFE,0x00,0x1F,0xFF,0xFE,0x00,
    0x1F,0xFF,0xFE,0x00,0x1F,0xFF,0xFE,0x00,0x00,0x00,0x00,0x00,0x00,0x00,0x00,0x00,
    0x00,0x00,0x00,0x00,0x00,0x00,0x00,0x00,0x00,0x00,0x00,0x00,0x00,0x00,0x00,0x00,
    0x00,0x00,0x00,0x00,0x00,0x00,0x00,0x00,0x00,0x00,0x00,0x00,0x7C,0x00,0x3E,0x00,
    0x1E,0x00,0x0F,0x00,0x07,0x80,0x00,0x00,0x00,0x00,0x00,0x00,0x1F,0xE0,0x1F,0xE0,
    0x1F,0xE0,0x1F,0xE0,0x1F,0xE0,0x1F,0xE0,0x1F,0xE0,0x1F,0xE0,0x1F,0xE0,0x1F,0xE0,
    0x1F,0xE0,0x1F,0xE0,0x1F,0xE0,0x1F,0xE0,0x1F,0xE0,0x1F,0xE0,0x1F,0xE0,0x1F,0xE0,
    0x1F,0xE0,0x1F,0xE0,0x1F,0xE0,0x1F,0xE0,0x1F,0xE0,0x1F,0xE0,0x1F,0xE0,0x1F,0xE0,
    0x1F,0xE0,0x00,0x00,0x00,0x00,0x00,0x00,0x00,0x00,0x00,0x00,0x00,0x00,0x00,0x00,
    0x00,0x00,0x00,0x00,0x01,0xF0,0x03,0xE0,0x07,0xC0,0x07,0x80,0x0F,0x00,0x00,0x00,
    0x00,0x00,0x00,0x00,0x1F,0xE0,0x1F,0xE0,0x1F,0xE0,0x1F,0xE0,0x1F,0xE0,0x1F,0xE0,
    0x1F,0xE0,0x1F,0xE0,0x1F,0xE0,0x1F,0xE0,0x1F,0xE0,0x1F,0xE0,0x1F,0xE0,0x1F,0xE0,
    0x1F,0xE0,0x1F,0xE0,0x1F,0xE0,0x1F,0xE0,0x1F,0xE0,0x1F,0xE0,0x1F,0xE0,0x1F,0xE0,
    0x1F,0xE0,0x1F,0xE0,0x1F,0xE0,0x1F,0xE0,0x1F,0xE0,0x00,0x00,0x00,0x00,0x00,0x00,
    0x00,0x00,0x00,0x00,0x00,0x00,0x00,0x00,0x00,0x00,0x00,0x00,0x1F,0xC0,0x1F,0xE0,
    0x3D,0xF0,0x78,0xF8,0xF0,0x38,0x00,0x00,0x00,0x00,0x00,0x00,0x1F,0xE0,0x1F,0xE0,
    0x1F,0xE0,0x1F,0xE0,0x1F,0xE0,0x1F,0xE0,0x1F,0xE0,0x1F,0xE0,0x1F,0xE0,0x1F,0xE0,
    0x1F,0xE0,0x1F,0xE0,0x1F,0xE0,0x1F,0xE0,0x1F,0xE0,0x1F,0xE0,0x1F,0xE0,0x1F,0xE0,
    0x1F,0xE0,0x1F,0xE0,0x1F,0xE0,0x1F,0xE0,0x1F,0xE0,0x1F,0xE0,0x1F,0xE0,0x1F,0xE0,
    0x1F,0xE0,0x00,0x00,0x00,0x00,0x00,0x00,0x00,0x00,0x00,0x00,0x00,0x00,0x00,0x00,
    0x00,0x00,0x00,0x00,0x00,0x00,0x7C,0xF8,0x7C,0xF8,0x7C,0xF8,0x7C,0xF8,0x00,0x00,
    0x00,0x00,0x00,0x00,0x1F,0xE0,0x1F,0xE0,0x1F,0xE0,0x1F,0xE0,0x1F,0xE0,0x1F,0xE0,
    0x1F,0xE0,0x1F,0xE0,0x1F,0xE0,0x1F,0xE0,0x1F,0xE0,0x1F,0xE0,0x1F,0xE0,0x1F,0xE0,
    0x1F,0xE0,0x1F,0xE0,0x1F,0xE0,0x1F,0xE0,0x1F,0xE0,0x1F,0xE0,0x1F,0xE0,0x1F,0xE0,
    0x1F,0xE0,0x1F,0xE0,0x1F,0xE0,0x1F,0xE0,0x1F,0xE0,0x00,0x00,0x00,0x00,0x00,0x00,
    0x00,0x00,0x00,0x00,0x00,0x00,0x00,0x00,0x00,0x00,0x00,0x00,0x00,0x00,0x00,0x00,
    0x00,0x00,0x00,0x00,0x00,0x00,0x00,0x00,0x00,0x00,0x00,0x00,0x00,0x00,0x00,0x00,
    0x00,0x00,0x00,0x00,0x00,0x00,0x00,0x00,0x00,0x00,0x00,0x00,0x0F,0xFF,0xE0,0x00,
    0x0F,0xFF,0xFC,0x00,0x0F,0xFF,0xFF,0x00,0x0F,0xFF,0xFF,0x80,0x0F,0xFF,0xFF,0xC0,
    0x0F,0xE0,0xFF,0xE0,0x0F,0xE0,0x1F,0xF0,0x0F,0xE0,0x0F,0xF0,0x0F,0xE0,0x07,0xF0,
    0x0F,0xE0,0x07,0xF8,0x0F,0xE0,0x07,0xF8,0xFF,0xFE,0x03,0xF8,0xFF,0xFE,0x03,0xF8,
    0xFF,0xFE,0x03,0xF8,0xFF,0xFE,0x03,0xF8,0xFF,0xFE,0x03,0xF8,0x0F,0xE0,0x07,0xF8,
    0x0F,0xE0,0x07,0xF8,0x0F,0xE0,0x07,0xF0,0x0F,0xE0,0x0F,0xF0,0x0F,0xE0,0x1F,0xF0,
    0x0F,0xE0,0xFF,0xE0,0x0F,0xFF,0xFF,0xC0,0x0F,0xFF,0xFF,0x80,0x0F,0xFF,0xFF,0x00,
    0x0F,0xFF,0xFC,0x00,0x0F,0xFF,0xE0,0x00,0x00,0x00,0x00,0x00,0x00,0x00,0x00,0x00,
    0x00,0x00,0x00,0x00,0x00,0x00,0x00,0x00,0x00,0x00,0x00,0x00,0x00,0x00,0x00,0x00,
    0x00,0x00,0x00,0x00,0x00,0x00,0x00,0x00,0x00,0x00,0x00,0x00,0x00,0x3C,0x38,0x00,
    0x00,0x7F,0x38,0x00,0x00,0x7F,0xF8,0x00,0x00,0x77,0xF0,0x00,0x00,0xE1,0xF0,0x00,
    0x00,0x00,0x00,0x00,0x00,0x00,0x00,0x00,0x00,0x00,0x00,0x00,0x1F,0xF0,0x07,0xF0,
    0x1F,0xF0,0x07,0xF0,0x1F,0xF8,0x07,0xF0,0x1F,0xF8,0x07,0xF0,0x1F,0xFC,0x07,0xF0,
    0x1F,0xFC,0x07,0xF0,0x1F,0xFE,0x07,0xF0,0x1F,0xFE,0x07,0xF0,0x1F,0xFF,0x07,0xF0,
    0x1F,0xFF,0x07,0xF0,0x1F,0xDF,0x87,0xF0,0x1F,0xDF,0x87,0xF0,0x1F,0xCF,0xC7,0xF0,
    0x1F,0xCF,0xE7,0xF0,0x1F,0xC7,0xE7,0xF0,0x1F,0xC3,0xF7,0xF0,0x1F,0xC3,0xF7,0xF0,
    0x1F,0xC1,0xFF,0xF0,0x1F,0xC1,0xFF,0xF0,0x1F,0xC0,0xFF,0xF0,0x1F,0xC0,0xFF,0xF0,
    0x1F,0xC0,0x7F,0xF0,0x1F,0xC0,0x7F,0xF0,0x1F,0xC0,0x3F,0xF0,0x1F,0xC0,0x3F,0xF0,
    0x1F,0xC0,0x1F,0xF0,0x1F,0xC0,0x1F,0xF0,0x00,0x00,0x00,0x00,0x00,0x00,0x00,0x00,
    0x00,0x00,0x00,0x00,0x00,0x00,0x00,0x00,0x00,0x00,0x00,0x00,0x00,0x00,0x00,0x00,
    0x00,0x00,0x00,0x00,0x00,0x00,0x00,0x00,0x00,0x00,0x00,0x00,0x00,0x3E,0x00,0x00,
    0x00,0x1F,0x00,0x00,0x00,0x0F,0x00,0x00,0x00,0x07,0x80,0x00,0x00,0x03,0xC0,0x00,
    0x00,0x00,0x00,0x00,0x00,0x00,0x00,0x00,0x00,0x00,0x00,0x00,0x00,0x1F,0xF8,0x00,
    0x00,0xFF,0xFE,0x00,0x01,0xFF,0xFF,0x80,0x07,0xFF,0xFF,0xC0,0x07,0xFF,0xFF,0xE0,
    0x0F,0xFC,0x3F,0xF0,0x1F,0xF0,0x0F,0xF0,0x1F,0xE0,0x07,0xF8,0x3F,0xC0,0x07,0xF8,
    0x3F,0xC0,0x03,0xF8,0x3F,0xC0,0x03,0xFC,0x3F,0x80,0x03,0xFC,0x3F,0x80,0x03,0xFC,
    0x3F,0x80,0x03,0xFC,0x3F,0x80,0x03,0xFC,0x3F,0x80,0x03,0xFC,0x3F,0xC0,0x03,0xFC,
    0x3F,0xC0,0x03,0xF8,0x3F,0xC0,0x07,0xF8,0x1F,0xE0,0x07,0xF8,0x1F,0xF0,0x0F,0xF0,
    0x0F,0xFC,0x3F,0xF0,0x07,0xFF,0xFF,0xE0,0x07,0xFF,0xFF,0xC0,0x01,0xFF,0xFF,0x80,
    0x00,0xFF,0xFE,0x00,0x00,0x1F,0xF8,0x00,0x00,0x00,0x00,0x00,0x00,0x00,0x00,0x00,
    0x00,0x00,0x00,0x00,0x00,0x00,0x00,0x00,0x00,0x00,0x00,0x00,0x00,0x00,0x00,0x00,
    0x00,0x00,0x00,0x00,0x00,0x00,0x00,0x00,0x00,0x00,0x00,0x00,0x00,0x00,0xF8,0x00,
    0x00,0x01,0xF0,0x00,0x00,0x03,0xE0,0x00,0x00,0x03,0xC0,0x00,0x00,0x07,0x80,0x00,
    0x00,0x00,0x00,0x00,0x00,0x00,0x00,0x00,0x00,0x00,0x00,0x00,0x00,0x1F,0xF8,0x00,
    0x00,0xFF,0xFE,0x00,0x01,0xFF,0xFF,0x80,0x07,0xFF,0xFF,0xC0,0x07,0xFF,0xFF,0xE0,
    0x0F,0xFC,0x3F,0xF0,0x1F,0xF0,0x0F,0xF0,0x1F,0xE0,0x07,0xF8,0x3F,0xC0,0x07,0xF8,
    0x3F,0xC0,0x03,0xF8,0x3F,0xC0,0x03,0xFC,0x3F,0x80,0x03,0xFC,0x3F,0x80,0x03,0xFC,
    0x3F,0x80,0x03,0xFC,0x3F,0x80,0x03,0xFC,0x3F,0x80,0x03,0xFC,0x3F,0xC0,0x03,0xFC,
    0x3F,0xC0,0x03,0xF8,0x3F,0xC0,0x07,0xF8,0x1F,0xE0,0x07,0xF8,0x1F,0xF0,0x0F,0xF0,
    0x0F,0xFC,0x3F,0xF0,0x07,0xFF,0xFF,0xE0,0x07,0xFF,0xFF,0xC0,0x01,0xFF,0xFF,0x80,
    0x00,0xFF,0xFE,0x00,0x00,0x1F,0xF8,0x00,0x00,0x00,0x00,0x00,0x00,0x00,0x00,0x00,
    0x00,0x00,0x00,0x00,0x00,0x00,0x00,0x00,0x00,0x00,0x00,0x00,0x00,0x00,0x00,0x00,
    0x00,0x00,0x00,0x00,0x00,0x00,0x00,0x00,0x00,0x00,0x00,0x00,0x00,0x0F,0xE0,0x00,
    0x00,0x1F,0xE0,0x00,0x00,0x3E,0xF0,0x00,0x00,0x7C,0x78,0x00,0x00,0x78,0x3C,0x00,
    0x00,0x00,0x00,0x00,0x00,0x00,0x00,0x00,0x00,0x00,0x00,0x00,0x00,0x1F,0xF8,0x00,
    0x00,0xFF,0xFE,0x00,0x01,0xFF,0xFF,0x80,0x07,0xFF,0xFF,0xC0,0x07,0xFF,0xFF,0xE0,
    0x0F,0xFC,0x3F,0xF0,0x1F,0xF0,0x0F,0xF0,0x1F,0xE0,0x07,0xF8,0x3F,0xC0,0x07,0xF8,
    0x3F,0xC0,0x03,0xF8,0x3F,0xC0,0x03,0xFC,0x3F,0x80,0x03,0xFC,0x3F,0x80,0x03,0xFC,
    0x3F,0x80,0x03,0xFC,0x3F,0x80,0x03,0xFC,0x3F,0x80,0x03,0xFC,0x3F,0xC0,0x03,0xFC,
    0x3F,0xC0,0x03,0xF8,0x3F,0xC0,0x07,0xF8,0x1F,0xE0,0x07,0xF8,0x1F,0xF0,0x0F,0xF0,
    0x0F,0xFC,0x3F,0xF0,0x07,0xFF,0xFF,0xE0,0x07,0xFF,0xFF,0xC0,0x01,0xFF,0xFF,0x80,
    0x00,0xFF,0xFE,0x00,0x00,0x1F,0xF8,0x00,0x00,0x00,0x00,0x00,0x00,0x00,0x00,0x00,
    0x00,0x00,0x00,0x00,0x00,0x00,0x00,0x00,0x00,0x00,0x00,0x00,0x00,0x00,0x00,0x00,
    0x00,0x00,0x00,0x00,0x00,0x00,0x00,0x00,0x00,0x00,0x00,0x00,0x00,0x1E,0x1C,0x00,
    0x00,0x3F,0x9C,0x00,0x00,0x3F,0xFC,0x00,0x00,0x7B,0xF8,0x00,0x00,0x70,0xF0,0x00,
    0x00,0x00,0x00,0x00,0x00,0x00,0x00,0x00,0x00,0x00,0x00,0x00,0x00,0x1F,0xF8,0x00,
    0x00,0xFF,0xFE,0x00,0x01,0xFF,0xFF,0x80,0x07,0xFF,0xFF,0xC0,0x07,0xFF,0xFF,0xE0,
    0x0F,0xFC,0x3F,0xF0,0x1F,0xF0,0x0F,0xF0,0x1F,0xE0,0x07,0xF8,0x3F,0xC0,0x07,0xF8,
    0x3F,0xC0,0x03,0xF8,0x3F,0xC0,0x03,0xFC,0x3F,0x80,0x03,0xFC,0x3F,0x80,0x03,0xFC,
    0x3F,0x80,0x03,0xFC,0x3F,0x80,0x03,0xFC,0x3F,0x80,0x03,0xFC,0x3F,0xC0,0x03,0xFC,
    0x3F,0xC0,0x03,0xF8,0x3F,0xC0,0x07,0xF8,0x1F,0xE0,0x07,0xF8,0x1F,0xF0,0x0F,0xF0,
    0x0F,0xFC,0x3F,0xF0,0x07,0xFF,0xFF,0xE0,0x07,0xFF,0xFF,0xC0,0x01,0xFF,0xFF,0x80,
    0x00,0xFF,0xFE,0x00,0x00,0x1F,0xF8,0x00,0x00,0x00,0x00,0x00,0x00,0x00,0x00,0x00,
    0x00,0x00,0x00,0x00,0x00,0x00,0x00,0x00,0x00,0x00,0x00,0x00,0x00,0x00,0x00,0x00,
    0x00,0x00,0x00,0x00,0x00,0x00,0x00,0x00,0x00,0x00,0x00,0x00,0x00,0x00,0x00,0x00,
    0x00,0x3C,0x7C,0x00,0x00,0x3C,0x7C,0x00,0x00,0x3C,0x7C,0x00,0x00,0x3C,0x7C,0x00,
    0x00,0x00,0x00,0x00,0x00,0x00,0x00,0x00,0x00,0x00,0x00,0x00,0x00,0x1F,0xF8,0x00,
    0x00,0xFF,0xFE,0x00,0x01,0xFF,0xFF,0x80,0x07,0xFF,0xFF,0xC0,0x07,0xFF,0xFF,0xE0,
    0x0F,0xFC,0x3F,0xF0,0x1F,0xF0,0x0F,0xF0,0x1F,0xE0,0x07,0xF8,0x3F,0xC0,0x07,0xF8,
    0x3F,0xC0,0x03,0xF8,0x3F,0xC0,0x03,0xFC,0x3F,0x80,0x03,0xFC,0x3F,0x80,0x03,0xFC,
    0x3F,0x80,0x03,0xFC,0x3F,0x80,0x03,0xFC,0x3F,0x80,0x03,0xFC,0x3F,0xC0,0x03,0xFC,
    0x3F,0xC0,0x03,0xF8,0x3F,0xC0,0x07,0xF8,0x1F,0xE0,0x07,0xF8,0x1F,0xF0,0x0F,0xF0,
    0x0F,0xFC,0x3F,0xF0,0x07,0xFF,0xFF,0xE0,0x07,0xFF,0xFF,0xC0,0x01,0xFF,0xFF,0x80,
    0x00,0xFF,0xFE,0x00,0x00,0x1F,0xF8,0x00,0x00,0x00,0x00,0x00,0x00,0x00,0x00,0x00,
    0x00,0x00,0x00,0x00,0x00,0x00,0x00,0x00,0x00,0x00,0x00,0x00,0x00,0x00,0x00,0x00,
    0x00,0x00,0x00,0x00,0x00,0x00,0x00,0x00,0x00,0x00,0x00,0x00,0x00,0x00,0x00,0x00,
    0x00,0x00,0x00,0x00,0x00,0x00,0x00,0x00,0x00,0x00,0x00,0x00,0x00,0x00,0x00,0x00,
    0x00,0x00,0x00,0x00,0x00,0x00,0x00,0x00,0x00,0x00,0x00,0x00,0x00,0x00,0x00,0x00,
    0x00,0x00,0x00,0x00,0x00,0x00,0x00,0x00,0x00,0x00,0x00,0x00,0x00,0x00,0x00,0x00,
    0x01,0x00,0x01,0x00,0x03,0x80,0x03,0x80,0x07,0xC0,0x07,0xC0,0x07,0xE0,0x0F,0xC0,
    0x03,0xF0,0x1F,0x80,0x01,0xF8,0x3F,0x00,0x00,0xFC,0x7E,0x00,0x00,0x7F,0xFC,0x00,
    0x00,0x3F,0xF8,0x00,0x00,0x1F,0xF0,0x00,0x00,0x0F,0xE0,0x00,0x00,0x0F,0xE0,0x00,
    0x00,0x1F,0xF0,0x00,0x00,0x3F,0xF8,0x00,0x00,0x7F,0xFC,0x00,0x00,0xFC,0x7E,0x00,
    0x01,0xF8,0x3F,0x00,0x03,0xF0,0x1F,0x80,0x07,0xE0,0x0F,0xC0,0x07,0xC0,0x07,0xC0,
    0x03,0x80,0x03,0x80,0x01,0x00,0x01,0x00,0x00,0x00,0x00,0x00,0x00,0x00,0x00,0x00,
    0x00,0x00,0x00,0x00,0x00,0x00,0x00,0x00,0x00,0x00,0x00,0x00,0x00,0x00,0x00,0x00,
    0x00,0x00,0x00,0x00,0x00,0x00,0x00,0x00,0x00,0x00,0x00,0x00,0x00,0x00,0x00,0x00,
    0x00,0x00,0x00,0x00,0x00,0x00,0x00,0x00,0x00,0x00,0x00,0x00,0x00,0x00,0x00,0x00,
    0x00,0x00,0x00,0x00,0x00,0x00,0x00,0x00,0x00,0x00,0x00,0x08,0x00,0x1F,0xF8,0x1C,
    0x00,0xFF,0xFE,0x3C,0x01,0xFF,0xFF,0xF8,0x07,0xFF,0xFF,0xF0,0x07,0xFF,0xFF,0xE0,
    0x0F,0xFC,0x3F,0xE0,0x1F,0xF0,0x0F,0xF0,0x1F,0xE0,0x0F,0xF8,0x3F,0xC0,0x1F,0xF8,
    0x3F,0xC0,0x3F,0xF8,0x3F,0xC0,0x7B,0xF8,0x3F,0x81,0xF3,0xFC,0x3F,0x83,0xE3,0xFC,
    0x3F,0x87,0xC3,0xFC,0x3F,0x8F,0x83,0xFC,0x3F,0x9F,0x03,0xFC,0x3F,0xFE,0x03,0xFC,
    0x3F,0xFC,0x03,0xF8,0x3F,0xF8,0x07,0xF8,0x1F,0xF0,0x07,0xF8,0x1F,0xF0,0x0F,0xF0,
    0x0F,0xFC,0x3F,0xF0,0x0F,0xFF,0xFF,0xE0,0x1F,0xFF,0xFF,0xC0,0x3F,0xFF,0xFF,0x80,
    0x78,0xFF,0xFE,0x00,0x70,0x1F,0xF8,0x00,0x20,0x00,0x00,0x00,0x00,0x00,0x00,0x00,
    0x00,0x00,0x00,0x00,0x00,0x00,0x00,0x00,0x00,0x00,0x00,0x00,0x00,0x00,0x00,0x00,
    0x00,0x00,0x00,0x00,0x00,0x00,0x00,0x00,0x00,0x00,0x00,0x00,0x00,0x7C,0x00,0x00,
    0x00,0x3E,0x00,0x00,0x00,0x1F,0x00,0x00,0x00,0x0F,0x00,0x00,0x00,0x07,0x80,0x00,
    0x00,0x00,0x00,0x00,0x00,0x00,0x00,0x00,0x00,0x00,0x00,0x00,0x1F,0xE0,0x1F,0xE0,
    0x1F,0xE0,0x1F,0xE0,0x1F,0xE0,0x1F,0xE0,0x1F,0xE0,0x1F,0xE0,0x1F,0xE0,0x1F,0xE0,
    0x1F,0xE0,0x1F,0xE0,0x1F,0xE0,0x1F,0xE0,0x1F,0xE0,0x1F,0xE0,0x1F,0xE0,0x1F,0xE0,
    0x1F,0xE0,0x1F,0xE0,0x1F,0xE0,0x1F,0xE0,0x1F,0xE0,0x1F,0xE0,0x1F,0xE0,0x1F,0xE0,
    0x1F,0xE0,0x1F,0xE0,0x1F,0xE0,0x1F,0xE0,0x1F,0xE0,0x1F,0xE0,0x1F,0xE0,0x1F,0xE0,
    0x1F,0xE0,0x1F,0xE0,0x1F,0xE0,0x1F,0xE0,0x0F,0xE0,0x1F,0xC0,0x0F,0xF0,0x3F,0xC0,
    0x0F,0xF8,0x7F,0xC0,0x07,0xFF,0xFF,0x80,0x07,0xFF,0xFF,0x80,0x03,0xFF,0xFF,0x00,
    0x00,0xFF,0xFC,0x00,0x00,0x3F,0xF0,0x00,0x00,0x00,0x00,0x00,0x00,0x00,0x00,0x00,
    0x00,0x00,0x00,0x00,0x00,0x00,0x00,0x00,0x00,0x00,0x00,0x00,0x00,0x00,0x00,0x00,
    0x00,0x00,0x00,0x00,0x00,0x00,0x00,0x00,0x00,0x00,0x00,0x00,0x00,0x01,0xF0,0x00,
    0x00,0x03,0xE0,0x00,0x00,0x03,0xC0,0x00,0x00,0x07,0x80,0x00,0x00,0x0F,0x00,0x00,
    0x00,0x00,0x00,0x00,0x00,0x00,0x00,0x00,0x00,0x00,0x00,0x00,0x1F,0xE0,0x1F,0xE0,
    0x1F,0xE0,0x1F,0xE0,0x1F,0xE0,0x1F,0xE0,0x1F,0xE0,0x1F,0xE0,0x1F,0xE0,0x1F,0xE0,
    0x1F,0xE0,0x1F,0xE0,0x1F,0xE0,0x1F,0xE0,0x1F,0xE0,0x1F,0xE0,0x1F,0xE0,0x1F,0xE0,
    0x1F,0xE0,0x1F,0xE0,0x1F,0xE0,0x1F,0xE0,0x1F,0xE0,0x1F,0xE0,0x1F,0xE0,0x1F,0xE0,
    0x1F,0xE0,0x1F,0xE0,0x1F,0xE0,0x1F,0xE0,0x1F,0xE0,0x1F,0xE0,0x1F,0xE0,0x1F,0xE0,
    0x1F,0xE0,0x1F,0xE0,0x1F,0xE0,0x1F,0xE0,0x0F,0xE0,0x1F,0xC0,0x0F,0xF0,0x3F,0xC0,
    0x0F,0xF8,0x7F,0xC0,0x07,0xFF,0xFF,0x80,0x07,0xFF,0xFF,0x80,0x03,0xFF,0xFF,0x00,
    0x00,0xFF,0xFC,0x00,0x00,0x3F,0xF0,0x00,0x00,0x00,0x00,0x00,0x00,0x00,0x00,0x00,
    0x00,0x00,0x00,0x00,0x00,0x00,0x00,0x00,0x00,0x00,0x00,0x00,0x00,0x00,0x00,0x00,
    0x00,0x00,0x00,0x00,0x00,0x00,0x00,0x00,0x00,0x00,0x00,0x00,0x00,0x0F,0xC0,0x00,
    0x00,0x1F,0xE0,0x00,0x00,0x3F,0xF0,0x00,0x00,0x78,0x78,0x00,0x00,0xF0,0x3C,0x00,
    0x00,0x00,0x00,0x00,0x00,0x00,0x00,0x00,0x00,0x00,0x00,0x00,0x1F,0xE0,0x1F,0xE0,
    0x1F,0xE0,0x1F,0xE0,0x1F,0xE0,0x1F,0xE0,0x1F,0xE0,0x1F,0xE0,0x1F,0xE0,0x1F,0xE0,
    0x1F,0xE0,0x1F,0xE0,0x1F,0xE0,0x1F,0xE0,0x1F,0xE0,0x1F,0xE0,0x1F,0xE0,0x1F,0xE0,
    0x1F,0xE0,0x1F,0xE0,0x1F,0xE0,0x1F,0xE0,0x1F,0xE0,0x1F,0xE0,0x1F,0xE0,0x1F,0xE0,
    0x1F,0xE0,0x1F,0xE0,0x1F,0xE0,0x1F,0xE0,0x1F,0xE0,0x1F,0xE0,0x1F,0xE0,0x1F,0xE0,
    0x1F,0xE0,0x1F,0xE0,0x1F,0xE0,0x1F,0xE0,0x0F,0xE0,0x1F,0xC0,0x0F,0xF0,0x3F,0xC0,
    0x0F,0xF8,0x7F,0xC0,0x07,0xFF,0xFF,0x80,0x07,0xFF,0xFF,0x80,0x03,0xFF,0xFF,0x00,
    0x00,0xFF,0xFC,0x00,0x00,0x3F,0xF0,0x00,0x00,0x00,0x00,0x00,0x00,0x00,0x00,0x00,
    0x00,0x00,0x00,0x00,0x00,0x00,0x00,0x00,0x00,0x00,0x00,0x00,0x00,0x00,0x00,0x00,
    0x00,0x00,0x00,0x00,0x00,0x00,0x00,0x00,0x00,0x00,0x00,0x00,0x00,0x00,0x00,0x00,
    0x00,0x7C,0xF8,0x00,0x00,0x7C,0xF8,0x00,0x00,0x7C,0xF8,0x00,0x00,0x7C,0xF8,0x00,
    0x00,0x00,0x00,0x00,0x00,0x00,0x00,0x00,0x00,0x00,0x00,0x00,0x1F,0xE0,0x1F,0xE0,
    0x1F,0xE0,0x1F,0xE0,0x1F,0xE0,0x1F,0xE0,0x1F,0xE0,0x1F,0xE0,0x1F,0xE0,0x1F,0xE0,
    0x1F,0xE0,0x1F,0xE0,0x1F,0xE0,0x1F,0xE0,0x1F,0xE0,0x1F,0xE0,0x1F,0xE0,0x1F,0xE0,
    0x1F,0xE0,0x1F,0xE0,0x1F,0xE0,0x1F,0xE0,0x1F,0xE0,0x1F,0xE0,0x1F,0xE0,0x1F,0xE0,
    0x1F,0xE0,0x1F,0xE0,0x1F,0xE0,0x1F,0xE0,0x1F,0xE0,0x1F,0xE0,0x1F,0xE0,0x1F,0xE0,
    0x1F,0xE0,0x1F,0xE0,0x1F,0xE0,0x1F,0xE0,0x0F,0xE0,0x1F,0xC0,0x0F,0xF0,0x3F,0xC0,
    0x0F,0xF8,0x7F,0xC0,0x07,0xFF,0xFF,0x80,0x07,0xFF,0xFF,0x80,0x03,0xFF,0xFF,0x00,
    0x00,0xFF,0xFC,0x00,0x00,0x3F,0xF0,0x00,0x00,0x00,0x00,0x00,0x00,0x00,0x00,0x00,
    0x00,0x00,0x00,0x00,0x00,0x00,0x00,0x00,0x00,0x00,0x00,0x00,0x00,0x00,0x00,0x00,
    0x00,0x00,0x00,0x00,0x00,0x00,0x00,0x00,0x00,0x00,0x00,0x00,0x00,0x07,0xE0,0x00,
    0x00,0x07,0xC0,0x00,0x00,0x0F,0x80,0x00,0x00,0x1F,0x00,0x00,0x00,0x3E,0x00,0x00,
    0x00,0x00,0x00,0x00,0x00,0x00,0x00,0x00,0x00,0x00,0x00,0x00,0xFF,0x00,0x1F,0xE0,
    0xFF,0x00,0x3F,0xC0,0x7F,0x80,0x3F,0xC0,0x3F,0xC0,0x7F,0x80,0x3F,0xC0,0xFF,0x00,
    0x1F,0xE0,0xFF,0x00,0x0F,0xF1,0xFE,0x00,0x0F,0xF1,0xFC,0x00,0x07,0xFB,0xFC,0x00,
    0x03,0xFF,0xF8,0x00,0x03,0xFF,0xF0,0x00,0x01,0xFF,0xF0,0x00,0x00,0xFF,0xE0,0x00,
    0x00,0xFF,0xC0,0x00,0x00,0x7F,0xC0,0x00,0x00,0x3F,0x80,0x00,0x00,0x3F,0x80,0x00,
    0x00,0x3F,0x80,0x00,0x00,0x3F,0x80,0x00,0x00,0x3F,0x80,0x00,0x00,0x3F,0x80,0x00,
    0x00,0x3F,0x80,0x00,0x00,0x3F,0x80,0x00,0x00,0x3F,0x80,0x00,0x00,0x3F,0x80,0x00,
    0x00,0x3F,0x80,0x00,0x00,0x3F,0x80,0x00,0x00,0x00,0x00,0x00,0x00,0x00,0x00,0x00,
    0x00,0x00,0x00,0x00,0x00,0x00,0x00,0x00,0x00,0x00,0x00,0x00,0x00,0x00,0x00,0x00,
    0x00,0x00,0x00,0x00,0x00,0x00,0x00,0x00,0x00,0x00,0x00,0x00,0x00,0x00,0x00,0x00,
    0x00,0x00,0x00,0x00,0x00,0x00,0x00,0x00,0x00,0x00,0x00,0x00,0x00,0x00,0x00,0x00,
    0x00,0x00,0x00,0x00,0x00,0x00,0x00,0x00,0x00,0x00,0x00,0x00,0x1F,0xE0,0x00,0x00,
    0x1F,0xE0,0x00,0x00,0x1F,0xE0,0x00,0x00,0x1F,0xE0,0x00,0x00,0x1F,0xE0,0x00,0x00,
    0x1F,0xFF,0xF0,0x00,0x1F,0xFF,0xFC,0x00,0x1F,0xFF,0xFE,0x00,0x1F,0xFF,0xFF,0x00,
    0x1F,0xFF,0xFF,0x80,0x1F,0xE0,0xFF,0x80,0x1F,0xE0,0x7F,0x80,0x1F,0xE0,0x3F,0xC0,
    0x1F,0xE0,0x3F,0xC0,0x1F,0xE0,0x3F,0xC0,0x1F,0xE0,0x3F,0xC0,0x1F,0xE0,0x7F,0x80,
    0x1F,0xE0,0xFF,0x80,0x1F,0xFF,0xFF,0x80,0x1F,0xFF,0xFF,0x00,0x1F,0xFF,0xFE,0x00,
    0x1F,0xFF,0xFC,0x00,0x1F,0xFF,0xF0,0x00,0x1F,0xE0,0x00,0x00,0x1F,0xE0,0x00,0x00,
    0x1F,0xE0,0x00,0x00,0x1F,0xE0,0x00,0x00,0x00,0x00,0x00,0x00,0x00,0x00,0x00,0x00,
    0x00,0x00,0x00,0x00,0x00,0x00,0x00,0x00,0x00,0x00,0x00,0x00,0x00,0x00,0x00,0x00,
    0x00,0x00,0x00,0x00,0x00,0x00,0x00,0x00,0x00,0x00,0x00,0x00,0x00,0x00,0x00,0x00,
    0x00,0x00,0x00,0x00,0x00,0x00,0x00,0x00,0x00,0x00,0x00,0x00,0x00,0x00,0x00,0x00,
    0x00,0x00,0x00,0x00,0x00,0x00,0x00,0x00,0x00,0xFF,0xC0,0x00,0x03,0xFF,0xF0,0x00,
    0x07,0xFF,0xF8,0x00,0x0F,0xFF,0xFC,0x00,0x1F,0xF1,0xFC,0x00,0x1F,0xC0,0xFC,0x00,
    0x1F,0xC0,0xFE,0x00,0x1F,0xC1,0xFE,0x00,0x1F,0xC3,0xFE,0x00,0x1F,0xC7,0xF0,0x00,
    0x1F,0xCF,0xC0,0x00,0x1F,0xCF,0x80,0x00,0x1F,0xDF,0x80,0x00,0x1F,0xDF,0xC0,0x00,
    0x1F,0xCF,0xF0,0x00,0x1F,0xCF,0xFC,0x00,0x1F,0xC7,0xFE,0x00,0x1F,0xC3,0xFF,0x00,
    0x1F,0xC1,0xFF,0x80,0x1F,0xC0,0x7F,0x80,0x1F,0xC0,0x3F,0x80,0x1F,0xC0,0x3F,0x80,
    0x1F,0xC0,0x3F,0x80,0x1F,0xCC,0x7F,0x80,0x1F,0xDF,0xFF,0x80,0x1F,0xDF,0xFF,0x00,
    0x1F,0xDF,0xFE,0x00,0x1F,0xC7,0xF8,0x00,0x00,0x00,0x00,0x00,0x00,0x00,0x00,0x00,
    0x00,0x00,0x00,0x00,0x00,0x00,0x00,0x00,0x00,0x00,0x00,0x00,0x00,0x00,0x00,0x00,
    0x00,0x00,0x00,0x00,0x00,0x00,0x00,0x00,0x00,0x00,0x00,0x00,0x00,0x00,0x00,0x00,
    0x00,0x00,0x00,0x00,0x00,0x00,0x00,0x00,0x00,0x00,0x00,0x00,0x00,0x00,0x00,0x00,
    0x07,0xE0,0x00,0x00,0x03,0xE0,0x00,0x00,0x01,0xF0,0x00,0x00,0x00,0xF8,0x00,0x00,
    0x00,0x7C,0x00,0x00,0x00,0x3C,0x00,0x00,0x00,0x1E,0x00,0x00,0x00,0x00,0x00,0x00,
    0x00,0x00,0x00,0x00,0x00,0x00,0x00,0x00,0x07,0xFF,0x80,0x00,0x1F,0xFF,0xE0,0x00,
    0x1F,0xFF,0xF0,0x00,0x1F,0xFF,0xF8,0x00,0x1F,0x07,0xFC,0x00,0x18,0x01,0xFC,0x00,
    0x00,0x01,0xFC,0x00,0x03,0xFF,0xFC,0x00,0x0F,0xFF,0xFC,0x00,0x1F,0xFF,0xFC,0x00,
    0x3F,0xFF,0xFC,0x00,0x3F,0xC1,0xFC,0x00,0x3F,0x81,0xFC,0x00,0x7F,0x01,0xFC,0x00,
    0x7F,0x83,0xFC,0x00,0x3F,0xC7,0xFC,0x00,0x3F,0xFF,0xFC,0x00,0x1F,0xFF,0xFC,0x00,
    0x0F,0xFD,0xFC,0x00,0x07,0xF1,0xFC,0x00,0x00,0x00,0x00,0x00,0x00,0x00,0x00,0x00,
    0x00,0x00,0x00,0x00,0x00,0x00,0x00,0x00,0x00,0x00,0x00,0x00,0x00,0x00,0x00,0x00,
    0x00,0x00,0x00,0x00,0x00,0x00,0x00,0x00,0x00,0x00,0x00,0x00,0x00,0x00,0x00,0x00,
    0x00,0x00,0x00,0x00,0x00,0x00,0x00,0x00,0x00,0x00,0x00,0x00,0x00,0x00,0x00,0x00,
    0x00,0x03,0xF0,0x00,0x00,0x03,0xE0,0x00,0x00,0x07,0xC0,0x00,0x00,0x0F,0x80,0x00,
    0x00,0x0F,0x00,0x00,0x00,0x1E,0x00,0x00,0x00,0x3C,0x00,0x00,0x00,0x00,0x00,0x00,
    0x00,0x00,0x00,0x00,0x00,0x00,0x00,0x00,0x07,0xFF,0x80,0x00,0x1F,0xFF,0xE0,0x00,
    0x1F,0xFF,0xF0,0x00,0x1F,0xFF,0xF8,0x00,0x1F,0x07,0xFC,0x00,0x18,0x01,0xFC,0x00,
    0x00,0x01,0xFC,0x00,0x03,0xFF,0xFC,0x00,0x0F,0xFF,0xFC,0x00,0x1F,0xFF,0xFC,0x00,
    0x3F,0xFF,0xFC,0x00,0x3F,0xC1,0xFC,0x00,0x3F,0x81,0xFC,0x00,0x7F,0x01,0xFC,0x00,
    0x7F,0x83,0xFC,0x00,0x3F,0xC7,0xFC,0x00,0x3F,0xFF,0xFC,0x00,0x1F,0xFF,0xFC,0x00,
    0x0F,0xFD,0xFC,0x00,0x07,0xF1,0xFC,0x00,0x00,0x00,0x00,0x00,0x00,0x00,0x00,0x00,
    0x00,0x00,0x00,0x00,0x00,0x00,0x00,0x00,0x00,0x00,0x00,0x00,0x00,0x00,0x00,0x00,
    0x00,0x00,0x00,0x00,0x00,0x00,0x00,0x00,0x00,0x00,0x00,0x00,0x00,0x00,0x00,0x00,
    0x00,0x00,0x00,0x00,0x00,0x00,0x00,0x00,0x00,0x00,0x00,0x00,0x00,0x00,0x00,0x00,
    0x00,0x3E,0x00,0x00,0x00,0x7F,0x00,0x00,0x00,0x7F,0x80,0x00,0x00,0xF7,0x80,0x00,
    0x01,0xE3,0xC0,0x00,0x01,0xC1,0xE0,0x00,0x03,0xC0,0xE0,0x00,0x00,0x00,0x00,0x00,
    0x00,0x00,0x00,0x00,0x00,0x00,0x00,0x00,0x07,0xFF,0x80,0x00,0x1F,0xFF,0xE0,0x00,
    0x1F,0xFF,0xF0,0x00,0x1F,0xFF,0xF8,0x00,0x1F,0x07,0xFC,0x00,0x18,0x01,0xFC,0x00,
    0x00,0x01,0xFC,0x00,0x03,0xFF,0xFC,0x00,0x0F,0xFF,0xFC,0x00,0x1F,0xFF,0xFC,0x00,
    0x3F,0xFF,0xFC,0x00,0x3F,0xC1,0xFC,0x00,0x3F,0x81,0xFC,0x00,0x7F,0x01,0xFC,0x00,
    0x7F,0x83,0xFC,0x00,0x3F,0xC7,0xFC,0x00,0x3F,0xFF,0xFC,0x00,0x1F,0xFF,0xFC,0x00,
    0x0F,0xFD,0xFC,0x00,0x07,0xF1,0xFC,0x00,0x00,0x00,0x00,0x00,0x00,0x00,0x00,0x00,
    0x00,0x00,0x00,0x00,0x00,0x00,0x00,0x00,0x00,0x00,0x00,0x00,0x00,0x00,0x00,0x00,
    0x00,0x00,0x00,0x00,0x00,0x00,0x00,0x00,0x00,0x00,0x00,0x00,0x00,0x00,0x00,0x00,
    0x00,0x00,0x00,0x00,0x00,0x00,0x00,0x00,0x00,0x00,0x00,0x00,0x00,0x00,0x00,0x00,
    0x00,0xF0,0xE0,0x00,0x01,0xFC,0xE0,0x00,0x03,0xFF,0xE0,0x00,0x03,0x9F,0xC0,0x00,
    0x03,0x87,0x80,0x00,0x00,0x00,0x00,0x00,0x00,0x00,0x00,0x00,0x00,0x00,0x00,0x00,
    0x00,0x00,0x00,0x00,0x00,0x00,0x00,0x00,0x07,0xFF,0x80,0x00,0x1F,0xFF,0xE0,0x00,
    0x1F,0xFF,0xF0,0x00,0x1F,0xFF,0xF8,0x00,0x1F,0x07,0xFC,0x00,0x18,0x01,0xFC,0x00,
    0x00,0x01,0xFC,0x00,0x03,0xFF,0xFC,0x00,0x0F,0xFF,0xFC,0x00,0x1F,0xFF,0xFC,0x00,
    0x3F,0xFF,0xFC,0x00,0x3F,0xC1,0xFC,0x00,0x3F,0x81,0xFC,0x00,0x7F,0x01,0xFC,0x00,
    0x7F,0x83,0xFC,0x00,0x3F,0xC7,0xFC,0x00,0x3F,0xFF,0xFC,0x00,0x1F,0xFF,0xFC,0x00,
    0x0F,0xFD,0xFC,0x00,0x07,0xF1,0xFC,0x00,0x00,0x00,0x00,0x00,0x00,0x00,0x00,0x00,
    0x00,0x00,0x00,0x00,0x00,0x00,0x00,0x00,0x00,0x00,0x00,0x00,0x00,0x00,0x00,0x00,
    0x00,0x00,0x00,0x00,0x00,0x00,0x00,0x00,0x00,0x00,0x00,0x00,0x00,0x00,0x00,0x00,
    0x00,0x00,0x00,0x00,0x00,0x00,0x00,0x00,0x00,0x00,0x00,0x00,0x00,0x00,0x00,0x00,
    0x00,0x00,0x00,0x00,0x01,0xE3,0xC0,0x00,0x01,0xE3,0xC0,0x00,0x01,0xE3,0xC0,0x00,
    0x01,0xE3,0xC0,0x00,0x00,0x00,0x00,0x00,0x00,0x00,0x00,0x00,0x00,0x00,0x00,0x00,
    0x00,0x00,0x00,0x00,0x00,0x00,0x00,0x00,0x07,0xFF,0x80,0x00,0x1F,0xFF,0xE0,0x00,
    0x1F,0xFF,0xF0,0x00,0x1F,0xFF,0xF8,0x00,0x1F,0x07,0xFC,0x00,0x18,0x01,0xFC,0x00,
    0x00,0x01,0xFC,0x00,0x03,0xFF,0xFC,0x00,0x0F,0xFF,0xFC,0x00,0x1F,0xFF,0xFC,0x00,
    0x3F,0xFF,0xFC,0x00,0x3F,0xC1,0xFC,0x00,0x3F,0x81,0xFC,0x00,0x7F,0x01,0xFC,0x00,
    0x7F,0x83,0xFC,0x00,0x3F,0xC7,0xFC,0x00,0x3F,0xFF,0xFC,0x00,0x1F,0xFF,0xFC,0x00,
    0x0F,0xFD,0xFC,0x00,0x07,0xF1,0xFC,0x00,0x00,0x00,0x00,0x00,0x00,0x00,0x00,0x00,
    0x00,0x00,0x00,0x00,0x00,0x00,0x00,0x00,0x00,0x00,0x00,0x00,0x00,0x00,0x00,0x00,
    0x00,0x00,0x00,0x00,0x00,0x00,0x00,0x00,0x00,0x00,0x00,0x00,0x00,0x00,0x00,0x00,
    0x00,0x00,0x00,0x00,0x00,0x3E,0x00,0x00,0x00,0x7F,0x00,0x00,0x00,0xFF,0x80,0x00,
    0x00,0xE3,0xC0,0x00,0x01,0xE1,0xC0,0x00,0x01,0xE1,0xC0,0x00,0x00,0xE3,0xC0,0x00,
    0x00,0xFF,0x80,0x00,0x00,0x7F,0x00,0x00,0x00,0x3E,0x00,0x00,0x00,0x00,0x00,0x00,
    0x00,0x00,0x00,0x00,0x00,0x00,0x00,0x00,0x07,0xFF,0x80,0x00,0x1F,0xFF,0xE0,0x00,
    0x1F,0xFF,0xF0,0x00,0x1F,0xFF,0xF8,0x00,0x1F,0x07,0xFC,0x00,0x18,0x01,0xFC,0x00,
    0x00,0x01,0xFC,0x00,0x03,0xFF,0xFC,0x00,0x0F,0xFF,0xFC,0x00,0x1F,0xFF,0xFC,0x00,
    0x3F,0xFF,0xFC,0x00,0x3F,0xC1,0xFC,0x00,0x3F,0x81,0xFC,0x00,0x7F,0x01,0xFC,0x00,
    0x7F,0x83,0xFC,0x00,0x3F,0xC7,0xFC,0x00,0x3F,0xFF,0xFC,0x00,0x1F,0xFF,0xFC,0x00,
    0x0F,0xFD,0xFC,0x00,0x07,0xF1,0xFC,0x00,0x00,0x00,0x00,0x00,0x00,0x00,0x00,0x00,
    0x00,0x00,0x00,0x00,0x00,0x00,0x00,0x00,0x00,0x00,0x00,0x00,0x00,0x00,0x00,0x00,
    0x00,0x00,0x00,0x00,0x00,0x00,0x00,0x00,0x00,0x00,0x00,0x00,0x00,0x00,0x00,0x00,
    0x00,0x00,0x00,0x00,0x00,0x00,0x00,0x00,0x00,0x00,0x00,0x00,0x00,0x00,0x00,0x00,
    0x00,0x00,0x00,0x00,0x00,0x00,0x00,0x00,0x00,0x00,0x00,0x00,0x00,0x00,0x00,0x00,
    0x00,0x00,0x00,0x00,0x00,0x00,0x00,0x00,0x00,0x00,0x00,0x00,0x00,0x00,0x00,0x00,
    0x00,0x00,0x00,0x00,0x00,0x00,0x00,0x00,0x00,0x00,0x00,0x00,0x00,0x00,0x00,0x00,
    0x00,0x00,0x00,0x00,0x00,0x00,0x00,0x07,0xFF,0x01,0xFE,0x00,0x1F,0xFF,0xC7,0xFF,
    0x80,0x1F,0xFF,0xEF,0xFF,0xC0,0x1F,0xFF,0xFF,0xFF,0xE0,0x1F,0x07,0xFF,0x8F,0xF0,
    0x18,0x01,0xFE,0x07,0xF0,0x00,0x01,0xFE,0x03,0xF8,0x03,0xFF,0xFC,0x03,0xF8,0x0F,
    0xFF,0xFF,0xFF,0xF8,0x1F,0xFF,0xFF,0xFF,0xF8,0x3F,0xFF,0xFF,0xFF,0xF8,0x3F,0xC1,
    0xFF,0xFF,0xF8,0x3F,0x81,0xFC,0x00,0x00,0x7F,0x01,0xFC,0x00,0x00,0x7F,0x83,0xFE,
    0x00,0x30,0x3F,0xC7,0xFF,0x81,0xF0,0x3F,0xFF,0xBF,0xFF,0xF0,0x1F,0xFF,0x1F,0xFF,
    0xF0,0x0F,0xFE,0x0F,0xFF,0xF0,0x07,0xF8,0x03,0xFF,0xC0,0x00,0x00,0x00,0x00,0x00,
    0x00,0x00,0x00,0x00,0x00,0x00,0x00,0x00,0x00,0x00,0x00,0x00,0x00,0x00,0x00,0x00,
    0x00,0x00,0x00,0x00,0x00,0x00,0x00,0x00,0x00,0x00,0x00,0x00,0x00,0x00,0x00,0x00,
    0x00,0x00,0x00,0x00,0x00,0x00,0x00,0x00,0x00,0x00,0x00,0x00,0x00,0x00,0x00,0x00,
    0x00,0x00,0x00,0x00,0x00,0x00,0x00,0x00,0x00,0x00,0x00,0x00,0x00,0x00,0x00,0x00,
    0x00,0x00,0x00,0x00,0x00,0x00,0x00,0x00,0x00,0x00,0x00,0x00,0x00,0x00,0x00,0x00,
    0x00,0x00,0x00,0x00,0x00,0x00,0xFF,0x80,0x03,0xFF,0xE0,0x07,0xFF,0xF0,0x0F,0xFF,
    0xF0,0x1F,0xFF,0xF0,0x3F,0xF0,0xF0,0x3F,0xC0,0x30,0x3F,0x80,0x00,0x3F,0x80,0x00,
    0x7F,0x80,0x00,0x7F,0x80,0x00,0x3F,0x80,0x00,0x3F,0x80,0x00,0x3F,0xC0,0x30,0x3F,
    0xF0,0xF0,0x1F,0xFF,0xF0,0x0F,0xFF,0xF0,0x07,0xFF,0xF0,0x03,0xFF,0xE0,0x00,0xFF,
    0x80,0x00,0x0E,0x00,0x00,0x07,0x00,0x00,0x07,0x00,0x00,0x0F,0x00,0x00,0xFF,0x00,
    0x00,0xFF,0x00,0x00,0xFE,0x00,0x00,0x00,0x00,0x00,0x00,0x00,0x00,0x00,0x00,0x00,
    0x00,0x00,0x00,0x00,0x00,0x00,0x00,0x00,0x00,0x00,0x00,0x00,0x00,0x00,0x00,0x00,
    0x03,0xE0,0x00,0x00,0x01,0xF0,0x00,0x00,0x00,0xF8,0x00,0x00,0x00,0x78,0x00,0x00,
    0x00,0x3C,0x00,0x00,0x00,0x1E,0x00,0x00,0x00,0x0F,0x00,0x00,0x00,0x00,0x00,0x00,
    0x00,0x00,0x00,0x00,0x00,0x00,0x00,0x00,0x00,0xFF,0x80,0x00,0x03,0xFF,0xE0,0x00,
    0x07,0xFF,0xF0,0x00,0x0F,0xFF,0xF8,0x00,0x1F,0xE3,0xFC,0x00,0x3F,0xC0,0xFE,0x00,
    0x3F,0x80,0xFE,0x00,0x3F,0x80,0xFE,0x00,0x3F,0xFF,0xFE,0x00,0x7F,0xFF,0xFE,0x00,
    0x7F,0xFF,0xFE,0x00,0x3F,0xFF,0xFF,0x00,0x3F,0x00,0x00,0x00,0x3F,0x80,0x00,0x00,
    0x3F,0xC0,0x06,0x00,0x1F,0xE0,0x7E,0x00,0x0F,0xFF,0xFE,0x00,0x07,0xFF,0xFE,0x00,
    0x03,0xFF,0xFE,0x00,0x00,0xFF,0xF0,0x00,0x00,0x00,0x00,0x00,0x00,0x00,0x00,0x00,
    0x00,0x00,0x00,0x00,0x00,0x00,0x00,0x00,0x00,0x00,0x00,0x00,0x00,0x00,0x00,0x00,
    0x00,0x00,0x00,0x00,0x00,0x00,0x00,0x00,0x00,0x00,0x00,0x00,0x00,0x00,0x00,0x00,
    0x00,0x00,0x00,0x00,0x00,0x00,0x00,0x00,0x00,0x00,0x00,0x00,0x00,0x00,0x00,0x00,
    0x00,0x01,0xF0,0x00,0x00,0x03,0xE0,0x00,0x00,0x03,0xE0,0x00,0x00,0x07,0xC0,0x00,
    0x00,0x0F,0x80,0x00,0x00,0x1F,0x00,0x00,0x00,0x1E,0x00,0x00,0x00,0x00,0x00,0x00,
    0x00,0x00,0x00,0x00,0x00,0x00,0x00,0x00,0x00,0xFF,0x80,0x00,0x03,0xFF,0xE0,0x00,
    0x07,0xFF,0xF0,0x00,0x0F,0xFF,0xF8,0x00,0x1F,0xE3,0xFC,0x00,0x3F,0xC0,0xFE,0x00,
    0x3F,0x80,0xFE,0x00,0x3F,0x80,0xFE,0x00,0x3F,0xFF,0xFE,0x00,0x7F,0xFF,0xFE,0x00,
    0x7F,0xFF,0xFE,0x00,0x3F,0xFF,0xFF,0x00,0x3F,0x00,0x00,0x00,0x3F,0x80,0x00,0x00,
    0x3F,0xC0,0x06,0x00,0x1F,0xE0,0x7E,0x00,0x0F,0xFF,0xFE,0x00,0x07,0xFF,0xFE,0x00,
    0x03,0xFF,0xFE,0x00,0x00,0xFF,0xF0,0x00,0x00,0x00,0x00,0x00,0x00,0x00,0x00,0x00,
    0x00,0x00,0x00,0x00,0x00,0x00,0x00,0x00,0x00,0x00,0x00,0x00,0x00,0x00,0x00,0x00,
    0x00,0x00,0x00,0x00,0x00,0x00,0x00,0x00,0x00,0x00,0x00,0x00,0x00,0x00,0x00,0x00,
    0x00,0x00,0x00,0x00,0x00,0x00,0x00,0x00,0x00,0x00,0x00,0x00,0x00,0x00,0x00,0x00,
    0x00,0x3F,0x00,0x00,0x00,0x3F,0x80,0x00,0x00,0x7F,0x80,0x00,0x00,0xFB,0xC0,0x00,
    0x00,0xF3,0xE0,0x00,0x01,0xE1,0xE0,0x00,0x01,0xC0,0xF0,0x00,0x00,0x00,0x00,0x00,
    0x00,0x00,0x00,0x00,0x00,0x00,0x00,0x00,0x00,0xFF,0x80,0x00,0x03,0xFF,0xE0,0x00,
    0x07,0xFF,0xF0,0x00,0x0F,0xFF,0xF8,0x00,0x1F,0xE3,0xFC,0x00,0x3F,0xC0,0xFE,0x00,
    0x3F,0x80,0xFE,0x00,0x3F,0x80,0xFE,0x00,0x3F,0xFF,0xFE,0x00,0x7F,0xFF,0xFE,0x00,
    0x7F,0xFF,0xFE,0x00,0x3F,0xFF,0xFF,0x00,0x3F,0x00,0x00,0x00,0x3F,0x80,0x00,0x00,
    0x3F,0xC0,0x06,0x00,0x1F,0xE0,0x7E,0x00,0x0F,0xFF,0xFE,0x00,0x07,0xFF,0xFE,0x00,
    0x03,0xFF,0xFE,0x00,0x00,0xFF,0xF0,0x00,0x00,0x00,0x00,0x00,0x00,0x00,0x00,0x00,
    0x00,0x00,0x00,0x00,0x00,0x00,0x00,0x00,0x00,0x00,0x00,0x00,0x00,0x00,0x00,0x00,
    0x00,0x00,0x00,0x00,0x00,0x00,0x00,0x00,0x00,0x00,0x00,0x00,0x00,0x00,0x00,0x00,
    0x00,0x00,0x00,0x00,0x00,0x00,0x00,0x00,0x00,0x00,0x00,0x00,0x00,0x00,0x00,0x00,
    0x00,0x00,0x00,0x00,0x01,0xF3,0xE0,0x00,0x01,0xF3,0xE0,0x00,0x01,0xF3,0xE0,0x00,
    0x01,0xF3,0xE0,0x00,0x00,0x00,0x00,0x00,0x00,0x00,0x00,0x00,0x00,0x00,0x00,0x00,
    0x00,0x00,0x00,0x00,0x00,0x00,0x00,0x00,0x00,0xFF,0x80,0x00,0x03,0xFF,0xE0,0x00,
    0x07,0xFF,0xF0,0x00,0x0F,0xFF,0xF8,0x00,0x1F,0xE3,0xFC,0x00,0x3F,0xC0,0xFE,0x00,
    0x3F,0x80,0xFE,0x00,0x3F,0x80,0xFE,0x00,0x3F,0xFF,0xFE,0x00,0x7F,0xFF,0xFE,0x00,
    0x7F,0xFF,0xFE,0x00,0x3F,0xFF,0xFF,0x00,0x3F,0x00,0x00,0x00,0x3F,0x80,0x00,0x00,
    0x3F,0xC0,0x06,0x00,0x1F,0xE0,0x7E,0x00,0x0F,0xFF,0xFE,0x00,0x07,0xFF,0xFE,0x00,
    0x03,0xFF,0xFE,0x00,0x00,0xFF,0xF0,0x00,0x00,0x00,0x00,0x00,0x00,0x00,0x00,0x00,
    0x00,0x00,0x00,0x00,0x00,0x00,0x00,0x00,0x00,0x00,0x00,0x00,0x00,0x00,0x00,0x00,
    0x00,0x00,0x00,0x00,0x00,0x00,0x00,0x00,0x00,0x00,0x00,0x00,0x00,0x00,0x00,0x00,
    0x00,0x00,0x00,0x00,0x00,0x00,0xF8,0x00,0xFC,0x00,0x7C,0x00,0x3E,0x00,0x1F,0x00,
    0x0F,0x80,0x07,0x80,0x00,0x00,0x00,0x00,0x00,0x00,0x1F,0xC0,0x1F,0xC0,0x1F,0xC0,
    0x1F,0xC0,0x1F,0xC0,0x1F,0xC0,0x1F,0xC0,0x1F,0xC0,0x1F,0xC0,0x1F,0xC0,0x1F,0xC0,
    0x1F,0xC0,0x1F,0xC0,0x1F,0xC0,0x1F,0xC0,0x1F,0xC0,0x1F,0xC0,0x1F,0xC0,0x1F,0xC0,
    0x1F,0xC0,0x00,0x00,0x00,0x00,0x00,0x00,0x00,0x00,0x00,0x00,0x00,0x00,0x00,0x00,
    0x00,0x00,0x00,0x00,0x00,0x00,0x00,0x00,0x00,0x00,0x00,0x00,0x00,0x00,0x00,0x78,
    0x00,0xF8,0x01,0xF0,0x03,0xE0,0x03,0xC0,0x07,0x80,0x0F,0x00,0x00,0x00,0x00,0x00,
    0x00,0x00,0x1F,0xC0,0x1F,0xC0,0x1F,0xC0,0x1F,0xC0,0x1F,0xC0,0x1F,0xC0,0x1F,0xC0,
    0x1F,0xC0,0x1F,0xC0,0x1F,0xC0,0x1F,0xC0,0x1F,0xC0,0x1F,0xC0,0x1F,0xC0,0x1F,0xC0,
    0x1F,0xC0,0x1F,0xC0,0x1F,0xC0,0x1F,0xC0,0x1F,0xC0,0x00,0x00,0x00,0x00,0x00,0x00,
    0x00,0x00,0x00,0x00,0x00,0x00,0x00,0x00,0x00,0x00,0x00,0x00,0x00,0x00,0x00,0x00,
    0x00,0x00,0x00,0x00,0x00,0x00,0x0F,0x80,0x1F,0xC0,0x3F,0xC0,0x3D,0xE0,0x78,0xF0,
    0xF0,0xF0,0xE0,0x78,0x00,0x00,0x00,0x00,0x00,0x00,0x1F,0xC0,0x1F,0xC0,0x1F,0xC0,
    0x1F,0xC0,0x1F,0xC0,0x1F,0xC0,0x1F,0xC0,0x1F,0xC0,0x1F,0xC0,0x1F,0xC0,0x1F,0xC0,
    0x1F,0xC0,0x1F,0xC0,0x1F,0xC0,0x1F,0xC0,0x1F,0xC0,0x1F,0xC0,0x1F,0xC0,0x1F,0xC0,
    0x1F,0xC0,0x00,0x00,0x00,0x00,0x00,0x00,0x00,0x00,0x00,0x00,0x00,0x00,0x00,0x00,
    0x00,0x00,0x00,0x00,0x00,0x00,0x00,0x00,0x00,0x00,0x00,0x00,0x00,0x00,0x00,0x00,
    0xF8,0xF0,0xF8,0xF0,0xF8,0xF0,0xF8,0xF0,0x00,0x00,0x00,0x00,0x00,0x00,0x00,0x00,
    0x00,0x00,0x1F,0xC0,0x1F,0xC0,0x1F,0xC0,0x1F,0xC0,0x1F,0xC0,0x1F,0xC0,0x1F,0xC0,
    0x1F,0xC0,0x1F,0xC0,0x1F,0xC0,0x1F,0xC0,0x1F,0xC0,0x1F,0xC0,0x1F,0xC0,0x1F,0xC0,
    0x1F,0xC0,0x1F,0xC0,0x1F,0xC0,0x1F,0xC0,0x1F,0xC0,0x00,0x00,0x00,0x00,0x00,0x00,
    0x00,0x00,0x00,0x00,0x00,0x00,0x00,0x00,0x00,0x00,0x00,0x00,0x00,0x00,0x00,0x00,
    0x00,0x00,0x00,0x00,0x00,0x00,0x00,0x00,0x00,0x00,0x00,0x00,0x00,0x00,0x00,0x00,
    0x00,0x00,0x00,0x00,0x00,0x00,0x00,0x00,0x03,0xF8,0x18,0x00,0x01,0xFC,0xFC,0x00,
    0x00,0xFF,0xFC,0x00,0x00,0x7F,0xE0,0x00,0x03,0xFF,0x80,0x00,0x0F,0xFF,0xC0,0x00,
    0x0F,0x8F,0xC0,0x00,0x0C,0x07,0xE0,0x00,0x00,0x03,0xF0,0x00,0x01,0xFF,0xF8,0x00,
    0x07,0xFF,0xFC,0x00,0x0F,0xFF,0xFC,0x00,0x1F,0xFF,0xFE,0x00,0x3F,0xFF,0xFE,0x00,
    0x3F,0xE1,0xFF,0x00,0x3F,0x80,0x7F,0x00,0x3F,0x80,0x7F,0x00,0x7F,0x80,0x7F,0x00,
    0x7F,0x80,0x7F,0x00,0x3F,0x80,0x7F,0x00,0x3F,0x80,0xFF,0x00,0x3F,0xC0,0xFE,0x00,
    0x3F,0xE3,0xFE,0x00,0x1F,0xFF,0xFC,0x00,0x0F,0xFF,0xFC,0x00,0x07,0xFF,0xF8,0x00,
    0x03,0xFF,0xE0,0x00,0x00,0xFF,0x80,0x00,0x00,0x00,0x00,0x00,0x00,0x00,0x00,0x00,
    0x00,0x00,0x00,0x00,0x00,0x00,0x00,0x00,0x00,0x00,0x00,0x00,0x00,0x00,0x00,0x00,
    0x00,0x00,0x00,0x00,0x00,0x00,0x00,0x00,0x00,0x00,0x00,0x00,0x00,0x00,0x00,0x00,
    0x00,0x00,0x00,0x00,0x00,0x00,0x00,0x00,0x00,0x00,0x00,0x00,0x00,0x00,0x00,0x00,
    0x00,0x78,0x70,0x00,0x00,0xFE,0x70,0x00,0x00,0xFF,0xF0,0x00,0x01,0xCF,0xE0,0x00,
    0x01,0xC3,0xC0,0x00,0x00,0x00,0x00,0x00,0x00,0x00,0x00,0x00,0x00,0x00,0x00,0x00,
    0x00,0x00,0x00,0x00,0x00,0x00,0x00,0x00,0x1F,0xC7,0xF0,0x00,0x1F,0xDF,0xF8,0x00,
    0x1F,0xFF,0xFC,0x00,0x1F,0xFF,0xFE,0x00,0x1F,0xFF,0xFE,0x00,0x1F,0xF1,0xFE,0x00,
    0x1F,0xE0,0xFF,0x00,0x1F,0xC0,0x7F,0x00,0x1F,0xC0,0x7F,0x00,0x1F,0xC0,0x7F,0x00,
    0x1F,0xC0,0x7F,0x00,0x1F,0xC0,0x7F,0x00,0x1F,0xC0,0x7F,0x00,0x1F,0xC0,0x7F,0x00,
    0x1F,0xC0,0x7F,0x00,0x1F,0xC0,0x7F,0x00,0x1F,0xC0,0x7F,0x00,0x1F,0xC0,0x7F,0x00,
    0x1F,0xC0,0x7F,0x00,0x1F,0xC0,0x7F,0x00,0x00,0x00,0x00,0x00,0x00,0x00,0x00,0x00,
    0x00,0x00,0x00,0x00,0x00,0x00,0x00,0x00,0x00,0x00,0x00,0x00,0x00,0x00,0x00,0x00,
    0x00,0x00,0x00,0x00,0x00,0x00,0x00,0x00,0x00,0x00,0x00,0x00,0x00,0x00,0x00,0x00,
    0x00,0x00,0x00,0x00,0x00,0x00,0x00,0x00,0x00,0x00,0x00,0x00,0x00,0x00,0x00,0x00,
    0x03,0xE0,0x00,0x00,0x01,0xF0,0x00,0x00,0x00,0xF8,0x00,0x00,0x00,0x78,0x00,0x00,
    0x00,0x3C,0x00,0x00,0x00,0x1E,0x00,0x00,0x00,0x0F,0x00,0x00,0x00,0x00,0x00,0x00,
    0x00,0x00,0x00,0x00,0x00,0x00,0x00,0x00,0x00,0xFF,0x80,0x00,0x03,0xFF,0xF0,0x00,
    0x07,0xFF,0xF8,0x00,0x0F,0xFF,0xFC,0x00,0x1F,0xFF,0xFE,0x00,0x3F,0xE3,0xFE,0x00,
    0x3F,0xC0,0xFE,0x00,0x3F,0x80,0xFF,0x00,0x3F,0x80,0x7F,0x00,0x7F,0x80,0x7F,0x00,
    0x7F,0x80,0x7F,0x00,0x3F,0x80,0x7F,0x00,0x3F,0x80,0xFF,0x00,0x3F,0xC0,0xFE,0x00,
    0x3F,0xE1,0xFE,0x00,0x1F,0xFF,0xFE,0x00,0x0F,0xFF,0xFC,0x00,0x07,0xFF,0xF8,0x00,
    0x03,0xFF,0xF0,0x00,0x00,0xFF,0x80,0x00,0x00,0x00,0x00,0x00,0x00,0x00,0x00,0x00,
    0x00,0x00,0x00,0x00,0x00,0x00,0x00,0x00,0x00,0x00,0x00,0x00,0x00,0x00,0x00,0x00,
    0x00,0x00,0x00,0x00,0x00,0x00,0x00,0x00,0x00,0x00,0x00,0x00,0x00,0x00,0x00,0x00,
    0x00,0x00,0x00,0x00,0x00,0x00,0x00,0x00,0x00,0x00,0x00,0x00,0x00,0x00,0x00,0x00,
    0x00,0x01,0xF0,0x00,0x00,0x03,0xE0,0x00,0x00,0x03,0xE0,0x00,0x00,0x07,0xC0,0x00,
    0x00,0x0F,0x80,0x00,0x00,0x1F,0x00,0x00,0x00,0x1E,0x00,0x00,0x00,0x00,0x00,0x00,
    0x00,0x00,0x00,0x00,0x00,0x00,0x00,0x00,0x00,0xFF,0x80,0x00,0x03,0xFF,0xF0,0x00,
    0x07,0xFF,0xF8,0x00,0x0F,0xFF,0xFC,0x00,0x1F,0xFF,0xFE,0x00,0x3F,0xE3,0xFE,0x00,
    0x3F,0xC0,0xFE,0x00,0x3F,0x80,0xFF,0x00,0x3F,0x80,0x7F,0x00,0x7F,0x80,0x7F,0x00,
    0x7F,0x80,0x7F,0x00,0x3F,0x80,0x7F,0x00,0x3F,0x80,0xFF,0x00,0x3F,0xC0,0xFE,0x00,
    0x3F,0xE1,0xFE,0x00,0x1F,0xFF,0xFE,0x00,0x0F,0xFF,0xFC,0x00,0x07,0xFF,0xF8,0x00,
    0x03,0xFF,0xF0,0x00,0x00,0xFF,0x80,0x00,0x00,0x00,0x00,0x00,0x00,0x00,0x00,0x00,
    0x00,0x00,0x00,0x00,0x00,0x00,0x00,0x00,0x00,0x00,0x00,0x00,0x00,0x00,0x00,0x00,
    0x00,0x00,0x00,0x00,0x00,0x00,0x00,0x00,0x00,0x00,0x00,0x00,0x00,0x00,0x00,0x00,
    0x00,0x00,0x00,0x00,0x00,0x00,0x00,0x00,0x00,0x00,0x00,0x00,0x00,0x00,0x00,0x00,
    0x00,0x3E,0x00,0x00,0x00,0x7F,0x00,0x00,0x00,0x7F,0x80,0x00,0x00,0xF7,0x80,0x00,
    0x01,0xE3,0xC0,0x00,0x01,0xE1,0xE0,0x00,0x03,0xC0,0xE0,0x00,0x00,0x00,0x00,0x00,
    0x00,0x00,0x00,0x00,0x00,0x00,0x00,0x00,0x00,0xFF,0x80,0x00,0x03,0xFF,0xF0,0x00,
    0x07,0xFF,0xF8,0x00,0x0F,0xFF,0xFC,0x00,0x1F,0xFF,0xFE,0x00,0x3F,0xE3,0xFE,0x00,
    0x3F,0xC0,0xFE,0x00,0x3F,0x80,0xFF,0x00,0x3F,0x80,0x7F,0x00,0x7F,0x80,0x7F,0x00,
    0x7F,0x80,0x7F,0x00,0x3F,0x80,0x7F,0x00,0x3F,0x80,0xFF,0x00,0x3F,0xC0,0xFE,0x00,
    0x3F,0xE1,0xFE,0x00,0x1F,0xFF,0xFE,0x00,0x0F,0xFF,0xFC,0x00,0x07,0xFF,0xF8,0x00,
    0x03,0xFF,0xF0,0x00,0x00,0xFF,0x80,0x00,0x00,0x00,0x00,0x00,0x00,0x00,0x00,0x00,
    0x00,0x00,0x00,0x00,0x00,0x00,0x00,0x00,0x00,0x00,0x00,0x00,0x00,0x00,0x00,0x00,
    0x00,0x00,0x00,0x00,0x00,0x00,0x00,0x00,0x00,0x00,0x00,0x00,0x00,0x00,0x00,0x00,
    0x00,0x00,0x00,0x00,0x00,0x00,0x00,0x00,0x00,0x00,0x00,0x00,0x00,0x00,0x00,0x00,
    0x00,0xF0,0xE0,0x00,0x01,0xFC,0xE0,0x00,0x01,0xFF,0xE0,0x00,0x03,0xDF,0xC0,0x00,
    0x03,0x87,0x80,0x00,0x00,0x00,0x00,0x00,0x00,0x00,0x00,0x00,0x00,0x00,0x00,0x00,
    0x00,0x00,0x00,0x00,0x00,0x00,0x00,0x00,0x00,0xFF,0x80,0x00,0x03,0xFF,0xF0,0x00,
    0x07,0xFF,0xF8,0x00,0x0F,0xFF,0xFC,0x00,0x1F,0xFF,0xFE,0x00,0x3F,0xE3,0xFE,0x00,
    0x3F,0xC0,0xFE,0x00,0x3F,0x80,0xFF,0x00,0x3F,0x80,0x7F,0x00,0x7F,0x80,0x7F,0x00,
    0x7F,0x80,0x7F,0x00,0x3F,0x80,0x7F,0x00,0x3F,0x80,0xFF,0x00,0x3F,0xC0,0xFE,0x00,
    0x3F,0xE1,0xFE,0x00,0x1F,0xFF,0xFE,0x00,0x0F,0xFF,0xFC,0x00,0x07,0xFF,0xF8,0x00,
    0x03,0xFF,0xF0,0x00,0x00,0xFF,0x80,0x00,0x00,0x00,0x00,0x00,0x00,0x00,0x00,0x00,
    0x00,0x00,0x00,0x00,0x00,0x00,0x00,0x00,0x00,0x00,0x00,0x00,0x00,0x00,0x00,0x00,
    0x00,0x00,0x00,0x00,0x00,0x00,0x00,0x00,0x00,0x00,0x00,0x00,0x00,0x00,0x00,0x00,
    0x00,0x00,0x00,0x00,0x00,0x00,0x00,0x00,0x00,0x00,0x00,0x00,0x00,0x00,0x00,0x00,
    0x00,0x00,0x00,0x00,0x01,0xE3,0xE0,0x00,0x01,0xE3,0xE0,0x00,0x01,0xE3,0xE0,0x00,
    0x01,0xE3,0xE0,0x00,0x00,0x00,0x00,0x00,0x00,0x00,0x00,0x00,0x00,0x00,0x00,0x00,
    0x00,0x00,0x00,0x00,0x00,0x00,0x00,0x00,0x00,0xFF,0x80,0x00,0x03,0xFF,0xF0,0x00,
    0x07,0xFF,0xF8,0x00,0x0F,0xFF,0xFC,0x00,0x1F,0xFF,0xFE,0x00,0x3F,0xE3,0xFE,0x00,
    0x3F,0xC0,0xFE,0x00,0x3F,0x80,0xFF,0x00,0x3F,0x80,0x7F,0x00,0x7F,0x80,0x7F,0x00,
    0x7F,0x80,0x7F,0x00,0x3F,0x80,0x7F,0x00,0x3F,0x80,0xFF,0x00,0x3F,0xC0,0xFE,0x00,
    0x3F,0xE1,0xFE,0x00,0x1F,0xFF,0xFE,0x00,0x0F,0xFF,0xFC,0x00,0x07,0xFF,0xF8,0x00,
    0x03,0xFF,0xF0,0x00,0x00,0xFF,0x80,0x00,0x00,0x00,0x00,0x00,0x00,0x00,0x00,0x00,
    0x00,0x00,0x00,0x00,0x00,0x00,0x00,0x00,0x00,0x00,0x00,0x00,0x00,0x00,0x00,0x00,
    0x00,0x00,0x00,0x00,0x00,0x00,0x00,0x00,0x00,0x00,0x00,0x00,0x00,0x00,0x00,0x00,
    0x00,0x00,0x00,0x00,0x00,0x00,0x00,0x00,0x00,0x00,0x00,0x00,0x00,0x00,0x00,0x00,
    0x00,0x00,0x00,0x00,0x00,0x00,0x00,0x00,0x00,0x00,0x00,0x00,0x00,0x00,0x00,0x00,
    0x00,0x00,0x00,0x00,0x00,0x00,0x00,0x00,0x00,0x00,0x00,0x00,0x00,0x00,0x00,0x00,
    0x00,0x07,0xC0,0x00,0x00,0x07,0xC0,0x00,0x00,0x07,0xC0,0x00,0x00,0x07,0xC0,0x00,
    0x00,0x07,0xC0,0x00,0x00,0x07,0xC0,0x00,0x00,0x00,0x00,0x00,0x00,0x00,0x00,0x00,
    0x0F,0xFF,0xFF,0xE0,0x0F,0xFF,0xFF,0xE0,0x0F,0xFF,0xFF,0xE0,0x0F,0xFF,0xFF,0xE0,
    0x00,0x00,0x00,0x00,0x00,0x00,0x00,0x00,0x00,0x07,0xC0,0x00,0x00,0x07,0xC0,0x00,
    0x00,0x07,0xC0,0x00,0x00,0x07,0xC0,0x00,0x00,0x07,0xC0,0x00,0x00,0x07,0xC0,0x00,
    0x00,0x00,0x00,0x00,0x00,0x00,0x00,0x00,0x00,0x00,0x00,0x00,0x00,0x00,0x00,0x00,
    0x00,0x00,0x00,0x00,0x00,0x00,0x00,0x00,0x00,0x00,0x00,0x00,0x00,0x00,0x00,0x00,
    0x00,0x00,0x00,0x00,0x00,0x00,0x00,0x00,0x00,0x00,0x00,0x00,0x00,0x00,0x00,0x00,
    0x00,0x00,0x00,0x00,0x00,0x00,0x00,0x00,0x00,0x00,0x00,0x00,0x00,0x00,0x00,0x00,
    0x00,0x00,0x00,0x00,0x00,0x00,0x00,0x00,0x00,0x00,0x00,0x00,0x00,0x00,0x00,0x00,
    0x00,0x00,0x00,0x00,0x00,0x00,0x00,0x00,0x00,0x00,0x00,0x00,0x00,0x00,0x00,0x00,
    0x00,0x00,0x00,0x00,0x00,0x00,0x06,0x00,0x00,0xFF,0x8F,0x00,0x03,0xFF,0xFE,0x00,
    0x0F,0xFF,0xFC,0x00,0x0F,0xFF,0xFC,0x00,0x1F,0xFF,0xFC,0x00,0x3F,0xE3,0xFE,0x00,
    0x3F,0xC3,0xFE,0x00,0x3F,0x87,0xFF,0x00,0x3F,0x8F,0x7F,0x00,0x7F,0x9E,0x7F,0x00,
    0x7F,0xBC,0x7F,0x00,0x3F,0xF8,0x7F,0x00,0x3F,0xF0,0xFF,0x00,0x3F,0xE0,0xFF,0x00,
    0x3F,0xE3,0xFE,0x00,0x1F,0xFF,0xFE,0x00,0x0F,0xFF,0xFC,0x00,0x1F,0xFF,0xF8,0x00,
    0x3F,0xFF,0xF0,0x00,0x38,0xFF,0x80,0x00,0x30,0x00,0x00,0x00,0x00,0x00,0x00,0x00,
    0x00,0x00,0x00,0x00,0x00,0x00,0x00,0x00,0x00,0x00,0x00,0x00,0x00,0x00,0x00,0x00,
    0x00,0x00,0x00,0x00,0x00,0x00,0x00,0x00,0x00,0x00,0x00,0x00,0x00,0x00,0x00,0x00,
    0x00,0x00,0x00,0x00,0x00,0x00,0x00,0x00,0x00,0x00,0x00,0x00,0x00,0x00,0x00,0x00,
    0x03,0xF0,0x00,0x00,0x01,0xF0,0x00,0x00,0x00,0xF8,0x00,0x00,0x00,0x7C,0x00,0x00,
    0x00,0x3E,0x00,0x00,0x00,0x1E,0x00,0x00,0x00,0x0F,0x00,0x00,0x00,0x00,0x00,0x00,
    0x00,0x00,0x00,0x00,0x00,0x00,0x00,0x00,0x1F,0xC0,0x7E,0x00,0x1F,0xC0,0x7E,0x00,
    0x1F,0xC0,0x7E,0x00,0x1F,0xC0,0x7E,0x00,0x1F,0xC0,0x7E,0x00,0x1F,0xC0,0x7E,0x00,
    0x1F,0xC0,0x7E,0x00,0x1F,0xC0,0x7E,0x00,0x1F,0xC0,0x7E,0x00,0x1F,0xC0,0x7E,0x00,
    0x1F,0xC0,0x7E,0x00,0x1F,0xC0,0xFE,0x00,0x1F,0xC0,0xFE,0x00,0x1F,0xC1,0xFE,0x00,
    0x1F,0xE3,0xFE,0x00,0x1F,0xFF,0xFE,0x00,0x0F,0xFF,0xFE,0x00,0x0F,0xFF,0xFE,0x00,
    0x07,0xFE,0x7E,0x00,0x01,0xFC,0x7E,0x00,0x00,0x00,0x00,0x00,0x00,0x00,0x00,0x00,
    0x00,0x00,0x00,0x00,0x00,0x00,0x00,0x00,0x00,0x00,0x00,0x00,0x00,0x00,0x00,0x00,
    0x00,0x00,0x00,0x00,0x00,0x00,0x00,0x00,0x00,0x00,0x00,0x00,0x00,0x00,0x00,0x00,
    0x00,0x00,0x00,0x00,0x00,0x00,0x00,0x00,0x00,0x00,0x00,0x00,0x00,0x00,0x00,0x00,
    0x00,0x00,0xF8,0x00,0x00,0x01,0xF0,0x00,0x00,0x03,0xE0,0x00,0x00,0x07,0xC0,0x00,
    0x00,0x07,0x80,0x00,0x00,0x0F,0x00,0x00,0x00,0x1E,0x00,0x00,0x00,0x00,0x00,0x00,
    0x00,0x00,0x00,0x00,0x00,0x00,0x00,0x00,0x1F,0xC0,0x7E,0x00,0x1F,0xC0,0x7E,0x00,
    0x1F,0xC0,0x7E,0x00,0x1F,0xC0,0x7E,0x00,0x1F,0xC0,0x7E,0x00,0x1F,0xC0,0x7E,0x00,
    0x1F,0xC0,0x7E,0x00,0x1F,0xC0,0x7E,0x00,0x1F,0xC0,0x7E,0x00,0x1F,0xC0,0x7E,0x00,
    0x1F,0xC0,0x7E,0x00,0x1F,0xC0,0xFE,0x00,0x1F,0xC0,0xFE,0x00,0x1F,0xC1,0xFE,0x00,
    0x1F,0xE3,0xFE,0x00,0x1F,0xFF,0xFE,0x00,0x0F,0xFF,0xFE,0x00,0x0F,0xFF,0xFE,0x00,
    0x07,0xFE,0x7E,0x00,0x01,0xFC,0x7E,0x00,0x00,0x00,0x00,0x00,0x00,0x00,0x00,0x00,
    0x00,0x00,0x00,0x00,0x00,0x00,0x00,0x00,0x00,0x00,0x00,0x00,0x00,0x00,0x00,0x00,
    0x00,0x00,0x00,0x00,0x00,0x00,0x00,0x00,0x00,0x00,0x00,0x00,0x00,0x00,0x00,0x00,
    0x00,0x00,0x00,0x00,0x00,0x00,0x00,0x00,0x00,0x00,0x00,0x00,0x00,0x00,0x00,0x00,
    0x00,0x3F,0x00,0x00,0x00,0x3F,0x00,0x00,0x00,0x7F,0x80,0x00,0x00,0xFF,0xC0,0x00,
    0x00,0xF3,0xC0,0x00,0x01,0xE1,0xE0,0x00,0x03,0xC0,0xF0,0x00,0x00,0x00,0x00,0x00,
    0x00,0x00,0x00,0x00,0x00,0x00,0x00,0x00,0x1F,0xC0,0x7E,0x00,0x1F,0xC0,0x7E,0x00,
    0x1F,0xC0,0x7E,0x00,0x1F,0xC0,0x7E,0x00,0x1F,0xC0,0x7E,0x00,0x1F,0xC0,0x7E,0x00,
    0x1F,0xC0,0x7E,0x00,0x1F,0xC0,0x7E,0x00,0x1F,0xC0,0x7E,0x00,0x1F,0xC0,0x7E,0x00,
    0x1F,0xC0,0x7E,0x00,0x1F,0xC0,0xFE,0x00,0x1F,0xC0,0xFE,0x00,0x1F,0xC1,0xFE,0x00,
    0x1F,0xE3,0xFE,0x00,0x1F,0xFF,0xFE,0x00,0x0F,0xFF,0xFE,0x00,0x0F,0xFF,0xFE,0x00,
    0x07,0xFE,0x7E,0x00,0x01,0xFC,0x7E,0x00,0x00,0x00,0x00,0x00,0x00,0x00,0x00,0x00,
    0x00,0x00,0x00,0x00,0x00,0x00,0x00,0x00,0x00,0x00,0x00,0x00,0x00,0x00,0x00,0x00,
    0x00,0x00,0x00,0x00,0x00,0x00,0x00,0x00,0x00,0x00,0x00,0x00,0x00,0x00,0x00,0x00,
    0x00,0x00,0x00,0x00,0x00,0x00,0x00,0x00,0x00,0x00,0x00,0x00,0x00,0x00,0x00,0x00,
    0x00,0x00,0x00,0x00,0x01,0xF3,0xE0,0x00,0x01,0xF3,0xE0,0x00,0x01,0xF3,0xE0,0x00,
    0x01,0xF3,0xE0,0x00,0x00,0x00,0x00,0x00,0x00,0x00,0x00,0x00,0x00,0x00,0x00,0x00,
    0x00,0x00,0x00,0x00,0x00,0x00,0x00,0x00,0x1F,0xC0,0x7E,0x00,0x1F,0xC0,0x7E,0x00,
    0x1F,0xC0,0x7E,0x00,0x1F,0xC0,0x7E,0x00,0x1F,0xC0,0x7E,0x00,0x1F,0xC0,0x7E,0x00,
    0x1F,0xC0,0x7E,0x00,0x1F,0xC0,0x7E,0x00,0x1F,0xC0,0x7E,0x00,0x1F,0xC0,0x7E,0x00,
    0x1F,0xC0,0x7E,0x00,0x1F,0xC0,0xFE,0x00,0x1F,0xC0,0xFE,0x00,0x1F,0xC1,0xFE,0x00,
    0x1F,0xE3,0xFE,0x00,0x1F,0xFF,0xFE,0x00,0x0F,0xFF,0xFE,0x00,0x0F,0xFF,0xFE,0x00,
    0x07,0xFE,0x7E,0x00,0x01,0xFC,0x7E,0x00,0x00,0x00,0x00,0x00,0x00,0x00,0x00,0x00,
    0x00,0x00,0x00,0x00,0x00,0x00,0x00,0x00,0x00,0x00,0x00,0x00,0x00,0x00,0x00,0x00,
    0x00,0x00,0x00,0x00,0x00,0x00,0x00,0x00,0x00,0x00,0x00,0x00,0x00,0x00,0x00,0x00,
    0x00,0x00,0x00,0x00,0x00,0x00,0x00,0x00,0x00,0x00,0x00,0x00,0x03,0xE0,0x00,0x07,
    0xC0,0x00,0x0F,0x80,0x00,0x0F,0x00,0x00,0x1F,0x00,0x00,0x3E,0x00,0x00,0x3C,0x00,
    0x00,0x00,0x00,0x00,0x00,0x00,0x00,0x00,0x00,0xFE,0x00,0x7E,0x7F,0x00,0xFE,0x7F,
    0x00,0xFE,0x3F,0x80,0xFC,0x3F,0x81,0xFC,0x1F,0x81,0xFC,0x1F,0xC1,0xF8,0x0F,0xC3,
    0xF8,0x0F,0xE3,0xF0,0x0F,0xE3,0xF0,0x07,0xE7,0xF0,0x07,0xF7,0xE0,0x03,0xF7,0xE0,
    0x03,0xFF,0xC0,0x01,0xFF,0xC0,0x01,0xFF,0xC0,0x01,0xFF,0x80,0x00,0xFF,0x80,0x00,
    0xFF,0x80,0x00,0x7F,0x00,0x00,0x7F,0x00,0x00,0x7E,0x00,0x00,0x7E,0x00,0x00,0xFE,
    0x00,0x0F,0xFC,0x00,0x0F,0xF8,0x00,0x0F,0xF0,0x00,0x0F,0xE0,0x00,0x00,0x00,0x00,
    0x00,0x00,0x00,0x00,0x00,0x00,0x00,0x00,0x00,0x00,0x00,0x00,0x00,0x00,0x00,0x00,
    0x00,0x00,0x00,0x00,0x00,0x00,0x00,0x00,0x00,0x00,0x00,0x00,0x1F,0xC0,0x00,0x00,
    0x1F,0xC0,0x00,0x00,0x1F,0xC0,0x00,0x00,0x1F,0xC0,0x00,0x00,0x1F,0xC0,0x00,0x00,
    0x1F,0xC0,0x00,0x00,0x1F,0xC0,0x00,0x00,0x1F,0xC0,0x00,0x00,0x1F,0xC7,0xF0,0x00,
    0x1F,0xDF,0xF8,0x00,0x1F,0xFF,0xFC,0x00,0x1F,0xFF,0xFE,0x00,0x1F,0xFF,0xFF,0x00,
    0x1F,0xF0,0xFF,0x00,0x1F,0xE0,0x7F,0x80,0x1F,0xC0,0x3F,0x80,0x1F,0xC0,0x3F,0x80,
    0x1F,0xC0,0x3F,0x80,0x1F,0xC0,0x3F,0x80,0x1F,0xC0,0x3F,0x80,0x1F,0xC0,0x3F,0x80,
    0x1F,0xE0,0x7F,0x80,0x1F,0xF0,0xFF,0x00,0x1F,0xFF,0xFF,0x00,0x1F,0xFF,0xFE,0x00,
    0x1F,0xFF,0xFC,0x00,0x1F,0xDF,0xF8,0x00,0x1F,0xC7,0xF0,0x00,0x1F,0xC0,0x00,0x00,
    0x1F,0xC0,0x00,0x00,0x1F,0xC0,0x00,0x00,0x1F,0xC0,0x00,0x00,0x1F,0xC0,0x00,0x00,
    0x1F,0xC0,0x00,0x00,0x1F,0xC0,0x00,0x00,0x1F,0xC0,0x00,0x00,0x00,0x00,0x00,0x00,
    0x00,0x00,0x00,0x00,0x00,0x00,0x00,0x00,0x00,0x00,0x00,0x00,0x00,0x00,0x00,0x00,
    0x00,0x00,0x03,0xE7,0xC0,0x03,0xE7,0xC0,0x03,0xE7,0xC0,0x03,0xE7,0xC0,0x00,0x00,
    0x00,0x00,0x00,0x00,0x00,0x00,0x00,0x00,0x00,0x00,0x00,0x00,0x00,0xFE,0x00,0x7E,
    0x7F,0x00,0xFE,0x7F,0x00,0xFE,0x3F,0x80,0xFC,0x3F,0x81,0xFC,0x1F,0x81,0xFC,0x1F,
    0xC1,0xF8,0x0F,0xC3,0xF8,0x0F,0xE3,0xF0,0x0F,0xE3,0xF0,0x07,0xE7,0xF0,0x07,0xF7,
    0xE0,0x03,0xF7,0xE0,0x03,0xFF,0xC0,0x01,0xFF,0xC0,0x01,0xFF,0xC0,0x01,0xFF,0x80,
    0x00,0xFF,0x80,0x00,0xFF,0x80,0x00,0x7F,0x00,0x00,0x7F,0x00,0x00,0x7E,0x00,0x00,
    0x7E,0x00,0x00,0xFE,0x00,0x0F,0xFC,0x00,0x0F,0xF8,0x00,0x0F,0xF0,0x00,0x0F,0xE0,
    0x00,0x00,0x00,0x00,0x00,0x00,0x00,0x00,0x00,0x00,0x00,0x00,0x00,0x00,0x00,0x00,
    0x00,0x00,0x00,0x00,0x00,0x00,0x00,0x00,0x00,0x00,0x00,0x00,0x00,0x00,0x00,0x00,
    0x00,0x00,0x00,0x00,0x00,0x00,0x00,0x00,0x00,0x00,0x00,0x00,0x00,0x00,0x00,0x00,
    0x00,0x00,0x00,0x00,0x00,0x0F,0xFF,0xFF,0xFF,0x00,0x00,0x7F,0xFF,0xFF,0xFF,0x00,
    0x01,0xFF,0xFF,0xFF,0xFF,0x00,0x03,0xFF,0xFF,0xFF,0xFF,0x00,0x07,0xFF,0xFF,0xFF,
    0xFF,0x00,0x0F,0xFF,0x07,0xF0,0x00,0x00,0x1F,0xF8,0x07,0xF0,0x00,0x00,0x1F,0xE0,
    0x07,0xF0,0x00,0x00,0x3F,0xE0,0x07,0xF0,0x00,0x00,0x3F,0xC0,0x07,0xF0,0x00,0x00,
    0x3F,0xC0,0x07,0xF0,0x00,0x00,0x3F,0x80,0x07,0xFF,0xFF,0x00,0x3F,0x80,0x07,0xFF,
    0xFF,0x00,0x3F,0x80,0x07,0xFF,0xFF,0x00,0x3F,0x80,0x07,0xFF,0xFF,0x00,0x3F,0x80,
    0x07,0xFF,0xFF,0x00,0x3F,0xC0,0x07,0xF0,0x00,0x00,0x3F,0xC0,0x07,0xF0,0x00,0x00,
    0x3F,0xE0,0x07,0xF0,0x00,0x00,0x1F,0xE0,0x07,0xF0,0x00,0x00,0x1F,0xF8,0x07,0xF0,
    0x00,0x00,0x0F,0xFF,0x07,0xF0,0x00,0x00,0x07,0xFF,0xFF,0xFF,0xFF,0x80,0x03,0xFF,
    0xFF,0xFF,0xFF,0x80,0x01,0xFF,0xFF,0xFF,0xFF,0x80,0x00,0x7F,0xFF,0xFF,0xFF,0x80,
    0x00,0x0F,0xFF,0xFF,0xFF,0x80,0x00,0x00,0x00,0x00,0x00,0x00,0x00,0x00,0x00,0x00,
    0x00,0x00,0x00,0x00,0x00,0x00,0x00,0x00,0x00,0x00,0x00,0x00,0x00,0x00,0x00,0x00,
    0x00,0x00,0x00,0x00,0x00,0x00,0x00,0x00,0x00,0x00,0x00,0x00,0x00,0x00,0x00,0x00,
    0x00,0x00,0x00,0x00,0x00,0x00,0x00,0x00,0x00,0x00,0x00,0x00,0x00,0x00,0x00,0x00,
    0x00,0x00,0x00,0x00,0x00,0x00,0x00,0x00,0x00,0x00,0x00,0x00,0x00,0x00,0x00,0x00,
    0x00,0x00,0x00,0x00,0x00,0x00,0x00,0x00,0x00,0x00,0x00,0x00,0x00,0x00,0x00,0x00,
    0x00,0x00,0x00,0x00,0x00,0x00,0x00,0x00,0x00,0x00,0x00,0x00,0x00,0x00,0x00,0x00,
    0x00,0x00,0x00,0x00,0x00,0x00,0x00,0x00,0x00,0x00,0x00,0x00,0x00,0x00,0x00,0x00,
    0x00,0x00,0x00,0x00,0x00,0x00,0x00,0x00,0xFF,0x80,0xFF,0x00,0x03,0xFF,0xE3,0xFF,
    0xC0,0x07,0xFF,0xFF,0xFF,0xF0,0x0F,0xFF,0xFF,0xFF,0xF8,0x1F,0xFF,0xFF,0xC3,0xF8,
    0x3F,0xE3,0xFF,0x81,0xFC,0x3F,0xC0,0xFF,0x00,0xFC,0x3F,0x80,0xFF,0x00,0xFE,0x3F,
    0x80,0x7F,0xFF,0xFE,0x7F,0x80,0x7F,0xFF,0xFE,0x7F,0x80,0x7F,0xFF,0xFE,0x3F,0x80,
    0x7F,0xFF,0xFE,0x3F,0x80,0xFF,0x00,0x00,0x3F,0xC0,0xFF,0x00,0x00,0x3F,0xE1,0xFF,
    0x80,0x0C,0x1F,0xFF,0xFF,0xE0,0xFC,0x0F,0xFF,0xFF,0xFF,0xFC,0x07,0xFF,0xFF,0xFF,
    0xFC,0x03,0xFF,0xE7,0xFF,0xFC,0x00,0xFF,0x81,0xFF,0xF0,0x00,0x00,0x00,0x00,0x00,
    0x00,0x00,0x00,0x00,0x00,0x00,0x00,0x00,0x00,0x00,0x00,0x00,0x00,0x00,0x00,0x00,
    0x00,0x00,0x00,0x00,0x00,0x00,0x00,0x00,0x00,0x00,0x00,0x00,0x00,0x00,0x00,0x00,
    0x00,0x00,0x00,0x00,0x00,0x00,0x00,0x00,0x03,0xC0,0xE0,0x00,0x01,0xE3,0xE0,0x00,
    0x00,0xF7,0xC0,0x00,0x00,0x7F,0x80,0x00,0x00,0x7F,0x00,0x00,0x00,0x00,0x00,0x00,
    0x00,0x00,0x00,0x00,0x00,0x00,0x00,0x00,0x00,0xFF,0xE0,0x00,0x03,0xFF,0xFC,0x00,
    0x07,0xFF,0xFC,0x00,0x0F,0xFF,0xFC,0x00,0x1F,0xFF,0xFC,0x00,0x1F,0xE0,0x7C,0x00,
    0x1F,0x80,0x0C,0x00,0x1F,0x80,0x00,0x00,0x1F,0x80,0x00,0x00,0x1F,0xE0,0x00,0x00,
    0x1F,0xFE,0x00,0x00,0x1F,0xFF,0xE0,0x00,0x0F,0xFF,0xF8,0x00,0x07,0xFF,0xFC,0x00,
    0x01,0xFF,0xFE,0x00,0x00,0x3F,0xFF,0x00,0x00,0x01,0xFF,0x00,0x00,0x00,0xFF,0x00,
    0x00,0x00,0x7F,0x00,0x10,0x00,0x7F,0x00,0x1C,0x00,0x7F,0x00,0x1F,0xC1,0xFF,0x00,
    0x1F,0xFF,0xFE,0x00,0x1F,0xFF,0xFE,0x00,0x1F,0xFF,0xFC,0x00,0x0F,0xFF,0xF8,0x00,
    0x01,0xFF,0xC0,0x00,0x00,0x00,0x00,0x00,0x00,0x00,0x00,0x00,0x00,0x00,0x00,0x00,
    0x00,0x00,0x00,0x00,0x00,0x00,0x00,0x00,0x00,0x00,0x00,0x00,0x00,0x00,0x00,0x00,
    0x00,0x00,0x00,0x00,0x00,0x00,0x00,0x00,0x00,0x00,0x00,0x00,0x00,0x00,0x00,0x00,
    0x00,0x00,0x00,0x00,0x00,0x00,0x00,0x0F,0x03,0xC0,0x07,0x87,0x80,0x03,0xCF,0x00,
    0x03,0xDF,0x00,0x01,0xFE,0x00,0x00,0xFC,0x00,0x00,0xFC,0x00,0x00,0x00,0x00,0x00,
    0x00,0x00,0x00,0x00,0x00,0x03,0xFF,0x80,0x0F,0xFF,0xE0,0x1F,0xFF,0xE0,0x3F,0xFF,
    0xE0,0x3F,0x83,0xE0,0x3F,0x00,0x60,0x3F,0x00,0x00,0x3F,0xC0,0x00,0x3F,0xFF,0x00,
    0x1F,0xFF,0xC0,0x0F,0xFF,0xE0,0x03,0xFF,0xF0,0x00,0x0F,0xF0,0x00,0x03,0xF0,0x30,
    0x03,0xF0,0x3E,0x07,0xF0,0x3F,0xFF,0xF0,0x3F,0xFF,0xE0,0x3F,0xFF,0xC0,0x0F,0xFF,
    0x00,0x00,0x00,0x00,0x00,0x00,0x00,0x00,0x00,0x00,0x00,0x00,0x00,0x00,0x00,0x00,
    0x00,0x00,0x00,0x00,0x00,0x00,0x00,0x00,0x00,0x00,0x00,0x00,0x03,0xC0,0xF0,0x00,
    0x01,0xE1,0xE0,0x00,0x00,0xFF,0xC0,0x00,0x00,0x7F,0x80,0x00,0x00,0x3F,0x00,0x00,
    0x00,0x00,0x00,0x00,0x00,0x00,0x00,0x00,0x00,0x00,0x00,0x00,0x3F,0xFF,0xFF,0x80,
    0x3F,0xFF,0xFF,0x80,0x3F,0xFF,0xFF,0x80,0x3F,0xFF,0xFF,0x80,0x3F,0xFF,0xFF,0x80,
    0x00,0x00,0xFF,0x00,0x00,0x01,0xFE,0x00,0x00,0x03,0xFC,0x00,0x00,0x07,0xF8,0x00,
    0x00,0x0F,0xF8,0x00,0x00,0x1F,0xF0,0x00,0x00,0x1F,0xE0,0x00,0x00,0x3F,0xC0,0x00,
    0x00,0x7F,0x80,0x00,0x00,0xFF,0x80,0x00,0x01,0xFF,0x00,0x00,0x01,0xFE,0x00,0x00,
    0x03,0xFC,0x00,0x00,0x07,0xF8,0x00,0x00,0x0F,0xF8,0x00,0x00,0x1F,0xF0,0x00,0x00,
    0x3F,0xE0,0x00,0x00,0x3F,0xFF,0xFF,0x80,0x7F,0xFF,0xFF,0x80,0x7F,0xFF,0xFF,0x80,
    0x7F,0xFF,0xFF,0x80,0x7F,0xFF,0xFF,0x80,0x00,0x00,0x00,0x00,0x00,0x00,0x00,0x00,
    0x00,0x00,0x00,0x00,0x00,0x00,0x00,0x00,0x00,0x00,0x00,0x00,0x00,0x00,0x00,0x00,
    0x00,0x00,0x00,0x00,0x00,0x00,0x00,0x00,0x00,0x00,0x00,0x00,0x00,0x00,0x00,0x00,
    0x00,0x00,0x00,0x00,0x00,0x00,0x00,0x00,0x00,0x00,0x00,0x0F,0x03,0x80,0x07,0x87,
    0x80,0x07,0x8F,0x00,0x03,0xDE,0x00,0x01,0xFE,0x00,0x01,0xFC,0x00,0x00,0xF8,0x00,
    0x00,0x00,0x00,0x00,0x00,0x00,0x00,0x00,0x00,0x3F,0xFF,0xF0,0x3F,0xFF,0xF0,0x3F,
    0xFF,0xF0,0x3F,0xFF,0xF0,0x3F,0xFF,0xF0,0x00,0x0F,0xE0,0x00,0x1F,0xC0,0x00,0x3F,
    0x80,0x00,0x7F,0x00,0x00,0xFE,0x00,0x01,0xFC,0x00,0x03,0xF8,0x00,0x07,0xF0,0x00,
    0x0F,0xE0,0x00,0x1F,0xC0,0x00,0x3F,0xFF,0xF0,0x7F,0xFF,0xF0,0x7F,0xFF,0xF0,0x7F,
    0xFF,0xF0,0x7F,0xFF,0xF0,0x00,0x00,0x00,0x00,0x00,0x00,0x00,0x00,0x00,0x00,0x00,
    0x00,0x00,0x00,0x00,0x00,0x00,0x00,0x00,0x00,0x00,0x00,0x00,0x00,0x00,0x00,0x00,
    0x00,0x00,0x00,0x00,0x00,0xF1,0xE0,0x00,0x00,0xF1,0xE0,0x00,0x00,0xF1,0xE0,0x00,
    0x00,0xF1,0xE0,0x00,0x00,0x00,0x00,0x00,0x00,0x00,0x00,0x00,0x00,0x00,0x00,0x00,
    0xFF,0x00,0x1F,0xE0,0xFF,0x00,0x3F,0xC0,0x7F,0x80,0x3F,0xC0,0x3F,0xC0,0x7F,0x80,
    0x3F,0xC0,0xFF,0x00,0x1F,0xE0,0xFF,0x00,0x0F,0xF1,0xFE,0x00,0x0F,0xF1,0xFC,0x00,
    0x07,0xFB,0xFC,0x00,0x03,0xFF,0xF8,0x00,0x03,0xFF,0xF0,0x00,0x01,0xFF,0xF0,0x00,
    0x00,0xFF,0xE0,0x00,0x00,0xFF,0xC0,0x00,0x00,0x7F,0xC0,0x00,0x00,0x3F,0x80,0x00,
    0x00,0x3F,0x80,0x00,0x00,0x3F,0x80,0x00,0x00,0x3F,0x80,0x00,0x00,0x3F,0x80,0x00,
    0x00,0x3F,0x80,0x00,0x00,0x3F,0x80,0x00,0x00,0x3F,0x80,0x00,0x00,0x3F,0x80,0x00,
    0x00,0x3F,0x80,0x00,0x00,0x3F,0x80,0x00,0x00,0x3F,0x80,0x00,0x00,0x00,0x00,0x00,
    0x00,0x00,0x00,0x00,0x00,0x00,0x00,0x00,0x00,0x00,0x00,0x00,0x00,0x00,0x00,0x00,
    0x00,0x00,0x00,0x00,0x00,0x00,0x00,0x00,0x00,0x00,0x00,0x00,0x00,0x00,0x00,0x00,
    0x00,0x00,0x00,0x00,0x00,0x00,0x00,0x00,0x00,0x00,0x00,0x00,0x00,0x00,0x00,0x00,
    0x00,0x00,0x00,0x00,0x00,0x00,0x00,0x00,0x00,0x00,0x00,0x00,0x00,0x00,0x00,0x00,
    0x00,0x00,0x00,0x00,0x00,0x00,0x00,0x00,0x00,0x00,0x00,0x00,0x00,0x00,0x00,0x00,
    0x00,0x00,0x00,0x00,0x00,0x00,0x00,0x00,0x00,0x00,0x00,0x00,0x00,0x00,0x00,0x3F,
    0xFF,0x80,0x3F,0xFF,0x80,0x3F,0xFF,0x80,0x3F,0xFF,0x80,0x3F,0xFF,0x80,0x00,0x00,
    0x00,0x00,0x00,0x00,0x00,0x00,0x00,0x00,0x00,0x00,0x00,0x00,0x00,0x00,0x00,0x00,
    0x00,0x00,0x00,0x00,0x00,0x00,0x00,0x00,0x00,0x00,0x00,0x00,0x00,0x00,0x00,0x00,
    0x00,0x00,0x00,0x00,0x00,0x00,0x00,0x00,0x00,0x00,0x00,0x00,0x00,0x00,0x00,0x00,
    0x00,0x00,0x00,0x00,0x00,0x00,0x00,0x00,0x00,0x00,0x00,0x00,0x00,0x00,0x00,0x00,
    0x00,0x00,0x00,0x00,0x00,0x00,0x00,0x00,0x00,0x00,0x00,0x00,0x00,0x00,0x00,0x00,
    0x00,0x00,0x00,0x00,0x00,0x00,0x00,0x00,0x00,0x00,0x00,0x00,0x00,0x00,0x00,0x00,
    0x00,0x00,0x00,0x00,0x00,0x00,0x00,0x00,0x00,0x00,0x00,0x00,0x00,0x00,0x00,0x00,
    0x00,0x00,0x00,0x00,0x00,0x00,0x00,0x00,0x00,0x00,0x00,0x00,0x00,0x00,0x00,0x00,
    0x00,0x00,0x00,0x00,0x00,0x00,0x00,0x00,0x00,0x00,0x00,0x00,0x00,0x00,0x00,0x00,
    0x00,0x00,0x00,0x00,0x00,0x00,0x00,0x00,0x00,0x00,0x00,0x00,0x00,0x3F,0xFF,0xFF,
    0xFF,0xE0,0x3F,0xFF,0xFF,0xFF,0xE0,0x3F,0xFF,0xFF,0xFF,0xE0,0x3F,0xFF,0xFF,0xFF,
    0xE0,0x3F,0xFF,0xFF,0xFF,0xE0,0x00,0x00,0x00,0x00,0x00,0x00,0x00,0x00,0x00,0x00,
    0x00,0x00,0x00,0x00,0x00,0x00,0x00,0x00,0x00,0x00,0x00,0x00,0x00,0x00,0x00,0x00,
    0x00,0x00,0x00,0x00,0x00,0x00,0x00,0x00,0x00,0x00,0x00,0x00,0x00,0x00,0x00,0x00,
    0x00,0x00,0x00,0x00,0x00,0x00,0x00,0x00,0x00,0x00,0x00,0x00,0x00,0x00,0x00,0x00,
    0x00,0x00,0x00,0x00,0x00,0x00,0x00,0x00,0x00,0x00,0x00,0x00,0x00,0x00,0x00,0x00,
    0x00,0x00,0x00,0x00,0x00,0x00,0x00,0x00,0x00,0x00,0x00,0x00,0x00,0x00,0x00,0x00,
    0x00,0x00,0x00,0x00,0x00,0x00,0x00,0x00,0x00,0x00,0x00,0x00,0x00,0x00,0x00,0x00,
    0x01,0xF0,0x01,0xF0,0x03,0xE0,0x03,0xE0,0x07,0xE0,0x0F,0xC0,0x0F,0xC0,0x0F,0xC0,
    0x0F,0xC0,0x0F,0xC0,0x0F,0xC0,0x0F,0xC0,0x00,0x00,0x00,0x00,0x00,0x00,0x00,0x00,
    0x00,0x00,0x00,0x00,0x00,0x00,0x00,0x00,0x00,0x00,0x00,0x00,0x00,0x00,0x00,0x00,
    0x00,0x00,0x00,0x00,0x00,0x00,0x00,0x00,0x00,0x00,0x00,0x00,0x00,0x00,0x00,0x00,
    0x00,0x00,0x00,0x00,0x00,0x00,0x00,0x00,0x00,0x00,0x00,0x00,0x00,0x00,0x00,0x00,
    0x00,0x00,0x00,0x00,0x00,0x00,0x00,0x00,0x0F,0xC0,0x0F,0xC0,0x0F,0xC0,0x0F,0xC0,
    0x0F,0xC0,0x0F,0xC0,0x0F,0xC0,0x1F,0x80,0x1F,0x80,0x1F,0x00,0x1E,0x00,0x3E,0x00,
    0x00,0x00,0x00,0x00,0x00,0x00,0x00,0x00,0x00,0x00,0x00,0x00,0x00,0x00,0x00,0x00,
    0x00,0x00,0x00,0x00,0x00,0x00,0x00,0x00,0x00,0x00,0x00,0x00,0x00,0x00,0x00,0x00,
    0x00,0x00,0x00,0x00,0x00,0x00,0x00,0x00,0x00,0x00,0x00,0x00,0x00,0x00,0x00,0x00,
    0x00,0x00,0x00,0x00,0x00,0x00,0x00,0x00,0x00,0x00,0x00,0x00,0x00,0x00,0x00,0x00,
    0x00,0x00,0x00,0x00,0x00,0x00,0x00,0x00,0x01,0xF0,0x78,0x01,0xF0,0xF8,0x03,0xE1,
    0xF0,0x03,0xE1,0xF0,0x07,0xE3,0xF0,0x0F,0xC7,0xF0,0x0F,0xC7,0xE0,0x0F,0xC7,0xE0,
    0x0F,0xC7,0xE0,0x0F,0xC7,0xE0,0x0F,0xC7,0xE0,0x0F,0xC7,0xE0,0x00,0x00,0x00,0x00,
    0x00,0x00,0x00,0x00,0x00,0x00,0x00,0x00,0x00,0x00,0x00,0x00,0x00,0x00,0x00,0x00,
    0x00,0x00,0x00,0x00,0x00,0x00,0x00,0x00,0x00,0x00,0x00,0x00,0x00,0x00,0x00,0x00,
    0x00,0x00,0x00,0x00,0x00,0x00,0x00,0x00,0x00,0x00,0x00,0x00,0x00,0x00,0x00,0x00,
    0x00,0x00,0x00,0x00,0x00,0x00,0x00,0x00,0x00,0x00,0x00,0x00,0x00,0x00,0x00,0x00,
    0x00,0x00,0x00,0x00,0x00,0x00,0x00,0x00,0x00,0x00,0x00,0x00,0x00,0x00,0x00,0x00,
    0x00,0x00,0x00,0x00,0x00,0x00,0x00,0x00,0x00,0x00,0x00,0x00,0x07,0xF3,0xF8,0x07,
    0xF3,0xF8,0x07,0xF3,0xF8,0x07,0xF3,0xF8,0x07,0xF3,0xF8,0x07,0xE3,0xF8,0x07,0xE3,
    0xF0,0x0F,0xC3,0xE0,0x0F,0xC7,0xE0,0x0F,0x87,0xC0,0x0F,0x07,0xC0,0x1F,0x0F,0x80,
    0x00,0x00,0x00,0x00,0x00,0x00,0x00,0x00,0x00,0x00,0x00,0x00,0x00,0x00,0x00,0x00,
    0x00,0x00,0x00,0x00,0x00,0x00,0x00,0x00,0x00,0x00,0x00,0x00,0x00,0x00,0x00,0x00,
    0x00,0x00,0x00,0x00,0x00,0x00,0x00,0x00,0x00,0x00,0x00,0x00,0x00,0x00,0x00,0x00,
    0x00,0x00,0x00,0x00,0x00,0x00,0x00,0x00,0x00,0x00,0x00,0x00,0x00,0x00,0x00,0x00,
    0x00,0x00,0x00,0x00,0x00,0x00,0x00,0x00,0x00,0x00,0x00,0x00,0x00,0x00,0x00,0x00,
    0x00,0x00,0x00,0x00,0x00,0x00,0x00,0x00,0x00,0x00,0x00,0x00,0x00,0x00,0x00,0x00,
    0x00,0x00,0x00,0x00,0x00,0x00,0x00,0x00,0x00,0x00,0x00,0x00,0x00,0x00,0x00,0x00,
    0x00,0x00,0x00,0x00,0x00,0x00,0x7E,0x00,0x01,0xFF,0x00,0x03,0xFF,0x80,0x03,0xFF,
    0xC0,0x07,0xFF,0xC0,0x07,0xFF,0xC0,0x07,0xFF,0xC0,0x07,0xFF,0xC0,0x07,0xFF,0xC0,
    0x03,0xFF,0xC0,0x01,0xFF,0x80,0x01,0xFF,0x00,0x00,0x7E,0x00,0x00,0x00,0x00,0x00,
    0x00,0x00,0x00,0x00,0x00,0x00,0x00,0x00,0x00,0x00,0x00,0x00,0x00,0x00,0x00,0x00,
    0x00,0x00,0x00,0x00,0x00,0x00,0x00,0x00,0x00,0x00,0x00,0x00,0x00,0x00,0x00,0x00,
    0x00,0x00,0x00,0x00,0x00,0x00,0x00,0x00,0x00,0x00,0x00,0x00,0x00,0x00,0x00,0x00,
    0x00,0x00,0x00,0x00,0x00,0x00,0x00,0x00,0x00,0x00,0x00,0x00,0x00,0x00,0x00,0x00,
    0x00,0x00,0x00,0x00,0x00,0x00,0x00,0x00,0x00,0x00,0x00,0x00,0x00,0x00,0x00,0x00,
    0x00,0x00,0x00,0x00,0x00,0x00,0x00,0x00,0x00,0x00,0x00,0x00,0x00,0x00,0x00,0x00,
    0x00,0x00,0x00,0x00,0x00,0x00,0x00,0x00,0x00,0x00,0x00,0x00,0x00,0x00,0x00,0x00,
    0x00,0x00,0x00,0x00,0x00,0x00,0x00,0x00,0x00,0x00,0x00,0x00,0x00,0x00,0x00,0x00,
    0x00,0x00,0x00,0x00,0x00,0x00,0x00,0x00,0x00,0x00,0x00,0x00,0x00,0x00,0x00,0x00,
    0x00,0x00,0x00,0x00,0x00,0x00,0x00,0x00,0x00,0x00,0x00,0x00,0x00,0x00,0x00,0x00,
    0x00,0x00,0x00,0x00,0x00,0x00,0x00,0x00,0x00,0x00,0x00,0x00,0x00,0x00,0x00,0x00,
    0x00,0x00,0x00,0x00,0x00,0x00,0x00,0x00,0x1F,0xC1,0xFC,0x1F,0xC0,0x1F,0xC1,0xFC,
    0x1F,0xC0,0x1F,0xC1,0xFC,0x1F,0xC0,0x1F,0xC1,0xFC,0x1F,0xC0,0x1F,0xC1,0xFC,0x1F,
    0xC0,0x1F,0xC1,0xFC,0x1F,0xC0,0x1F,0xC1,0xFC,0x1F,0xC0,0x00,0x00,0x00,0x00,0x00,
    0x00,0x00,0x00,0x00,0x00,0x00,0x00,0x00,0x00,0x00,0x00,0x00,0x00,0x00,0x00,0x00,
    0x00,0x00,0x00,0x00,0x00,0x00,0x00,0x00,0x00,0x00,0x00,0x00,0x00,0x00,0x00,0x00,
    0x00,0x00,0x00,0x00,0x00,0x00,0x00,0x00,
};
const FontGlyph FONT_44_BOLD_GLYPHS[174] PROGMEM = {
    {13, 0},
    {17, 88},
    {19, 220},
    {31, 352},
    {26, 528},
    {37, 704},
    {32, 924},
    {11, 1100},
    {17, 1188},
    {17, 1320},
    {19, 1452},
    {31, 1584},
    {14, 1760},
    {15, 1848},
    {14, 1936},
    {14, 2024},
    {26, 2112},
    {26, 2288},
    {26, 2464},
    {26, 2640},
    {26, 2816},
    {26, 2992},
    {26, 3168},
    {26, 3344},
    {26, 3520},
    {26, 3696},
    {15, 3872},
    {15, 3960},
    {31, 4048},
    {31, 4224},
    {31, 4400},
    {21, 4576},
    {37, 4708},
    {29, 4928},
    {28, 5104},
    {27, 5280},
    {31, 5456},
    {25, 5632},
    {25, 5808},
    {30, 5984},
    {31, 6160},
    {14, 6336},
    {14, 6424},
    {29, 6512},
    {24, 6688},
    {37, 6820},
    {31, 7040},
    {31, 7216},
    {27, 7392},
    {31, 7568},
    {28, 7744},
    {27, 7920},
    {25, 8096},
    {30, 8272},
    {29, 8448},
    {41, 8624},
    {29, 8888},
    {27, 9064},
    {27, 9240},
    {17, 9416},
    {14, 9548},
    {17, 9636},
    {31, 9768},
    {18, 9944},
    {18, 10076},
    {25, 10208},
    {26, 10384},
    {22, 10560},
    {26, 10692},
    {25, 10868},
    {16, 11044},
    {26, 11132},
    {26, 11308},
    {13, 11484},
    {13, 11572},
    {25, 11660},
    {13, 11836},
    {39, 11924},
    {26, 12144},
    {25, 12320},
    {26, 12496},
    {26, 12672},
    {18, 12848},
    {22, 12980},
    {18, 13112},
    {26, 13244},
    {24, 13420},
    {34, 13552},
    {24, 13772},
    {24, 13904},
    {22, 14036},
    {26, 14168},
    {14, 14344},
    {26, 14432},
    {31, 14608},
    {29, 14784},
    {29, 14960},
    {29, 15136},
    {29, 15312},
    {29, 15488},
    {29, 15664},
    {40, 15840},
    {27, 16060},
    {25, 16236},
    {25, 16412},
    {25, 16588},
    {25, 16764},
    {14, 16940},
    {14, 17028},
    {14, 17116},
    {14, 17204},
    {31, 17292},
    {31, 17468},
    {31, 17644},
    {31, 17820},
    {31, 17996},
    {31, 18172},
    {31, 18348},
    {31, 18524},
    {31, 18700},
    {30, 18876},
    {30, 19052},
    {30, 19228},
    {30, 19404},
    {27, 19580},
    {27, 19756},
    {27, 19932},
    {25, 20108},
    {25, 20284},
    {25, 20460},
    {25, 20636},
    {25, 20812},
    {25, 20988},
    {39, 21164},
    {22, 21384},
    {25, 21516},
    {25, 21692},
    {25, 21868},
    {25, 22044},
    {13, 22220},
    {13, 22308},
    {13, 22396},
    {13, 22484},
    {25, 22572},
    {26, 22748},
    {25, 22924},
    {25, 23100},
    {25, 23276},
    {25, 23452},
    {25, 23628},
    {31, 23804},
    {25, 23980},
    {26, 24156},
    {26, 24332},
    {26, 24508},
    {26, 24684},
    {24, 24860},
    {26, 24992},
    {24, 25168},
    {43, 25300},
    {40, 25564},
    {27, 25784},
    {22, 25960},
    {27, 26092},
    {22, 26268},
    {27, 26400},
    {18, 26576},
    {37, 26708},
    {14, 26928},
    {14, 27016},
    {24, 27104},
    {24, 27236},
    {24, 27368},
    {37, 27500},
};
const UiFont FONT_44_BOLD = {44, FONT_44_BOLD_GLYPHS, FONT_44_BOLD_BITS};

const uint8_t FONT_44_ITAL_BITS[] PROGMEM = {
    0x00,0x00,0x00,0x00,0x00,0x00,0x00,0x00,0x00,0x00,0x00,0x00,0x00,0x00,0x00,0x00,
    0x00,0x00,0x00,0x00,0x00,0x00,0x00,0x00,0x00,0x00,0x00,0x00,0x00,0x00,0x00,0x00,
    0x00,0x00,0x00,0x00,0x00,0x00,0x00,0x00,0x00,0x00,0x00,0x00,0x00,0x00,0x00,0x00,
    0x00,0x00,0x00,0x00,0x00,0x00,0x00,0x00,0x00,0x00,0x00,0x00,0x00,0x00,0x00,0x00,
    0x00,0x00,0x00,0x00,0x00,0x00,0x00,0x00,0x00,0x00,0x00,0x00,0x00,0x00,0x00,0x00,
    0x00,0x00,0x00,0x00,0x00,0x00,0x00,0x00,0x00,0x00,0x00,0x00,0x00,0x00,0x00,0x00,
    0x00,0x00,0x00,0x00,0x00,0x00,0x00,0x00,0x00,0xF0,0x00,0xF0,0x00,0xF0,0x01,0xE0,
    0x01,0xE0,0x01,0xE0,0x01,0xE0,0x01,0xE0,0x03,0xC0,0x03,0xC0,0x03,0xC0,0x03,0xC0,
    0x03,0xC0,0x07,0x80,0x07,0x80,0x07,0x80,0x07,0x00,0x07,0x00,0x00,0x00,0x00,0x00,
    0x00,0x00,0x00,0x00,0x0F,0x00,0x1E,0x00,0x1E,0x00,0x1E,0x00,0x1E,0x00,0x00,0x00,
    0x00,0x00,0x00,0x00,0x00,0x00,0x00,0x00,0x00,0x00,0x00,0x00,0x00,0x00,0x00,0x00,
    0x00,0x00,0x00,0x00,0x00,0x00,0x00,0x00,0x00,0x00,0x00,0x00,0x00,0x00,0x00,0x00,
    0x00,0x00,0x00,0x00,0x00,0x00,0x00,0x00,0x1E,0x3C,0x00,0x1E,0x3C,0x00,0x1E,0x3C,
    0x00,0x1E,0x3C,0x00,0x1E,0x3C,0x00,0x1E,0x3C,0x00,0x1E,0x3C,0x00,0x1E,0x3C,0x00,
    0x1E,0x3C,0x00,0x1E,0x3C,0x00,0x00,0x00,0x00,0x00,0x00,0x00,0x00,0x00,0x00,0x00,
    0x00,0x00,0x00,0x00,0x00,0x00,0x00,0x00,0x00,0x00,0x00,0x00,0x00,0x00,0x00,0x00,
    0x00,0x00,0x00,0x00,0x00,0x00,0x00,0x00,0x00,0x00,0x00,0x00,0x00,0x00,0x00,0x00,
    0x00,0x00,0x00,0x00,0x00,0x00,0x00,0x00,0x00,0x00,0x00,0x00,0x00,0x00,0x00,0x00,
    0x00,0x00,0x00,0x00,0x00,0x00,0x00,0x00,0x00,0x00,0x00,0x00,0x00,0x00,0x00,0x00,
    0x00,0x00,0x00,0x00,0x00,0x00,0x00,0x00,0x00,0x00,0x00,0x00,0x00,0x00,0x00,0x00,
    0x00,0x00,0x00,0x00,0x00,0x00,0x00,0x00,0x00,0x00,0x00,0x00,0x00,0x00,0x00,0x00,
    0x00,0x00,0x00,0x00,0x00,0x07,0x07,0x00,0x00,0x07,0x07,0x00,0x00,0x07,0x07,0x00,
    0x00,0x0F,0x0F,0x00,0x00,0x0E,0x0F,0x00,0x00,0x0E,0x0E,0x00,0x00,0x0E,0x0E,0x00,
    0x00,0x1E,0x0E,0x00,0x07,0xFF,0xFF,0xF8,0x07,0xFF,0xFF,0xF0,0x07,0xFF,0xFF,0xF0,
    0x00,0x3C,0x1C,0x00,0x00,0x38,0x3C,0x00,0x00,0x38,0x38,0x00,0x00,0x38,0x38,0x00,
    0x00,0x78,0x38,0x00,0x00,0x70,0x78,0x00,0x1F,0xFF,0xFF,0xE0,0x1F,0xFF,0xFF,0xC0,
    0x1F,0xFF,0xFF,0xC0,0x00,0xE0,0xF0,0x00,0x00,0xE0,0xE0,0x00,0x00,0xE0,0xE0,0x00,
    0x01,0xE0,0xE0,0x00,0x01,0xC1,0xE0,0x00,0x01,0xC1,0xC0,0x00,0x01,0xC1,0xC0,0x00,
    0x00,0x00,0x00,0x00,0x00,0x00,0x00,0x00,0x00,0x00,0x00,0x00,0x00,0x00,0x00,0x00,
    0x00,0x00,0x00,0x00,0x00,0x00,0x00,0x00,0x00,0x00,0x00,0x00,0x00,0x00,0x00,0x00,
    0x00,0x00,0x00,0x00,0x00,0x00,0x00,0x00,0x00,0x00,0x00,0x00,0x00,0x00,0x00,0x00,
    0x00,0x00,0x00,0x00,0x00,0x00,0x00,0x00,0x00,0x00,0x03,0x00,0x00,0x07,0x00,0x00,
    0x06,0x00,0x00,0x06,0x00,0x00,0x3F,0xF0,0x00,0xFF,0xF8,0x03,0xFF,0xF8,0x07,0xEE,
    0x78,0x07,0x8C,0x00,0x0F,0x0C,0x00,0x0F,0x0C,0x00,0x0F,0x0C,0x00,0x0F,0x18,0x00,
    0x0F,0xF8,0x00,0x07,0xFE,0x00,0x03,0xFF,0x80,0x00,0xFF,0xC0,0x00,0x3F,0xE0,0x00,
    0x31,0xF0,0x00,0x30,0xF0,0x00,0x30,0xF0,0x00,0x30,0xF0,0x00,0x70,0xF0,0x20,0x61,
    0xE0,0x7C,0x67,0xC0,0x7F,0xFF,0xC0,0x3F,0xFF,0x00,0x0F,0xFC,0x00,0x00,0xC0,0x00,
    0x00,0xC0,0x00,0x00,0xC0,0x00,0x00,0xC0,0x00,0x01,0xC0,0x00,0x00,0x00,0x00,0x00,
    0x00,0x00,0x00,0x00,0x00,0x00,0x00,0x00,0x00,0x00,0x00,0x00,0x00,0x00,0x00,0x00,
    0x00,0x00,0x00,0x00,0x00,0x00,0x00,0x00,0x00,0x00,0x00,0x00,0x00,0x00,0x00,0x00,
    0x00,0x00,0x00,0x00,0x00,0x00,0x00,0x00,0x00,0x00,0x00,0x00,0x00,0x00,0x00,0x00,
    0x00,0xFC,0x00,0x1C,0x00,0x03,0xFE,0x00,0x38,0x00,0x07,0x8F,0x00,0x78,0x00,0x07,
    0x07,0x00,0xF0,0x00,0x0E,0x07,0x00,0xE0,0x00,0x0E,0x07,0x01,0xC0,0x00,0x1E,0x07,
    0x03,0x80,0x00,0x1E,0x07,0x07,0x00,0x00,0x1C,0x07,0x0F,0x00,0x00,0x1C,0x07,0x1E,
    0x00,0x00,0x1E,0x0F,0x1C,0x00,0x00,0x0E,0x0E,0x38,0x00,0x00,0x0F,0x3C,0x71,0xF8,
    0x00,0x07,0xF8,0xE3,0xFC,0x00,0x03,0xF1,0xE7,0x9E,0x00,0x00,0x01,0xCE,0x0F,0x00,
    0x00,0x03,0x8E,0x07,0x00,0x00,0x07,0x1E,0x07,0x00,0x00,0x0E,0x1C,0x07,0x00,0x00,
    0x1C,0x1C,0x07,0x00,0x00,0x3C,0x1C,0x0F,0x00,0x00,0x38,0x1C,0x0E,0x00,0x00,0x70,
    0x1C,0x0E,0x00,0x00,0xE0,0x1E,0x1E,0x00,0x01,0xC0,0x0E,0x3C,0x00,0x03,0xC0,0x0F,
    0xF8,0x00,0x07,0x80,0x03,0xE0,0x00,0x00,0x00,0x00,0x00,0x00,0x00,0x00,0x00,0x00,
    0x00,0x00,0x00,0x00,0x00,0x00,0x00,0x00,0x00,0x00,0x00,0x00,0x00,0x00,0x00,0x00,
    0x00,0x00,0x00,0x00,0x00,0x00,0x00,0x00,0x00,0x00,0x00,0x00,0x00,0x00,0x00,0x00,
    0x00,0x00,0x00,0x00,0x00,0x00,0x00,0x00,0x00,0x00,0x00,0x00,0x00,0x00,0x00,0x00,
    0x00,0x00,0x00,0x00,0x00,0x00,0x00,0x00,0x00,0x00,0x00,0x00,0x00,0x00,0x00,0x00,
    0x00,0x00,0x00,0x00,0x00,0x0F,0xE0,0x00,0x00,0x1F,0xF8,0x00,0x00,0x7F,0xFC,0x00,
    0x00,0xFC,0x3C,0x00,0x00,0xF0,0x08,0x00,0x01,0xE0,0x00,0x00,0x01,0xE0,0x00,0x00,
    0x01,0xE0,0x00,0x00,0x01,0xE0,0x00,0x00,0x01,0xF0,0x00,0x00,0x00,0xF8,0x00,0x00,
    0x01,0xF8,0x00,0x00,0x03,0xFC,0x00,0x00,0x07,0xBE,0x00,0xE0,0x0F,0x1F,0x01,0xE0,
    0x1E,0x0F,0x81,0xC0,0x1C,0x07,0xC3,0xC0,0x3C,0x07,0xC3,0x80,0x3C,0x03,0xE7,0x80,
    0x3C,0x01,0xFF,0x00,0x3C,0x00,0xFE,0x00,0x3C,0x00,0x7C,0x00,0x3E,0x00,0xFE,0x00,
    0x3F,0x87,0xFE,0x00,0x1F,0xFF,0xFF,0x00,0x0F,0xFF,0x8F,0x80,0x03,0xFE,0x07,0x80,
    0x00,0x00,0x00,0x00,0x00,0x00,0x00,0x00,0x00,0x00,0x00,0x00,0x00,0x00,0x00,0x00,
    0x00,0x00,0x00,0x00,0x00,0x00,0x00,0x00,0x00,0x00,0x00,0x00,0x00,0x00,0x00,0x00,
    0x00,0x00,0x00,0x00,0x00,0x00,0x00,0x00,0x00,0x00,0x00,0x00,0x00,0x00,0x00,0x00,
    0x00,0x00,0x00,0x00,0x1E,0x00,0x1E,0x00,0x1E,0x00,0x1E,0x00,0x1E,0x00,0x1E,0x00,
    0x1E,0x00,0x1E,0x00,0x1E,0x00,0x1E,0x00,0x00,0x00,0x00,0x00,0x00,0x00,0x00,0x00,
    0x00,0x00,0x00,0x00,0x00,0x00,0x00,0x00,0x00,0x00,0x00,0x00,0x00,0x00,0x00,0x00,
    0x00,0x00,0x00,0x00,0x00,0x00,0x00,0x00,0x00,0x00,0x00,0x00,0x00,0x00,0x00,0x00,
    0x00,0x00,0x00,0x00,0x00,0x00,0x00,0x00,0x00,0x00,0x00,0x00,0x00,0x00,0x00,0x00,
    0x00,0x00,0x00,0x00,0x00,0x00,0x00,0x00,0x00,0x00,0x00,0x0C,0x00,0x1C,0x00,0x3C,
    0x00,0x38,0x00,0x78,0x00,0xF0,0x01,0xE0,0x01,0xE0,0x03,0xC0,0x03,0xC0,0x07,0x80,
    0x07,0x80,0x0F,0x00,0x0F,0x00,0x0F,0x00,0x1E,0x00,0x1E,0x00,0x1E,0x00,0x1E,0x00,
    0x1E,0x00,0x1E,0x00,0x1C,0x00,0x1E,0x00,0x1E,0x00,0x1E,0x00,0x1E,0x00,0x1E,0x00,
    0x0E,0x00,0x0E,0x00,0x0F,0x00,0x07,0x00,0x07,0x80,0x03,0x80,0x00,0x00,0x00,0x00,
    0x00,0x00,0x00,0x00,0x00,0x00,0x00,0x00,0x00,0x00,0x00,0x00,0x00,0x00,0x00,0x00,
    0x00,0x00,0x07,0x00,0x07,0x00,0x07,0x80,0x03,0x80,0x03,0x80,0x03,0xC0,0x01,0xC0,
    0x01,0xC0,0x01,0xE0,0x01,0xE0,0x01,0xE0,0x01,0xE0,0x01,0xE0,0x01,0xE0,0x01,0xE0,
    0x01,0xE0,0x03,0xC0,0x03,0xC0,0x03,0xC0,0x07,0xC0,0x07,0x80,0x07,0x80,0x0F,0x00,
    0x0F,0x00,0x1E,0x00,0x1E,0x00,0x3C,0x00,0x78,0x00,0x78,0x00,0xF0,0x00,0xE0,0x00,
    0xC0,0x00,0x80,0x00,0x00,0x00,0x00,0x00,0x00,0x00,0x00,0x00,0x00,0x00,0x00,0x00,
    0x00,0x00,0x00,0x00,0x00,0x00,0x00,0x00,0x00,0x00,0x00,0x00,0x00,0x00,0x00,0x00,
    0x00,0x00,0x00,0x00,0x00,0xC0,0x00,0x00,0xC0,0x00,0x00,0xC0,0x00,0x20,0xC1,0x80,
    0x78,0xC7,0x80,0x3E,0xCF,0x00,0x0F,0xFC,0x00,0x03,0xF0,0x00,0x03,0xF0,0x00,0x0F,
    0xFC,0x00,0x3E,0xCF,0x00,0x78,0xC7,0x80,0x20,0xC1,0x80,0x00,0xC0,0x00,0x00,0xC0,
    0x00,0x00,0xC0,0x00,0x00,0x00,0x00,0x00,0x00,0x00,0x00,0x00,0x00,0x00,0x00,0x00,
    0x00,0x00,0x00,0x00,0x00,0x00,0x00,0x00,0x00,0x00,0x00,0x00,0x00,0x00,0x00,0x00,
    0x00,0x00,0x00,0x00,0x00,0x00,0x00,0x00,0x00,0x00,0x00,0x00,0x00,0x00,0x00,0x00,
    0x00,0x00,0x00,0x00,0x00,0x00,0x00,0x00,0x00,0x00,0x00,0x00,0x00,0x00,0x00,0x00,
    0x00,0x00,0x00,0x00,0x00,0x00,0x00,0x00,0x00,0x00,0x00,0x00,0x00,0x00,0x00,0x00,
    0x00,0x00,0x00,0x00,0x00,0x00,0x00,0x00,0x00,0x00,0x00,0x00,0x00,0x00,0x00,0x00,
    0x00,0x00,0x00,0x00,0x00,0x00,0x00,0x00,0x00,0x00,0x00,0x00,0x00,0x00,0x00,0x00,
    0x00,0x03,0x80,0x00,0x00,0x03,0x80,0x00,0x00,0x03,0x80,0x00,0x00,0x03,0x80,0x00,
    0x00,0x03,0x80,0x00,0x00,0x03,0x80,0x00,0x00,0x03,0x80,0x00,0x00,0x03,0x80,0x00,
    0x00,0x03,0x80,0x00,0x00,0x03,0x80,0x00,0x0F,0xFF,0xFF,0xE0,0x0F,0xFF,0xFF,0xE0,
    0x0F,0xFF,0xFF,0xE0,0x00,0x03,0x80,0x00,0x00,0x03,0x80,0x00,0x00,0x03,0x80,0x00,
    0x00,0x03,0x80,0x00,0x00,0x03,0x80,0x00,0x00,0x03,0x80,0x00,0x00,0x03,0x80,0x00,
    0x00,0x03,0x80,0x00,0x00,0x03,0x80,0x00,0x00,0x03,0x80,0x00,0x00,0x00,0x00,0x00,
    0x00,0x00,0x00,0x00,0x00,0x00,0x00,0x00,0x00,0x00,0x00,0x00,0x00,0x00,0x00,0x00,
    0x00,0x00,0x00,0x00,0x00,0x00,0x00,0x00,0x00,0x00,0x00,0x00,0x00,0x00,0x00,0x00,
    0x00,0x00,0x00,0x00,0x00,0x00,0x00,0x00,0x00,0x00,0x00,0x00,0x00,0x00,0x00,0x00,
    0x00,0x00,0x00,0x00,0x00,0x00,0x00,0x00,0x00,0x00,0x00,0x00,0x00,0x00,0x00,0x00,
    0x00,0x00,0x00,0x00,0x00,0x00,0x00,0x00,0x00,0x00,0x00,0x00,0x00,0x00,0x00,0x00,
    0x00,0x00,0x00,0x00,0x00,0x00,0x00,0x00,0x00,0x00,0x00,0x00,0x1E,0x00,0x1E,0x00,
    0x1E,0x00,0x3C,0x00,0x3C,0x00,0x78,0x00,0x70,0x00,0x70,0x00,0xE0,0x00,0x00,0x00,
    0x00,0x00,0x00,0x00,0x00,0x00,0x00,0x00,0x00,0x00,0x00,0x00,0x00,0x00,0x00,0x00,
    0x00,0x00,0x00,0x00,0x00,0x00,0x00,0x00,0x00,0x00,0x00,0x00,0x00,0x00,0x00,0x00,
    0x00,0x00,0x00,0x00,0x00,0x00,0x00,0x00,0x00,0x00,0x00,0x00,0x00,0x00,0x00,0x00,
    0x00,0x00,0x00,0x00,0x00,0x00,0x3F,0xF0,0x3F,0xF0,0x3F,0xF0,0x3F,0xF0,0x00,0x00,
    0x00,0x00,0x00,0x00,0x00,0x00,0x00,0x00,0x00,0x00,0x00,0x00,0x00,0x00,0x00,0x00,
    0x00,0x00,0x00,0x00,0x00,0x00,0x00,0x00,0x00,0x00,0x00,0x00,0x00,0x00,0x00,0x00,
    0x00,0x00,0x00,0x00,0x00,0x00,0x00,0x00,0x00,0x00,0x00,0x00,0x00,0x00,0x00,0x00,
    0x00,0x00,0x00,0x00,0x00,0x00,0x00,0x00,0x00,0x00,0x00,0x00,0x00,0x00,0x00,0x00,
    0x00,0x00,0x00,0x00,0x00,0x00,0x00,0x00,0x00,0x00,0x00,0x00,0x00,0x00,0x00,0x00,
    0x00,0x00,0x00,0x00,0x00,0x00,0x00,0x00,0x00,0x00,0x00,0x00,0x1E,0x00,0x1E,0x00,
    0x3E,0x00,0x3C,0x00,0x3C,0x00,0x00,0x00,0x00,0x00,0x00,0x00,0x00,0x00,0x00,0x00,
    0x00,0x00,0x00,0x00,0x00,0x00,0x00,0x00,0x00,0x00,0x00,0x00,0x00,0x00,0x00,0x00,
    0x00,0x00,0x00,0x00,0x00,0x00,0x00,0x00,0x00,0x00,0x00,0x00,0x00,0x10,0x00,0x10,
    0x00,0x30,0x00,0x30,0x00,0x70,0x00,0x70,0x00,0xF0,0x00,0xE0,0x01,0xE0,0x01,0xC0,
    0x03,0xC0,0x03,0x80,0x07,0x80,0x0F,0x00,0x0F,0x00,0x1E,0x00,0x1E,0x00,0x3C,0x00,
    0x3C,0x00,0x78,0x00,0x70,0x00,0xF0,0x00,0xE0,0x00,0xE0,0x00,0xC0,0x00,0xC0,0x00,
    0x80,0x00,0x80,0x00,0x00,0x00,0x00,0x00,0x00,0x00,0x00,0x00,0x00,0x00,0x00,0x00,
    0x00,0x00,0x00,0x00,0x00,0x00,0x00,0x00,0x00,0x00,0x00,0x00,0x00,0x00,0x00,0x00,
    0x00,0x00,0x00,0x00,0x00,0x00,0x00,0x00,0x00,0x1F,0xC0,0x00,0x7F,0xE0,0x00,0xFF,
    0xF0,0x01,0xF0,0xF8,0x03,0xC0,0x78,0x07,0x80,0x78,0x07,0x80,0x3C,0x0F,0x00,0x3C,
    0x0F,0x00,0x3C,0x1E,0x00,0x3C,0x1E,0x00,0x3C,0x1E,0x00,0x3C,0x3C,0x00,0x3C,0x3C,
    0x00,0x78,0x3C,0x00,0x78,0x3C,0x00,0x78,0x3C,0x00,0x78,0x3C,0x00,0xF0,0x3C,0x00,
    0xF0,0x3C,0x01,0xF0,0x3C,0x01,0xE0,0x3C,0x03,0xC0,0x3E,0x07,0xC0,0x1F,0x1F,0x80,
    0x0F,0xFF,0x00,0x0F,0xFE,0x00,0x03,0xF8,0x00,0x00,0x00,0x00,0x00,0x00,0x00,0x00,
    0x00,0x00,0x00,0x00,0x00,0x00,0x00,0x00,0x00,0x00,0x00,0x00,0x00,0x00,0x00,0x00,
    0x00,0x00,0x00,0x00,0x00,0x00,0x00,0x00,0x00,0x00,0x00,0x00,0x00,0x00,0x00,0x00,
    0x00,0x00,0x00,0x00,0x00,0x00,0x00,0x00,0x00,0x00,0x00,0x00,0x00,0xFF,0x80,0x03,
    0xFF,0x80,0x03,0xFF,0x00,0x03,0xCF,0x00,0x00,0x0F,0x00,0x00,0x0F,0x00,0x00,0x0F,
    0x00,0x00,0x1E,0x00,0x00,0x1E,0x00,0x00,0x1E,0x00,0x00,0x1E,0x00,0x00,0x1E,0x00,
    0x00,0x3C,0x00,0x00,0x3C,0x00,0x00,0x3C,0x00,0x00,0x3C,0x00,0x00,0x3C,0x00,0x00,
    0x78,0x00,0x00,0x78,0x00,0x00,0x78,0x00,0x00,0x78,0x00,0x00,0x78,0x00,0x00,0xF0,
    0x00,0x00,0xF0,0x00,0x3F,0xFF,0xC0,0x3F,0xFF,0xC0,0x3F,0xFF,0xC0,0x00,0x00,0x00,
    0x00,0x00,0x00,0x00,0x00,0x00,0x00,0x00,0x00,0x00,0x00,0x00,0x00,0x00,0x00,0x00,
    0x00,0x00,0x00,0x00,0x00,0x00,0x00,0x00,0x00,0x00,0x00,0x00,0x00,0x00,0x00,0x00,
    0x00,0x00,0x00,0x00,0x00,0x00,0x00,0x00,0x00,0x00,0x00,0x00,0x00,0x00,0x00,0x00,
    0x00,0x7F,0x80,0x03,0xFF,0xE0,0x07,0xFF,0xF0,0x07,0xE1,0xF8,0x07,0x00,0xF8,0x04,
    0x00,0x78,0x00,0x00,0x78,0x00,0x00,0x78,0x00,0x00,0x78,0x00,0x00,0x78,0x00,0x00,
    0xF8,0x00,0x01,0xF0,0x00,0x03,0xE0,0x00,0x07,0xC0,0x00,0x0F,0x80,0x00,0x1F,0x00,
    0x00,0x3E,0x00,0x00,0x7C,0x00,0x01,0xF0,0x00,0x03,0xE0,0x00,0x07,0xC0,0x00,0x0F,
    0x80,0x00,0x3E,0x00,0x00,0x7C,0x00,0x00,0xFF,0xFF,0xC0,0xFF,0xFF,0xC0,0xFF,0xFF,
    0xC0,0x00,0x00,0x00,0x00,0x00,0x00,0x00,0x00,0x00,0x00,0x00,0x00,0x00,0x00,0x00,
    0x00,0x00,0x00,0x00,0x00,0x00,0x00,0x00,0x00,0x00,0x00,0x00,0x00,0x00,0x00,0x00,
    0x00,0x00,0x00,0x00,0x00,0x00,0x00,0x00,0x00,0x00,0x00,0x00,0x00,0x00,0x00,0x00,
    0x00,0x00,0x00,0x00,0x01,0xFF,0x80,0x03,0xFF,0xE0,0x07,0xFF,0xF0,0x07,0x81,0xF8,
    0x00,0x00,0x78,0x00,0x00,0x78,0x00,0x00,0x78,0x00,0x00,0x78,0x00,0x00,0x78,0x00,
    0x00,0xF0,0x00,0x03,0xE0,0x01,0xFF,0xC0,0x01,0xFF,0x00,0x01,0xFF,0xC0,0x00,0x07,
    0xE0,0x00,0x01,0xE0,0x00,0x01,0xE0,0x00,0x01,0xF0,0x00,0x01,0xE0,0x00,0x01,0xE0,
    0x00,0x01,0xE0,0x00,0x03,0xE0,0x00,0x07,0xC0,0xF0,0x3F,0x80,0xFF,0xFF,0x00,0xFF,
    0xFE,0x00,0x3F,0xF0,0x00,0x00,0x00,0x00,0x00,0x00,0x00,0x00,0x00,0x00,0x00,0x00,
    0x00,0x00,0x00,0x00,0x00,0x00,0x00,0x00,0x00,0x00,0x00,0x00,0x00,0x00,0x00,0x00,
    0x00,0x00,0x00,0x00,0x00,0x00,0x00,0x00,0x00,0x00,0x00,0x00,0x00,0x00,0x00,0x00,
    0x00,0x00,0x00,0x00,0x00,0x00,0x00,0x00,0x00,0x01,0xF8,0x00,0x03,0xF0,0x00,0x03,
    0xF0,0x00,0x07,0xF0,0x00,0x0E,0xF0,0x00,0x1E,0xF0,0x00,0x3D,0xE0,0x00,0x79,0xE0,
    0x00,0x71,0xE0,0x00,0xE1,0xE0,0x01,0xE1,0xE0,0x03,0xC3,0xC0,0x07,0x83,0xC0,0x0F,
    0x03,0xC0,0x0E,0x03,0xC0,0x1C,0x03,0xC0,0x3C,0x03,0xC0,0x78,0x07,0x80,0x7F,0xFF,
    0xF8,0x7F,0xFF,0xF8,0x7F,0xFF,0xF8,0x00,0x07,0x80,0x00,0x0F,0x00,0x00,0x0F,0x00,
    0x00,0x0F,0x00,0x00,0x0F,0x00,0x00,0x0F,0x00,0x00,0x00,0x00,0x00,0x00,0x00,0x00,
    0x00,0x00,0x00,0x00,0x00,0x00,0x00,0x00,0x00,0x00,0x00,0x00,0x00,0x00,0x00,0x00,
    0x00,0x00,0x00,0x00,0x00,0x00,0x00,0x00,0x00,0x00,0x00,0x00,0x00,0x00,0x00,0x00,
    0x00,0x00,0x00,0x00,0x00,0x00,0x00,0x00,0x00,0x00,0x00,0x00,0x01,0xFF,0xFC,0x03,
    0xFF,0xF8,0x03,0xFF,0xF8,0x03,0xC0,0x00,0x03,0xC0,0x00,0x03,0x80,0x00,0x07,0x80,
    0x00,0x07,0x80,0x00,0x07,0x80,0x00,0x07,0xFF,0x00,0x07,0xFF,0x80,0x0F,0xFF,0xC0,
    0x0E,0x07,0xE0,0x00,0x01,0xF0,0x00,0x01,0xF0,0x00,0x00,0xF0,0x00,0x00,0xF0,0x00,
    0x00,0xF0,0x00,0x00,0xF0,0x00,0x01,0xF0,0x00,0x01,0xE0,0x00,0x03,0xE0,0x00,0x07,
    0xC0,0x70,0x1F,0x80,0x7F,0xFF,0x00,0x7F,0xFE,0x00,0x3F,0xF0,0x00,0x00,0x00,0x00,
    0x00,0x00,0x00,0x00,0x00,0x00,0x00,0x00,0x00,0x00,0x00,0x00,0x00,0x00,0x00,0x00,
    0x00,0x00,0x00,0x00,0x00,0x00,0x00,0x00,0x00,0x00,0x00,0x00,0x00,0x00,0x00,0x00,
    0x00,0x00,0x00,0x00,0x00,0x00,0x00,0x00,0x00,0x00,0x00,0x00,0x00,0x00,0x00,0x00,
    0x00,0x0F,0xF8,0x00,0x3F,0xFC,0x00,0x7F,0xFC,0x01,0xFC,0x1C,0x01,0xE0,0x00,0x03,
    0xC0,0x00,0x07,0x80,0x00,0x07,0x80,0x00,0x0F,0x00,0x00,0x0F,0x00,0x00,0x1F,0x3F,
    0x80,0x1E,0xFF,0xE0,0x1F,0xFF,0xF0,0x1F,0xE3,0xF0,0x3F,0x80,0xF8,0x3F,0x00,0xF8,
    0x3E,0x00,0x78,0x3E,0x00,0x78,0x3C,0x00,0x78,0x3C,0x00,0xF0,0x3C,0x00,0xF0,0x1E,
    0x01,0xF0,0x1E,0x03,0xE0,0x1F,0x8F,0xC0,0x0F,0xFF,0x80,0x07,0xFF,0x00,0x01,0xFC,
    0x00,0x00,0x00,0x00,0x00,0x00,0x00,0x00,0x00,0x00,0x00,0x00,0x00,0x00,0x00,0x00,
    0x00,0x00,0x00,0x00,0x00,0x00,0x00,0x00,0x00,0x00,0x00,0x00,0x00,0x00,0x00,0x00,
    0x00,0x00,0x00,0x00,0x00,0x00,0x00,0x00,0x00,0x00,0x00,0x00,0x00,0x00,0x00,0x00,
    0x00,0x00,0x00,0x00,0x0F,0xFF,0xFE,0x0F,0xFF,0xFE,0x0F,0xFF,0xFC,0x00,0x00,0x3C,
    0x00,0x00,0x78,0x00,0x00,0xF8,0x00,0x00,0xF0,0x00,0x01,0xE0,0x00,0x03,0xE0,0x00,
    0x03,0xC0,0x00,0x07,0xC0,0x00,0x07,0x80,0x00,0x0F,0x00,0x00,0x1F,0x00,0x00,0x1E,
    0x00,0x00,0x3E,0x00,0x00,0x3C,0x00,0x00,0x78,0x00,0x00,0xF8,0x00,0x00,0xF0,0x00,
    0x01,0xF0,0x00,0x01,0xE0,0x00,0x03,0xC0,0x00,0x07,0xC0,0x00,0x07,0x80,0x00,0x0F,
    0x80,0x00,0x0F,0x00,0x00,0x00,0x00,0x00,0x00,0x00,0x00,0x00,0x00,0x00,0x00,0x00,
    0x00,0x00,0x00,0x00,0x00,0x00,0x00,0x00,0x00,0x00,0x00,0x00,0x00,0x00,0x00,0x00,
    0x00,0x00,0x00,0x00,0x00,0x00,0x00,0x00,0x00,0x00,0x00,0x00,0x00,0x00,0x00,0x00,
    0x00,0x00,0x00,0x00,0x00,0x00,0x00,0x00,0x00,0x3F,0xC0,0x00,0xFF,0xF0,0x03,0xFF,
    0xF8,0x03,0xF0,0xF8,0x07,0xC0,0x7C,0x07,0x80,0x3C,0x0F,0x00,0x3C,0x0F,0x00,0x3C,
    0x0F,0x00,0x3C,0x07,0x80,0x78,0x07,0xE1,0xF0,0x03,0xFF,0xE0,0x01,0xFF,0x80,0x07,
    0xFF,0xC0,0x0F,0x87,0xE0,0x1E,0x01,0xF0,0x3C,0x00,0xF0,0x38,0x00,0xF0,0x78,0x00,
    0xF0,0x78,0x00,0xF0,0x78,0x00,0xF0,0x78,0x01,0xF0,0x7C,0x03,0xE0,0x3F,0x0F,0xC0,
    0x1F,0xFF,0x80,0x0F,0xFF,0x00,0x03,0xFC,0x00,0x00,0x00,0x00,0x00,0x00,0x00,0x00,
    0x00,0x00,0x00,0x00,0x00,0x00,0x00,0x00,0x00,0x00,0x00,0x00,0x00,0x00,0x00,0x00,
    0x00,0x00,0x00,0x00,0x00,0x00,0x00,0x00,0x00,0x00,0x00,0x00,0x00,0x00,0x00,0x00,
    0x00,0x00,0x00,0x00,0x00,0x00,0x00,0x00,0x00,0x00,0x00,0x00,0x00,0x7F,0x80,0x00,
    0xFF,0xC0,0x03,0xFF,0xE0,0x07,0xE1,0xF0,0x07,0x80,0xF8,0x0F,0x00,0x78,0x0F,0x00,
    0x78,0x1E,0x00,0x78,0x1E,0x00,0x78,0x1E,0x00,0x78,0x1E,0x00,0x78,0x1E,0x00,0xF8,
    0x1F,0x01,0xF8,0x1F,0x87,0xF8,0x0F,0xFF,0xF8,0x07,0xFE,0xF0,0x01,0xF8,0xF0,0x00,
    0x00,0xF0,0x00,0x01,0xE0,0x00,0x01,0xE0,0x00,0x03,0xC0,0x00,0x07,0xC0,0x00,0x0F,
    0x80,0x30,0x3F,0x00,0x3F,0xFE,0x00,0x3F,0xF8,0x00,0x1F,0xE0,0x00,0x00,0x00,0x00,
    0x00,0x00,0x00,0x00,0x00,0x00,0x00,0x00,0x00,0x00,0x00,0x00,0x00,0x00,0x00,0x00,
    0x00,0x00,0x00,0x00,0x00,0x00,0x00,0x00,0x00,0x00,0x00,0x00,0x00,0x00,0x00,0x00,
    0x00,0x00,0x00,0x00,0x00,0x00,0x00,0x00,0x00,0x00,0x00,0x00,0x00,0x00,0x00,0x00,
    0x00,0x00,0x00,0x00,0x00,0x00,0x00,0x00,0x07,0xC0,0x07,0x80,0x07,0x80,0x07,0x80,
    0x07,0x80,0x00,0x00,0x00,0x00,0x00,0x00,0x00,0x00,0x00,0x00,0x00,0x00,0x00,0x00,
    0x00,0x00,0x00,0x00,0x1E,0x00,0x3E,0x00,0x3C,0x00,0x3C,0x00,0x3C,0x00,0x00,0x00,
    0x00,0x00,0x00,0x00,0x00,0x00,0x00,0x00,0x00,0x00,0x00,0x00,0x00,0x00,0x00,0x00,
    0x00,0x00,0x00,0x00,0x00,0x00,0x00,0x00,0x00,0x00,0x00,0x00,0x00,0x00,0x00,0x00,
    0x00,0x00,0x00,0x00,0x00,0x00,0x00,0x00,0x00,0x00,0x00,0x00,0x00,0x00,0x00,0x00,
    0x03,0xC0,0x03,0xC0,0x07,0xC0,0x07,0x80,0x07,0x80,0x00,0x00,0x00,0x00,0x00,0x00,
    0x00,0x00,0x00,0x00,0x00,0x00,0x00,0x00,0x00,0x00,0x00,0x00,0x1E,0x00,0x1E,0x00,
    0x1E,0x00,0x3C,0x00,0x3C,0x00,0x78,0x00,0x70,0x00,0x70,0x00,0xE0,0x00,0x00,0x00,
    0x00,0x00,0x00,0x00,0x00,0x00,0x00,0x00,0x00,0x00,0x00,0x00,0x00,0x00,0x00,0x00,
    0x00,0x00,0x00,0x00,0x00,0x00,0x00,0x00,0x00,0x00,0x00,0x00,0x00,0x00,0x00,0x00,
    0x00,0x00,0x00,0x00,0x00,0x00,0x00,0x00,0x00,0x00,0x00,0x00,0x00,0x00,0x00,0x00,
    0x00,0x00,0x00,0x00,0x00,0x00,0x00,0x00,0x00,0x00,0x00,0x00,0x00,0x00,0x00,0x60,
    0x00,0x00,0x03,0xE0,0x00,0x00,0x0F,0xE0,0x00,0x00,0x7F,0xE0,0x00,0x03,0xFF,0x00,
    0x00,0x0F,0xFC,0x00,0x00,0x7F,0xE0,0x00,0x03,0xFF,0x00,0x00,0x0F,0xF8,0x00,0x00,
    0x0F,0xC0,0x00,0x00,0x0F,0xC0,0x00,0x00,0x0F,0xF8,0x00,0x00,0x03,0xFF,0x00,0x00,
    0x00,0x7F,0xE0,0x00,0x00,0x0F,0xFC,0x00,0x00,0x03,0xFF,0x00,0x00,0x00,0x7F,0xE0,
    0x00,0x00,0x0F,0xE0,0x00,0x00,0x03,0xE0,0x00,0x00,0x00,0x60,0x00,0x00,0x00,0x00,
    0x00,0x00,0x00,0x00,0x00,0x00,0x00,0x00,0x00,0x00,0x00,0x00,0x00,0x00,0x00,0x00,
    0x00,0x00,0x00,0x00,0x00,0x00,0x00,0x00,0x00,0x00,0x00,0x00,0x00,0x00,0x00,0x00,
    0x00,0x00,0x00,0x00,0x00,0x00,0x00,0x00,0x00,0x00,0x00,0x00,0x00,0x00,0x00,0x00,
    0x00,0x00,0x00,0x00,0x00,0x00,0x00,0x00,0x00,0x00,0x00,0x00,0x00,0x00,0x00,0x00,
    0x00,0x00,0x00,0x00,0x00,0x00,0x00,0x00,0x00,0x00,0x00,0x00,0x00,0x00,0x00,0x00,
    0x00,0x00,0x00,0x00,0x00,0x00,0x00,0x00,0x00,0x00,0x00,0x00,0x00,0x00,0x00,0x00,
    0x00,0x00,0x00,0x00,0x00,0x00,0x00,0x00,0x00,0x00,0x00,0x00,0x00,0x00,0x00,0x00,
    0x00,0x00,0x00,0x00,0x0F,0xFF,0xFF,0xE0,0x0F,0xFF,0xFF,0xE0,0x0F,0xFF,0xFF,0xE0,
    0x00,0x00,0x00,0x00,0x00,0x00,0x00,0x00,0x00,0x00,0x00,0x00,0x00,0x00,0x00,0x00,
    0x0F,0xFF,0xFF,0xE0,0x0F,0xFF,0xFF,0xE0,0x0F,0xFF,0xFF,0xE0,0x00,0x00,0x00,0x00,
    0x00,0x00,0x00,0x00,0x00,0x00,0x00,0x00,0x00,0x00,0x00,0x00,0x00,0x00,0x00,0x00,
    0x00,0x00,0x00,0x00,0x00,0x00,0x00,0x00,0x00,0x00,0x00,0x00,0x00,0x00,0x00,0x00,
    0x00,0x00,0x00,0x00,0x00,0x00,0x00,0x00,0x00,0x00,0x00,0x00,0x00,0x00,0x00,0x00,
    0x00,0x00,0x00,0x00,0x00,0x00,0x00,0x00,0x00,0x00,0x00,0x00,0x00,0x00,0x00,0x00,
    0x00,0x00,0x00,0x00,0x00,0x00,0x00,0x00,0x00,0x00,0x00,0x00,0x00,0x00,0x00,0x00,
    0x00,0x00,0x00,0x00,0x00,0x00,0x00,0x00,0x00,0x00,0x00,0x00,0x00,0x00,0x00,0x00,
    0x00,0x00,0x00,0x00,0x00,0x00,0x00,0x00,0x00,0x00,0x00,0x00,0x0C,0x00,0x00,0x00,
    0x0F,0x80,0x00,0x00,0x0F,0xE0,0x00,0x00,0x0F,0xFC,0x00,0x00,0x01,0xFF,0x80,0x00,
    0x00,0x7F,0xE0,0x00,0x00,0x0F,0xFC,0x00,0x00,0x01,0xFF,0x80,0x00,0x00,0x3F,0xE0,
    0x00,0x00,0x07,0xE0,0x00,0x00,0x07,0xE0,0x00,0x00,0x3F,0xE0,0x00,0x01,0xFF,0x80,
    0x00,0x0F,0xFC,0x00,0x00,0x7F,0xE0,0x00,0x01,0xFF,0x80,0x00,0x0F,0xFC,0x00,0x00,
    0x0F,0xE0,0x00,0x00,0x0F,0x80,0x00,0x00,0x0C,0x00,0x00,0x00,0x00,0x00,0x00,0x00,
    0x00,0x00,0x00,0x00,0x00,0x00,0x00,0x00,0x00,0x00,0x00,0x00,0x00,0x00,0x00,0x00,
    0x00,0x00,0x00,0x00,0x00,0x00,0x00,0x00,0x00,0x00,0x00,0x00,0x00,0x00,0x00,0x00,
    0x00,0x00,0x00,0x00,0x00,0x00,0x00,0x00,0x00,0x00,0x00,0x00,0x00,0x00,0x00,0x00,
    0x00,0x00,0x00,0x00,0x00,0x00,0x00,0x00,0x00,0x00,0x00,0x00,0x00,0x00,0x00,0x00,
    0x00,0xFF,0x00,0x03,0xFF,0xC0,0x07,0xFF,0xE0,0x07,0x87,0xE0,0x04,0x01,0xE0,0x00,
    0x01,0xE0,0x00,0x01,0xE0,0x00,0x03,0xC0,0x00,0x07,0xC0,0x00,0x0F,0x80,0x00,0x1F,
    0x00,0x00,0x3E,0x00,0x00,0x78,0x00,0x00,0xF0,0x00,0x01,0xE0,0x00,0x01,0xE0,0x00,
    0x01,0xC0,0x00,0x03,0xC0,0x00,0x03,0xC0,0x00,0x00,0x00,0x00,0x00,0x00,0x00,0x00,
    0x00,0x00,0x07,0x80,0x00,0x07,0x80,0x00,0x07,0x80,0x00,0x07,0x80,0x00,0x07,0x80,
    0x00,0x00,0x00,0x00,0x00,0x00,0x00,0x00,0x00,0x00,0x00,0x00,0x00,0x00,0x00,0x00,
    0x00,0x00,0x00,0x00,0x00,0x00,0x00,0x00,0x00,0x00,0x00,0x00,0x00,0x00,0x00,0x00,
    0x00,0x00,0x00,0x00,0x00,0x00,0x00,0x00,0x00,0x00,0x00,0x00,0x00,0x00,0x00,0x00,
    0x00,0x00,0x00,0x00,0x00,0x00,0x00,0x00,0x00,0x00,0x00,0x00,0x00,0x00,0x00,0x00,
    0x00,0x00,0x00,0x00,0x00,0x00,0x00,0x00,0x00,0x00,0x00,0x7F,0xC0,0x00,0x00,0x03,
    0xFF,0xF8,0x00,0x00,0x0F,0xFF,0xFC,0x00,0x00,0x3F,0xC0,0x7F,0x00,0x00,0x7E,0x00,
    0x0F,0x80,0x00,0xF8,0x00,0x07,0x80,0x01,0xE0,0x00,0x03,0xC0,0x03,0xC0,0x00,0x01,
    0xE0,0x07,0x80,0x7C,0x70,0xE0,0x07,0x01,0xFF,0x70,0xE0,0x0F,0x03,0xFF,0xE0,0xE0,
    0x0E,0x07,0xC7,0xE0,0xE0,0x1C,0x0F,0x01,0xE0,0xE0,0x1C,0x0E,0x01,0xE0,0xE0,0x3C,
    0x1C,0x01,0xE0,0xE0,0x38,0x1C,0x01,0xC0,0xE0,0x38,0x1C,0x01,0xC1,0xC0,0x38,0x1C,
    0x01,0xC1,0xC0,0x38,0x1C,0x03,0xC3,0x80,0x38,0x1E,0x07,0xC7,0x00,0x38,0x1F,0x1F,
    0xFF,0x00,0x38,0x0F,0xFF,0xFC,0x00,0x1C,0x07,0xFB,0xF8,0x00,0x1C,0x03,0xF3,0xC0,
    0x00,0x1E,0x00,0x00,0x00,0x00,0x0F,0x00,0x00,0x00,0x00,0x0F,0x80,0x00,0xC0,0x00,
    0x07,0xC0,0x03,0xE0,0x00,0x03,0xF8,0x1F,0xC0,0x00,0x01,0xFF,0xFF,0x80,0x00,0x00,
    0x7F,0xFE,0x00,0x00,0x00,0x1F,0xF0,0x00,0x00,0x00,0x00,0x00,0x00,0x00,0x00,0x00,
    0x00,0x00,0x00,0x00,0x00,0x00,0x00,0x00,0x00,0x00,0x00,0x00,0x00,0x00,0x00,0x00,
    0x00,0x00,0x00,0x00,0x00,0x00,0x00,0x00,0x00,0x00,0x00,0x00,0x00,0x00,0x00,0x00,
    0x00,0x00,0x00,0x00,0x00,0x00,0x00,0x00,0x00,0x07,0xC0,0x00,0x00,0x07,0xC0,0x00,
    0x00,0x0F,0xC0,0x00,0x00,0x1F,0xE0,0x00,0x00,0x1F,0xE0,0x00,0x00,0x3D,0xE0,0x00,
    0x00,0x39,0xE0,0x00,0x00,0x79,0xE0,0x00,0x00,0x70,0xF0,0x00,0x00,0xF0,0xF0,0x00,
    0x01,0xE0,0xF0,0x00,0x01,0xE0,0xF0,0x00,0x03,0xC0,0xF0,0x00,0x03,0xC0,0xF0,0x00,
    0x07,0x80,0x78,0x00,0x0F,0x00,0x78,0x00,0x0F,0x00,0x78,0x00,0x1F,0xFF,0xF8,0x00,
    0x1F,0xFF,0xF8,0x00,0x3F,0xFF,0xFC,0x00,0x3C,0x00,0x3C,0x00,0x78,0x00,0x3C,0x00,
    0xF8,0x00,0x3C,0x00,0xF0,0x00,0x3C,0x00,0xE0,0x00,0x3C,0x00,0xE0,0x00,0x1E,0x00,
    0xC0,0x00,0x1E,0x00,0x00,0x00,0x00,0x00,0x00,0x00,0x00,0x00,0x00,0x00,0x00,0x00,
    0x00,0x00,0x00,0x00,0x00,0x00,0x00,0x00,0x00,0x00,0x00,0x00,0x00,0x00,0x00,0x00,
    0x00,0x00,0x00,0x00,0x00,0x00,0x00,0x00,0x00,0x00,0x00,0x00,0x00,0x00,0x00,0x00,
    0x00,0x00,0x00,0x00,0x00,0x00,0x00,0x00,0x00,0x00,0x00,0x00,0x00,0x00,0x00,0x00,
    0x00,0x00,0x00,0x00,0x00,0x00,0x00,0x00,0x03,0xFF,0xF0,0x00,0x03,0xFF,0xFC,0x00,
    0x03,0xFF,0xFC,0x00,0x07,0x80,0x7E,0x00,0x07,0x80,0x1E,0x00,0x07,0x80,0x1E,0x00,
    0x07,0x80,0x1E,0x00,0x07,0x80,0x1E,0x00,0x0F,0x00,0x1E,0x00,0x0F,0x00,0x3C,0x00,
    0x0F,0x00,0xF8,0x00,0x0F,0xFF,0xF0,0x00,0x0F,0xFF,0xE0,0x00,0x1F,0xFF,0xF0,0x00,
    0x1E,0x01,0xF8,0x00,0x1E,0x00,0x78,0x00,0x1E,0x00,0x3C,0x00,0x1E,0x00,0x3C,0x00,
    0x3C,0x00,0x3C,0x00,0x3C,0x00,0x3C,0x00,0x3C,0x00,0x7C,0x00,0x3C,0x00,0x78,0x00,
    0x3C,0x00,0xF8,0x00,0x7C,0x03,0xF0,0x00,0x7F,0xFF,0xE0,0x00,0x7F,0xFF,0xC0,0x00,
    0x7F,0xFE,0x00,0x00,0x00,0x00,0x00,0x00,0x00,0x00,0x00,0x00,0x00,0x00,0x00,0x00,
    0x00,0x00,0x00,0x00,0x00,0x00,0x00,0x00,0x00,0x00,0x00,0x00,0x00,0x00,0x00,0x00,
    0x00,0x00,0x00,0x00,0x00,0x00,0x00,0x00,0x00,0x00,0x00,0x00,0x00,0x00,0x00,0x00,
    0x00,0x00,0x00,0x00,0x00,0x00,0x00,0x00,0x00,0x00,0x00,0x00,0x00,0x00,0x00,0x00,
    0x00,0x00,0x00,0x00,0x00,0x00,0x00,0x00,0x00,0x0F,0xFC,0x00,0x00,0x3F,0xFF,0x00,
    0x00,0xFF,0xFF,0x80,0x01,0xFC,0x1F,0xC0,0x03,0xF0,0x03,0xC0,0x07,0xC0,0x01,0x80,
    0x07,0x80,0x00,0x80,0x0F,0x80,0x00,0x00,0x1F,0x00,0x00,0x00,0x1E,0x00,0x00,0x00,
    0x1E,0x00,0x00,0x00,0x3E,0x00,0x00,0x00,0x3C,0x00,0x00,0x00,0x3C,0x00,0x00,0x00,
    0x3C,0x00,0x00,0x00,0x7C,0x00,0x00,0x00,0x7C,0x00,0x00,0x00,0x7C,0x00,0x00,0x00,
    0x7C,0x00,0x00,0x00,0x3C,0x00,0x00,0x00,0x3C,0x00,0x00,0x00,0x3E,0x00,0x04,0x00,
    0x1F,0x00,0x1C,0x00,0x0F,0xC0,0xFC,0x00,0x07,0xFF,0xFC,0x00,0x03,0xFF,0xF8,0x00,
    0x00,0xFF,0xC0,0x00,0x00,0x00,0x00,0x00,0x00,0x00,0x00,0x00,0x00,0x00,0x00,0x00,
    0x00,0x00,0x00,0x00,0x00,0x00,0x00,0x00,0x00,0x00,0x00,0x00,0x00,0x00,0x00,0x00,
    0x00,0x00,0x00,0x00,0x00,0x00,0x00,0x00,0x00,0x00,0x00,0x00,0x00,0x00,0x00,0x00,
    0x00,0x00,0x00,0x00,0x00,0x00,0x00,0x00,0x00,0x00,0x00,0x00,0x00,0x00,0x00,0x00,
    0x00,0x00,0x00,0x00,0x00,0x00,0x00,0x00,0x03,0xFF,0xF0,0x00,0x03,0xFF,0xFC,0x00,
    0x03,0xFF,0xFF,0x00,0x07,0x80,0x7F,0x80,0x07,0x80,0x0F,0x80,0x07,0x80,0x07,0xC0,
    0x07,0x80,0x03,0xC0,0x07,0x80,0x03,0xE0,0x0F,0x00,0x03,0xE0,0x0F,0x00,0x01,0xE0,
    0x0F,0x00,0x01,0xE0,0x0F,0x00,0x01,0xE0,0x0F,0x00,0x01,0xE0,0x1E,0x00,0x03,0xE0,
    0x1E,0x00,0x03,0xC0,0x1E,0x00,0x03,0xC0,0x1E,0x00,0x03,0xC0,0x1E,0x00,0x07,0xC0,
    0x3E,0x00,0x07,0x80,0x3C,0x00,0x0F,0x80,0x3C,0x00,0x1F,0x00,0x3C,0x00,0x3E,0x00,
    0x3C,0x00,0xFC,0x00,0x7C,0x07,0xF8,0x00,0x7F,0xFF,0xF0,0x00,0x7F,0xFF,0xC0,0x00,
    0x7F,0xFE,0x00,0x00,0x00,0x00,0x00,0x00,0x00,0x00,0x00,0x00,0x00,0x00,0x00,0x00,
    0x00,0x00,0x00,0x00,0x00,0x00,0x00,0x00,0x00,0x00,0x00,0x00,0x00,0x00,0x00,0x00,
    0x00,0x00,0x00,0x00,0x00,0x00,0x00,0x00,0x00,0x00,0x00,0x00,0x00,0x00,0x00,0x00,
    0x00,0x00,0x00,0x00,0x00,0x00,0x00,0x00,0x00,0x00,0x00,0x00,0x00,0x00,0x00,0x00,
    0x03,0xFF,0xFE,0x03,0xFF,0xFE,0x03,0xFF,0xFE,0x07,0x80,0x00,0x07,0x80,0x00,0x07,
    0x80,0x00,0x07,0x80,0x00,0x07,0x80,0x00,0x0F,0x00,0x00,0x0F,0x00,0x00,0x0F,0x00,
    0x00,0x0F,0xFF,0xF8,0x0F,0xFF,0xF0,0x1F,0xFF,0xF0,0x1E,0x00,0x00,0x1E,0x00,0x00,
    0x1E,0x00,0x00,0x1E,0x00,0x00,0x3C,0x00,0x00,0x3C,0x00,0x00,0x3C,0x00,0x00,0x3C,
    0x00,0x00,0x3C,0x00,0x00,0x7C,0x00,0x00,0x7F,0xFF,0xE0,0x7F,0xFF,0xE0,0x7F,0xFF,
    0xE0,0x00,0x00,0x00,0x00,0x00,0x00,0x00,0x00,0x00,0x00,0x00,0x00,0x00,0x00,0x00,
    0x00,0x00,0x00,0x00,0x00,0x00,0x00,0x00,0x00,0x00,0x00,0x00,0x00,0x00,0x00,0x00,
    0x00,0x00,0x00,0x00,0x00,0x00,0x00,0x00,0x00,0x00,0x00,0x00,0x00,0x00,0x00,0x00,
    0x00,0x00,0x00,0x00,0x03,0xFF,0xF8,0x03,0xFF,0xF8,0x03,0xFF,0xF8,0x07,0x80,0x00,
    0x07,0x80,0x00,0x07,0x80,0x00,0x07,0x80,0x00,0x07,0x80,0x00,0x0F,0x00,0x00,0x0F,
    0x00,0x00,0x0F,0x00,0x00,0x0F,0xFF,0xE0,0x0F,0xFF,0xC0,0x1F,0xFF,0xC0,0x1E,0x00,
    0x00,0x1E,0x00,0x00,0x1E,0x00,0x00,0x1E,0x00,0x00,0x3C,0x00,0x00,0x3C,0x00,0x00,
    0x3C,0x00,0x00,0x3C,0x00,0x00,0x3C,0x00,0x00,0x78,0x00,0x00,0x78,0x00,0x00,0x78,
    0x00,0x00,0x78,0x00,0x00,0x00,0x00,0x00,0x00,0x00,0x00,0x00,0x00,0x00,0x00,0x00,
    0x00,0x00,0x00,0x00,0x00,0x00,0x00,0x00,0x00,0x00,0x00,0x00,0x00,0x00,0x00,0x00,
    0x00,0x00,0x00,0x00,0x00,0x00,0x00,0x00,0x00,0x00,0x00,0x00,0x00,0x00,0x00,0x00,
    0x00,0x00,0x00,0x00,0x00,0x00,0x00,0x00,0x00,0x00,0x00,0x00,0x00,0x00,0x00,0x00,
    0x00,0x07,0xFC,0x00,0x00,0x3F,0xFF,0x80,0x00,0x7F,0xFF,0xC0,0x01,0xFE,0x0F,0xE0,
    0x03,0xF0,0x01,0xE0,0x07,0xE0,0x00,0xE0,0x07,0xC0,0x00,0x40,0x0F,0x80,0x00,0x00,
    0x0F,0x00,0x00,0x00,0x1E,0x00,0x00,0x00,0x1E,0x00,0x00,0x00,0x3E,0x00,0x00,0x00,
    0x3C,0x00,0xFF,0xC0,0x3C,0x00,0xFF,0xC0,0x3C,0x00,0xFF,0x80,0x3C,0x00,0x07,0x80,
    0x7C,0x00,0x07,0x80,0x3C,0x00,0x07,0x80,0x3C,0x00,0x07,0x80,0x3C,0x00,0x07,0x80,
    0x3C,0x00,0x0F,0x00,0x3E,0x00,0x0F,0x00,0x1F,0x00,0x1F,0x00,0x0F,0xC0,0xFF,0x00,
    0x07,0xFF,0xFE,0x00,0x03,0xFF,0xF8,0x00,0x00,0xFF,0xC0,0x00,0x00,0x00,0x00,0x00,
    0x00,0x00,0x00,0x00,0x00,0x00,0x00,0x00,0x00,0x00,0x00,0x00,0x00,0x00,0x00,0x00,
    0x00,0x00,0x00,0x00,0x00,0x00,0x00,0x00,0x00,0x00,0x00,0x00,0x00,0x00,0x00,0x00,
    0x00,0x00,0x00,0x00,0x00,0x00,0x00,0x00,0x00,0x00,0x00,0x00,0x00,0x00,0x00,0x00,
    0x00,0x00,0x00,0x00,0x00,0x00,0x00,0x00,0x00,0x00,0x00,0x00,0x00,0x00,0x00,0x00,
    0x03,0xC0,0x01,0xE0,0x03,0xC0,0x01,0xE0,0x03,0xC0,0x03,0xE0,0x07,0x80,0x03,0xC0,
    0x07,0x80,0x03,0xC0,0x07,0x80,0x03,0xC0,0x07,0x80,0x03,0xC0,0x07,0x80,0x03,0xC0,
    0x0F,0x00,0x07,0x80,0x0F,0x00,0x07,0x80,0x0F,0x00,0x07,0x80,0x0F,0xFF,0xFF,0x80,
    0x0F,0xFF,0xFF,0x80,0x1F,0xFF,0xFF,0x00,0x1E,0x00,0x0F,0x00,0x1E,0x00,0x0F,0x00,
    0x1E,0x00,0x0F,0x00,0x1E,0x00,0x0F,0x00,0x3C,0x00,0x1E,0x00,0x3C,0x00,0x1E,0x00,
    0x3C,0x00,0x1E,0x00,0x3C,0x00,0x1E,0x00,0x3C,0x00,0x1E,0x00,0x7C,0x00,0x3C,0x00,
    0x78,0x00,0x3C,0x00,0x78,0x00,0x3C,0x00,0x78,0x00,0x3C,0x00,0x00,0x00,0x00,0x00,
    0x00,0x00,0x00,0x00,0x00,0x00,0x00,0x00,0x00,0x00,0x00,0x00,0x00,0x00,0x00,0x00,
    0x00,0x00,0x00,0x00,0x00,0x00,0x00,0x00,0x00,0x00,0x00,0x00,0x00,0x00,0x00,0x00,
    0x00,0x00,0x00,0x00,0x00,0x00,0x00,0x00,0x00,0x00,0x00,0x00,0x00,0x00,0x00,0x00,
    0x03,0xC0,0x03,0xC0,0x03,0xC0,0x07,0x80,0x07,0x80,0x07,0x80,0x07,0x80,0x07,0x80,
    0x0F,0x00,0x0F,0x00,0x0F,0x00,0x0F,0x00,0x0F,0x00,0x1E,0x00,0x1E,0x00,0x1E,0x00,
    0x1E,0x00,0x1E,0x00,0x3E,0x00,0x3C,0x00,0x3C,0x00,0x3C,0x00,0x3C,0x00,0x7C,0x00,
    0x78,0x00,0x78,0x00,0x78,0x00,0x00,0x00,0x00,0x00,0x00,0x00,0x00,0x00,0x00,0x00,
    0x00,0x00,0x00,0x00,0x00,0x00,0x00,0x00,0x00,0x00,0x00,0x00,0x00,0x00,0x00,0x00,
    0x00,0x00,0x00,0x00,0x00,0x00,0x00,0x00,0x03,0xC0,0x03,0xC0,0x07,0xC0,0x07,0x80,
    0x07,0x80,0x07,0x80,0x07,0x80,0x07,0x80,0x0F,0x00,0x0F,0x00,0x0F,0x00,0x0F,0x00,
    0x0F,0x00,0x1E,0x00,0x1E,0x00,0x1E,0x00,0x1E,0x00,0x1E,0x00,0x3C,0x00,0x3C,0x00,
    0x3C,0x00,0x3C,0x00,0x3C,0x00,0x78,0x00,0x78,0x00,0x78,0x00,0x78,0x00,0xF0,0x00,
    0xF0,0x00,0xF0,0x00,0xE0,0x00,0xC0,0x00,0x80,0x00,0x00,0x00,0x00,0x00,0x00,0x00,
    0x00,0x00,0x00,0x00,0x00,0x00,0x00,0x00,0x00,0x00,0x00,0x00,0x00,0x00,0x00,0x00,
    0x00,0x00,0x00,0x00,0x00,0x00,0x00,0x00,0x03,0xC0,0x07,0x03,0xC0,0x0F,0x03,0xC0,
    0x1F,0x07,0x80,0x7E,0x07,0x80,0xF8,0x07,0x81,0xF0,0x07,0x83,0xE0,0x07,0x8F,0xC0,
    0x0F,0x1F,0x00,0x0F,0x3E,0x00,0x0F,0x7C,0x00,0x0F,0xF8,0x00,0x0F,0xE0,0x00,0x1F,
    0xE0,0x00,0x1F,0xF0,0x00,0x1E,0xF8,0x00,0x1E,0x7C,0x00,0x1E,0x3E,0x00,0x3C,0x1F,
    0x00,0x3C,0x0F,0x00,0x3C,0x0F,0x80,0x3C,0x07,0xC0,0x3C,0x03,0xE0,0x7C,0x01,0xF0,
    0x78,0x00,0xF8,0x78,0x00,0x78,0x78,0x00,0x7C,0x00,0x00,0x00,0x00,0x00,0x00,0x00,
    0x00,0x00,0x00,0x00,0x00,0x00,0x00,0x00,0x00,0x00,0x00,0x00,0x00,0x00,0x00,0x00,
    0x00,0x00,0x00,0x00,0x00,0x00,0x00,0x00,0x00,0x00,0x00,0x00,0x00,0x00,0x00,0x00,
    0x00,0x00,0x00,0x00,0x00,0x00,0x00,0x00,0x00,0x00,0x00,0x00,0x03,0xC0,0x00,0x03,
    0xC0,0x00,0x03,0xC0,0x00,0x07,0x80,0x00,0x07,0x80,0x00,0x07,0x80,0x00,0x07,0x80,
    0x00,0x07,0x80,0x00,0x0F,0x00,0x00,0x0F,0x00,0x00,0x0F,0x00,0x00,0x0F,0x00,0x00,
    0x0F,0x00,0x00,0x1E,0x00,0x00,0x1E,0x00,0x00,0x1E,0x00,0x00,0x1E,0x00,0x00,0x1E,
    0x00,0x00,0x3C,0x00,0x00,0x3C,0x00,0x00,0x3C,0x00,0x00,0x3C,0x00,0x00,0x3C,0x00,
    0x00,0x7C,0x00,0x00,0x7F,0xFF,0xC0,0x7F,0xFF,0xC0,0x7F,0xFF,0xC0,0x00,0x00,0x00,
    0x00,0x00,0x00,0x00,0x00,0x00,0x00,0x00,0x00,0x00,0x00,0x00,0x00,0x00,0x00,0x00,
    0x00,0x00,0x00,0x00,0x00,0x00,0x00,0x00,0x00,0x00,0x00,0x00,0x00,0x00,0x00,0x00,
    0x00,0x00,0x00,0x00,0x00,0x00,0x00,0x00,0x00,0x00,0x00,0x00,0x00,0x00,0x00,0x00,
    0x00,0x00,0x00,0x00,0x00,0x00,0x00,0x00,0x03,0xF0,0x00,0x7E,0x03,0xF0,0x00,0xFE,
    0x03,0xF0,0x00,0xFE,0x07,0xF8,0x01,0xFC,0x07,0xF8,0x01,0xFC,0x07,0xF8,0x03,0xFC,
    0x07,0xB8,0x07,0xBC,0x07,0xB8,0x07,0xBC,0x0F,0x38,0x0F,0x38,0x0F,0x3C,0x0E,0x78,
    0x0F,0x3C,0x1E,0x78,0x0F,0x3C,0x1C,0x78,0x0F,0x1C,0x3C,0x78,0x1E,0x1C,0x78,0x70,
    0x1E,0x1C,0x78,0xF0,0x1E,0x1E,0xF0,0xF0,0x1E,0x1E,0xE0,0xF0,0x1E,0x0F,0xE0,0xF0,
    0x3C,0x0F,0xC0,0xF0,0x3C,0x0F,0xC1,0xE0,0x3C,0x0F,0x81,0xE0,0x3C,0x0F,0x81,0xE0,
    0x3C,0x00,0x01,0xE0,0x78,0x00,0x01,0xE0,0x78,0x00,0x03,0xC0,0x78,0x00,0x03,0xC0,
    0x78,0x00,0x03,0xC0,0x00,0x00,0x00,0x00,0x00,0x00,0x00,0x00,0x00,0x00,0x00,0x00,
    0x00,0x00,0x00,0x00,0x00,0x00,0x00,0x00,0x00,0x00,0x00,0x00,0x00,0x00,0x00,0x00,
    0x00,0x00,0x00,0x00,0x00,0x00,0x00,0x00,0x00,0x00,0x00,0x00,0x00,0x00,0x00,0x00,
    0x00,0x00,0x00,0x00,0x00,0x00,0x00,0x00,0x00,0x00,0x00,0x00,0x00,0x00,0x00,0x00,
    0x00,0x00,0x00,0x00,0x00,0x00,0x00,0x00,0x03,0xF0,0x01,0xE0,0x03,0xF0,0x01,0xE0,
    0x03,0xF0,0x03,0xC0,0x07,0xF0,0x03,0xC0,0x07,0xF8,0x03,0xC0,0x07,0xF8,0x03,0xC0,
    0x07,0xB8,0x03,0xC0,0x07,0xBC,0x07,0x80,0x0F,0x3C,0x07,0x80,0x0F,0x1C,0x07,0x80,
    0x0F,0x1E,0x07,0x80,0x0F,0x1E,0x07,0x80,0x0F,0x0E,0x0F,0x00,0x1E,0x0F,0x0F,0x00,
    0x1E,0x0F,0x0F,0x00,0x1E,0x07,0x0F,0x00,0x1E,0x07,0x8F,0x00,0x1E,0x07,0x8E,0x00,
    0x3C,0x03,0x9E,0x00,0x3C,0x03,0xDE,0x00,0x3C,0x03,0xDE,0x00,0x3C,0x01,0xDE,0x00,
    0x3C,0x01,0xFC,0x00,0x78,0x01,0xFC,0x00,0x78,0x00,0xFC,0x00,0x78,0x00,0xFC,0x00,
    0x78,0x00,0xFC,0x00,0x00,0x00,0x00,0x00,0x00,0x00,0x00,0x00,0x00,0x00,0x00,0x00,
    0x00,0x00,0x00,0x00,0x00,0x00,0x00,0x00,0x00,0x00,0x00,0x00,0x00,0x00,0x00,0x00,
    0x00,0x00,0x00,0x00,0x00,0x00,0x00,0x00,0x00,0x00,0x00,0x00,0x00,0x00,0x00,0x00,
    0x00,0x00,0x00,0x00,0x00,0x00,0x00,0x00,0x00,0x00,0x00,0x00,0x00,0x00,0x00,0x00,
    0x00,0x00,0x00,0x00,0x00,0x00,0x00,0x00,0x00,0x0F,0xF8,0x00,0x00,0x3F,0xFE,0x00,
    0x00,0x7F,0xFF,0x80,0x01,0xFC,0x1F,0xC0,0x03,0xF0,0x07,0xC0,0x07,0xC0,0x03,0xE0,
    0x07,0x80,0x01,0xE0,0x0F,0x80,0x01,0xE0,0x1F,0x00,0x01,0xF0,0x1E,0x00,0x01,0xF0,
    0x3E,0x00,0x00,0xF0,0x3C,0x00,0x01,0xF0,0x3C,0x00,0x01,0xF0,0x3C,0x00,0x01,0xF0,
    0x7C,0x00,0x01,0xE0,0x7C,0x00,0x01,0xE0,0x7C,0x00,0x03,0xE0,0x7C,0x00,0x03,0xC0,
    0x7C,0x00,0x07,0xC0,0x3C,0x00,0x07,0x80,0x3C,0x00,0x0F,0x00,0x3E,0x00,0x1F,0x00,
    0x1F,0x00,0x7E,0x00,0x0F,0xC1,0xFC,0x00,0x07,0xFF,0xF8,0x00,0x03,0xFF,0xE0,0x00,
    0x00,0xFF,0x80,0x00,0x00,0x00,0x00,0x00,0x00,0x00,0x00,0x00,0x00,0x00,0x00,0x00,
    0x00,0x00,0x00,0x00,0x00,0x00,0x00,0x00,0x00,0x00,0x00,0x00,0x00,0x00,0x00,0x00,
    0x00,0x00,0x00,0x00,0x00,0x00,0x00,0x00,0x00,0x00,0x00,0x00,0x00,0x00,0x00,0x00,
    0x00,0x00,0x00,0x00,0x00,0x00,0x00,0x00,0x00,0x00,0x00,0x00,0x00,0x00,0x00,0x00,
    0x03,0xFF,0xE0,0x03,0xFF,0xF0,0x03,0xFF,0xF8,0x07,0x80,0xFC,0x07,0x80,0x7C,0x07,
    0x80,0x3C,0x07,0x80,0x3C,0x07,0x80,0x3C,0x0F,0x00,0x3C,0x0F,0x00,0x3C,0x0F,0x00,
    0x7C,0x0F,0x00,0xF8,0x0F,0x03,0xF8,0x1F,0xFF,0xF0,0x1F,0xFF,0xC0,0x1F,0xFF,0x00,
    0x1E,0x00,0x00,0x1E,0x00,0x00,0x3C,0x00,0x00,0x3C,0x00,0x00,0x3C,0x00,0x00,0x3C,
    0x00,0x00,0x3C,0x00,0x00,0x7C,0x00,0x00,0x78,0x00,0x00,0x78,0x00,0x00,0x78,0x00,
    0x00,0x00,0x00,0x00,0x00,0x00,0x00,0x00,0x00,0x00,0x00,0x00,0x00,0x00,0x00,0x00,
    0x00,0x00,0x00,0x00,0x00,0x00,0x00,0x00,0x00,0x00,0x00,0x00,0x00,0x00,0x00,0x00,
    0x00,0x00,0x00,0x00,0x00,0x00,0x00,0x00,0x00,0x00,0x00,0x00,0x00,0x00,0x00,0x00,
    0x00,0x00,0x00,0x00,0x00,0x00,0x00,0x00,0x00,0x00,0x00,0x00,0x00,0x0F,0xF8,0x00,
    0x00,0x3F,0xFE,0x00,0x00,0x7F,0xFF,0x80,0x01,0xFC,0x1F,0xC0,0x03,0xF0,0x07,0xC0,
    0x07,0xC0,0x03,0xE0,0x07,0x80,0x01,0xE0,0x0F,0x80,0x01,0xE0,0x1F,0x00,0x01,0xF0,
    0x1E,0x00,0x01,0xF0,0x3E,0x00,0x00,0xF0,0x3C,0x00,0x01,0xF0,0x3C,0x00,0x01,0xF0,
    0x3C,0x00,0x01,0xF0,0x7C,0x00,0x01,0xE0,0x7C,0x00,0x01,0xE0,0x7C,0x00,0x03,0xE0,
    0x7C,0x00,0x03,0xC0,0x7C,0x00,0x07,0xC0,0x3C,0x00,0x07,0x80,0x3C,0x00,0x0F,0x80,
    0x3E,0x00,0x1F,0x00,0x1F,0x00,0x7E,0x00,0x0F,0xC1,0xFC,0x00,0x07,0xFF,0xF0,0x00,
    0x03,0xFF,0xE0,0x00,0x00,0xFF,0x80,0x00,0x00,0x07,0xC0,0x00,0x00,0x03,0xE0,0x00,
    0x00,0x01,0xE0,0x00,0x00,0x01,0xF0,0x00,0x00,0x00,0xF0,0x00,0x00,0x00,0x00,0x00,
    0x00,0x00,0x00,0x00,0x00,0x00,0x00,0x00,0x00,0x00,0x00,0x00,0x00,0x00,0x00,0x00,
    0x00,0x00,0x00,0x00,0x00,0x00,0x00,0x00,0x00,0x00,0x00,0x00,0x00,0x00,0x00,0x00,
    0x00,0x00,0x00,0x00,0x00,0x00,0x00,0x00,0x00,0x00,0x00,0x00,0x03,0xFF,0xC0,0x00,
    0x03,0xFF,0xF0,0x00,0x03,0xFF,0xF8,0x00,0x07,0x80,0xFC,0x00,0x07,0x80,0x7C,0x00,
    0x07,0x80,0x3C,0x00,0x07,0x80,0x3C,0x00,0x07,0x80,0x3C,0x00,0x0F,0x00,0x3C,0x00,
    0x0F,0x00,0x3C,0x00,0x0F,0x00,0x7C,0x00,0x0F,0x00,0xF8,0x00,0x0F,0x03,0xF0,0x00,
    0x1F,0xFF,0xE0,0x00,0x1F,0xFF,0x80,0x00,0x1F,0xFF,0xC0,0x00,0x1E,0x07,0xE0,0x00,
    0x1E,0x01,0xE0,0x00,0x3E,0x01,0xE0,0x00,0x3C,0x00,0xF0,0x00,0x3C,0x00,0xF0,0x00,
    0x3C,0x00,0xF0,0x00,0x3C,0x00,0x78,0x00,0x7C,0x00,0x78,0x00,0x78,0x00,0x78,0x00,
    0x78,0x00,0x3C,0x00,0x78,0x00,0x3C,0x00,0x00,0x00,0x00,0x00,0x00,0x00,0x00,0x00,
    0x00,0x00,0x00,0x00,0x00,0x00,0x00,0x00,0x00,0x00,0x00,0x00,0x00,0x00,0x00,0x00,
    0x00,0x00,0x00,0x00,0x00,0x00,0x00,0x00,0x00,0x00,0x00,0x00,0x00,0x00,0x00,0x00,
    0x00,0x00,0x00,0x00,0x00,0x00,0x00,0x00,0x00,0x00,0x00,0x00,0x00,0x00,0x00,0x00,
    0x00,0x00,0x00,0x00,0x00,0x3F,0xE0,0x00,0xFF,0xFC,0x03,0xFF,0xFC,0x07,0xF0,0x7C,
    0x07,0xC0,0x1C,0x0F,0x00,0x04,0x0F,0x00,0x00,0x1F,0x00,0x00,0x1F,0x00,0x00,0x1F,
    0x00,0x00,0x0F,0x80,0x00,0x0F,0xF0,0x00,0x07,0xFF,0x00,0x03,0xFF,0xC0,0x00,0x7F,
    0xE0,0x00,0x07,0xF0,0x00,0x01,0xF0,0x00,0x00,0xF8,0x00,0x00,0xF8,0x00,0x00,0xF8,
    0x00,0x00,0xF0,0x40,0x01,0xF0,0xF0,0x03,0xE0,0xFE,0x0F,0xE0,0xFF,0xFF,0xC0,0x7F,
    0xFF,0x00,0x0F,0xFC,0x00,0x00,0x00,0x00,0x00,0x00,0x00,0x00,0x00,0x00,0x00,0x00,
    0x00,0x00,0x00,0x00,0x00,0x00,0x00,0x00,0x00,0x00,0x00,0x00,0x00,0x00,0x00,0x00,
    0x00,0x00,0x00,0x00,0x00,0x00,0x00,0x00,0x00,0x00,0x00,0x00,0x00,0x00,0x00,0x00,
    0x00,0x00,0x00,0x00,0x00,0x00,0x00,0x00,0x3F,0xFF,0xFE,0x3F,0xFF,0xFE,0x3F,0xFF,
    0xFE,0x00,0x1E,0x00,0x00,0x1E,0x00,0x00,0x3E,0x00,0x00,0x3C,0x00,0x00,0x3C,0x00,
    0x00,0x3C,0x00,0x00,0x3C,0x00,0x00,0x7C,0x00,0x00,0x78,0x00,0x00,0x78,0x00,0x00,
    0x78,0x00,0x00,0x78,0x00,0x00,0x78,0x00,0x00,0xF0,0x00,0x00,0xF0,0x00,0x00,0xF0,
    0x00,0x00,0xF0,0x00,0x00,0xF0,0x00,0x01,0xE0,0x00,0x01,0xE0,0x00,0x01,0xE0,0x00,
    0x01,0xE0,0x00,0x01,0xE0,0x00,0x03,0xC0,0x00,0x00,0x00,0x00,0x00,0x00,0x00,0x00,
    0x00,0x00,0x00,0x00,0x00,0x00,0x00,0x00,0x00,0x00,0x00,0x00,0x00,0x00,0x00,0x00,
    0x00,0x00,0x00,0x00,0x00,0x00,0x00,0x00,0x00,0x00,0x00,0x00,0x00,0x00,0x00,0x00,
    0x00,0x00,0x00,0x00,0x00,0x00,0x00,0x00,0x00,0x00,0x00,0x00,0x00,0x00,0x00,0x00,
    0x00,0x00,0x00,0x00,0x07,0x80,0x03,0xC0,0x07,0x80,0x03,0xC0,0x07,0x80,0x03,0xC0,
    0x07,0x80,0x03,0xC0,0x07,0x80,0x03,0xC0,0x0F,0x00,0x07,0x80,0x0F,0x00,0x07,0x80,
    0x0F,0x00,0x07,0x80,0x0F,0x00,0x07,0x80,0x0F,0x00,0x07,0x80,0x1E,0x00,0x0F,0x00,
    0x1E,0x00,0x0F,0x00,0x1E,0x00,0x0F,0x00,0x1E,0x00,0x0F,0x00,0x1E,0x00,0x0F,0x00,
    0x1E,0x00,0x1F,0x00,0x3C,0x00,0x1E,0x00,0x3C,0x00,0x1E,0x00,0x3C,0x00,0x1E,0x00,
    0x3C,0x00,0x3C,0x00,0x3C,0x00,0x3C,0x00,0x3E,0x00,0x7C,0x00,0x1E,0x00,0xF8,0x00,
    0x1F,0x83,0xF0,0x00,0x0F,0xFF,0xE0,0x00,0x07,0xFF,0xC0,0x00,0x01,0xFF,0x00,0x00,
    0x00,0x00,0x00,0x00,0x00,0x00,0x00,0x00,0x00,0x00,0x00,0x00,0x00,0x00,0x00,0x00,
    0x00,0x00,0x00,0x00,0x00,0x00,0x00,0x00,0x00,0x00,0x00,0x00,0x00,0x00,0x00,0x00,
    0x00,0x00,0x00,0x00,0x00,0x00,0x00,0x00,0x00,0x00,0x00,0x00,0x00,0x00,0x00,0x00,
    0x00,0x00,0x00,0x00,0x00,0x00,0x00,0x00,0x00,0x00,0x00,0x00,0x00,0x00,0x00,0x00,
    0x00,0x00,0x00,0x00,0x1E,0x00,0x01,0x80,0x1E,0x00,0x03,0x80,0x1E,0x00,0x03,0x80,
    0x1E,0x00,0x07,0x80,0x1E,0x00,0x07,0x80,0x0F,0x00,0x0F,0x00,0x0F,0x00,0x0F,0x00,
    0x0F,0x00,0x1E,0x00,0x0F,0x00,0x1E,0x00,0x0F,0x00,0x3C,0x00,0x07,0x00,0x7C,0x00,
    0x07,0x80,0x78,0x00,0x07,0x80,0xF0,0x00,0x07,0x80,0xF0,0x00,0x07,0x81,0xE0,0x00,
    0x07,0x81,0xE0,0x00,0x03,0x83,0xC0,0x00,0x03,0xC7,0xC0,0x00,0x03,0xC7,0x80,0x00,
    0x03,0xCF,0x00,0x00,0x03,0xCF,0x00,0x00,0x03,0xDE,0x00,0x00,0x01,0xFE,0x00,0x00,
    0x01,0xFC,0x00,0x00,0x01,0xFC,0x00,0x00,0x01,0xF8,0x00,0x00,0x01,0xF0,0x00,0x00,
    0x00,0x00,0x00,0x00,0x00,0x00,0x00,0x00,0x00,0x00,0x00,0x00,0x00,0x00,0x00,0x00,
    0x00,0x00,0x00,0x00,0x00,0x00,0x00,0x00,0x00,0x00,0x00,0x00,0x00,0x00,0x00,0x00,
    0x00,0x00,0x00,0x00,0x00,0x00,0x00,0x00,0x00,0x00,0x00,0x00,0x00,0x00,0x00,0x00,
    0x00,0x00,0x00,0x00,0x00,0x00,0x00,0x00,0x00,0x00,0x00,0x00,0x00,0x00,0x00,0x00,
    0x00,0x00,0x00,0x00,0x00,0x00,0x00,0x00,0x00,0x00,0x00,0x00,0x1E,0x00,0x3E,0x00,
    0x38,0x1E,0x00,0x3E,0x00,0x78,0x0E,0x00,0x7E,0x00,0x78,0x0E,0x00,0x7E,0x00,0xF0,
    0x0F,0x00,0xFE,0x00,0xF0,0x0F,0x00,0xFE,0x01,0xE0,0x0F,0x00,0xEE,0x01,0xE0,0x0F,
    0x01,0xEE,0x01,0xE0,0x0F,0x01,0xCE,0x03,0xC0,0x0F,0x03,0xCE,0x03,0xC0,0x0F,0x03,
    0x8E,0x07,0x80,0x0F,0x07,0x8E,0x07,0x80,0x0F,0x07,0x0F,0x0F,0x00,0x0F,0x0F,0x0F,
    0x0F,0x00,0x0F,0x0F,0x0F,0x1E,0x00,0x0F,0x0E,0x0F,0x1E,0x00,0x0F,0x1E,0x0F,0x1E,
    0x00,0x0F,0x1C,0x0F,0x3C,0x00,0x07,0x3C,0x0F,0x3C,0x00,0x07,0x38,0x07,0x78,0x00,
    0x07,0x78,0x07,0x78,0x00,0x07,0xF0,0x07,0xF0,0x00,0x07,0xF0,0x07,0xF0,0x00,0x07,
    0xF0,0x07,0xE0,0x00,0x07,0xE0,0x07,0xE0,0x00,0x07,0xE0,0x07,0xE0,0x00,0x07,0xC0,
    0x07,0xC0,0x00,0x00,0x00,0x00,0x00,0x00,0x00,0x00,0x00,0x00,0x00,0x00,0x00,0x00,
    0x00,0x00,0x00,0x00,0x00,0x00,0x00,0x00,0x00,0x00,0x00,0x00,0x00,0x00,0x00,0x00,
    0x00,0x00,0x00,0x00,0x00,0x00,0x00,0x00,0x00,0x00,0x00,0x00,0x00,0x00,0x00,0x00,
    0x00,0x00,0x00,0x00,0x00,0x00,0x00,0x00,0x00,0x00,0x00,0x00,0x00,0x00,0x00,0x00,
    0x00,0x00,0x00,0x00,0x00,0x00,0x00,0x00,0x00,0x00,0x00,0x00,0x00,0x00,0x00,0x00,
    0x07,0x80,0x07,0x80,0x03,0xC0,0x0F,0x80,0x03,0xC0,0x1F,0x00,0x01,0xE0,0x1E,0x00,
    0x01,0xE0,0x3C,0x00,0x00,0xF0,0x78,0x00,0x00,0xF0,0xF8,0x00,0x00,0xF9,0xF0,0x00,
    0x00,0x7B,0xE0,0x00,0x00,0x7F,0xC0,0x00,0x00,0x3F,0x80,0x00,0x00,0x3F,0x00,0x00,
    0x00,0x1E,0x00,0x00,0x00,0x3E,0x00,0x00,0x00,0x7F,0x00,0x00,0x00,0xFF,0x00,0x00,
    0x01,0xF7,0x80,0x00,0x03,0xE7,0x80,0x00,0x03,0xC3,0xC0,0x00,0x07,0x83,0xC0,0x00,
    0x0F,0x01,0xE0,0x00,0x1F,0x01,0xE0,0x00,0x3E,0x00,0xF0,0x00,0x7C,0x00,0xF0,0x00,
    0xF8,0x00,0x78,0x00,0xF0,0x00,0x78,0x00,0xE0,0x00,0x3C,0x00,0x00,0x00,0x00,0x00,
    0x00,0x00,0x00,0x00,0x00,0x00,0x00,0x00,0x00,0x00,0x00,0x00,0x00,0x00,0x00,0x00,
    0x00,0x00,0x00,0x00,0x00,0x00,0x00,0x00,0x00,0x00,0x00,0x00,0x00,0x00,0x00,0x00,
    0x00,0x00,0x00,0x00,0x00,0x00,0x00,0x00,0x00,0x00,0x00,0x00,0x00,0x00,0x00,0x00,
    0x00,0x00,0x00,0x00,0x00,0x00,0x00,0x00,0x3E,0x00,0x0E,0x1E,0x00,0x1E,0x1F,0x00,
    0x1E,0x0F,0x00,0x3C,0x0F,0x00,0x78,0x07,0x80,0xF0,0x07,0x81,0xF0,0x03,0xC3,0xE0,
    0x03,0xC7,0xC0,0x01,0xEF,0x80,0x01,0xEF,0x00,0x00,0xFE,0x00,0x00,0xFC,0x00,0x00,
    0x7C,0x00,0x00,0x78,0x00,0x00,0x78,0x00,0x00,0xF8,0x00,0x00,0xF0,0x00,0x00,0xF0,
    0x00,0x00,0xF0,0x00,0x00,0xF0,0x00,0x01,0xF0,0x00,0x01,0xE0,0x00,0x01,0xE0,0x00,
    0x01,0xE0,0x00,0x01,0xE0,0x00,0x01,0xE0,0x00,0x00,0x00,0x00,0x00,0x00,0x00,0x00,
    0x00,0x00,0x00,0x00,0x00,0x00,0x00,0x00,0x00,0x00,0x00,0x00,0x00,0x00,0x00,0x00,
    0x00,0x00,0x00,0x00,0x00,0x00,0x00,0x00,0x00,0x00,0x00,0x00,0x00,0x00,0x00,0x00,
    0x00,0x00,0x00,0x00,0x00,0x00,0x00,0x00,0x00,0x00,0x00,0x00,0x00,0x00,0x00,0x00,
    0x00,0x00,0x00,0x00,0x07,0xFF,0xFF,0x80,0x0F,0xFF,0xFF,0x80,0x0F,0xFF,0xFF,0x80,
    0x00,0x00,0x0F,0x80,0x00,0x00,0x1F,0x00,0x00,0x00,0x3E,0x00,0x00,0x00,0x7C,0x00,
    0x00,0x00,0xF8,0x00,0x00,0x01,0xF0,0x00,0x00,0x03,0xE0,0x00,0x00,0x07,0xC0,0x00,
    0x00,0x0F,0x80,0x00,0x00,0x1F,0x00,0x00,0x00,0x3E,0x00,0x00,0x00,0x7C,0x00,0x00,
    0x00,0xF8,0x00,0x00,0x01,0xF0,0x00,0x00,0x03,0xE0,0x00,0x00,0x07,0xC0,0x00,0x00,
    0x0F,0x80,0x00,0x00,0x1F,0x00,0x00,0x00,0x3E,0x00,0x00,0x00,0x7C,0x00,0x00,0x00,
    0xF8,0x00,0x00,0x00,0xFF,0xFF,0xFC,0x00,0xFF,0xFF,0xFC,0x00,0xFF,0xFF,0xF8,0x00,
    0x00,0x00,0x00,0x00,0x00,0x00,0x00,0x00,0x00,0x00,0x00,0x00,0x00,0x00,0x00,0x00,
    0x00,0x00,0x00,0x00,0x00,0x00,0x00,0x00,0x00,0x00,0x00,0x00,0x00,0x00,0x00,0x00,
    0x00,0x00,0x00,0x00,0x00,0x00,0x00,0x00,0x00,0x00,0x00,0x00,0x00,0x00,0x00,0x00,
    0x00,0x00,0x00,0xFC,0x01,0xFC,0x01,0xFC,0x01,0xE0,0x01,0xE0,0x01,0xC0,0x03,0xC0,
    0x03,0xC0,0x03,0xC0,0x03,0xC0,0x03,0x80,0x07,0x80,0x07,0x80,0x07,0x80,0x07,0x80,
    0x07,0x00,0x0F,0x00,0x0F,0x00,0x0F,0x00,0x0F,0x00,0x0E,0x00,0x0E,0x00,0x1E,0x00,
    0x1E,0x00,0x1E,0x00,0x1C,0x00,0x1C,0x00,0x3C,0x00,0x3C,0x00,0x3C,0x00,0x3F,0xC0,
    0x3F,0xC0,0x7F,0x80,0x00,0x00,0x00,0x00,0x00,0x00,0x00,0x00,0x00,0x00,0x00,0x00,
    0x00,0x00,0x00,0x00,0x00,0x00,0x00,0x00,0x00,0x00,0x00,0x00,0x1C,0x00,0x1E,0x00,
    0x1E,0x00,0x1E,0x00,0x1E,0x00,0x0E,0x00,0x0E,0x00,0x0E,0x00,0x0E,0x00,0x0F,0x00,
    0x0F,0x00,0x0F,0x00,0x0F,0x00,0x07,0x00,0x07,0x00,0x07,0x00,0x07,0x00,0x07,0x00,
    0x07,0x80,0x07,0x80,0x07,0x80,0x07,0x80,0x03,0x80,0x03,0x80,0x03,0x80,0x03,0x80,
    0x03,0x80,0x03,0xC0,0x03,0xC0,0x03,0xC0,0x00,0x00,0x00,0x00,0x00,0x00,0x00,0x00,
    0x00,0x00,0x00,0x00,0x00,0x00,0x00,0x00,0x00,0x00,0x00,0x00,0x00,0x00,0x00,0x00,
    0x00,0x00,0x07,0xF8,0x07,0xF8,0x0F,0xF0,0x00,0x70,0x00,0xF0,0x00,0xF0,0x00,0xF0,
    0x00,0xE0,0x00,0xE0,0x01,0xE0,0x01,0xE0,0x01,0xE0,0x01,0xC0,0x01,0xC0,0x03,0xC0,
    0x03,0xC0,0x03,0xC0,0x03,0x80,0x03,0x80,0x07,0x80,0x07,0x80,0x07,0x80,0x07,0x00,
    0x07,0x00,0x0F,0x00,0x0F,0x00,0x0F,0x00,0x0F,0x00,0x0E,0x00,0x1E,0x00,0xFE,0x00,
    0xFE,0x00,0xFE,0x00,0x00,0x00,0x00,0x00,0x00,0x00,0x00,0x00,0x00,0x00,0x00,0x00,
    0x00,0x00,0x00,0x00,0x00,0x00,0x00,0x00,0x00,0x00,0x00,0x00,0x00,0x00,0x00,0x00,
    0x00,0x00,0x00,0x00,0x00,0x00,0x00,0x00,0x00,0x00,0x00,0x00,0x00,0x07,0xC0,0x00,
    0x00,0x0F,0xE0,0x00,0x00,0x1F,0xF0,0x00,0x00,0x3E,0xF8,0x00,0x00,0x7C,0x7C,0x00,
    0x00,0xF8,0x3E,0x00,0x01,0xF0,0x1F,0x00,0x03,0xE0,0x0F,0x80,0x07,0x80,0x03,0xC0,
    0x0F,0x00,0x01,0xE0,0x00,0x00,0x00,0x00,0x00,0x00,0x00,0x00,0x00,0x00,0x00,0x00,
    0x00,0x00,0x00,0x00,0x00,0x00,0x00,0x00,0x00,0x00,0x00,0x00,0x00,0x00,0x00,0x00,
    0x00,0x00,0x00,0x00,0x00,0x00,0x00,0x00,0x00,0x00,0x00,0x00,0x00,0x00,0x00,0x00,
    0x00,0x00,0x00,0x00,0x00,0x00,0x00,0x00,0x00,0x00,0x00,0x00,0x00,0x00,0x00,0x00,
    0x00,0x00,0x00,0x00,0x00,0x00,0x00,0x00,0x00,0x00,0x00,0x00,0x00,0x00,0x00,0x00,
    0x00,0x00,0x00,0x00,0x00,0x00,0x00,0x00,0x00,0x00,0x00,0x00,0x00,0x00,0x00,0x00,
    0x00,0x00,0x00,0x00,0x00,0x00,0x00,0x00,0x00,0x00,0x00,0x00,0x00,0x00,0x00,0x00,
    0x00,0x00,0x00,0x00,0x00,0x00,0x00,0x00,0x00,0x00,0x00,0x00,0x00,0x00,0x00,0x00,
    0x00,0x00,0x00,0x00,0x00,0x00,0x00,0x00,0x00,0x00,0x00,0x00,0x00,0x00,0x00,0x00,
    0x00,0x00,0x00,0x00,0x00,0x00,0x00,0x00,0x00,0x00,0x00,0x00,0x00,0x00,0x00,0x00,
    0x00,0x00,0x00,0x00,0x00,0x00,0x00,0x00,0x00,0x00,0x00,0x00,0x00,0x00,0x00,0x00,
    0x00,0x00,0x00,0x00,0x00,0x00,0x00,0x00,0x00,0x00,0x00,0x00,0x00,0x00,0x00,0x00,
    0x00,0x00,0x00,0x00,0x00,0x00,0x00,0x00,0x00,0x00,0x00,0x00,0x00,0x00,0x00,0x00,
    0x00,0x00,0x00,0x00,0x00,0x00,0x00,0x00,0x00,0x00,0x00,0x00,0x00,0x00,0x00,0x00,
    0x00,0x00,0x00,0x00,0x00,0x00,0x00,0xFF,0xFF,0xC0,0xFF,0xFF,0xC0,0xFF,0xFF,0xC0,
    0x00,0x00,0x00,0x00,0x00,0x00,0x00,0x00,0x00,0x00,0x00,0x00,0x00,0x00,0x00,0x01,
    0xE0,0x00,0x00,0xF0,0x00,0x00,0xF0,0x00,0x00,0x78,0x00,0x00,0x38,0x00,0x00,0x3C,
    0x00,0x00,0x1C,0x00,0x00,0x00,0x00,0x00,0x00,0x00,0x00,0x00,0x00,0x00,0x00,0x00,
    0x00,0x00,0x00,0x00,0x00,0x00,0x00,0x00,0x00,0x00,0x00,0x00,0x00,0x00,0x00,0x00,
    0x00,0x00,0x00,0x00,0x00,0x00,0x00,0x00,0x00,0x00,0x00,0x00,0x00,0x00,0x00,0x00,
    0x00,0x00,0x00,0x00,0x00,0x00,0x00,0x00,0x00,0x00,0x00,0x00,0x00,0x00,0x00,0x00,
    0x00,0x00,0x00,0x00,0x00,0x00,0x00,0x00,0x00,0x00,0x00,0x00,0x00,0x00,0x00,0x00,
    0x00,0x00,0x00,0x00,0x00,0x00,0x00,0x00,0x00,0x00,0x00,0x00,0x00,0x00,0x00,0x00,
    0x00,0x00,0x00,0x00,0x00,0x00,0x00,0x00,0x00,0x00,0x00,0x00,0x00,0x00,0x00,0x00,
    0x00,0x00,0x00,0x00,0x00,0x00,0x00,0x00,0x00,0x00,0x00,0x00,0x00,0x00,0x00,0x00,
    0x00,0x00,0x00,0x00,0x00,0x00,0x00,0x00,0x00,0x00,0x00,0x00,0x00,0x00,0x00,0x00,
    0x00,0x00,0x7F,0x80,0x03,0xFF,0xE0,0x07,0xFF,0xF0,0x07,0xC1,0xF0,0x06,0x00,0xF0,
    0x00,0x00,0x70,0x00,0x00,0x70,0x01,0xFF,0xF0,0x07,0xFF,0xF0,0x0F,0xFF,0xF0,0x1F,
    0x80,0xF0,0x3C,0x00,0xE0,0x3C,0x01,0xE0,0x78,0x01,0xE0,0x78,0x03,0xE0,0x7C,0x07,
    0xE0,0x3E,0x1F,0xC0,0x3F,0xFF,0xC0,0x1F,0xFB,0xC0,0x0F,0xE3,0xC0,0x00,0x00,0x00,
    0x00,0x00,0x00,0x00,0x00,0x00,0x00,0x00,0x00,0x00,0x00,0x00,0x00,0x00,0x00,0x00,
    0x00,0x00,0x00,0x00,0x00,0x00,0x00,0x00,0x00,0x00,0x00,0x00,0x00,0x00,0x00,0x00,
    0x00,0x00,0x00,0x00,0x00,0x00,0x00,0x00,0x00,0x00,0x00,0x00,0x00,0x01,0xC0,0x00,
    0x03,0xC0,0x00,0x03,0xC0,0x00,0x03,0xC0,0x00,0x03,0x80,0x00,0x03,0x80,0x00,0x07,
    0x80,0x00,0x07,0x80,0x00,0x07,0x8F,0xC0,0x07,0xBF,0xF0,0x07,0x7F,0xF0,0x0F,0xF0,
    0xF8,0x0F,0xC0,0x78,0x0F,0x80,0x3C,0x0F,0x00,0x3C,0x0F,0x00,0x3C,0x1E,0x00,0x3C,
    0x1E,0x00,0x3C,0x1E,0x00,0x3C,0x1E,0x00,0x78,0x1E,0x00,0x78,0x3E,0x00,0xF0,0x3E,
    0x00,0xF0,0x3F,0x01,0xE0,0x3F,0x87,0xC0,0x3B,0xFF,0x80,0x79,0xFF,0x00,0x78,0xFC,
    0x00,0x00,0x00,0x00,0x00,0x00,0x00,0x00,0x00,0x00,0x00,0x00,0x00,0x00,0x00,0x00,
    0x00,0x00,0x00,0x00,0x00,0x00,0x00,0x00,0x00,0x00,0x00,0x00,0x00,0x00,0x00,0x00,
    0x00,0x00,0x00,0x00,0x00,0x00,0x00,0x00,0x00,0x00,0x00,0x00,0x00,0x00,0x00,0x00,
    0x00,0x00,0x00,0x00,0x00,0x00,0x00,0x00,0x00,0x00,0x00,0x00,0x00,0x00,0x00,0x00,
    0x00,0x00,0x00,0x00,0x00,0x00,0x00,0x00,0x00,0x00,0x3F,0x80,0x00,0xFF,0xE0,0x03,
    0xFF,0xF0,0x07,0xF0,0xF0,0x0F,0x80,0x20,0x0F,0x00,0x00,0x1E,0x00,0x00,0x1E,0x00,
    0x00,0x3C,0x00,0x00,0x3C,0x00,0x00,0x3C,0x00,0x00,0x38,0x00,0x00,0x38,0x00,0x00,
    0x38,0x00,0x00,0x3C,0x00,0x00,0x3C,0x00,0x80,0x3F,0x07,0x80,0x1F,0xFF,0x00,0x0F,
    0xFF,0x00,0x03,0xFC,0x00,0x00,0x00,0x00,0x00,0x00,0x00,0x00,0x00,0x00,0x00,0x00,
    0x00,0x00,0x00,0x00,0x00,0x00,0x00,0x00,0x00,0x00,0x00,0x00,0x00,0x00,0x00,0x00,
    0x00,0x00,0x00,0x00,0x00,0x00,0x00,0x00,0x00,0x00,0x00,0x00,0x00,0x00,0x00,0x00,
    0x00,0x00,0x00,0x00,0x00,0x00,0x00,0x0E,0x00,0x00,0x0E,0x00,0x00,0x0E,0x00,0x00,
    0x1E,0x00,0x00,0x1E,0x00,0x00,0x1E,0x00,0x00,0x1E,0x00,0x00,0x1C,0x00,0x7E,0x1C,
    0x01,0xFF,0xBC,0x03,0xFF,0xFC,0x07,0xE3,0xFC,0x0F,0x80,0xF8,0x0F,0x00,0x78,0x1E,
    0x00,0x78,0x1C,0x00,0x78,0x3C,0x00,0x78,0x3C,0x00,0x70,0x3C,0x00,0x70,0x38,0x00,
    0xF0,0x38,0x00,0xF0,0x38,0x01,0xF0,0x3C,0x03,0xE0,0x3C,0x07,0xE0,0x3F,0x0F,0xE0,
    0x1F,0xFF,0xE0,0x0F,0xF9,0xE0,0x07,0xF1,0xC0,0x00,0x00,0x00,0x00,0x00,0x00,0x00,
    0x00,0x00,0x00,0x00,0x00,0x00,0x00,0x00,0x00,0x00,0x00,0x00,0x00,0x00,0x00,0x00,
    0x00,0x00,0x00,0x00,0x00,0x00,0x00,0x00,0x00,0x00,0x00,0x00,0x00,0x00,0x00,0x00,
    0x00,0x00,0x00,0x00,0x00,0x00,0x00,0x00,0x00,0x00,0x00,0x00,0x00,0x00,0x00,0x00,
    0x00,0x00,0x00,0x00,0x00,0x00,0x00,0x00,0x00,0x00,0x00,0x00,0x00,0x00,0x00,0x00,
    0x00,0x00,0x3F,0x80,0x01,0xFF,0xE0,0x03,0xFF,0xF0,0x07,0xE1,0xF0,0x0F,0x80,0x78,
    0x0F,0x00,0x78,0x1E,0x00,0x38,0x1C,0x00,0x38,0x3F,0xFF,0xF8,0x3F,0xFF,0xF8,0x3F,
    0xFF,0xF8,0x38,0x00,0x00,0x38,0x00,0x00,0x38,0x00,0x00,0x3C,0x00,0x00,0x3C,0x00,
    0x60,0x3F,0x03,0xE0,0x1F,0xFF,0xC0,0x0F,0xFF,0x80,0x03,0xFE,0x00,0x00,0x00,0x00,
    0x00,0x00,0x00,0x00,0x00,0x00,0x00,0x00,0x00,0x00,0x00,0x00,0x00,0x00,0x00,0x00,
    0x00,0x00,0x00,0x00,0x00,0x00,0x00,0x00,0x00,0x00,0x00,0x00,0x00,0x00,0x00,0x00,
    0x00,0x00,0x00,0x00,0x00,0x00,0x00,0x18,0x00,0x78,0x00,0xF8,0x01,0xF0,0x01,0xE0,
    0x01,0xE0,0x01,0xC0,0x03,0xC0,0x1F,0xF8,0x1F,0xF8,0x1F,0xF8,0x03,0x80,0x07,0x80,
    0x07,0x80,0x07,0x80,0x07,0x80,0x07,0x00,0x0F,0x00,0x0F,0x00,0x0F,0x00,0x0F,0x00,
    0x0E,0x00,0x1E,0x00,0x1E,0x00,0x1E,0x00,0x1E,0x00,0x1C,0x00,0x3C,0x00,0x00,0x00,
    0x00,0x00,0x00,0x00,0x00,0x00,0x00,0x00,0x00,0x00,0x00,0x00,0x00,0x00,0x00,0x00,
    0x00,0x00,0x00,0x00,0x00,0x00,0x00,0x00,0x00,0x00,0x00,0x00,0x00,0x00,0x00,0x00,
    0x00,0x00,0x00,0x00,0x00,0x00,0x00,0x00,0x00,0x00,0x00,0x00,0x00,0x00,0x00,0x00,
    0x00,0x00,0x00,0x00,0x00,0x00,0x00,0x00,0x00,0x00,0x00,0x00,0x00,0x00,0x7E,0x3C,
    0x01,0xFF,0xBC,0x03,0xFF,0xFC,0x07,0xE3,0xFC,0x0F,0x80,0xF8,0x0F,0x00,0xF8,0x1E,
    0x00,0x78,0x1C,0x00,0x78,0x3C,0x00,0x78,0x3C,0x00,0x70,0x3C,0x00,0x70,0x38,0x00,
    0xF0,0x38,0x00,0xF0,0x38,0x01,0xF0,0x3C,0x01,0xE0,0x3C,0x03,0xE0,0x3F,0x0F,0xE0,
    0x1F,0xFF,0xE0,0x0F,0xFD,0xE0,0x07,0xF1,0xC0,0x00,0x03,0xC0,0x00,0x03,0xC0,0x00,
    0x07,0x80,0x20,0x0F,0x00,0x78,0x3F,0x00,0x7F,0xFE,0x00,0x3F,0xFC,0x00,0x0F,0xF0,
    0x00,0x00,0x00,0x00,0x00,0x00,0x00,0x00,0x00,0x00,0x00,0x00,0x00,0x00,0x00,0x00,
    0x00,0x00,0x00,0x00,0x00,0x00,0x00,0x00,0x00,0x03,0xC0,0x00,0x03,0xC0,0x00,0x03,
    0xC0,0x00,0x03,0xC0,0x00,0x03,0x80,0x00,0x03,0x80,0x00,0x07,0x80,0x00,0x07,0x80,
    0x00,0x07,0x8F,0xC0,0x07,0xBF,0xF0,0x07,0x7F,0xF0,0x0F,0xF0,0xF8,0x0F,0xC0,0x78,
    0x0F,0x80,0x78,0x0F,0x00,0x78,0x0F,0x00,0x78,0x1E,0x00,0x78,0x1E,0x00,0x78,0x1E,
    0x00,0x70,0x1E,0x00,0xF0,0x1C,0x00,0xF0,0x3C,0x00,0xF0,0x3C,0x00,0xF0,0x3C,0x00,
    0xE0,0x3C,0x01,0xE0,0x38,0x01,0xE0,0x78,0x01,0xE0,0x78,0x01,0xE0,0x00,0x00,0x00,
    0x00,0x00,0x00,0x00,0x00,0x00,0x00,0x00,0x00,0x00,0x00,0x00,0x00,0x00,0x00,0x00,
    0x00,0x00,0x00,0x00,0x00,0x00,0x00,0x00,0x00,0x00,0x00,0x00,0x00,0x00,0x00,0x00,
    0x00,0x00,0x00,0x00,0x00,0x00,0x03,0xC0,0x03,0xC0,0x03,0xC0,0x03,0xC0,0x00,0x00,
    0x00,0x00,0x00,0x00,0x00,0x00,0x07,0x80,0x07,0x00,0x07,0x00,0x0F,0x00,0x0F,0x00,
    0x0F,0x00,0x0E,0x00,0x0E,0x00,0x1E,0x00,0x1E,0x00,0x1E,0x00,0x1C,0x00,0x1C,0x00,
    0x3C,0x00,0x3C,0x00,0x3C,0x00,0x3C,0x00,0x38,0x00,0x78,0x00,0x78,0x00,0x00,0x00,
    0x00,0x00,0x00,0x00,0x00,0x00,0x00,0x00,0x00,0x00,0x00,0x00,0x00,0x00,0x00,0x00,
    0x00,0x00,0x00,0x00,0x00,0x00,0x00,0x00,0x00,0x00,0x00,0x00,0x00,0x00,0x01,0xC0,
    0x03,0xC0,0x03,0xC0,0x03,0xC0,0x00,0x00,0x00,0x00,0x00,0x00,0x00,0x00,0x07,0x80,
    0x07,0x80,0x07,0x00,0x0F,0x00,0x0F,0x00,0x0F,0x00,0x0F,0x00,0x0E,0x00,0x0E,0x00,
    0x1E,0x00,0x1E,0x00,0x1E,0x00,0x1C,0x00,0x1C,0x00,0x3C,0x00,0x3C,0x00,0x3C,0x00,
    0x38,0x00,0x38,0x00,0x78,0x00,0x78,0x00,0x78,0x00,0x70,0x00,0xF0,0x00,0xF0,0x00,
    0xE0,0x00,0xC0,0x00,0x80,0x00,0x00,0x00,0x00,0x00,0x00,0x00,0x00,0x00,0x00,0x00,
    0x00,0x00,0x00,0x00,0x00,0x00,0x00,0x00,0x00,0x00,0x00,0x00,0x00,0x03,0xC0,0x00,
    0x03,0xC0,0x00,0x03,0xC0,0x00,0x03,0xC0,0x00,0x03,0x80,0x00,0x03,0x80,0x00,0x07,
    0x80,0x00,0x07,0x80,0x00,0x07,0x80,0x78,0x07,0x00,0xF8,0x07,0x01,0xF0,0x0F,0x07,
    0xC0,0x0F,0x0F,0x80,0x0F,0x1F,0x00,0x0E,0x7C,0x00,0x0E,0xF8,0x00,0x1F,0xF0,0x00,
    0x1F,0xC0,0x00,0x1F,0xE0,0x00,0x1D,0xF0,0x00,0x1C,0xF8,0x00,0x3C,0x7C,0x00,0x3C,
    0x3E,0x00,0x3C,0x1E,0x00,0x3C,0x0F,0x00,0x38,0x07,0x80,0x78,0x03,0xC0,0x78,0x01,
    0xE0,0x00,0x00,0x00,0x00,0x00,0x00,0x00,0x00,0x00,0x00,0x00,0x00,0x00,0x00,0x00,
    0x00,0x00,0x00,0x00,0x00,0x00,0x00,0x00,0x00,0x00,0x00,0x00,0x00,0x00,0x00,0x00,
    0x00,0x00,0x00,0x00,0x00,0x00,0x00,0x00,0x00,0x00,0x03,0xC0,0x03,0xC0,0x03,0xC0,
    0x03,0xC0,0x03,0x80,0x03,0x80,0x07,0x80,0x07,0x80,0x07,0x80,0x07,0x00,0x07,0x00,
    0x0F,0x00,0x0F,0x00,0x0F,0x00,0x0E,0x00,0x0E,0x00,0x1E,0x00,0x1E,0x00,0x1E,0x00,
    0x1C,0x00,0x1C,0x00,0x3C,0x00,0x3C,0x00,0x3C,0x00,0x38,0x00,0x38,0x00,0x78,0x00,
    0x78,0x00,0x00,0x00,0x00,0x00,0x00,0x00,0x00,0x00,0x00,0x00,0x00,0x00,0x00,0x00,
    0x00,0x00,0x00,0x00,0x00,0x00,0x00,0x00,0x00,0x00,0x00,0x00,0x00,0x00,0x00,0x00,
    0x00,0x00,0x00,0x00,0x00,0x00,0x00,0x00,0x00,0x00,0x00,0x00,0x00,0x00,0x00,0x00,
    0x00,0x00,0x00,0x00,0x00,0x00,0x00,0x00,0x00,0x00,0x00,0x00,0x00,0x00,0x00,0x00,
    0x00,0x00,0x00,0x00,0x00,0x00,0x00,0x00,0x00,0x00,0x00,0x00,0x00,0x00,0x00,0x00,
    0x00,0x00,0x00,0x00,0x00,0x00,0x00,0x00,0x00,0x00,0x00,0x00,0x00,0x00,0x00,0x07,
    0x8F,0xC0,0x7E,0x00,0x07,0xBF,0xE1,0xFF,0x00,0x07,0x7F,0xF3,0xFF,0x80,0x0F,0xF1,
    0xF7,0x8F,0x80,0x0F,0xC0,0xFE,0x07,0xC0,0x0F,0x80,0x7C,0x03,0xC0,0x0F,0x00,0x78,
    0x03,0xC0,0x0F,0x00,0x78,0x03,0xC0,0x1E,0x00,0x70,0x03,0x80,0x1E,0x00,0xF0,0x07,
    0x80,0x1E,0x00,0xF0,0x07,0x80,0x1E,0x00,0xF0,0x07,0x80,0x1C,0x00,0xE0,0x07,0x80,
    0x3C,0x00,0xE0,0x07,0x00,0x3C,0x01,0xE0,0x0F,0x00,0x3C,0x01,0xE0,0x0F,0x00,0x3C,
    0x01,0xE0,0x0F,0x00,0x38,0x01,0xC0,0x0F,0x00,0x78,0x01,0xC0,0x0E,0x00,0x78,0x03,
    0xC0,0x1E,0x00,0x00,0x00,0x00,0x00,0x00,0x00,0x00,0x00,0x00,0x00,0x00,0x00,0x00,
    0x00,0x00,0x00,0x00,0x00,0x00,0x00,0x00,0x00,0x00,0x00,0x00,0x00,0x00,0x00,0x00,
    0x00,0x00,0x00,0x00,0x00,0x00,0x00,0x00,0x00,0x00,0x00,0x00,0x00,0x00,0x00,0x00,
    0x00,0x00,0x00,0x00,0x00,0x00,0x00,0x00,0x00,0x00,0x00,0x00,0x00,0x00,0x00,0x00,
    0x00,0x00,0x00,0x00,0x00,0x00,0x00,0x00,0x00,0x00,0x00,0x00,0x00,0x00,0x00,0x00,
    0x00,0x00,0x00,0x00,0x00,0x00,0x00,0x00,0x00,0x00,0x00,0x00,0x00,0x07,0x8F,0xC0,
    0x07,0x3F,0xF0,0x07,0x7F,0xF0,0x0F,0xF0,0xF8,0x0F,0xC0,0x78,0x0F,0x80,0x78,0x0F,
    0x00,0x78,0x0F,0x00,0x78,0x1E,0x00,0x78,0x1E,0x00,0x78,0x1E,0x00,0x70,0x1E,0x00,
    0xF0,0x1C,0x00,0xF0,0x3C,0x00,0xF0,0x3C,0x00,0xF0,0x3C,0x00,0xE0,0x3C,0x01,0xE0,
    0x38,0x01,0xE0,0x78,0x01,0xE0,0x78,0x01,0xE0,0x00,0x00,0x00,0x00,0x00,0x00,0x00,
    0x00,0x00,0x00,0x00,0x00,0x00,0x00,0x00,0x00,0x00,0x00,0x00,0x00,0x00,0x00,0x00,
    0x00,0x00,0x00,0x00,0x00,0x00,0x00,0x00,0x00,0x00,0x00,0x00,0x00,0x00,0x00,0x00,
    0x00,0x00,0x00,0x00,0x00,0x00,0x00,0x00,0x00,0x00,0x00,0x00,0x00,0x00,0x00,0x00,
    0x00,0x00,0x00,0x00,0x00,0x00,0x00,0x00,0x00,0x00,0x00,0x00,0x00,0x00,0x00,0x00,
    0x00,0x00,0x7F,0x80,0x01,0xFF,0xC0,0x03,0xFF,0xE0,0x07,0xE1,0xF0,0x0F,0x80,0xF8,
    0x1F,0x00,0x78,0x1E,0x00,0x78,0x3C,0x00,0x78,0x3C,0x00,0x78,0x3C,0x00,0x78,0x38,
    0x00,0x78,0x38,0x00,0x70,0x38,0x00,0xF0,0x38,0x00,0xF0,0x3C,0x01,0xE0,0x3C,0x03,
    0xE0,0x1F,0x0F,0xC0,0x1F,0xFF,0x80,0x0F,0xFE,0x00,0x03,0xF8,0x00,0x00,0x00,0x00,
    0x00,0x00,0x00,0x00,0x00,0x00,0x00,0x00,0x00,0x00,0x00,0x00,0x00,0x00,0x00,0x00,
    0x00,0x00,0x00,0x00,0x00,0x00,0x00,0x00,0x00,0x00,0x00,0x00,0x00,0x00,0x00,0x00,
    0x00,0x00,0x00,0x00,0x00,0x00,0x00,0x00,0x00,0x00,0x00,0x00,0x00,0x00,0x00,0x00,
    0x00,0x00,0x00,0x00,0x00,0x00,0x00,0x00,0x00,0x00,0x00,0x00,0x00,0x00,0x00,0x00,
    0x00,0x00,0x00,0x00,0x00,0x07,0x8F,0xC0,0x07,0xBF,0xF0,0x07,0x7F,0xF8,0x0F,0xF0,
    0xF8,0x0F,0xC0,0x7C,0x0F,0x80,0x3C,0x0F,0x00,0x3C,0x0F,0x00,0x3C,0x1E,0x00,0x3C,
    0x1E,0x00,0x3C,0x1E,0x00,0x3C,0x1E,0x00,0x78,0x1E,0x00,0x78,0x1E,0x00,0xF0,0x3E,
    0x00,0xF0,0x3F,0x01,0xE0,0x3F,0x87,0xC0,0x3B,0xFF,0xC0,0x39,0xFF,0x00,0x78,0xFE,
    0x00,0x78,0x00,0x00,0x78,0x00,0x00,0x70,0x00,0x00,0x70,0x00,0x00,0xF0,0x00,0x00,
    0xF0,0x00,0x00,0xF0,0x00,0x00,0xE0,0x00,0x00,0x00,0x00,0x00,0x00,0x00,0x00,0x00,
    0x00,0x00,0x00,0x00,0x00,0x00,0x00,0x00,0x00,0x00,0x00,0x00,0x00,0x00,0x00,0x00,
    0x00,0x00,0x00,0x00,0x00,0x00,0x00,0x00,0x00,0x00,0x00,0x00,0x00,0x00,0x00,0x00,
    0x00,0x00,0x00,0x00,0x00,0x00,0x00,0x00,0x00,0x00,0x7F,0x3C,0x01,0xFF,0xBC,0x03,
    0xFF,0xFC,0x07,0xE3,0xFC,0x0F,0x80,0xF8,0x0F,0x00,0x78,0x1E,0x00,0x78,0x1C,0x00,
    0x78,0x3C,0x00,0x78,0x3C,0x00,0x70,0x38,0x00,0x70,0x38,0x00,0xF0,0x38,0x00,0xF0,
    0x38,0x01,0xF0,0x3C,0x03,0xE0,0x3C,0x07,0xE0,0x3F,0x1F,0xE0,0x1F,0xFF,0xE0,0x0F,
    0xF9,0xE0,0x07,0xF1,0xE0,0x00,0x03,0xC0,0x00,0x03,0xC0,0x00,0x03,0xC0,0x00,0x03,
    0xC0,0x00,0x03,0xC0,0x00,0x03,0x80,0x00,0x07,0x80,0x00,0x07,0x80,0x00,0x00,0x00,
    0x00,0x00,0x00,0x00,0x00,0x00,0x00,0x00,0x00,0x00,0x00,0x00,0x00,0x00,0x00,0x00,
    0x00,0x00,0x00,0x00,0x00,0x00,0x00,0x00,0x00,0x00,0x00,0x00,0x00,0x00,0x07,0x9E,
    0x07,0x3E,0x07,0xFE,0x0F,0xF0,0x0F,0xC0,0x0F,0x80,0x0F,0x00,0x0F,0x00,0x1E,0x00,
    0x1E,0x00,0x1E,0x00,0x1E,0x00,0x1C,0x00,0x3C,0x00,0x3C,0x00,0x3C,0x00,0x3C,0x00,
    0x38,0x00,0x78,0x00,0x78,0x00,0x00,0x00,0x00,0x00,0x00,0x00,0x00,0x00,0x00,0x00,
    0x00,0x00,0x00,0x00,0x00,0x00,0x00,0x00,0x00,0x00,0x00,0x00,0x00,0x00,0x00,0x00,
    0x00,0x00,0x00,0x00,0x00,0x00,0x00,0x00,0x00,0x00,0x00,0x00,0x00,0x00,0x00,0x00,
    0x00,0x00,0x00,0x00,0x00,0x00,0x00,0x00,0x00,0x00,0x00,0x00,0x00,0x00,0x00,0x00,
    0x00,0x00,0x00,0x00,0x00,0x00,0xFF,0x80,0x03,0xFF,0xE0,0x07,0xFF,0xC0,0x0F,0x81,
    0xC0,0x1E,0x00,0x00,0x1E,0x00,0x00,0x1E,0x00,0x00,0x1F,0x00,0x00,0x0F,0xF0,0x00,
    0x07,0xFE,0x00,0x01,0xFF,0x00,0x00,0x1F,0x80,0x00,0x07,0x80,0x00,0x07,0x80,0x00,
    0x07,0x80,0x60,0x0F,0x80,0x7C,0x3F,0x00,0xFF,0xFE,0x00,0x7F,0xFC,0x00,0x0F,0xF0,
    0x00,0x00,0x00,0x00,0x00,0x00,0x00,0x00,0x00,0x00,0x00,0x00,0x00,0x00,0x00,0x00,
    0x00,0x00,0x00,0x00,0x00,0x00,0x00,0x00,0x00,0x00,0x00,0x00,0x00,0x00,0x00,0x00,
    0x00,0x00,0x00,0x00,0x00,0x00,0x00,0x00,0x00,0x00,0x00,0x00,0x00,0x00,0x03,0xC0,
    0x03,0xC0,0x03,0xC0,0x03,0xC0,0x03,0x80,0x03,0x80,0x1F,0xFC,0x3F,0xFC,0x3F,0xFC,
    0x07,0x80,0x07,0x00,0x0F,0x00,0x0F,0x00,0x0F,0x00,0x0F,0x00,0x0E,0x00,0x1E,0x00,
    0x1E,0x00,0x1E,0x00,0x1E,0x00,0x1C,0x00,0x1C,0x00,0x1E,0x00,0x1F,0xF8,0x0F,0xF0,
    0x07,0xF0,0x00,0x00,0x00,0x00,0x00,0x00,0x00,0x00,0x00,0x00,0x00,0x00,0x00,0x00,
    0x00,0x00,0x00,0x00,0x00,0x00,0x00,0x00,0x00,0x00,0x00,0x00,0x00,0x00,0x00,0x00,
    0x00,0x00,0x00,0x00,0x00,0x00,0x00,0x00,0x00,0x00,0x00,0x00,0x00,0x00,0x00,0x00,
    0x00,0x00,0x00,0x00,0x00,0x00,0x00,0x00,0x00,0x00,0x00,0x00,0x00,0x00,0x00,0x00,
    0x00,0x07,0x00,0x3C,0x0F,0x00,0x3C,0x0F,0x00,0x38,0x0F,0x00,0x38,0x0E,0x00,0x78,
    0x0E,0x00,0x78,0x1E,0x00,0x78,0x1E,0x00,0x78,0x1E,0x00,0xF0,0x1C,0x00,0xF0,0x1C,
    0x00,0xF0,0x3C,0x00,0xF0,0x3C,0x01,0xF0,0x3C,0x01,0xE0,0x3C,0x03,0xE0,0x3C,0x07,
    0xE0,0x3E,0x1F,0xE0,0x1F,0xFD,0xE0,0x1F,0xF9,0xC0,0x07,0xE3,0xC0,0x00,0x00,0x00,
    0x00,0x00,0x00,0x00,0x00,0x00,0x00,0x00,0x00,0x00,0x00,0x00,0x00,0x00,0x00,0x00,
    0x00,0x00,0x00,0x00,0x00,0x00,0x00,0x00,0x00,0x00,0x00,0x00,0x00,0x00,0x00,0x00,
    0x00,0x00,0x00,0x00,0x00,0x00,0x00,0x00,0x00,0x00,0x00,0x00,0x00,0x00,0x00,0x00,
    0x00,0x00,0x00,0x00,0x00,0x00,0x00,0x00,0x00,0x00,0x00,0x00,0x00,0x00,0x00,0x00,
    0x00,0x00,0x00,0x00,0x00,0x1C,0x00,0x3C,0x1E,0x00,0x3C,0x1E,0x00,0x78,0x1E,0x00,
    0x78,0x1E,0x00,0xF0,0x1E,0x00,0xE0,0x0E,0x01,0xE0,0x0F,0x03,0xC0,0x0F,0x03,0xC0,
    0x0F,0x07,0x80,0x0F,0x07,0x00,0x07,0x0F,0x00,0x07,0x8E,0x00,0x07,0x9E,0x00,0x07,
    0xBC,0x00,0x07,0xBC,0x00,0x03,0xF8,0x00,0x03,0xF0,0x00,0x03,0xF0,0x00,0x03,0xE0,
    0x00,0x00,0x00,0x00,0x00,0x00,0x00,0x00,0x00,0x00,0x00,0x00,0x00,0x00,0x00,0x00,
    0x00,0x00,0x00,0x00,0x00,0x00,0x00,0x00,0x00,0x00,0x00,0x00,0x00,0x00,0x00,0x00,
    0x00,0x00,0x00,0x00,0x00,0x00,0x00,0x00,0x00,0x00,0x00,0x00,0x00,0x00,0x00,0x00,
    0x00,0x00,0x00,0x00,0x00,0x00,0x00,0x00,0x00,0x00,0x00,0x00,0x00,0x00,0x00,0x00,
    0x00,0x00,0x00,0x00,0x00,0x00,0x00,0x00,0x00,0x00,0x00,0x00,0x00,0x00,0x00,0x00,
    0x00,0x00,0x00,0x00,0x00,0x00,0x00,0x00,0x1E,0x03,0xE0,0x1C,0x1E,0x03,0xE0,0x3C,
    0x1E,0x07,0xE0,0x38,0x1E,0x07,0xE0,0x78,0x1E,0x07,0xE0,0x70,0x1E,0x0E,0xE0,0xF0,
    0x1E,0x0E,0xE0,0xE0,0x1E,0x1C,0xE1,0xE0,0x0E,0x1C,0xE1,0xE0,0x0E,0x3C,0xF1,0xC0,
    0x0E,0x38,0xF3,0xC0,0x0E,0x78,0xF3,0x80,0x0E,0x70,0x77,0x80,0x0E,0xF0,0x77,0x00,
    0x0E,0xE0,0x7F,0x00,0x0F,0xE0,0x7E,0x00,0x0F,0xC0,0x7E,0x00,0x0F,0xC0,0x7C,0x00,
    0x0F,0x80,0x7C,0x00,0x0F,0x80,0x78,0x00,0x00,0x00,0x00,0x00,0x00,0x00,0x00,0x00,
    0x00,0x00,0x00,0x00,0x00,0x00,0x00,0x00,0x00,0x00,0x00,0x00,0x00,0x00,0x00,0x00,
    0x00,0x00,0x00,0x00,0x00,0x00,0x00,0x00,0x00,0x00,0x00,0x00,0x00,0x00,0x00,0x00,
    0x00,0x00,0x00,0x00,0x00,0x00,0x00,0x00,0x00,0x00,0x00,0x00,0x00,0x00,0x00,0x00,
    0x00,0x00,0x00,0x00,0x00,0x00,0x00,0x00,0x00,0x00,0x00,0x00,0x00,0x00,0x00,0x00,
    0x00,0x00,0x00,0x00,0x00,0x00,0x00,0x00,0x00,0x0F,0x00,0x3C,0x0F,0x80,0x78,0x07,
    0x80,0xF0,0x07,0xC1,0xE0,0x03,0xC3,0xC0,0x01,0xE7,0x80,0x01,0xEF,0x00,0x00,0xFE,
    0x00,0x00,0xFC,0x00,0x00,0x78,0x00,0x00,0xF8,0x00,0x01,0xFC,0x00,0x03,0xFE,0x00,
    0x07,0x9E,0x00,0x0F,0x0F,0x00,0x1F,0x0F,0x00,0x3E,0x07,0x80,0x7C,0x07,0x80,0xF8,
    0x03,0xC0,0xF0,0x03,0xE0,0x00,0x00,0x00,0x00,0x00,0x00,0x00,0x00,0x00,0x00,0x00,
    0x00,0x00,0x00,0x00,0x00,0x00,0x00,0x00,0x00,0x00,0x00,0x00,0x00,0x00,0x00,0x00,
    0x00,0x00,0x00,0x00,0x00,0x00,0x00,0x00,0x00,0x00,0x00,0x00,0x00,0x00,0x00,0x00,
    0x00,0x00,0x00,0x00,0x00,0x00,0x00,0x00,0x00,0x00,0x00,0x00,0x00,0x00,0x00,0x00,
    0x00,0x00,0x00,0x00,0x00,0x00,0x00,0x00,0x00,0x00,0x00,0x00,0x00,0x1C,0x00,0x3C,
    0x1E,0x00,0x3C,0x1E,0x00,0x78,0x1E,0x00,0x70,0x0E,0x00,0xF0,0x0F,0x01,0xE0,0x0F,
    0x01,0xE0,0x0F,0x03,0xC0,0x0F,0x07,0x80,0x07,0x07,0x80,0x07,0x8F,0x00,0x07,0x8F,
    0x00,0x07,0x9E,0x00,0x03,0xBC,0x00,0x03,0xFC,0x00,0x03,0xF8,0x00,0x03,0xF8,0x00,
    0x01,0xF0,0x00,0x01,0xE0,0x00,0x01,0xE0,0x00,0x03,0xC0,0x00,0x03,0xC0,0x00,0x07,
    0x80,0x00,0x0F,0x00,0x00,0x1F,0x00,0x00,0xFE,0x00,0x00,0xFC,0x00,0x00,0xF8,0x00,
    0x00,0x00,0x00,0x00,0x00,0x00,0x00,0x00,0x00,0x00,0x00,0x00,0x00,0x00,0x00,0x00,
    0x00,0x00,0x00,0x00,0x00,0x00,0x00,0x00,0x00,0x00,0x00,0x00,0x00,0x00,0x00,0x00,
    0x00,0x00,0x00,0x00,0x00,0x00,0x00,0x00,0x00,0x00,0x00,0x00,0x00,0x00,0x00,0x00,
    0x00,0x0F,0xFF,0xE0,0x0F,0xFF,0xE0,0x0F,0xFF,0xE0,0x00,0x01,0xE0,0x00,0x03,0xC0,
    0x00,0x07,0x80,0x00,0x0F,0x00,0x00,0x1E,0x00,0x00,0x3C,0x00,0x00,0xF8,0x00,0x01,
    0xF0,0x00,0x03,0xC0,0x00,0x07,0x80,0x00,0x0F,0x00,0x00,0x1E,0x00,0x00,0x3C,0x00,
    0x00,0x78,0x00,0x00,0xFF,0xFF,0x80,0xFF,0xFF,0x80,0xFF,0xFF,0x80,0x00,0x00,0x00,
    0x00,0x00,0x00,0x00,0x00,0x00,0x00,0x00,0x00,0x00,0x00,0x00,0x00,0x00,0x00,0x00,
    0x00,0x00,0x00,0x00,0x00,0x00,0x00,0x00,0x00,0x00,0x00,0x00,0x00,0x00,0x00,0x00,
    0x00,0x00,0x00,0x00,0x00,0x00,0x00,0x00,0x00,0x00,0x00,0x00,0x00,0x00,0x00,0xFC,
    0x00,0x01,0xFC,0x00,0x03,0xFC,0x00,0x07,0xC0,0x00,0x07,0x80,0x00,0x07,0x00,0x00,
    0x0F,0x00,0x00,0x0F,0x00,0x00,0x0F,0x00,0x00,0x0E,0x00,0x00,0x1E,0x00,0x00,0x1E,
    0x00,0x00,0x1E,0x00,0x00,0x3C,0x00,0x00,0x7C,0x00,0x07,0xF8,0x00,0x07,0xE0,0x00,
    0x0F,0xF0,0x00,0x00,0xF8,0x00,0x00,0x78,0x00,0x00,0x78,0x00,0x00,0x78,0x00,0x00,
    0x78,0x00,0x00,0x78,0x00,0x00,0x70,0x00,0x00,0xF0,0x00,0x00,0xF0,0x00,0x00,0xF0,
    0x00,0x00,0xF0,0x00,0x00,0xF0,0x00,0x00,0xF8,0x00,0x00,0xFF,0x00,0x00,0x7F,0x00,
    0x00,0x3F,0x00,0x00,0x00,0x00,0x00,0x00,0x00,0x00,0x00,0x00,0x00,0x00,0x00,0x00,
    0x00,0x00,0x00,0x00,0x00,0x00,0x00,0x00,0x00,0x00,0x07,0x00,0x07,0x00,0x07,0x00,
    0x07,0x00,0x07,0x00,0x07,0x00,0x07,0x00,0x07,0x00,0x07,0x00,0x07,0x00,0x07,0x00,
    0x07,0x00,0x07,0x00,0x07,0x00,0x07,0x00,0x07,0x00,0x07,0x00,0x07,0x00,0x07,0x00,
    0x07,0x00,0x07,0x00,0x07,0x00,0x07,0x00,0x07,0x00,0x07,0x00,0x07,0x00,0x07,0x00,
    0x07,0x00,0x07,0x00,0x07,0x00,0x07,0x00,0x07,0x00,0x07,0x00,0x07,0x00,0x07,0x00,
    0x07,0x00,0x07,0x00,0x00,0x00,0x00,0x00,0x00,0x00,0x00,0x00,0x00,0x00,0x00,0x00,
    0x00,0x00,0x00,0x00,0x00,0x00,0x00,0x00,0x00,0x01,0xF0,0x00,0x03,0xFC,0x00,0x03,
    0xFC,0x00,0x00,0x3E,0x00,0x00,0x1E,0x00,0x00,0x1E,0x00,0x00,0x1C,0x00,0x00,0x1C,
    0x00,0x00,0x3C,0x00,0x00,0x3C,0x00,0x00,0x3C,0x00,0x00,0x3C,0x00,0x00,0x38,0x00,
    0x00,0x3C,0x00,0x00,0x3E,0x00,0x00,0x1F,0xC0,0x00,0x0F,0xC0,0x00,0x3F,0xC0,0x00,
    0x7C,0x00,0x00,0x78,0x00,0x00,0xF0,0x00,0x00,0xF0,0x00,0x00,0xE0,0x00,0x01,0xE0,
    0x00,0x01,0xE0,0x00,0x01,0xE0,0x00,0x01,0xC0,0x00,0x01,0xC0,0x00,0x03,0xC0,0x00,
    0x03,0xC0,0x00,0x07,0x80,0x00,0x7F,0x80,0x00,0xFF,0x00,0x00,0xFE,0x00,0x00,0x00,
    0x00,0x00,0x00,0x00,0x00,0x00,0x00,0x00,0x00,0x00,0x00,0x00,0x00,0x00,0x00,0x00,
    0x00,0x00,0x00,0x00,0x00,0x00,0x00,0x00,0x00,0x00,0x00,0x00,0x00,0x00,0x00,0x00,
    0x00,0x00,0x00,0x00,0x00,0x00,0x00,0x00,0x00,0x00,0x00,0x00,0x00,0x00,0x00,0x00,
    0x00,0x00,0x00,0x00,0x00,0x00,0x00,0x00,0x00,0x00,0x00,0x00,0x00,0x00,0x00,0x00,
    0x00,0x00,0x00,0x00,0x00,0x00,0x00,0x00,0x00,0x00,0x00,0x00,0x00,0x00,0x00,0x00,
    0x00,0x00,0x00,0x00,0x00,0x00,0x00,0x00,0x00,0x00,0x00,0x00,0x01,0xFE,0x00,0x60,
    0x07,0xFF,0xC1,0xE0,0x0F,0xFF,0xFF,0xE0,0x0F,0x07,0xFF,0xC0,0x0C,0x00,0xFF,0x00,
    0x08,0x00,0x00,0x00,0x00,0x00,0x00,0x00,0x00,0x00,0x00,0x00,0x00,0x00,0x00,0x00,
    0x00,0x00,0x00,0x00,0x00,0x00,0x00,0x00,0x00,0x00,0x00,0x00,0x00,0x00,0x00,0x00,
    0x00,0x00,0x00,0x00,0x00,0x00,0x00,0x00,0x00,0x00,0x00,0x00,0x00,0x00,0x00,0x00,
    0x00,0x00,0x00,0x00,0x00,0x00,0x00,0x00,0x00,0x00,0x00,0x00,0x00,0x00,0x00,0x00,
    0x00,0x00,0x00,0x00,0x00,0x00,0x00,0x00,0x00,0x0F,0x00,0x00,0x00,0x07,0x80,0x00,
    0x00,0x03,0x80,0x00,0x00,0x01,0xC0,0x00,0x00,0x01,0xC0,0x00,0x00,0x00,0x00,0x00,
    0x00,0x00,0x00,0x00,0x00,0x00,0x00,0x00,0x00,0x07,0xC0,0x00,0x00,0x07,0xC0,0x00,
    0x00,0x0F,0xC0,0x00,0x00,0x1F,0xE0,0x00,0x00,0x1F,0xE0,0x00,0x00,0x3D,0xE0,0x00,
    0x00,0x39,0xE0,0x00,0x00,0x79,0xE0,0x00,0x00,0x70,0xF0,0x00,0x00,0xF0,0xF0,0x00,
    0x01,0xE0,0xF0,0x00,0x01,0xE0,0xF0,0x00,0x03,0xC0,0xF0,0x00,0x03,0xC0,0xF0,0x00,
    0x07,0x80,0x78,0x00,0x0F,0x00,0x78,0x00,0x0F,0x00,0x78,0x00,0x1F,0xFF,0xF8,0x00,
    0x1F,0xFF,0xF8,0x00,0x3F,0xFF,0xFC,0x00,0x3C,0x00,0x3C,0x00,0x78,0x00,0x3C,0x00,
    0xF8,0x00,0x3C,0x00,0xF0,0x00,0x3C,0x00,0xE0,0x00,0x3C,0x00,0xE0,0x00,0x1E,0x00,
    0xC0,0x00,0x1E,0x00,0x00,0x00,0x00,0x00,0x00,0x00,0x00,0x00,0x00,0x00,0x00,0x00,
    0x00,0x00,0x00,0x00,0x00,0x00,0x00,0x00,0x00,0x00,0x00,0x00,0x00,0x00,0x00,0x00,
    0x00,0x00,0x00,0x00,0x00,0x00,0x00,0x00,0x00,0x00,0x78,0x00,0x00,0x00,0xF0,0x00,
    0x00,0x01,0xE0,0x00,0x00,0x03,0xC0,0x00,0x00,0x03,0x80,0x00,0x00,0x00,0x00,0x00,
    0x00,0x00,0x00,0x00,0x00,0x00,0x00,0x00,0x00,0x07,0xC0,0x00,0x00,0x07,0xC0,0x00,
    0x00,0x0F,0xC0,0x00,0x00,0x1F,0xE0,0x00,0x00,0x1F,0xE0,0x00,0x00,0x3D,0xE0,0x00,
    0x00,0x39,0xE0,0x00,0x00,0x79,0xE0,0x00,0x00,0x70,0xF0,0x00,0x00,0xF0,0xF0,0x00,
    0x01,0xE0,0xF0,0x00,0x01,0xE0,0xF0,0x00,0x03,0xC0,0xF0,0x00,0x03,0xC0,0xF0,0x00,
    0x07,0x80,0x78,0x00,0x0F,0x00,0x78,0x00,0x0F,0x00,0x78,0x00,0x1F,0xFF,0xF8,0x00,
    0x1F,0xFF,0xF8,0x00,0x3F,0xFF,0xFC,0x00,0x3C,0x00,0x3C,0x00,0x78,0x00,0x3C,0x00,
    0xF8,0x00,0x3C,0x00,0xF0,0x00,0x3C,0x00,0xE0,0x00,0x3C,0x00,0xE0,0x00,0x1E,0x00,
    0xC0,0x00,0x1E,0x00,0x00,0x00,0x00,0x00,0x00,0x00,0x00,0x00,0x00,0x00,0x00,0x00,
    0x00,0x00,0x00,0x00,0x00,0x00,0x00,0x00,0x00,0x00,0x00,0x00,0x00,0x00,0x00,0x00,
    0x00,0x00,0x00,0x00,0x00,0x00,0x00,0x00,0x00,0x03,0xE0,0x00,0x00,0x07,0xF0,0x00,
    0x00,0x0F,0x70,0x00,0x00,0x1E,0x38,0x00,0x00,0x3C,0x38,0x00,0x00,0x00,0x00,0x00,
    0x00,0x00,0x00,0x00,0x00,0x00,0x00,0x00,0x00,0x07,0xC0,0x00,0x00,0x07,0xC0,0x00,
    0x00,0x0F,0xC0,0x00,0x00,0x1F,0xE0,0x00,0x00,0x1F,0xE0,0x00,0x00,0x3D,0xE0,0x00,
    0x00,0x39,0xE0,0x00,0x00,0x79,0xE0,0x00,0x00,0x70,0xF0,0x00,0x00,0xF0,0xF0,0x00,
    0x01,0xE0,0xF0,0x00,0x01,0xE0,0xF0,0x00,0x03,0xC0,0xF0,0x00,0x03,0xC0,0xF0,0x00,
    0x07,0x80,0x78,0x00,0x0F,0x00,0x78,0x00,0x0F,0x00,0x78,0x00,0x1F,0xFF,0xF8,0x00,
    0x1F,0xFF,0xF8,0x00,0x3F,0xFF,0xFC,0x00,0x3C,0x00,0x3C,0x00,0x78,0x00,0x3C,0x00,
    0xF8,0x00,0x3C,0x00,0xF0,0x00,0x3C,0x00,0xE0,0x00,0x3C,0x00,0xE0,0x00,0x1E,0x00,
    0xC0,0x00,0x1E,0x00,0x00,0x00,0x00,0x00,0x00,0x00,0x00,0x00,0x00,0x00,0x00,0x00,
    0x00,0x00,0x00,0x00,0x00,0x00,0x00,0x00,0x00,0x00,0x00,0x00,0x00,0x00,0x00,0x00,
    0x00,0x00,0x00,0x00,0x00,0x00,0x00,0x00,0x00,0x00,0x00,0x00,0x00,0x0F,0x0E,0x00,
    0x00,0x1F,0xCC,0x00,0x00,0x39,0xFC,0x00,0x00,0x38,0xF8,0x00,0x00,0x00,0x00,0x00,
    0x00,0x00,0x00,0x00,0x00,0x00,0x00,0x00,0x00,0x07,0xC0,0x00,0x00,0x07,0xC0,0x00,
    0x00,0x0F,0xC0,0x00,0x00,0x1F,0xE0,0x00,0x00,0x1F,0xE0,0x00,0x00,0x3D,0xE0,0x00,
    0x00,0x39,0xE0,0x00,0x00,0x79,0xE0,0x00,0x00,0x70,0xF0,0x00,0x00,0xF0,0xF0,0x00,
    0x01,0xE0,0xF0,0x00,0x01,0xE0,0xF0,0x00,0x03,0xC0,0xF0,0x00,0x03,0xC0,0xF0,0x00,
    0x07,0x80,0x78,0x00,0x0F,0x00,0x78,0x00,0x0F,0x00,0x78,0x00,0x1F,0xFF,0xF8,0x00,
    0x1F,0xFF,0xF8,0x00,0x3F,0xFF,0xFC,0x00,0x3C,0x00,0x3C,0x00,0x78,0x00,0x3C,0x00,
    0xF8,0x00,0x3C,0x00,0xF0,0x00,0x3C,0x00,0xE0,0x00,0x3C,0x00,0xE0,0x00,0x1E,0x00,
    0xC0,0x00,0x1E,0x00,0x00,0x00,0x00,0x00,0x00,0x00,0x00,0x00,0x00,0x00,0x00,0x00,
    0x00,0x00,0x00,0x00,0x00,0x00,0x00,0x00,0x00,0x00,0x00,0x00,0x00,0x00,0x00,0x00,
    0x00,0x00,0x00,0x00,0x00,0x00,0x00,0x00,0x00,0x00,0x00,0x00,0x00,0x1E,0x3C,0x00,
    0x00,0x1E,0x3C,0x00,0x00,0x1E,0x3C,0x00,0x00,0x3C,0x3C,0x00,0x00,0x00,0x00,0x00,
    0x00,0x00,0x00,0x00,0x00,0x00,0x00,0x00,0x00,0x07,0xC0,0x00,0x00,0x07,0xC0,0x00,
    0x00,0x0F,0xC0,0x00,0x00,0x1F,0xE0,0x00,0x00,0x1F,0xE0,0x00,0x00,0x3D,0xE0,0x00,
    0x00,0x39,0xE0,0x00,0x00,0x79,0xE0,0x00,0x00,0x70,0xF0,0x00,0x00,0xF0,0xF0,0x00,
    0x01,0xE0,0xF0,0x00,0x01,0xE0,0xF0,0x00,0x03,0xC0,0xF0,0x00,0x03,0xC0,0xF0,0x00,
    0x07,0x80,0x78,0x00,0x0F,0x00,0x78,0x00,0x0F,0x00,0x78,0x00,0x1F,0xFF,0xF8,0x00,
    0x1F,0xFF,0xF8,0x00,0x3F,0xFF,0xFC,0x00,0x3C,0x00,0x3C,0x00,0x78,0x00,0x3C,0x00,
    0xF8,0x00,0x3C,0x00,0xF0,0x00,0x3C,0x00,0xE0,0x00,0x3C,0x00,0xE0,0x00,0x1E,0x00,
    0xC0,0x00,0x1E,0x00,0x00,0x00,0x00,0x00,0x00,0x00,0x00,0x00,0x00,0x00,0x00,0x00,
    0x00,0x00,0x00,0x00,0x00,0x00,0x00,0x00,0x00,0x00,0x00,0x00,0x00,0x00,0x00,0x00,
    0x00,0x00,0x00,0x00,0x00,0x00,0x00,0x00,0x00,0x00,0x00,0x00,0x00,0x07,0xC0,0x00,
    0x00,0x0F,0xF0,0x00,0x00,0x1C,0x70,0x00,0x00,0x18,0x38,0x00,0x00,0x18,0x38,0x00,
    0x00,0x18,0x38,0x00,0x00,0x1C,0x70,0x00,0x00,0x0F,0xF0,0x00,0x00,0x0F,0xE0,0x00,
    0x00,0x0F,0xC0,0x00,0x00,0x1F,0xE0,0x00,0x00,0x1D,0xE0,0x00,0x00,0x3D,0xE0,0x00,
    0x00,0x39,0xE0,0x00,0x00,0x79,0xE0,0x00,0x00,0xF0,0xF0,0x00,0x00,0xF0,0xF0,0x00,
    0x01,0xE0,0xF0,0x00,0x01,0xE0,0xF0,0x00,0x03,0xC0,0xF0,0x00,0x03,0x80,0xF0,0x00,
    0x07,0x80,0x78,0x00,0x0F,0x00,0x78,0x00,0x0F,0x00,0x78,0x00,0x1F,0xFF,0xF8,0x00,
    0x1F,0xFF,0xF8,0x00,0x3F,0xFF,0xFC,0x00,0x3C,0x00,0x3C,0x00,0x78,0x00,0x3C,0x00,
    0xF8,0x00,0x3C,0x00,0xF0,0x00,0x3C,0x00,0xE0,0x00,0x3C,0x00,0xE0,0x00,0x1E,0x00,
    0xC0,0x00,0x1E,0x00,0x00,0x00,0x00,0x00,0x00,0x00,0x00,0x00,0x00,0x00,0x00,0x00,
    0x00,0x00,0x00,0x00,0x00,0x00,0x00,0x00,0x00,0x00,0x00,0x00,0x00,0x00,0x00,0x00,
    0x00,0x00,0x00,0x00,0x00,0x00,0x00,0x00,0x00,0x00,0x00,0x00,0x00,0x00,0x00,0x00,
    0x00,0x00,0x00,0x00,0x00,0x00,0x00,0x00,0x00,0x00,0x00,0x00,0x00,0x00,0x00,0x00,
    0x00,0x00,0x00,0x00,0x00,0x00,0x00,0x00,0x00,0x00,0x00,0x00,0x00,0x00,0x00,0x00,
    0x00,0x03,0xFF,0xFF,0xF0,0x00,0x03,0xFF,0xFF,0xF0,0x00,0x07,0xFF,0xFF,0xF0,0x00,
    0x07,0x9E,0x00,0x00,0x00,0x0F,0x1E,0x00,0x00,0x00,0x1E,0x3C,0x00,0x00,0x00,0x1E,
    0x3C,0x00,0x00,0x00,0x3C,0x3C,0x00,0x00,0x00,0x7C,0x3C,0x00,0x00,0x00,0x78,0x3C,
    0x00,0x00,0x00,0xF0,0x78,0x00,0x00,0x00,0xF0,0x7F,0xFF,0xC0,0x01,0xE0,0x7F,0xFF,
    0xC0,0x03,0xC0,0x7F,0xFF,0xC0,0x03,0xC0,0x78,0x00,0x00,0x07,0x80,0xF8,0x00,0x00,
    0x07,0x80,0xF0,0x00,0x00,0x0F,0xFF,0xF0,0x00,0x00,0x1F,0xFF,0xF0,0x00,0x00,0x1F,
    0xFF,0xF0,0x00,0x00,0x3C,0x00,0xF0,0x00,0x00,0x3C,0x01,0xE0,0x00,0x00,0x78,0x01,
    0xE0,0x00,0x00,0xF0,0x01,0xE0,0x00,0x00,0xF0,0x01,0xFF,0xFF,0x80,0xE0,0x01,0xFF,
    0xFF,0x00,0xE0,0x03,0xFF,0xFF,0x00,0x00,0x00,0x00,0x00,0x00,0x00,0x00,0x00,0x00,
    0x00,0x00,0x00,0x00,0x00,0x00,0x00,0x00,0x00,0x00,0x00,0x00,0x00,0x00,0x00,0x00,
    0x00,0x00,0x00,0x00,0x00,0x00,0x00,0x00,0x00,0x00,0x00,0x00,0x00,0x00,0x00,0x00,
    0x00,0x00,0x00,0x00,0x00,0x00,0x00,0x00,0x00,0x00,0x00,0x00,0x00,0x00,0x00,0x00,
    0x00,0x00,0x00,0x00,0x00,0x00,0x00,0x00,0x00,0x00,0x00,0x00,0x00,0x00,0x00,0x00,
    0x00,0x00,0x00,0x00,0x00,0x0F,0xFC,0x00,0x00,0x3F,0xFF,0x00,0x00,0xFF,0xFF,0x80,
    0x01,0xFC,0x1F,0xC0,0x03,0xF0,0x03,0xC0,0x07,0xC0,0x01,0x80,0x07,0x80,0x00,0x80,
    0x0F,0x80,0x00,0x00,0x1F,0x00,0x00,0x00,0x1E,0x00,0x00,0x00,0x1E,0x00,0x00,0x00,
    0x3E,0x00,0x00,0x00,0x3C,0x00,0x00,0x00,0x3C,0x00,0x00,0x00,0x3C,0x00,0x00,0x00,
    0x7C,0x00,0x00,0x00,0x7C,0x00,0x00,0x00,0x7C,0x00,0x00,0x00,0x7C,0x00,0x00,0x00,
    0x3C,0x00,0x00,0x00,0x3C,0x00,0x00,0x00,0x3E,0x00,0x04,0x00,0x1F,0x00,0x1C,0x00,
    0x0F,0xC0,0xFC,0x00,0x07,0xFF,0xFC,0x00,0x03,0xFF,0xF8,0x00,0x00,0xFF,0xC0,0x00,
    0x00,0x1C,0x00,0x00,0x00,0x0E,0x00,0x00,0x00,0x0E,0x00,0x00,0x01,0x1E,0x00,0x00,
    0x01,0xFE,0x00,0x00,0x01,0xFC,0x00,0x00,0x01,0xF8,0x00,0x00,0x00,0x00,0x00,0x00,
    0x00,0x00,0x00,0x00,0x00,0x1E,0x00,0x00,0x0F,0x00,0x00,0x07,0x00,0x00,0x03,0x80,
    0x00,0x03,0x80,0x00,0x00,0x00,0x00,0x00,0x00,0x00,0x00,0x00,0x03,0xFF,0xFE,0x03,
    0xFF,0xFE,0x03,0xFF,0xFE,0x07,0x80,0x00,0x07,0x80,0x00,0x07,0x80,0x00,0x07,0x80,
    0x00,0x07,0x80,0x00,0x0F,0x00,0x00,0x0F,0x00,0x00,0x0F,0x00,0x00,0x0F,0xFF,0xF8,
    0x0F,0xFF,0xF0,0x1F,0xFF,0xF0,0x1E,0x00,0x00,0x1E,0x00,0x00,0x1E,0x00,0x00,0x1E,
    0x00,0x00,0x3C,0x00,0x00,0x3C,0x00,0x00,0x3C,0x00,0x00,0x3C,0x00,0x00,0x3C,0x00,
    0x00,0x7C,0x00,0x00,0x7F,0xFF,0xE0,0x7F,0xFF,0xE0,0x7F,0xFF,0xE0,0x00,0x00,0x00,
    0x00,0x00,0x00,0x00,0x00,0x00,0x00,0x00,0x00,0x00,0x00,0x00,0x00,0x00,0x00,0x00,
    0x00,0x00,0x00,0x00,0x00,0x00,0x00,0x00,0x00,0x00,0xF0,0x00,0x01,0xE0,0x00,0x03,
    0xC0,0x00,0x07,0x80,0x00,0x0F,0x00,0x00,0x00,0x00,0x00,0x00,0x00,0x00,0x00,0x00,
    0x03,0xFF,0xFE,0x03,0xFF,0xFE,0x03,0xFF,0xFE,0x07,0x80,0x00,0x07,0x80,0x00,0x07,
    0x80,0x00,0x07,0x80,0x00,0x07,0x80,0x00,0x0F,0x00,0x00,0x0F,0x00,0x00,0x0F,0x00,
    0x00,0x0F,0xFF,0xF8,0x0F,0xFF,0xF0,0x1F,0xFF,0xF0,0x1E,0x00,0x00,0x1E,0x00,0x00,
    0x1E,0x00,0x00,0x1E,0x00,0x00,0x3C,0x00,0x00,0x3C,0x00,0x00,0x3C,0x00,0x00,0x3C,
    0x00,0x00,0x3C,0x00,0x00,0x7C,0x00,0x00,0x7F,0xFF,0xE0,0x7F,0xFF,0xE0,0x7F,0xFF,
    0xE0,0x00,0x00,0x00,0x00,0x00,0x00,0x00,0x00,0x00,0x00,0x00,0x00,0x00,0x00,0x00,
    0x00,0x00,0x00,0x00,0x00,0x00,0x00,0x00,0x00,0x00,0x00,0x00,0x00,0x07,0xC0,0x00,
    0x0F,0xE0,0x00,0x1E,0xE0,0x00,0x3C,0x70,0x00,0x78,0x70,0x00,0x00,0x00,0x00,0x00,
    0x00,0x00,0x00,0x00,0x03,0xFF,0xFE,0x03,0xFF,0xFE,0x03,0xFF,0xFE,0x07,0x80,0x00,
    0x07,0x80,0x00,0x07,0x80,0x00,0x07,0x80,0x00,0x07,0x80,0x00,0x0F,0x00,0x00,0x0F,
    0x00,0x00,0x0F,0x00,0x00,0x0F,0xFF,0xF8,0x0F,0xFF,0xF0,0x1F,0xFF,0xF0,0x1E,0x00,
    0x00,0x1E,0x00,0x00,0x1E,0x00,0x00,0x1E,0x00,0x00,0x3C,0x00,0x00,0x3C,0x00,0x00,
    0x3C,0x00,0x00,0x3C,0x00,0x00,0x3C,0x00,0x00,0x7C,0x00,0x00,0x7F,0xFF,0xE0,0x7F,
    0xFF,0xE0,0x7F,0xFF,0xE0,0x00,0x00,0x00,0x00,0x00,0x00,0x00,0x00,0x00,0x00,0x00,
    0x00,0x00,0x00,0x00,0x00,0x00,0x00,0x00,0x00,0x00,0x00,0x00,0x00,0x00,0x00,0x00,
    0x00,0x00,0x00,0x00,0x3C,0x78,0x00,0x3C,0x78,0x00,0x3C,0x78,0x00,0x78,0xF8,0x00,
    0x00,0x00,0x00,0x00,0x00,0x00,0x00,0x00,0x03,0xFF,0xFE,0x03,0xFF,0xFE,0x03,0xFF,
    0xFE,0x07,0x80,0x00,0x07,0x80,0x00,0x07,0x80,0x00,0x07,0x80,0x00,0x07,0x80,0x00,
    0x0F,0x00,0x00,0x0F,0x00,0x00,0x0F,0x00,0x00,0x0F,0xFF,0xF8,0x0F,0xFF,0xF0,0x1F,
    0xFF,0xF0,0x1E,0x00,0x00,0x1E,0x00,0x00,0x1E,0x00,0x00,0x1E,0x00,0x00,0x3C,0x00,
    0x00,0x3C,0x00,0x00,0x3C,0x00,0x00,0x3C,0x00,0x00,0x3C,0x00,0x00,0x7C,0x00,0x00,
    0x7F,0xFF,0xE0,0x7F,0xFF,0xE0,0x7F,0xFF,0xE0,0x00,0x00,0x00,0x00,0x00,0x00,0x00,
    0x00,0x00,0x00,0x00,0x00,0x00,0x00,0x00,0x00,0x00,0x00,0x00,0x00,0x00,0x00,0x00,
    0x00,0x00,0x00,0x00,0x07,0x80,0x03,0x80,0x03,0xC0,0x01,0xC0,0x00,0xE0,0x00,0x00,
    0x00,0x00,0x00,0x00,0x03,0xC0,0x03,0xC0,0x03,0xC0,0x07,0x80,0x07,0x80,0x07,0x80,
    0x07,0x80,0x07,0x80,0x0F,0x00,0x0F,0x00,0x0F,0x00,0x0F,0x00,0x0F,0x00,0x1E,0x00,
    0x1E,0x00,0x1E,0x00,0x1E,0x00,0x1E,0x00,0x3E,0x00,0x3C,0x00,0x3C,0x00,0x3C,0x00,
    0x3C,0x00,0x7C,0x00,0x78,0x00,0x78,0x00,0x78,0x00,0x00,0x00,0x00,0x00,0x00,0x00,
    0x00,0x00,0x00,0x00,0x00,0x00,0x00,0x00,0x00,0x00,0x00,0x00,0x00,0x20,0x00,0x60,
    0x00,0xE0,0x01,0xC0,0x03,0x80,0x00,0x00,0x00,0x00,0x00,0x00,0x03,0xC0,0x03,0xC0,
    0x03,0xC0,0x07,0x80,0x07,0x80,0x07,0x80,0x07,0x80,0x07,0x80,0x0F,0x00,0x0F,0x00,
    0x0F,0x00,0x0F,0x00,0x0F,0x00,0x1E,0x00,0x1E,0x00,0x1E,0x00,0x1E,0x00,0x1E,0x00,
    0x3E,0x00,0x3C,0x00,0x3C,0x00,0x3C,0x00,0x3C,0x00,0x7C,0x00,0x78,0x00,0x78,0x00,
    0x78,0x00,0x00,0x00,0x00,0x00,0x00,0x00,0x00,0x00,0x00,0x00,0x00,0x00,0x00,0x00,
    0x00,0x00,0x00,0x00,0x01,0xE0,0x03,0xE0,0x07,0x60,0x0E,0x20,0x1C,0x00,0x00,0x00,
    0x00,0x00,0x00,0x00,0x03,0xC0,0x03,0xC0,0x03,0xC0,0x07,0x80,0x07,0x80,0x07,0x80,
    0x07,0x80,0x07,0x80,0x0F,0x00,0x0F,0x00,0x0F,0x00,0x0F,0x00,0x0F,0x00,0x1E,0x00,
    0x1E,0x00,0x1E,0x00,0x1E,0x00,0x1E,0x00,0x3E,0x00,0x3C,0x00,0x3C,0x00,0x3C,0x00,
    0x3C,0x00,0x7C,0x00,0x78,0x00,0x78,0x00,0x78,0x00,0x00,0x00,0x00,0x00,0x00,0x00,
    0x00,0x00,0x00,0x00,0x00,0x00,0x00,0x00,0x00,0x00,0x00,0x00,0x00,0x00,0x1F,0x00,
    0x1E,0x20,0x1E,0x20,0x1E,0x20,0x00,0x00,0x00,0x00,0x00,0x00,0x03,0xC0,0x03,0xC0,
    0x03,0xC0,0x07,0x80,0x07,0x80,0x07,0x80,0x07,0x80,0x07,0x80,0x0F,0x00,0x0F,0x00,
    0x0F,0x00,0x0F,0x00,0x0F,0x00,0x1E,0x00,0x1E,0x00,0x1E,0x00,0x1E,0x00,0x1E,0x00,
    0x3E,0x00,0x3C,0x00,0x3C,0x00,0x3C,0x00,0x3C,0x00,0x7C,0x00,0x78,0x00,0x78,0x00,
    0x78,0x00,0x00,0x00,0x00,0x00,0x00,0x00,0x00,0x00,0x00,0x00,0x00,0x00,0x00,0x00,
    0x00,0x00,0x00,0x00,0x00,0x00,0x00,0x00,0x00,0x00,0x00,0x00,0x00,0x00,0x00,0x00,
    0x00,0x00,0x00,0x00,0x00,0x00,0x00,0x00,0x00,0x00,0x00,0x00,0x00,0x00,0x00,0x00,
    0x00,0x00,0x00,0x00,0x03,0xFF,0xF0,0x00,0x03,0xFF,0xFC,0x00,0x03,0xFF,0xFF,0x00,
    0x03,0xC0,0x7F,0x80,0x07,0x80,0x0F,0x80,0x07,0x80,0x07,0xC0,0x07,0x80,0x03,0xC0,
    0x07,0x80,0x03,0xE0,0x0F,0x80,0x01,0xE0,0x0F,0x00,0x01,0xE0,0x0F,0x00,0x01,0xE0,
    0xFF,0xFC,0x01,0xE0,0xFF,0xFC,0x01,0xE0,0xFF,0xFC,0x01,0xE0,0x1E,0x00,0x03,0xE0,
    0x1E,0x00,0x03,0xC0,0x1E,0x00,0x03,0xC0,0x1E,0x00,0x07,0xC0,0x1E,0x00,0x07,0x80,
    0x3C,0x00,0x0F,0x80,0x3C,0x00,0x1F,0x00,0x3C,0x00,0x3E,0x00,0x3C,0x00,0x7E,0x00,
    0x3C,0x07,0xF8,0x00,0x7F,0xFF,0xF0,0x00,0x7F,0xFF,0xC0,0x00,0x7F,0xFE,0x00,0x00,
    0x00,0x00,0x00,0x00,0x00,0x00,0x00,0x00,0x00,0x00,0x00,0x00,0x00,0x00,0x00,0x00,
    0x00,0x00,0x00,0x00,0x00,0x00,0x00,0x00,0x00,0x00,0x00,0x00,0x00,0x00,0x00,0x00,
    0x00,0x00,0x00,0x00,0x00,0x00,0x00,0x00,0x00,0x07,0x86,0x00,0x00,0x0F,0xCE,0x00,
    0x00,0x1C,0xFC,0x00,0x00,0x18,0x78,0x00,0x00,0x00,0x00,0x00,0x00,0x00,0x00,0x00,
    0x00,0x00,0x00,0x00,0x03,0xF0,0x01,0xE0,0x03,0xF0,0x01,0xE0,0x03,0xF0,0x03,0xC0,
    0x07,0xF0,0x03,0xC0,0x07,0xF8,0x03,0xC0,0x07,0xF8,0x03,0xC0,0x07,0xB8,0x03,0xC0,
    0x07,0xBC,0x07,0x80,0x0F,0x3C,0x07,0x80,0x0F,0x1C,0x07,0x80,0x0F,0x1E,0x07,0x80,
    0x0F,0x1E,0x07,0x80,0x0F,0x0E,0x0F,0x00,0x1E,0x0F,0x0F,0x00,0x1E,0x0F,0x0F,0x00,
    0x1E,0x07,0x0F,0x00,0x1E,0x07,0x8F,0x00,0x1E,0x07,0x8E,0x00,0x3C,0x03,0x9E,0x00,
    0x3C,0x03,0xDE,0x00,0x3C,0x03,0xDE,0x00,0x3C,0x01,0xDE,0x00,0x3C,0x01,0xFC,0x00,
    0x78,0x01,0xFC,0x00,0x78,0x00,0xFC,0x00,0x78,0x00,0xFC,0x00,0x78,0x00,0xFC,0x00,
    0x00,0x00,0x00,0x00,0x00,0x00,0x00,0x00,0x00,0x00,0x00,0x00,0x00,0x00,0x00,0x00,
    0x00,0x00,0x00,0x00,0x00,0x00,0x00,0x00,0x00,0x00,0x00,0x00,0x00,0x00,0x00,0x00,
    0x00,0x00,0x00,0x00,0x00,0x01,0xC0,0x00,0x00,0x01,0xE0,0x00,0x00,0x00,0xE0,0x00,
    0x00,0x00,0x70,0x00,0x00,0x00,0x70,0x00,0x00,0x00,0x00,0x00,0x00,0x00,0x00,0x00,
    0x00,0x00,0x00,0x00,0x00,0x0F,0xF8,0x00,0x00,0x3F,0xFE,0x00,0x00,0x7F,0xFF,0x80,
    0x01,0xFC,0x1F,0xC0,0x03,0xF0,0x07,0xC0,0x07,0xC0,0x03,0xE0,0x07,0x80,0x01,0xE0,
    0x0F,0x80,0x01,0xE0,0x1F,0x00,0x01,0xF0,0x1E,0x00,0x01,0xF0,0x3E,0x00,0x00,0xF0,
    0x3C,0x00,0x01,0xF0,0x3C,0x00,0x01,0xF0,0x3C,0x00,0x01,0xF0,0x7C,0x00,0x01,0xE0,
    0x7C,0x00,0x01,0xE0,0x7C,0x00,0x03,0xE0,0x7C,0x00,0x03,0xC0,0x7C,0x00,0x07,0xC0,
    0x3C,0x00,0x07,0x80,0x3C,0x00,0x0F,0x00,0x3E,0x00,0x1F,0x00,0x1F,0x00,0x7E,0x00,
    0x0F,0xC1,0xFC,0x00,0x07,0xFF,0xF8,0x00,0x03,0xFF,0xE0,0x00,0x00,0xFF,0x80,0x00,
    0x00,0x00,0x00,0x00,0x00,0x00,0x00,0x00,0x00,0x00,0x00,0x00,0x00,0x00,0x00,0x00,
    0x00,0x00,0x00,0x00,0x00,0x00,0x00,0x00,0x00,0x00,0x00,0x00,0x00,0x00,0x00,0x00,
    0x00,0x00,0x00,0x00,0x00,0x00,0x1F,0x00,0x00,0x00,0x1C,0x00,0x00,0x00,0x38,0x00,
    0x00,0x00,0x70,0x00,0x00,0x00,0xE0,0x00,0x00,0x00,0x00,0x00,0x00,0x00,0x00,0x00,
    0x00,0x00,0x00,0x00,0x00,0x0F,0xF8,0x00,0x00,0x3F,0xFE,0x00,0x00,0x7F,0xFF,0x80,
    0x01,0xFC,0x1F,0xC0,0x03,0xF0,0x07,0xC0,0x07,0xC0,0x03,0xE0,0x07,0x80,0x01,0xE0,
    0x0F,0x80,0x01,0xE0,0x1F,0x00,0x01,0xF0,0x1E,0x00,0x01,0xF0,0x3E,0x00,0x00,0xF0,
    0x3C,0x00,0x01,0xF0,0x3C,0x00,0x01,0xF0,0x3C,0x00,0x01,0xF0,0x7C,0x00,0x01,0xE0,
    0x7C,0x00,0x01,0xE0,0x7C,0x00,0x03,0xE0,0x7C,0x00,0x03,0xC0,0x7C,0x00,0x07,0xC0,
    0x3C,0x00,0x07,0x80,0x3C,0x00,0x0F,0x00,0x3E,0x00,0x1F,0x00,0x1F,0x00,0x7E,0x00,
    0x0F,0xC1,0xFC,0x00,0x07,0xFF,0xF8,0x00,0x03,0xFF,0xE0,0x00,0x00,0xFF,0x80,0x00,
    0x00,0x00,0x00,0x00,0x00,0x00,0x00,0x00,0x00,0x00,0x00,0x00,0x00,0x00,0x00,0x00,
    0x00,0x00,0x00,0x00,0x00,0x00,0x00,0x00,0x00,0x00,0x00,0x00,0x00,0x00,0x00,0x00,
    0x00,0x00,0x00,0x00,0x00,0x00,0xF8,0x00,0x00,0x01,0xFC,0x00,0x00,0x03,0xDC,0x00,
    0x00,0x07,0x8E,0x00,0x00,0x07,0x07,0x00,0x00,0x00,0x00,0x00,0x00,0x00,0x00,0x00,
    0x00,0x00,0x00,0x00,0x00,0x0F,0xF8,0x00,0x00,0x3F,0xFE,0x00,0x00,0x7F,0xFF,0x80,
    0x01,0xFC,0x1F,0xC0,0x03,0xF0,0x07,0xC0,0x07,0xC0,0x03,0xE0,0x07,0x80,0x01,0xE0,
    0x0F,0x80,0x01,0xE0,0x1F,0x00,0x01,0xF0,0x1E,0x00,0x01,0xF0,0x3E,0x00,0x00,0xF0,
    0x3C,0x00,0x01,0xF0,0x3C,0x00,0x01,0xF0,0x3C,0x00,0x01,0xF0,0x7C,0x00,0x01,0xE0,
    0x7C,0x00,0x01,0xE0,0x7C,0x00,0x03,0xE0,0x7C,0x00,0x03,0xC0,0x7C,0x00,0x07,0xC0,
    0x3C,0x00,0x07,0x80,0x3C,0x00,0x0F,0x00,0x3E,0x00,0x1F,0x00,0x1F,0x00,0x7E,0x00,
    0x0F,0xC1,0xFC,0x00,0x07,0xFF,0xF8,0x00,0x03,0xFF,0xE0,0x00,0x00,0xFF,0x80,0x00,
    0x00,0x00,0x00,0x00,0x00,0x00,0x00,0x00,0x00,0x00,0x00,0x00,0x00,0x00,0x00,0x00,
    0x00,0x00,0x00,0x00,0x00,0x00,0x00,0x00,0x00,0x00,0x00,0x00,0x00,0x00,0x00,0x00,
    0x00,0x00,0x00,0x00,0x00,0x00,0x00,0x00,0x00,0x03,0xE3,0x80,0x00,0x07,0xF3,0x80,
    0x00,0x07,0x7F,0x00,0x00,0x0E,0x1E,0x00,0x00,0x00,0x00,0x00,0x00,0x00,0x00,0x00,
    0x00,0x00,0x00,0x00,0x00,0x0F,0xF8,0x00,0x00,0x3F,0xFE,0x00,0x00,0x7F,0xFF,0x80,
    0x01,0xFC,0x1F,0xC0,0x03,0xF0,0x07,0xC0,0x07,0xC0,0x03,0xE0,0x07,0x80,0x01,0xE0,
    0x0F,0x80,0x01,0xE0,0x1F,0x00,0x01,0xF0,0x1E,0x00,0x01,0xF0,0x3E,0x00,0x00,0xF0,
    0x3C,0x00,0x01,0xF0,0x3C,0x00,0x01,0xF0,0x3C,0x00,0x01,0xF0,0x7C,0x00,0x01,0xE0,
    0x7C,0x00,0x01,0xE0,0x7C,0x00,0x03,0xE0,0x7C,0x00,0x03,0xC0,0x7C,0x00,0x07,0xC0,
    0x3C,0x00,0x07,0x80,0x3C,0x00,0x0F,0x00,0x3E,0x00,0x1F,0x00,0x1F,0x00,0x7E,0x00,
    0x0F,0xC1,0xFC,0x00,0x07,0xFF,0xF8,0x00,0x03,0xFF,0xE0,0x00,0x00,0xFF,0x80,0x00,
    0x00,0x00,0x00,0x00,0x00,0x00,0x00,0x00,0x00,0x00,0x00,0x00,0x00,0x00,0x00,0x00,
    0x00,0x00,0x00,0x00,0x00,0x00,0x00,0x00,0x00,0x00,0x00,0x00,0x00,0x00,0x00,0x00,
    0x00,0x00,0x00,0x00,0x00,0x00,0x00,0x00,0x00,0x07,0x8F,0x00,0x00,0x07,0x8F,0x00,
    0x00,0x07,0x8F,0x00,0x00,0x07,0x8F,0x00,0x00,0x00,0x00,0x00,0x00,0x00,0x00,0x00,
    0x00,0x00,0x00,0x00,0x00,0x0F,0xF8,0x00,0x00,0x3F,0xFE,0x00,0x00,0x7F,0xFF,0x80,
    0x01,0xFC,0x1F,0xC0,0x03,0xF0,0x07,0xC0,0x07,0xC0,0x03,0xE0,0x07,0x80,0x01,0xE0,
    0x0F,0x80,0x01,0xE0,0x1F,0x00,0x01,0xF0,0x1E,0x00,0x01,0xF0,0x3E,0x00,0x00,0xF0,
    0x3C,0x00,0x01,0xF0,0x3C,0x00,0x01,0xF0,0x3C,0x00,0x01,0xF0,0x7C,0x00,0x01,0xE0,
    0x7C,0x00,0x01,0xE0,0x7C,0x00,0x03,0xE0,0x7C,0x00,0x03,0xC0,0x7C,0x00,0x07,0xC0,
    0x3C,0x00,0x07,0x80,0x3C,0x00,0x0F,0x00,0x3E,0x00,0x1F,0x00,0x1F,0x00,0x7E,0x00,
    0x0F,0xC1,0xFC,0x00,0x07,0xFF,0xF8,0x00,0x03,0xFF,0xE0,0x00,0x00,0xFF,0x80,0x00,
    0x00,0x00,0x00,0x00,0x00,0x00,0x00,0x00,0x00,0x00,0x00,0x00,0x00,0x00,0x00,0x00,
    0x00,0x00,0x00,0x00,0x00,0x00,0x00,0x00,0x00,0x00,0x00,0x00,0x00,0x00,0x00,0x00,
    0x00,0x00,0x00,0x00,0x00,0x00,0x00,0x00,0x00,0x00,0x00,0x00,0x00,0x00,0x00,0x00,
    0x00,0x00,0x00,0x00,0x00,0x00,0x00,0x00,0x00,0x00,0x00,0x00,0x00,0x00,0x00,0x00,
    0x00,0x00,0x00,0x00,0x00,0x00,0x00,0x00,0x00,0x00,0x00,0x00,0x00,0x00,0x00,0x00,
    0x00,0x00,0x00,0x00,0x00,0x00,0x00,0x00,0x01,0x00,0x01,0x00,0x03,0x80,0x03,0x80,
    0x07,0xC0,0x07,0xC0,0x03,0xE0,0x0F,0x80,0x01,0xF0,0x1F,0x00,0x00,0xF8,0x3E,0x00,
    0x00,0x7C,0x7C,0x00,0x00,0x3E,0xF8,0x00,0x00,0x1F,0xF0,0x00,0x00,0x0F,0xE0,0x00,
    0x00,0x07,0xC0,0x00,0x00,0x0F,0xE0,0x00,0x00,0x1F,0xF0,0x00,0x00,0x3E,0xF8,0x00,
    0x00,0x7C,0x7C,0x00,0x00,0xF8,0x3E,0x00,0x01,0xF0,0x1F,0x00,0x03,0xE0,0x0F,0x80,
    0x07,0xC0,0x07,0xC0,0x03,0x80,0x03,0x80,0x01,0x00,0x01,0x00,0x00,0x00,0x00,0x00,
    0x00,0x00,0x00,0x00,0x00,0x00,0x00,0x00,0x00,0x00,0x00,0x00,0x00,0x00,0x00,0x00,
    0x00,0x00,0x00,0x00,0x00,0x00,0x00,0x00,0x00,0x00,0x00,0x00,0x00,0x00,0x00,0x00,
    0x00,0x00,0x00,0x00,0x00,0x00,0x00,0x00,0x00,0x00,0x00,0x00,0x00,0x00,0x00,0x00,
    0x00,0x00,0x00,0x00,0x00,0x00,0x00,0x00,0x00,0x00,0x00,0x00,0x00,0x00,0x00,0x00,
    0x00,0x00,0x00,0x08,0x00,0x0F,0xF8,0x18,0x00,0x3F,0xFE,0x38,0x00,0x7F,0xFF,0xF8,
    0x01,0xFC,0x1F,0xF0,0x03,0xF0,0x07,0xE0,0x07,0xC0,0x07,0xE0,0x07,0x80,0x0F,0xE0,
    0x0F,0x80,0x1F,0xE0,0x1F,0x00,0x3D,0xF0,0x1E,0x00,0x79,0xF0,0x3E,0x00,0xF0,0xF0,
    0x3C,0x01,0xE1,0xF0,0x3C,0x07,0x81,0xF0,0x3C,0x0F,0x01,0xF0,0x7C,0x1E,0x01,0xE0,
    0x7C,0x3C,0x01,0xE0,0x7C,0x78,0x03,0xE0,0x7C,0xF0,0x03,0xC0,0x7D,0xE0,0x07,0xC0,
    0x3F,0xC0,0x07,0x80,0x3F,0x00,0x0F,0x00,0x3E,0x00,0x1F,0x00,0x3F,0x00,0x7E,0x00,
    0x7F,0xC1,0xFC,0x00,0xF7,0xFF,0xF8,0x00,0xE3,0xFF,0xE0,0x00,0xC0,0xFF,0x80,0x00,
    0x80,0x00,0x00,0x00,0x00,0x00,0x00,0x00,0x00,0x00,0x00,0x00,0x00,0x00,0x00,0x00,
    0x00,0x00,0x00,0x00,0x00,0x00,0x00,0x00,0x00,0x00,0x00,0x00,0x00,0x00,0x00,0x00,
    0x00,0x00,0x00,0x00,0x00,0x07,0x80,0x00,0x00,0x03,0x80,0x00,0x00,0x03,0xC0,0x00,
    0x00,0x01,0xC0,0x00,0x00,0x00,0xE0,0x00,0x00,0x00,0x00,0x00,0x00,0x00,0x00,0x00,
    0x00,0x00,0x00,0x00,0x07,0x80,0x03,0xC0,0x07,0x80,0x03,0xC0,0x07,0x80,0x03,0xC0,
    0x07,0x80,0x03,0xC0,0x07,0x80,0x03,0xC0,0x0F,0x00,0x07,0x80,0x0F,0x00,0x07,0x80,
    0x0F,0x00,0x07,0x80,0x0F,0x00,0x07,0x80,0x0F,0x00,0x07,0x80,0x1E,0x00,0x0F,0x00,
    0x1E,0x00,0x0F,0x00,0x1E,0x00,0x0F,0x00,0x1E,0x00,0x0F,0x00,0x1E,0x00,0x0F,0x00,
    0x1E,0x00,0x1F,0x00,0x3C,0x00,0x1E,0x00,0x3C,0x00,0x1E,0x00,0x3C,0x00,0x1E,0x00,
    0x3C,0x00,0x3C,0x00,0x3C,0x00,0x3C,0x00,0x3E,0x00,0x7C,0x00,0x1E,0x00,0xF8,0x00,
    0x1F,0x83,0xF0,0x00,0x0F,0xFF,0xE0,0x00,0x07,0xFF,0xC0,0x00,0x01,0xFF,0x00,0x00,
    0x00,0x00,0x00,0x00,0x00,0x00,0x00,0x00,0x00,0x00,0x00,0x00,0x00,0x00,0x00,0x00,
    0x00,0x00,0x00,0x00,0x00,0x00,0x00,0x00,0x00,0x00,0x00,0x00,0x00,0x00,0x00,0x00,
    0x00,0x00,0x00,0x00,0x00,0x00,0x3C,0x00,0x00,0x00,0x78,0x00,0x00,0x00,0xF0,0x00,
    0x00,0x01,0xE0,0x00,0x00,0x03,0x80,0x00,0x00,0x00,0x00,0x00,0x00,0x00,0x00,0x00,
    0x00,0x00,0x00,0x00,0x07,0x80,0x03,0xC0,0x07,0x80,0x03,0xC0,0x07,0x80,0x03,0xC0,
    0x07,0x80,0x03,0xC0,0x07,0x80,0x03,0xC0,0x0F,0x00,0x07,0x80,0x0F,0x00,0x07,0x80,
    0x0F,0x00,0x07,0x80,0x0F,0x00,0x07,0x80,0x0F,0x00,0x07,0x80,0x1E,0x00,0x0F,0x00,
    0x1E,0x00,0x0F,0x00,0x1E,0x00,0x0F,0x00,0x1E,0x00,0x0F,0x00,0x1E,0x00,0x0F,0x00,
    0x1E,0x00,0x1F,0x00,0x3C,0x00,0x1E,0x00,0x3C,0x00,0x1E,0x00,0x3C,0x00,0x1E,0x00,
    0x3C,0x00,0x3C,0x00,0x3C,0x00,0x3C,0x00,0x3E,0x00,0x7C,0x00,0x1E,0x00,0xF8,0x00,
    0x1F,0x83,0xF0,0x00,0x0F,0xFF,0xE0,0x00,0x07,0xFF,0xC0,0x00,0x01,0xFF,0x00,0x00,
    0x00,0x00,0x00,0x00,0x00,0x00,0x00,0x00,0x00,0x00,0x00,0x00,0x00,0x00,0x00,0x00,
    0x00,0x00,0x00,0x00,0x00,0x00,0x00,0x00,0x00,0x00,0x00,0x00,0x00,0x00,0x00,0x00,
    0x00,0x00,0x00,0x00,0x00,0x01,0xF0,0x00,0x00,0x03,0xF0,0x00,0x00,0x07,0x38,0x00,
    0x00,0x0E,0x38,0x00,0x00,0x1C,0x1C,0x00,0x00,0x00,0x00,0x00,0x00,0x00,0x00,0x00,
    0x00,0x00,0x00,0x00,0x07,0x80,0x03,0xC0,0x07,0x80,0x03,0xC0,0x07,0x80,0x03,0xC0,
    0x07,0x80,0x03,0xC0,0x07,0x80,0x03,0xC0,0x0F,0x00,0x07,0x80,0x0F,0x00,0x07,0x80,
    0x0F,0x00,0x07,0x80,0x0F,0x00,0x07,0x80,0x0F,0x00,0x07,0x80,0x1E,0x00,0x0F,0x00,
    0x1E,0x00,0x0F,0x00,0x1E,0x00,0x0F,0x00,0x1E,0x00,0x0F,0x00,0x1E,0x00,0x0F,0x00,
    0x1E,0x00,0x1F,0x00,0x3C,0x00,0x1E,0x00,0x3C,0x00,0x1E,0x00,0x3C,0x00,0x1E,0x00,
    0x3C,0x00,0x3C,0x00,0x3C,0x00,0x3C,0x00,0x3E,0x00,0x7C,0x00,0x1E,0x00,0xF8,0x00,
    0x1F,0x83,0xF0,0x00,0x0F,0xFF,0xE0,0x00,0x07,0xFF,0xC0,0x00,0x01,0xFF,0x00,0x00,
    0x00,0x00,0x00,0x00,0x00,0x00,0x00,0x00,0x00,0x00,0x00,0x00,0x00,0x00,0x00,0x00,
    0x00,0x00,0x00,0x00,0x00,0x00,0x00,0x00,0x00,0x00,0x00,0x00,0x00,0x00,0x00,0x00,
    0x00,0x00,0x00,0x00,0x00,0x00,0x00,0x00,0x00,0x0F,0x1E,0x00,0x00,0x1E,0x3C,0x00,
    0x00,0x1E,0x3C,0x00,0x00,0x1E,0x3C,0x00,0x00,0x00,0x00,0x00,0x00,0x00,0x00,0x00,
    0x00,0x00,0x00,0x00,0x07,0x80,0x03,0xC0,0x07,0x80,0x03,0xC0,0x07,0x80,0x03,0xC0,
    0x07,0x80,0x03,0xC0,0x07,0x80,0x03,0xC0,0x0F,0x00,0x07,0x80,0x0F,0x00,0x07,0x80,
    0x0F,0x00,0x07,0x80,0x0F,0x00,0x07,0x80,0x0F,0x00,0x07,0x80,0x1E,0x00,0x0F,0x00,
    0x1E,0x00,0x0F,0x00,0x1E,0x00,0x0F,0x00,0x1E,0x00,0x0F,0x00,0x1E,0x00,0x0F,0x00,
    0x1E,0x00,0x1F,0x00,0x3C,0x00,0x1E,0x00,0x3C,0x00,0x1E,0x00,0x3C,0x00,0x1E,0x00,
    0x3C,0x00,0x3C,0x00,0x3C,0x00,0x3C,0x00,0x3E,0x00,0x7C,0x00,0x1E,0x00,0xF8,0x00,
    0x1F,0x83,0xF0,0x00,0x0F,0xFF,0xE0,0x00,0x07,0xFF,0xC0,0x00,0x01,0xFF,0x00,0x00,
    0x00,0x00,0x00,0x00,0x00,0x00,0x00,0x00,0x00,0x00,0x00,0x00,0x00,0x00,0x00,0x00,
    0x00,0x00,0x00,0x00,0x00,0x00,0x00,0x00,0x00,0x00,0x00,0x00,0x00,0x00,0x00,0x00,
    0x00,0x00,0x00,0x00,0x00,0x00,0xF0,0x00,0x01,0xE0,0x00,0x03,0x80,0x00,0x07,0x00,
    0x00,0x0E,0x00,0x00,0x00,0x00,0x00,0x00,0x00,0x00,0x00,0x00,0x3E,0x00,0x0E,0x1E,
    0x00,0x1E,0x1F,0x00,0x1E,0x0F,0x00,0x3C,0x0F,0x00,0x78,0x07,0x80,0xF0,0x07,0x81,
    0xF0,0x03,0xC3,0xE0,0x03,0xC7,0xC0,0x01,0xEF,0x80,0x01,0xEF,0x00,0x00,0xFE,0x00,
    0x00,0xFC,0x00,0x00,0x7C,0x00,0x00,0x78,0x00,0x00,0x78,0x00,0x00,0xF8,0x00,0x00,
    0xF0,0x00,0x00,0xF0,0x00,0x00,0xF0,0x00,0x00,0xF0,0x00,0x01,0xF0,0x00,0x01,0xE0,
    0x00,0x01,0xE0,0x00,0x01,0xE0,0x00,0x01,0xE0,0x00,0x01,0xE0,0x00,0x00,0x00,0x00,
    0x00,0x00,0x00,0x00,0x00,0x00,0x00,0x00,0x00,0x00,0x00,0x00,0x00,0x00,0x00,0x00,
    0x00,0x00,0x00,0x00,0x00,0x00,0x00,0x00,0x00,0x00,0x00,0x00,0x00,0x00,0x00,0x00,
    0x00,0x00,0x00,0x00,0x00,0x00,0x00,0x00,0x00,0x00,0x00,0x00,0x00,0x00,0x00,0x00,
    0x03,0xC0,0x00,0x03,0xC0,0x00,0x03,0xC0,0x00,0x07,0x80,0x00,0x07,0x80,0x00,0x07,
    0xFF,0xC0,0x07,0xFF,0xE0,0x07,0xFF,0xF0,0x0F,0x81,0xF8,0x0F,0x00,0x78,0x0F,0x00,
    0x78,0x0F,0x00,0x7C,0x0F,0x00,0x78,0x1F,0x00,0x78,0x1E,0x00,0x78,0x1E,0x00,0xF8,
    0x1E,0x01,0xF0,0x1E,0x07,0xF0,0x3F,0xFF,0xE0,0x3F,0xFF,0x80,0x3F,0xFE,0x00,0x3C,
    0x00,0x00,0x3C,0x00,0x00,0x7C,0x00,0x00,0x78,0x00,0x00,0x78,0x00,0x00,0x78,0x00,
    0x00,0x00,0x00,0x00,0x00,0x00,0x00,0x00,0x00,0x00,0x00,0x00,0x00,0x00,0x00,0x00,
    0x00,0x00,0x00,0x00,0x00,0x00,0x00,0x00,0x00,0x00,0x00,0x00,0x00,0x00,0x00,0x00,
    0x00,0x00,0x00,0x00,0x00,0x00,0x00,0x00,0x00,0x00,0x00,0x00,0x00,0x00,0x00,0x00,
    0x00,0x00,0x1F,0xC0,0x00,0x7F,0xF0,0x00,0xFF,0xF8,0x01,0xF8,0x78,0x01,0xE0,0x3C,
    0x03,0xC0,0x3C,0x03,0xC0,0x3C,0x03,0x80,0xFC,0x07,0x83,0xF8,0x07,0x87,0x80,0x07,
    0x8F,0x00,0x07,0x0E,0x00,0x07,0x1E,0x00,0x0F,0x1F,0x00,0x0F,0x0F,0x00,0x0F,0x0F,
    0xC0,0x0E,0x07,0xE0,0x0E,0x03,0xF0,0x1E,0x00,0xF8,0x1E,0x00,0x78,0x1E,0x00,0x78,
    0x1E,0x00,0x38,0x1C,0x00,0x78,0x3C,0x00,0x78,0x3D,0xC1,0xF0,0x3D,0xFF,0xE0,0x3D,
    0xFF,0xC0,0x38,0xFF,0x00,0x00,0x00,0x00,0x00,0x00,0x00,0x00,0x00,0x00,0x00,0x00,
    0x00,0x00,0x00,0x00,0x00,0x00,0x00,0x00,0x00,0x00,0x00,0x00,0x00,0x00,0x00,0x00,
    0x00,0x00,0x00,0x00,0x00,0x00,0x00,0x00,0x00,0x00,0x00,0x00,0x00,0x00,0x00,0x00,
    0x78,0x00,0x00,0x38,0x00,0x00,0x3C,0x00,0x00,0x1C,0x00,0x00,0x0E,0x00,0x00,0x0F,
    0x00,0x00,0x07,0x00,0x00,0x00,0x00,0x00,0x00,0x00,0x00,0x00,0x00,0x00,0x7F,0x80,
    0x03,0xFF,0xE0,0x07,0xFF,0xF0,0x07,0xC1,0xF0,0x06,0x00,0xF0,0x00,0x00,0x70,0x00,
    0x00,0x70,0x01,0xFF,0xF0,0x07,0xFF,0xF0,0x0F,0xFF,0xF0,0x1F,0x80,0xF0,0x3C,0x00,
    0xE0,0x3C,0x01,0xE0,0x78,0x01,0xE0,0x78,0x03,0xE0,0x7C,0x07,0xE0,0x3E,0x1F,0xC0,
    0x3F,0xFF,0xC0,0x1F,0xFB,0xC0,0x0F,0xE3,0xC0,0x00,0x00,0x00,0x00,0x00,0x00,0x00,
    0x00,0x00,0x00,0x00,0x00,0x00,0x00,0x00,0x00,0x00,0x00,0x00,0x00,0x00,0x00,0x00,
    0x00,0x00,0x00,0x00,0x00,0x00,0x00,0x00,0x00,0x00,0x00,0x00,0x00,0x00,0x00,0x00,
    0x00,0x00,0x00,0x00,0x00,0x78,0x00,0x00,0xF0,0x00,0x01,0xE0,0x00,0x03,0xC0,0x00,
    0x07,0x80,0x00,0x0F,0x00,0x00,0x1E,0x00,0x00,0x00,0x00,0x00,0x00,0x00,0x00,0x00,
    0x00,0x00,0x7F,0x80,0x03,0xFF,0xE0,0x07,0xFF,0xF0,0x07,0xC1,0xF0,0x06,0x00,0xF0,
    0x00,0x00,0x70,0x00,0x00,0x70,0x01,0xFF,0xF0,0x07,0xFF,0xF0,0x0F,0xFF,0xF0,0x1F,
    0x80,0xF0,0x3C,0x00,0xE0,0x3C,0x01,0xE0,0x78,0x01,0xE0,0x78,0x03,0xE0,0x7C,0x07,
    0xE0,0x3E,0x1F,0xC0,0x3F,0xFF,0xC0,0x1F,0xFB,0xC0,0x0F,0xE3,0xC0,0x00,0x00,0x00,
    0x00,0x00,0x00,0x00,0x00,0x00,0x00,0x00,0x00,0x00,0x00,0x00,0x00,0x00,0x00,0x00,
    0x00,0x00,0x00,0x00,0x00,0x00,0x00,0x00,0x00,0x00,0x00,0x00,0x00,0x00,0x00,0x00,
    0x00,0x00,0x00,0x00,0x00,0x00,0x00,0x00,0x07,0x80,0x00,0x0F,0x80,0x00,0x1F,0xC0,
    0x00,0x1D,0xC0,0x00,0x39,0xE0,0x00,0x70,0xE0,0x00,0xE0,0x60,0x00,0x00,0x00,0x00,
    0x00,0x00,0x00,0x00,0x00,0x00,0x7F,0x80,0x03,0xFF,0xE0,0x07,0xFF,0xF0,0x07,0xC1,
    0xF0,0x06,0x00,0xF0,0x00,0x00,0x70,0x00,0x00,0x70,0x01,0xFF,0xF0,0x07,0xFF,0xF0,
    0x0F,0xFF,0xF0,0x1F,0x80,0xF0,0x3C,0x00,0xE0,0x3C,0x01,0xE0,0x78,0x01,0xE0,0x78,
    0x03,0xE0,0x7C,0x07,0xE0,0x3E,0x1F,0xC0,0x3F,0xFF,0xC0,0x1F,0xFB,0xC0,0x0F,0xE3,
    0xC0,0x00,0x00,0x00,0x00,0x00,0x00,0x00,0x00,0x00,0x00,0x00,0x00,0x00,0x00,0x00,
    0x00,0x00,0x00,0x00,0x00,0x00,0x00,0x00,0x00,0x00,0x00,0x00,0x00,0x00,0x00,0x00,
    0x00,0x00,0x00,0x00,0x00,0x00,0x00,0x00,0x00,0x00,0x00,0x00,0x00,0x00,0x00,0x3C,
    0x38,0x00,0x7E,0x38,0x00,0x6F,0x70,0x00,0xE7,0xE0,0x00,0xC3,0xC0,0x00,0x00,0x00,
    0x00,0x00,0x00,0x00,0x00,0x00,0x00,0x00,0x00,0x00,0x7F,0x80,0x03,0xFF,0xE0,0x07,
    0xFF,0xF0,0x07,0xC1,0xF0,0x06,0x00,0xF0,0x00,0x00,0x70,0x00,0x00,0x70,0x01,0xFF,
    0xF0,0x07,0xFF,0xF0,0x0F,0xFF,0xF0,0x1F,0x80,0xF0,0x3C,0x00,0xE0,0x3C,0x01,0xE0,
    0x78,0x01,0xE0,0x78,0x03,0xE0,0x7C,0x07,0xE0,0x3E,0x1F,0xC0,0x3F,0xFF,0xC0,0x1F,
    0xFB,0xC0,0x0F,0xE3,0xC0,0x00,0x00,0x00,0x00,0x00,0x00,0x00,0x00,0x00,0x00,0x00,
    0x00,0x00,0x00,0x00,0x00,0x00,0x00,0x00,0x00,0x00,0x00,0x00,0x00,0x00,0x00,0x00,
    0x00,0x00,0x00,0x00,0x00,0x00,0x00,0x00,0x00,0x00,0x00,0x00,0x00,0x00,0x00,0x00,
    0x00,0x00,0x00,0x00,0x00,0x00,0x78,0xF0,0x00,0x78,0xF0,0x00,0x78,0xF0,0x00,0x78,
    0xF0,0x00,0x00,0x00,0x00,0x00,0x00,0x00,0x00,0x00,0x00,0x00,0x00,0x00,0x7F,0x80,
    0x03,0xFF,0xE0,0x07,0xFF,0xF0,0x07,0xC1,0xF0,0x06,0x00,0xF0,0x00,0x00,0x70,0x00,
    0x00,0x70,0x01,0xFF,0xF0,0x07,0xFF,0xF0,0x0F,0xFF,0xF0,0x1F,0x80,0xF0,0x3C,0x00,
    0xE0,0x3C,0x01,0xE0,0x78,0x01,0xE0,0x78,0x03,0xE0,0x7C,0x07,0xE0,0x3E,0x1F,0xC0,
    0x3F,0xFF,0xC0,0x1F,0xFB,0xC0,0x0F,0xE3,0xC0,0x00,0x00,0x00,0x00,0x00,0x00,0x00,
    0x00,0x00,0x00,0x00,0x00,0x00,0x00,0x00,0x00,0x00,0x00,0x00,0x00,0x00,0x00,0x00,
    0x00,0x00,0x00,0x00,0x00,0x00,0x00,0x00,0x00,0x00,0x00,0x0F,0x80,0x00,0x1F,0xC0,
    0x00,0x38,0xE0,0x00,0x30,0x60,0x00,0x70,0x70,0x00,0x70,0x70,0x00,0x30,0x60,0x00,
    0x38,0xE0,0x00,0x1F,0xC0,0x00,0x0F,0x80,0x00,0x00,0x00,0x00,0x00,0x00,0x00,0x00,
    0x00,0x00,0x7F,0x80,0x03,0xFF,0xE0,0x07,0xFF,0xF0,0x07,0xC1,0xF0,0x06,0x00,0xF0,
    0x00,0x00,0x70,0x00,0x00,0x70,0x01,0xFF,0xF0,0x07,0xFF,0xF0,0x0F,0xFF,0xF0,0x1F,
    0x80,0xF0,0x3C,0x00,0xE0,0x3C,0x01,0xE0,0x78,0x01,0xE0,0x78,0x03,0xE0,0x7C,0x07,
    0xE0,0x3E,0x1F,0xC0,0x3F,0xFF,0xC0,0x1F,0xFB,0xC0,0x0F,0xE3,0xC0,0x00,0x00,0x00,
    0x00,0x00,0x00,0x00,0x00,0x00,0x00,0x00,0x00,0x00,0x00,0x00,0x00,0x00,0x00,0x00,
    0x00,0x00,0x00,0x00,0x00,0x00,0x00,0x00,0x00,0x00,0x00,0x00,0x00,0x00,0x00,0x00,
    0x00,0x00,0x00,0x00,0x00,0x00,0x00,0x00,0x00,0x00,0x00,0x00,0x00,0x00,0x00,0x00,
    0x00,0x00,0x00,0x00,0x00,0x00,0x00,0x00,0x00,0x00,0x00,0x00,0x00,0x00,0x00,0x00,
    0x00,0x00,0x00,0x00,0x00,0x00,0x00,0x00,0x00,0x00,0x00,0x00,0x00,0x00,0x00,0x00,
    0x00,0x00,0x00,0x00,0x00,0x00,0x00,0x00,0x00,0x00,0x00,0x00,0x00,0x00,0x00,0x00,
    0x00,0x00,0x00,0x00,0x7F,0x80,0xFE,0x00,0x03,0xFF,0xC3,0xFF,0x80,0x07,0xFF,0xE7,
    0xFF,0xC0,0x07,0xC1,0xFF,0x87,0xC0,0x06,0x00,0xFE,0x01,0xE0,0x00,0x00,0x7C,0x01,
    0xE0,0x00,0x00,0x78,0x00,0xE0,0x01,0xFF,0xF0,0x00,0xE0,0x07,0xFF,0xFF,0xFF,0xE0,
    0x0F,0xFF,0xFF,0xFF,0xE0,0x1F,0x80,0xFF,0xFF,0xE0,0x3C,0x00,0xE0,0x00,0x00,0x3C,
    0x01,0xE0,0x00,0x00,0x78,0x01,0xE0,0x00,0x00,0x78,0x03,0xF0,0x00,0x00,0x7C,0x07,
    0xF8,0x01,0x80,0x3E,0x1F,0x7E,0x0F,0x80,0x3F,0xFE,0x7F,0xFF,0x00,0x1F,0xFC,0x1F,
    0xFE,0x00,0x07,0xF0,0x0F,0xF8,0x00,0x00,0x00,0x00,0x00,0x00,0x00,0x00,0x00,0x00,
    0x00,0x00,0x00,0x00,0x00,0x00,0x00,0x00,0x00,0x00,0x00,0x00,0x00,0x00,0x00,0x00,
    0x00,0x00,0x00,0x00,0x00,0x00,0x00,0x00,0x00,0x00,0x00,0x00,0x00,0x00,0x00,0x00,
    0x00,0x00,0x00,0x00,0x00,0x00,0x00,0x00,0x00,0x00,0x00,0x00,0x00,0x00,0x00,0x00,
    0x00,0x00,0x00,0x00,0x00,0x00,0x00,0x00,0x00,0x00,0x00,0x00,0x00,0x00,0x00,0x00,
    0x00,0x00,0x00,0x00,0x00,0x00,0x00,0x00,0x00,0x00,0x00,0x00,0x00,0x00,0x00,0x00,
    0x00,0x00,0x3F,0x80,0x00,0xFF,0xE0,0x03,0xFF,0xF0,0x07,0xF0,0xF0,0x0F,0x80,0x20,
    0x0F,0x00,0x00,0x1E,0x00,0x00,0x1E,0x00,0x00,0x3C,0x00,0x00,0x3C,0x00,0x00,0x3C,
    0x00,0x00,0x38,0x00,0x00,0x38,0x00,0x00,0x38,0x00,0x00,0x3C,0x00,0x00,0x3C,0x00,
    0x80,0x3F,0x07,0x80,0x1F,0xFF,0x00,0x0F,0xFF,0x00,0x03,0xFC,0x00,0x00,0x60,0x00,
    0x00,0x70,0x00,0x00,0x70,0x00,0x0C,0x70,0x00,0x0F,0xF0,0x00,0x0F,0xE0,0x00,0x0F,
    0xC0,0x00,0x00,0x00,0x00,0x00,0x00,0x00,0x00,0x00,0x00,0x00,0x00,0x00,0x00,0x00,
    0x00,0x00,0x00,0x00,0x00,0x00,0x00,0x00,0x78,0x00,0x00,0x3C,0x00,0x00,0x3C,0x00,
    0x00,0x1E,0x00,0x00,0x0E,0x00,0x00,0x0F,0x00,0x00,0x07,0x00,0x00,0x00,0x00,0x00,
    0x00,0x00,0x00,0x00,0x00,0x00,0x3F,0x80,0x01,0xFF,0xE0,0x03,0xFF,0xF0,0x07,0xE1,
    0xF0,0x0F,0x80,0x78,0x0F,0x00,0x78,0x1E,0x00,0x38,0x1C,0x00,0x38,0x3F,0xFF,0xF8,
    0x3F,0xFF,0xF8,0x3F,0xFF,0xF8,0x38,0x00,0x00,0x38,0x00,0x00,0x38,0x00,0x00,0x3C,
    0x00,0x00,0x3C,0x00,0x60,0x3F,0x03,0xE0,0x1F,0xFF,0xC0,0x0F,0xFF,0x80,0x03,0xFE,
    0x00,0x00,0x00,0x00,0x00,0x00,0x00,0x00,0x00,0x00,0x00,0x00,0x00,0x00,0x00,0x00,
    0x00,0x00,0x00,0x00,0x00,0x00,0x00,0x00,0x00,0x00,0x00,0x00,0x00,0x00,0x00,0x00,
    0x00,0x00,0x00,0x00,0x00,0x00,0x00,0x00,0x00,0x00,0x00,0x00,0x00,0x78,0x00,0x00,
    0xF0,0x00,0x01,0xE0,0x00,0x03,0xC0,0x00,0x07,0x80,0x00,0x0F,0x00,0x00,0x0E,0x00,
    0x00,0x00,0x00,0x00,0x00,0x00,0x00,0x00,0x00,0x00,0x3F,0x80,0x01,0xFF,0xE0,0x03,
    0xFF,0xF0,0x07,0xE1,0xF0,0x0F,0x80,0x78,0x0F,0x00,0x78,0x1E,0x00,0x38,0x1C,0x00,
    0x38,0x3F,0xFF,0xF8,0x3F,0xFF,0xF8,0x3F,0xFF,0xF8,0x38,0x00,0x00,0x38,0x00,0x00,
    0x38,0x00,0x00,0x3C,0x00,0x00,0x3C,0x00,0x60,0x3F,0x03,0xE0,0x1F,0xFF,0xC0,0x0F,
    0xFF,0x80,0x03,0xFE,0x00,0x00,0x00,0x00,0x00,0x00,0x00,0x00,0x00,0x00,0x00,0x00,
    0x00,0x00,0x00,0x00,0x00,0x00,0x00,0x00,0x00,0x00,0x00,0x00,0x00,0x00,0x00,0x00,
    0x00,0x00,0x00,0x00,0x00,0x00,0x00,0x00,0x00,0x00,0x00,0x00,0x00,0x00,0x00,0x00,
    0x07,0x80,0x00,0x0F,0x80,0x00,0x0F,0xC0,0x00,0x1D,0xC0,0x00,0x38,0xE0,0x00,0x70,
    0xE0,0x00,0xE0,0x70,0x00,0x00,0x00,0x00,0x00,0x00,0x00,0x00,0x00,0x00,0x3F,0x80,
    0x01,0xFF,0xE0,0x03,0xFF,0xF0,0x07,0xE1,0xF0,0x0F,0x80,0x78,0x0F,0x00,0x78,0x1E,
    0x00,0x38,0x1C,0x00,0x38,0x3F,0xFF,0xF8,0x3F,0xFF,0xF8,0x3F,0xFF,0xF8,0x38,0x00,
    0x00,0x38,0x00,0x00,0x38,0x00,0x00,0x3C,0x00,0x00,0x3C,0x00,0x60,0x3F,0x03,0xE0,
    0x1F,0xFF,0xC0,0x0F,0xFF,0x80,0x03,0xFE,0x00,0x00,0x00,0x00,0x00,0x00,0x00,0x00,
    0x00,0x00,0x00,0x00,0x00,0x00,0x00,0x00,0x00,0x00,0x00,0x00,0x00,0x00,0x00,0x00,
    0x00,0x00,0x00,0x00,0x00,0x00,0x00,0x00,0x00,0x00,0x00,0x00,0x00,0x00,0x00,0x00,
    0x00,0x00,0x00,0x00,0x00,0x00,0x00,0x00,0x00,0x00,0x78,0xF0,0x00,0x78,0xF0,0x00,
    0x78,0xF0,0x00,0x78,0xF0,0x00,0x00,0x00,0x00,0x00,0x00,0x00,0x00,0x00,0x00,0x00,
    0x00,0x00,0x3F,0x80,0x01,0xFF,0xE0,0x03,0xFF,0xF0,0x07,0xE1,0xF0,0x0F,0x80,0x78,
    0x0F,0x00,0x78,0x1E,0x00,0x38,0x1C,0x00,0x38,0x3F,0xFF,0xF8,0x3F,0xFF,0xF8,0x3F,
    0xFF,0xF8,0x38,0x00,0x00,0x38,0x00,0x00,0x38,0x00,0x00,0x3C,0x00,0x00,0x3C,0x00,
    0x60,0x3F,0x03,0xE0,0x1F,0xFF,0xC0,0x0F,0xFF,0x80,0x03,0xFE,0x00,0x00,0x00,0x00,
    0x00,0x00,0x00,0x00,0x00,0x00,0x00,0x00,0x00,0x00,0x00,0x00,0x00,0x00,0x00,0x00,
    0x00,0x00,0x00,0x00,0x00,0x00,0x00,0x00,0x00,0x00,0x00,0x00,0x00,0x00,0x00,0x00,
    0x00,0x00,0x1C,0x00,0x1E,0x00,0x0E,0x00,0x0F,0x00,0x07,0x80,0x03,0x80,0x03,0xC0,
    0x00,0x00,0x00,0x00,0x00,0x00,0x07,0x80,0x07,0x00,0x07,0x00,0x0F,0x00,0x0F,0x00,
    0x0F,0x00,0x0E,0x00,0x0E,0x00,0x1E,0x00,0x1E,0x00,0x1E,0x00,0x1C,0x00,0x1C,0x00,
    0x3C,0x00,0x3C,0x00,0x3C,0x00,0x3C,0x00,0x38,0x00,0x78,0x00,0x78,0x00,0x00,0x00,
    0x00,0x00,0x00,0x00,0x00,0x00,0x00,0x00,0x00,0x00,0x00,0x00,0x00,0x00,0x00,0x00,
    0x00,0x00,0x00,0x00,0x00,0x00,0x00,0x00,0x00,0x00,0x00,0x00,0x00,0x40,0x00,0x40,
    0x00,0xC0,0x01,0xC0,0x03,0x80,0x07,0x00,0x00,0x00,0x00,0x00,0x00,0x00,0x07,0x80,
    0x07,0x00,0x07,0x00,0x0F,0x00,0x0F,0x00,0x0F,0x00,0x0E,0x00,0x0E,0x00,0x1E,0x00,
    0x1E,0x00,0x1E,0x00,0x1C,0x00,0x1C,0x00,0x3C,0x00,0x3C,0x00,0x3C,0x00,0x3C,0x00,
    0x38,0x00,0x78,0x00,0x78,0x00,0x00,0x00,0x00,0x00,0x00,0x00,0x00,0x00,0x00,0x00,
    0x00,0x00,0x00,0x00,0x00,0x00,0x00,0x00,0x00,0x00,0x00,0x00,0x00,0x00,0x00,0x00,
    0x00,0x00,0x01,0xC0,0x03,0xC0,0x07,0xC0,0x0F,0xC0,0x1E,0x40,0x3C,0x00,0x38,0x00,
    0x00,0x00,0x00,0x00,0x00,0x00,0x07,0x80,0x07,0x00,0x07,0x00,0x0F,0x00,0x0F,0x00,
    0x0F,0x00,0x0E,0x00,0x0E,0x00,0x1E,0x00,0x1E,0x00,0x1E,0x00,0x1C,0x00,0x1C,0x00,
    0x3C,0x00,0x3C,0x00,0x3C,0x00,0x3C,0x00,0x38,0x00,0x78,0x00,0x78,0x00,0x00,0x00,
    0x00,0x00,0x00,0x00,0x00,0x00,0x00,0x00,0x00,0x00,0x00,0x00,0x00,0x00,0x00,0x00,
    0x00,0x00,0x00,0x00,0x00,0x00,0x00,0x00,0x00,0x00,0x00,0x00,0x00,0x00,0x1E,0x00,
    0x3C,0x40,0x3C,0x40,0x3C,0x40,0x00,0x00,0x00,0x00,0x00,0x00,0x00,0x00,0x07,0x80,
    0x07,0x00,0x07,0x00,0x0F,0x00,0x0F,0x00,0x0F,0x00,0x0E,0x00,0x0E,0x00,0x1E,0x00,
    0x1E,0x00,0x1E,0x00,0x1C,0x00,0x1C,0x00,0x3C,0x00,0x3C,0x00,0x3C,0x00,0x3C,0x00,
    0x38,0x00,0x78,0x00,0x78,0x00,0x00,0x00,0x00,0x00,0x00,0x00,0x00,0x00,0x00,0x00,
    0x00,0x00,0x00,0x00,0x00,0x00,0x00,0x00,0x00,0x00,0x00,0x00,0x00,0x00,0x00,0x00,
    0x00,0x00,0x00,0x00,0x00,0x00,0x00,0x00,0x00,0x00,0x00,0x00,0x00,0x00,0x3C,0x00,
    0x00,0x3C,0x3C,0x00,0x1F,0xF8,0x00,0x1F,0xC0,0x00,0xFF,0x80,0x03,0xF7,0x80,0x03,
    0x83,0xC0,0x00,0x03,0xE0,0x00,0x7F,0xE0,0x01,0xFF,0xF0,0x03,0xFF,0xF0,0x07,0xE0,
    0xF8,0x0F,0x80,0x78,0x0F,0x00,0x78,0x1E,0x00,0x78,0x3C,0x00,0x78,0x3C,0x00,0x78,
    0x3C,0x00,0x78,0x38,0x00,0x78,0x38,0x00,0x70,0x78,0x00,0xF0,0x38,0x00,0xF0,0x3C,
    0x01,0xE0,0x3C,0x03,0xC0,0x1F,0x0F,0xC0,0x1F,0xFF,0x80,0x0F,0xFE,0x00,0x03,0xF8,
    0x00,0x00,0x00,0x00,0x00,0x00,0x00,0x00,0x00,0x00,0x00,0x00,0x00,0x00,0x00,0x00,
    0x00,0x00,0x00,0x00,0x00,0x00,0x00,0x00,0x00,0x00,0x00,0x00,0x00,0x00,0x00,0x00,
    0x00,0x00,0x00,0x00,0x00,0x00,0x00,0x00,0x00,0x00,0x00,0x00,0x00,0x00,0x00,0x1E,
    0x1C,0x00,0x3F,0x18,0x00,0x77,0xB8,0x00,0x63,0xF0,0x00,0xE1,0xE0,0x00,0x00,0x00,
    0x00,0x00,0x00,0x00,0x00,0x00,0x00,0x00,0x00,0x07,0x8F,0xC0,0x07,0x3F,0xF0,0x07,
    0x7F,0xF0,0x0F,0xF0,0xF8,0x0F,0xC0,0x78,0x0F,0x80,0x78,0x0F,0x00,0x78,0x0F,0x00,
    0x78,0x1E,0x00,0x78,0x1E,0x00,0x78,0x1E,0x00,0x70,0x1E,0x00,0xF0,0x1C,0x00,0xF0,
    0x3C,0x00,0xF0,0x3C,0x00,0xF0,0x3C,0x00,0xE0,0x3C,0x01,0xE0,0x38,0x01,0xE0,0x78,
    0x01,0xE0,0x78,0x01,0xE0,0x00,0x00,0x00,0x00,0x00,0x00,0x00,0x00,0x00,0x00,0x00,
    0x00,0x00,0x00,0x00,0x00,0x00,0x00,0x00,0x00,0x00,0x00,0x00,0x00,0x00,0x00,0x00,
    0x00,0x00,0x00,0x00,0x00,0x00,0x00,0x00,0x00,0x00,0x00,0x00,0x00,0x00,0x00,0x00,
    0x78,0x00,0x00,0x3C,0x00,0x00,0x1C,0x00,0x00,0x1E,0x00,0x00,0x0E,0x00,0x00,0x0F,
    0x00,0x00,0x07,0x00,0x00,0x00,0x00,0x00,0x00,0x00,0x00,0x00,0x00,0x00,0x7F,0x80,
    0x01,0xFF,0xC0,0x03,0xFF,0xE0,0x07,0xE1,0xF0,0x0F,0x80,0xF8,0x1F,0x00,0x78,0x1E,
    0x00,0x78,0x3C,0x00,0x78,0x3C,0x00,0x78,0x3C,0x00,0x78,0x38,0x00,0x78,0x38,0x00,
    0x70,0x38,0x00,0xF0,0x38,0x00,0xF0,0x3C,0x01,0xE0,0x3C,0x03,0xE0,0x1F,0x0F,0xC0,
    0x1F,0xFF,0x80,0x0F,0xFE,0x00,0x03,0xF8,0x00,0x00,0x00,0x00,0x00,0x00,0x00,0x00,
    0x00,0x00,0x00,0x00,0x00,0x00,0x00,0x00,0x00,0x00,0x00,0x00,0x00,0x00,0x00,0x00,
    0x00,0x00,0x00,0x00,0x00,0x00,0x00,0x00,0x00,0x00,0x00,0x00,0x00,0x00,0x00,0x00,
    0x00,0x00,0x00,0x00,0x00,0x78,0x00,0x00,0xF0,0x00,0x01,0xE0,0x00,0x03,0xC0,0x00,
    0x07,0x80,0x00,0x07,0x00,0x00,0x0E,0x00,0x00,0x00,0x00,0x00,0x00,0x00,0x00,0x00,
    0x00,0x00,0x7F,0x80,0x01,0xFF,0xC0,0x03,0xFF,0xE0,0x07,0xE1,0xF0,0x0F,0x80,0xF8,
    0x1F,0x00,0x78,0x1E,0x00,0x78,0x3C,0x00,0x78,0x3C,0x00,0x78,0x3C,0x00,0x78,0x38,
    0x00,0x78,0x38,0x00,0x70,0x38,0x00,0xF0,0x38,0x00,0xF0,0x3C,0x01,0xE0,0x3C,0x03,
    0xE0,0x1F,0x0F,0xC0,0x1F,0xFF,0x80,0x0F,0xFE,0x00,0x03,0xF8,0x00,0x00,0x00,0x00,
    0x00,0x00,0x00,0x00,0x00,0x00,0x00,0x00,0x00,0x00,0x00,0x00,0x00,0x00,0x00,0x00,
    0x00,0x00,0x00,0x00,0x00,0x00,0x00,0x00,0x00,0x00,0x00,0x00,0x00,0x00,0x00,0x00,
    0x00,0x00,0x00,0x00,0x00,0x00,0x00,0x00,0x07,0x80,0x00,0x07,0x80,0x00,0x0F,0xC0,
    0x00,0x1D,0xC0,0x00,0x38,0xE0,0x00,0x70,0xE0,0x00,0xE0,0x70,0x00,0x00,0x00,0x00,
    0x00,0x00,0x00,0x00,0x00,0x00,0x7F,0x80,0x01,0xFF,0xC0,0x03,0xFF,0xE0,0x07,0xE1,
    0xF0,0x0F,0x80,0xF8,0x1F,0x00,0x78,0x1E,0x00,0x78,0x3C,0x00,0x78,0x3C,0x00,0x78,
    0x3C,0x00,0x78,0x38,0x00,0x78,0x38,0x00,0x70,0x38,0x00,0xF0,0x38,0x00,0xF0,0x3C,
    0x01,0xE0,0x3C,0x03,0xE0,0x1F,0x0F,0xC0,0x1F,0xFF,0x80,0x0F,0xFE,0x00,0x03,0xF8,
    0x00,0x00,0x00,0x00,0x00,0x00,0x00,0x00,0x00,0x00,0x00,0x00,0x00,0x00,0x00,0x00,
    0x00,0x00,0x00,0x00,0x00,0x00,0x00,0x00,0x00,0x00,0x00,0x00,0x00,0x00,0x00,0x00,
    0x00,0x00,0x00,0x00,0x00,0x00,0x00,0x00,0x00,0x00,0x00,0x00,0x00,0x00,0x00,0x1E,
    0x38,0x00,0x3F,0x38,0x00,0x77,0x30,0x00,0xE3,0xF0,0x00,0xE1,0xE0,0x00,0x00,0x00,
    0x00,0x00,0x00,0x00,0x00,0x00,0x00,0x00,0x00,0x00,0x7F,0x80,0x01,0xFF,0xC0,0x03,
    0xFF,0xE0,0x07,0xE1,0xF0,0x0F,0x80,0xF8,0x1F,0x00,0x78,0x1E,0x00,0x78,0x3C,0x00,
    0x78,0x3C,0x00,0x78,0x3C,0x00,0x78,0x38,0x00,0x78,0x38,0x00,0x70,0x38,0x00,0xF0,
    0x38,0x00,0xF0,0x3C,0x01,0xE0,0x3C,0x03,0xE0,0x1F,0x0F,0xC0,0x1F,0xFF,0x80,0x0F,
    0xFE,0x00,0x03,0xF8,0x00,0x00,0x00,0x00,0x00,0x00,0x00,0x00,0x00,0x00,0x00,0x00,
    0x00,0x00,0x00,0x00,0x00,0x00,0x00,0x00,0x00,0x00,0x00,0x00,0x00,0x00,0x00,0x00,
    0x00,0x00,0x00,0x00,0x00,0x00,0x00,0x00,0x00,0x00,0x00,0x00,0x00,0x00,0x00,0x00,
    0x00,0x00,0x00,0x00,0x00,0x00,0x78,0xF0,0x00,0x78,0xF0,0x00,0x78,0xF0,0x00,0x78,
    0xF0,0x00,0x00,0x00,0x00,0x00,0x00,0x00,0x00,0x00,0x00,0x00,0x00,0x00,0x7F,0x80,
    0x01,0xFF,0xC0,0x03,0xFF,0xE0,0x07,0xE1,0xF0,0x0F,0x80,0xF8,0x1F,0x00,0x78,0x1E,
    0x00,0x78,0x3C,0x00,0x78,0x3C,0x00,0x78,0x3C,0x00,0x78,0x38,0x00,0x78,0x38,0x00,
    0x70,0x38,0x00,0xF0,0x38,0x00,0xF0,0x3C,0x01,0xE0,0x3C,0x03,0xE0,0x1F,0x0F,0xC0,
    0x1F,0xFF,0x80,0x0F,0xFE,0x00,0x03,0xF8,0x00,0x00,0x00,0x00,0x00,0x00,0x00,0x00,
    0x00,0x00,0x00,0x00,0x00,0x00,0x00,0x00,0x00,0x00,0x00,0x00,0x00,0x00,0x00,0x00,
    0x00,0x00,0x00,0x00,0x00,0x00,0x00,0x00,0x00,0x00,0x00,0x00,0x00,0x00,0x00,0x00,
    0x00,0x00,0x00,0x00,0x00,0x00,0x00,0x00,0x00,0x00,0x00,0x00,0x00,0x00,0x00,0x00,
    0x00,0x00,0x00,0x00,0x00,0x00,0x00,0x00,0x00,0x00,0x00,0x00,0x00,0x00,0x00,0x00,
    0x00,0x00,0x00,0x00,0x00,0x00,0x00,0x00,0x00,0x00,0x00,0x00,0x00,0x00,0x00,0x00,
    0x00,0x07,0xC0,0x00,0x00,0x07,0xC0,0x00,0x00,0x07,0xC0,0x00,0x00,0x07,0xC0,0x00,
    0x00,0x00,0x00,0x00,0x00,0x00,0x00,0x00,0x00,0x00,0x00,0x00,0x0F,0xFF,0xFF,0xE0,
    0x0F,0xFF,0xFF,0xE0,0x0F,0xFF,0xFF,0xE0,0x00,0x00,0x00,0x00,0x00,0x00,0x00,0x00,
    0x00,0x00,0x00,0x00,0x00,0x07,0xC0,0x00,0x00,0x07,0xC0,0x00,0x00,0x07,0xC0,0x00,
    0x00,0x07,0xC0,0x00,0x00,0x00,0x00,0x00,0x00,0x00,0x00,0x00,0x00,0x00,0x00,0x00,
    0x00,0x00,0x00,0x00,0x00,0x00,0x00,0x00,0x00,0x00,0x00,0x00,0x00,0x00,0x00,0x00,
    0x00,0x00,0x00,0x00,0x00,0x00,0x00,0x00,0x00,0x00,0x00,0x00,0x00,0x00,0x00,0x00,
    0x00,0x00,0x00,0x00,0x00,0x00,0x00,0x00,0x00,0x00,0x00,0x00,0x00,0x00,0x00,0x00,
    0x00,0x00,0x00,0x00,0x00,0x00,0x00,0x00,0x00,0x00,0x00,0x00,0x00,0x00,0x00,0x00,
    0x00,0x00,0x00,0x00,0x00,0x00,0x00,0x00,0x00,0x00,0x00,0x00,0x00,0x00,0x00,0x00,
    0x04,0x00,0x7F,0x8E,0x01,0xFF,0xDC,0x03,0xFF,0xF8,0x07,0xE1,0xF0,0x0F,0x80,0xF0,
    0x1F,0x01,0xF8,0x1E,0x07,0xF8,0x3C,0x0F,0x78,0x3C,0x1E,0x78,0x3C,0x3C,0x78,0x3C,
    0x78,0x78,0x38,0xE0,0x78,0x39,0xC0,0xF0,0x3F,0x80,0xF0,0x3F,0x01,0xE0,0x3E,0x03,
    0xE0,0x3F,0x0F,0xC0,0x7F,0xFF,0x80,0x77,0xFF,0x00,0xE3,0xFC,0x00,0xC0,0x00,0x00,
    0x00,0x00,0x00,0x00,0x00,0x00,0x00,0x00,0x00,0x00,0x00,0x00,0x00,0x00,0x00,0x00,
    0x00,0x00,0x00,0x00,0x00,0x00,0x00,0x00,0x00,0x00,0x00,0x00,0x00,0x00,0x00,0x00,
    0x00,0x00,0x00,0x00,0x00,0x00,0x00,0x00,0x78,0x00,0x00,0x3C,0x00,0x00,0x3C,0x00,
    0x00,0x1E,0x00,0x00,0x0E,0x00,0x00,0x0F,0x00,0x00,0x07,0x00,0x00,0x00,0x00,0x00,
    0x00,0x00,0x00,0x00,0x00,0x07,0x00,0x3C,0x0F,0x00,0x3C,0x0F,0x00,0x38,0x0F,0x00,
    0x38,0x0E,0x00,0x78,0x0E,0x00,0x78,0x1E,0x00,0x78,0x1E,0x00,0x78,0x1E,0x00,0xF0,
    0x1C,0x00,0xF0,0x1C,0x00,0xF0,0x3C,0x00,0xF0,0x3C,0x01,0xF0,0x3C,0x01,0xE0,0x3C,
    0x03,0xE0,0x3C,0x07,0xE0,0x3E,0x1F,0xE0,0x1F,0xFD,0xE0,0x1F,0xF9,0xC0,0x07,0xE3,
    0xC0,0x00,0x00,0x00,0x00,0x00,0x00,0x00,0x00,0x00,0x00,0x00,0x00,0x00,0x00,0x00,
    0x00,0x00,0x00,0x00,0x00,0x00,0x00,0x00,0x00,0x00,0x00,0x00,0x00,0x00,0x00,0x00,
    0x00,0x00,0x00,0x00,0x00,0x00,0x00,0x00,0x00,0x00,0x00,0x00,0x00,0x78,0x00,0x00,
    0xF0,0x00,0x01,0xE0,0x00,0x03,0xC0,0x00,0x07,0x80,0x00,0x0F,0x00,0x00,0x0E,0x00,
    0x00,0x00,0x00,0x00,0x00,0x00,0x00,0x00,0x00,0x07,0x00,0x3C,0x0F,0x00,0x3C,0x0F,
    0x00,0x38,0x0F,0x00,0x38,0x0E,0x00,0x78,0x0E,0x00,0x78,0x1E,0x00,0x78,0x1E,0x00,
    0x78,0x1E,0x00,0xF0,0x1C,0x00,0xF0,0x1C,0x00,0xF0,0x3C,0x00,0xF0,0x3C,0x01,0xF0,
    0x3C,0x01,0xE0,0x3C,0x03,0xE0,0x3C,0x07,0xE0,0x3E,0x1F,0xE0,0x1F,0xFD,0xE0,0x1F,
    0xF9,0xC0,0x07,0xE3,0xC0,0x00,0x00,0x00,0x00,0x00,0x00,0x00,0x00,0x00,0x00,0x00,
    0x00,0x00,0x00,0x00,0x00,0x00,0x00,0x00,0x00,0x00,0x00,0x00,0x00,0x00,0x00,0x00,
    0x00,0x00,0x00,0x00,0x00,0x00,0x00,0x00,0x00,0x00,0x00,0x00,0x00,0x00,0x00,0x00,
    0x07,0x80,0x00,0x0F,0x80,0x00,0x0F,0xC0,0x00,0x1D,0xC0,0x00,0x38,0xE0,0x00,0x70,
    0xE0,0x00,0xE0,0x70,0x00,0x00,0x00,0x00,0x00,0x00,0x00,0x00,0x00,0x07,0x00,0x3C,
    0x0F,0x00,0x3C,0x0F,0x00,0x38,0x0F,0x00,0x38,0x0E,0x00,0x78,0x0E,0x00,0x78,0x1E,
    0x00,0x78,0x1E,0x00,0x78,0x1E,0x00,0xF0,0x1C,0x00,0xF0,0x1C,0x00,0xF0,0x3C,0x00,
    0xF0,0x3C,0x01,0xF0,0x3C,0x01,0xE0,0x3C,0x03,0xE0,0x3C,0x07,0xE0,0x3E,0x1F,0xE0,
    0x1F,0xFD,0xE0,0x1F,0xF9,0xC0,0x07,0xE3,0xC0,0x00,0x00,0x00,0x00,0x00,0x00,0x00,
    0x00,0x00,0x00,0x00,0x00,0x00,0x00,0x00,0x00,0x00,0x00,0x00,0x00,0x00,0x00,0x00,
    0x00,0x00,0x00,0x00,0x00,0x00,0x00,0x00,0x00,0x00,0x00,0x00,0x00,0x00,0x00,0x00,
    0x00,0x00,0x00,0x00,0x00,0x00,0x00,0x00,0x00,0x00,0x78,0xF0,0x00,0x78,0xF0,0x00,
    0x78,0xF0,0x00,0x78,0xF0,0x00,0x00,0x00,0x00,0x00,0x00,0x00,0x00,0x00,0x00,0x00,
    0x00,0x07,0x00,0x3C,0x0F,0x00,0x3C,0x0F,0x00,0x38,0x0F,0x00,0x38,0x0E,0x00,0x78,
    0x0E,0x00,0x78,0x1E,0x00,0x78,0x1E,0x00,0x78,0x1E,0x00,0xF0,0x1C,0x00,0xF0,0x1C,
    0x00,0xF0,0x3C,0x00,0xF0,0x3C,0x01,0xF0,0x3C,0x01,0xE0,0x3C,0x03,0xE0,0x3C,0x07,
    0xE0,0x3E,0x1F,0xE0,0x1F,0xFD,0xE0,0x1F,0xF9,0xC0,0x07,0xE3,0xC0,0x00,0x00,0x00,
    0x00,0x00,0x00,0x00,0x00,0x00,0x00,0x00,0x00,0x00,0x00,0x00,0x00,0x00,0x00,0x00,
    0x00,0x00,0x00,0x00,0x00,0x00,0x00,0x00,0x00,0x00,0x00,0x00,0x00,0x00,0x00,0x00,
    0x00,0x00,0x00,0x00,0x00,0x00,0x00,0x00,0x00,0x78,0x00,0x00,0xF0,0x00,0x01,0xE0,
    0x00,0x03,0xC0,0x00,0x07,0x80,0x00,0x0F,0x00,0x00,0x1E,0x00,0x00,0x00,0x00,0x00,
    0x00,0x00,0x00,0x00,0x00,0x1C,0x00,0x3C,0x1E,0x00,0x3C,0x1E,0x00,0x78,0x1E,0x00,
    0x70,0x0E,0x00,0xF0,0x0F,0x01,0xE0,0x0F,0x01,0xE0,0x0F,0x03,0xC0,0x0F,0x07,0x80,
    0x07,0x07,0x80,0x07,0x8F,0x00,0x07,0x8F,0x00,0x07,0x9E,0x00,0x03,0xBC,0x00,0x03,
    0xFC,0x00,0x03,0xF8,0x00,0x03,0xF8,0x00,0x01,0xF0,0x00,0x01,0xE0,0x00,0x01,0xE0,
    0x00,0x03,0xC0,0x00,0x03,0xC0,0x00,0x07,0x80,0x00,0x0F,0x00,0x00,0x1F,0x00,0x00,
    0xFE,0x00,0x00,0xFC,0x00,0x00,0xF8,0x00,0x00,0x00,0x00,0x00,0x00,0x00,0x00,0x00,
    0x00,0x00,0x00,0x00,0x00,0x00,0x00,0x00,0x00,0x00,0x00,0x00,0x00,0x00,0x00,0x00,
    0x00,0x03,0xC0,0x00,0x03,0xC0,0x00,0x03,0xC0,0x00,0x03,0xC0,0x00,0x03,0x80,0x00,
    0x03,0x80,0x00,0x07,0x80,0x00,0x07,0x80,0x00,0x07,0x8F,0xC0,0x07,0xBF,0xF0,0x07,
    0xFF,0xF8,0x0F,0xF0,0xF8,0x0F,0xC0,0x7C,0x0F,0x80,0x3C,0x0F,0x00,0x3C,0x0F,0x00,
    0x3C,0x1E,0x00,0x3C,0x1E,0x00,0x3C,0x1E,0x00,0x3C,0x1E,0x00,0x78,0x1E,0x00,0x78,
    0x3E,0x00,0xF0,0x3E,0x00,0xF0,0x3F,0x01,0xE0,0x3F,0x87,0xC0,0x3B,0xFF,0xC0,0x39,
    0xFF,0x00,0x78,0xFE,0x00,0x78,0x00,0x00,0x78,0x00,0x00,0x70,0x00,0x00,0x70,0x00,
    0x00,0xF0,0x00,0x00,0xF0,0x00,0x00,0xF0,0x00,0x00,0xE0,0x00,0x00,0x00,0x00,0x00,
    0x00,0x00,0x00,0x00,0x00,0x00,0x00,0x00,0x00,0x00,0x00,0x00,0x00,0x00,0x00,0x00,
    0x00,0x00,0x00,0x00,0x00,0x00,0x78,0xF0,0x00,0x78,0xF0,0x00,0x78,0xF0,0x00,0xF1,
    0xF0,0x00,0x00,0x00,0x00,0x00,0x00,0x00,0x00,0x00,0x00,0x00,0x00,0x1C,0x00,0x3C,
    0x1E,0x00,0x3C,0x1E,0x00,0x78,0x1E,0x00,0x70,0x0E,0x00,0xF0,0x0F,0x01,0xE0,0x0F,
    0x01,0xE0,0x0F,0x03,0xC0,0x0F,0x07,0x80,0x07,0x07,0x80,0x07,0x8F,0x00,0x07,0x8F,
    0x00,0x07,0x9E,0x00,0x03,0xBC,0x00,0x03,0xFC,0x00,0x03,0xF8,0x00,0x03,0xF8,0x00,
    0x01,0xF0,0x00,0x01,0xE0,0x00,0x01,0xE0,0x00,0x03,0xC0,0x00,0x03,0xC0,0x00,0x07,
    0x80,0x00,0x0F,0x00,0x00,0x1F,0x00,0x00,0xFE,0x00,0x00,0xFC,0x00,0x00,0xF8,0x00,
    0x00,0x00,0x00,0x00,0x00,0x00,0x00,0x00,0x00,0x00,0x00,0x00,0x00,0x00,0x00,0x00,
    0x00,0x00,0x00,0x00,0x00,0x00,0x00,0x00,0x00,0x00,0x00,0x00,0x00,0x00,0x00,0x00,
    0x00,0x00,0x00,0x00,0x00,0x00,0x00,0x00,0x00,0x00,0x00,0x00,0x00,0x01,0xFF,0xFF,
    0xFF,0x00,0x1F,0xFF,0xFF,0xFE,0x00,0x7F,0xFF,0xFF,0xFE,0x00,0xFF,0x03,0xC0,0x00,
    0x01,0xF8,0x07,0x80,0x00,0x03,0xE0,0x07,0x80,0x00,0x07,0xC0,0x07,0x80,0x00,0x0F,
    0x80,0x07,0x80,0x00,0x0F,0x00,0x07,0x80,0x00,0x1E,0x00,0x0F,0x00,0x00,0x1E,0x00,
    0x0F,0x00,0x00,0x3E,0x00,0x0F,0xFF,0xF8,0x3C,0x00,0x0F,0xFF,0xF8,0x3C,0x00,0x0F,
    0xFF,0xF0,0x3C,0x00,0x1E,0x00,0x00,0x3C,0x00,0x1E,0x00,0x00,0x3C,0x00,0x1E,0x00,
    0x00,0x3C,0x00,0x1E,0x00,0x00,0x3C,0x00,0x1E,0x00,0x00,0x3C,0x00,0x3C,0x00,0x00,
    0x3E,0x00,0x3C,0x00,0x00,0x1E,0x00,0x3C,0x00,0x00,0x1F,0x80,0x3C,0x00,0x00,0x0F,
    0xE0,0x3C,0x00,0x00,0x07,0xFF,0xFF,0xFF,0xE0,0x03,0xFF,0xFF,0xFF,0xE0,0x00,0x7F,
    0xFF,0xFF,0xE0,0x00,0x00,0x00,0x00,0x00,0x00,0x00,0x00,0x00,0x00,0x00,0x00,0x00,
    0x00,0x00,0x00,0x00,0x00,0x00,0x00,0x00,0x00,0x00,0x00,0x00,0x00,0x00,0x00,0x00,
    0x00,0x00,0x00,0x00,0x00,0x00,0x00,0x00,0x00,0x00,0x00,0x00,0x00,0x00,0x00,0x00,
    0x00,0x00,0x00,0x00,0x00,0x00,0x00,0x00,0x00,0x00,0x00,0x00,0x00,0x00,0x00,0x00,
    0x00,0x00,0x00,0x00,0x00,0x00,0x00,0x00,0x00,0x00,0x00,0x00,0x00,0x00,0x00,0x00,
    0x00,0x00,0x00,0x00,0x00,0x00,0x00,0x00,0x00,0x00,0x00,0x00,0x00,0x00,0x00,0x00,
    0x00,0x00,0x00,0x00,0x00,0x00,0x00,0x00,0x00,0x00,0x00,0x00,0x00,0x00,0x00,0x00,
    0x00,0x00,0x00,0x00,0x00,0x00,0x00,0x00,0x00,0x00,0x00,0x00,0x7F,0x80,0x7F,0x00,
    0x01,0xFF,0xC1,0xFF,0xC0,0x03,0xFF,0xE3,0xFF,0xE0,0x07,0xE1,0xF7,0xC3,0xF0,0x0F,
    0x80,0xFF,0x00,0xF0,0x1F,0x00,0x7E,0x00,0x70,0x1E,0x00,0x7C,0x00,0x78,0x3C,0x00,
    0x7C,0x00,0x78,0x3C,0x00,0x7F,0xFF,0xF8,0x3C,0x00,0x7F,0xFF,0xF0,0x38,0x00,0x7F,
    0xFF,0xF0,0x38,0x00,0x78,0x00,0x00,0x38,0x00,0xF8,0x00,0x00,0x38,0x00,0xF8,0x00,
    0x00,0x3C,0x01,0xF8,0x00,0x00,0x3C,0x03,0xFC,0x00,0x40,0x1F,0x0F,0xFF,0x07,0xC0,
    0x1F,0xFF,0x1F,0xFF,0xC0,0x0F,0xFE,0x0F,0xFF,0x80,0x03,0xF8,0x03,0xFC,0x00,0x00,
    0x00,0x00,0x00,0x00,0x00,0x00,0x00,0x00,0x00,0x00,0x00,0x00,0x00,0x00,0x00,0x00,
    0x00,0x00,0x00,0x00,0x00,0x00,0x00,0x00,0x00,0x00,0x00,0x00,0x00,0x00,0x00,0x00,
    0x00,0x00,0x00,0x00,0x00,0x00,0x00,0x00,0x00,0x00,0x00,0x00,0x00,0x38,0x38,0x00,
    0x1C,0x70,0x00,0x1C,0xE0,0x00,0x0F,0xC0,0x00,0x0F,0x80,0x00,0x00,0x00,0x00,0x00,
    0x00,0x00,0x00,0x00,0x00,0x3F,0xE0,0x00,0xFF,0xFC,0x03,0xFF,0xFC,0x07,0xF0,0x7C,
    0x07,0xC0,0x1C,0x0F,0x00,0x04,0x0F,0x00,0x00,0x1F,0x00,0x00,0x1F,0x00,0x00,0x1F,
    0x00,0x00,0x0F,0x80,0x00,0x0F,0xF0,0x00,0x07,0xFF,0x00,0x03,0xFF,0xC0,0x00,0x7F,
    0xE0,0x00,0x07,0xF0,0x00,0x01,0xF0,0x00,0x00,0xF8,0x00,0x00,0xF8,0x00,0x00,0xF8,
    0x00,0x00,0xF0,0x40,0x01,0xF0,0xF0,0x03,0xE0,0xFE,0x0F,0xE0,0xFF,0xFF,0xC0,0x7F,
    0xFF,0x00,0x0F,0xFC,0x00,0x00,0x00,0x00,0x00,0x00,0x00,0x00,0x00,0x00,0x00,0x00,
    0x00,0x00,0x00,0x00,0x00,0x00,0x00,0x00,0x00,0x00,0x00,0x00,0x00,0x00,0x00,0x00,
    0x00,0x00,0x00,0x00,0x00,0x00,0x00,0x00,0x00,0x00,0x00,0x00,0x00,0x00,0x00,0x00,
    0xE0,0xE0,0x00,0xE1,0xC0,0x00,0x73,0xC0,0x00,0x77,0x80,0x00,0x3F,0x00,0x00,0x3E,
    0x00,0x00,0x1C,0x00,0x00,0x00,0x00,0x00,0x00,0x00,0x00,0x00,0x00,0x00,0xFF,0x80,
    0x03,0xFF,0xE0,0x07,0xFF,0xC0,0x0F,0x81,0xC0,0x1E,0x00,0x00,0x1E,0x00,0x00,0x1E,
    0x00,0x00,0x1F,0x00,0x00,0x0F,0xF0,0x00,0x07,0xFE,0x00,0x01,0xFF,0x00,0x00,0x1F,
    0x80,0x00,0x07,0x80,0x00,0x07,0x80,0x00,0x07,0x80,0x60,0x0F,0x80,0x7C,0x3F,0x00,
    0xFF,0xFE,0x00,0x7F,0xFC,0x00,0x0F,0xF0,0x00,0x00,0x00,0x00,0x00,0x00,0x00,0x00,
    0x00,0x00,0x00,0x00,0x00,0x00,0x00,0x00,0x00,0x00,0x00,0x00,0x00,0x00,0x00,0x00,
    0x00,0x00,0x00,0x00,0x00,0x1C,0x1C,0x00,0x00,0x0E,0x38,0x00,0x00,0x0E,0x70,0x00,
    0x00,0x07,0xE0,0x00,0x00,0x07,0xC0,0x00,0x00,0x00,0x00,0x00,0x00,0x00,0x00,0x00,
    0x00,0x00,0x00,0x00,0x07,0xFF,0xFF,0x80,0x0F,0xFF,0xFF,0x80,0x0F,0xFF,0xFF,0x80,
    0x00,0x00,0x0F,0x80,0x00,0x00,0x1F,0x00,0x00,0x00,0x3E,0x00,0x00,0x00,0x7C,0x00,
    0x00,0x00,0xF8,0x00,0x00,0x01,0xF0,0x00,0x00,0x03,0xE0,0x00,0x00,0x07,0xC0,0x00,
    0x00,0x0F,0x80,0x00,0x00,0x1F,0x00,0x00,0x00,0x3E,0x00,0x00,0x00,0x7C,0x00,0x00,
    0x00,0xF8,0x00,0x00,0x01,0xF0,0x00,0x00,0x03,0xE0,0x00,0x00,0x07,0xC0,0x00,0x00,
    0x0F,0x80,0x00,0x00,0x1F,0x00,0x00,0x00,0x3E,0x00,0x00,0x00,0x7C,0x00,0x00,0x00,
    0xF8,0x00,0x00,0x00,0xFF,0xFF,0xFC,0x00,0xFF,0xFF,0xFC,0x00,0xFF,0xFF,0xF8,0x00,
    0x00,0x00,0x00,0x00,0x00,0x00,0x00,0x00,0x00,0x00,0x00,0x00,0x00,0x00,0x00,0x00,
    0x00,0x00,0x00,0x00,0x00,0x00,0x00,0x00,0x00,0x00,0x00,0x00,0x00,0x00,0x00,0x00,
    0x00,0x00,0x00,0x00,0x00,0x00,0x00,0x00,0x00,0x00,0x00,0x00,0x00,0x00,0x00,0x00,
    0x00,0x00,0x00,0x00,0xE0,0xE0,0x00,0xE1,0xC0,0x00,0x73,0xC0,0x00,0x77,0x80,0x00,
    0x3F,0x00,0x00,0x3E,0x00,0x00,0x1C,0x00,0x00,0x00,0x00,0x00,0x00,0x00,0x00,0x00,
    0x00,0x0F,0xFF,0xE0,0x0F,0xFF,0xE0,0x0F,0xFF,0xE0,0x00,0x01,0xE0,0x00,0x03,0xC0,
    0x00,0x07,0x80,0x00,0x0F,0x00,0x00,0x1E,0x00,0x00,0x3C,0x00,0x00,0xF8,0x00,0x01,
    0xF0,0x00,0x03,0xC0,0x00,0x07,0x80,0x00,0x0F,0x00,0x00,0x1E,0x00,0x00,0x3C,0x00,
    0x00,0x78,0x00,0x00,0xFF,0xFF,0x80,0xFF,0xFF,0x80,0xFF,0xFF,0x80,0x00,0x00,0x00,
    0x00,0x00,0x00,0x00,0x00,0x00,0x00,0x00,0x00,0x00,0x00,0x00,0x00,0x00,0x00,0x00,
    0x00,0x00,0x00,0x00,0x00,0x00,0x00,0x00,0x00,0x00,0x00,0x00,0x78,0xF0,0x00,0x78,
    0xF0,0x00,0x78,0xF0,0x00,0x78,0xF0,0x00,0x00,0x00,0x00,0x00,0x00,0x00,0x00,0x00,
    0x3E,0x00,0x0E,0x1E,0x00,0x1E,0x1F,0x00,0x1E,0x0F,0x00,0x3C,0x0F,0x00,0x78,0x07,
    0x80,0xF0,0x07,0x81,0xF0,0x03,0xC3,0xE0,0x03,0xC7,0xC0,0x01,0xEF,0x80,0x01,0xEF,
    0x00,0x00,0xFE,0x00,0x00,0xFC,0x00,0x00,0x7C,0x00,0x00,0x78,0x00,0x00,0x78,0x00,
    0x00,0xF8,0x00,0x00,0xF0,0x00,0x00,0xF0,0x00,0x00,0xF0,0x00,0x00,0xF0,0x00,0x01,
    0xF0,0x00,0x01,0xE0,0x00,0x01,0xE0,0x00,0x01,0xE0,0x00,0x01,0xE0,0x00,0x01,0xE0,
    0x00,0x00,0x00,0x00,0x00,0x00,0x00,0x00,0x00,0x00,0x00,0x00,0x00,0x00,0x00,0x00,
    0x00,0x00,0x00,0x00,0x00,0x00,0x00,0x00,0x00,0x00,0x00,0x00,0x00,0x00,0x00,0x00,
    0x00,0x00,0x00,0x00,0x00,0x00,0x00,0x00,0x00,0x00,0x00,0x00,0x00,0x00,0x00,0x00,
    0x00,0x00,0x00,0x00,0x00,0x00,0x00,0x00,0x00,0x00,0x00,0x00,0x00,0x00,0x00,0x00,
    0x00,0x00,0x00,0x00,0x00,0x00,0x00,0x00,0x00,0x00,0x00,0x00,0x00,0x00,0x00,0x00,
    0x00,0x00,0x00,0x00,0x00,0x00,0x00,0x00,0x00,0x00,0x00,0x00,0x00,0x00,0x00,0x00,
    0x00,0x00,0x00,0x00,0x3F,0xFF,0x80,0x3F,0xFF,0x80,0x7F,0xFF,0x80,0x00,0x00,0x00,
    0x00,0x00,0x00,0x00,0x00,0x00,0x00,0x00,0x00,0x00,0x00,0x00,0x00,0x00,0x00,0x00,
    0x00,0x00,0x00,0x00,0x00,0x00,0x00,0x00,0x00,0x00,0x00,0x00,0x00,0x00,0x00,0x00,
    0x00,0x00,0x00,0x00,0x00,0x00,0x00,0x00,0x00,0x00,0x00,0x00,0x00,0x00,0x00,0x00,
    0x00,0x00,0x00,0x00,0x00,0x00,0x00,0x00,0x00,0x00,0x00,0x00,0x00,0x00,0x00,0x00,
    0x00,0x00,0x00,0x00,0x00,0x00,0x00,0x00,0x00,0x00,0x00,0x00,0x00,0x00,0x00,0x00,
    0x00,0x00,0x00,0x00,0x00,0x00,0x00,0x00,0x00,0x00,0x00,0x00,0x00,0x00,0x00,0x00,
    0x00,0x00,0x00,0x00,0x00,0x00,0x00,0x00,0x00,0x00,0x00,0x00,0x00,0x00,0x00,0x00,
    0x00,0x00,0x00,0x00,0x00,0x00,0x00,0x00,0x00,0x00,0x00,0x00,0x00,0x00,0x00,0x00,
    0x00,0x00,0x00,0x00,0x00,0x00,0x00,0x00,0x00,0x00,0x00,0x00,0x00,0x00,0x00,0x00,
    0x00,0x00,0x00,0x00,0x00,0x00,0x00,0x00,0x00,0x00,0x00,0x00,0x00,0x00,0x00,0x00,
    0x00,0x00,0x00,0x00,0x00,0x00,0x00,0x00,0x3F,0xFF,0xFF,0xFF,0xF0,0x3F,0xFF,0xFF,
    0xFF,0xE0,0x7F,0xFF,0xFF,0xFF,0xE0,0x00,0x00,0x00,0x00,0x00,0x00,0x00,0x00,0x00,
    0x00,0x00,0x00,0x00,0x00,0x00,0x00,0x00,0x00,0x00,0x00,0x00,0x00,0x00,0x00,0x00,
    0x00,0x00,0x00,0x00,0x00,0x00,0x00,0x00,0x00,0x00,0x00,0x00,0x00,0x00,0x00,0x00,
    0x00,0x00,0x00,0x00,0x00,0x00,0x00,0x00,0x00,0x00,0x00,0x00,0x00,0x00,0x00,0x00,
    0x00,0x00,0x00,0x00,0x00,0x00,0x00,0x00,0x00,0x00,0x00,0x00,0x00,0x00,0x00,0x00,
    0x00,0x00,0x00,0x00,0x00,0x00,0x00,0x00,0x00,0x00,0x00,0x00,0x00,0x00,0x00,0x00,
    0x00,0x00,0x00,0x00,0x00,0x00,0x00,0x00,0x00,0x00,0x00,0x00,0x00,0x70,0x00,0xE0,
    0x00,0xE0,0x01,0xE0,0x03,0xC0,0x03,0xC0,0x07,0x80,0x07,0x80,0x07,0x80,0x00,0x00,
    0x00,0x00,0x00,0x00,0x00,0x00,0x00,0x00,0x00,0x00,0x00,0x00,0x00,0x00,0x00,0x00,
    0x00,0x00,0x00,0x00,0x00,0x00,0x00,0x00,0x00,0x00,0x00,0x00,0x00,0x00,0x00,0x00,
    0x00,0x00,0x00,0x00,0x00,0x00,0x00,0x00,0x00,0x00,0x00,0x00,0x00,0x00,0x00,0x00,
    0x00,0x00,0x00,0x00,0x00,0x00,0x00,0x00,0x00,0x00,0x00,0x00,0x00,0x00,0x00,0x00,
    0x00,0x00,0x00,0x00,0x00,0xF0,0x00,0xF0,0x00,0xF0,0x01,0xE0,0x01,0xE0,0x03,0xC0,
    0x03,0x80,0x07,0x80,0x07,0x00,0x00,0x00,0x00,0x00,0x00,0x00,0x00,0x00,0x00,0x00,
    0x00,0x00,0x00,0x00,0x00,0x00,0x00,0x00,0x00,0x00,0x00,0x00,0x00,0x00,0x00,0x00,
    0x00,0x00,0x00,0x00,0x00,0x00,0x00,0x00,0x00,0x00,0x00,0x00,0x00,0x00,0x00,0x00,
    0x00,0x00,0x00,0x00,0x00,0x00,0x00,0x00,0x00,0x00,0x00,0x00,0x00,0x00,0x00,0x00,
    0x00,0x00,0x00,0x00,0x00,0x00,0x00,0x00,0x00,0x00,0x00,0x00,0x00,0x00,0x00,0x00,
    0x00,0x00,0x00,0x00,0x00,0x70,0xE0,0x00,0xE0,0xE0,0x00,0xE1,0xC0,0x01,0xE3,0xC0,
    0x03,0xC3,0x80,0x03,0xC7,0x80,0x07,0x87,0x80,0x07,0x8F,0x80,0x07,0x8F,0x00,0x00,
    0x00,0x00,0x00,0x00,0x00,0x00,0x00,0x00,0x00,0x00,0x00,0x00,0x00,0x00,0x00,0x00,
    0x00,0x00,0x00,0x00,0x00,0x00,0x00,0x00,0x00,0x00,0x00,0x00,0x00,0x00,0x00,0x00,
    0x00,0x00,0x00,0x00,0x00,0x00,0x00,0x00,0x00,0x00,0x00,0x00,0x00,0x00,0x00,0x00,
    0x00,0x00,0x00,0x00,0x00,0x00,0x00,0x00,0x00,0x00,0x00,0x00,0x00,0x00,0x00,0x00,
    0x00,0x00,0x00,0x00,0x00,0x00,0x00,0x00,0x00,0x00,0x00,0x00,0x00,0x00,0x00,0x00,
    0x00,0x00,0x00,0x00,0x00,0x00,0x00,0x00,0x00,0x00,0x00,0x00,0x00,0x00,0x00,0x00,
    0x00,0x00,0x00,0x00,0x00,0x00,0x00,0x00,0x00,0xF1,0xE0,0x00,0xF1,0xE0,0x00,0xF1,
    0xE0,0x01,0xE1,0xE0,0x01,0xE3,0xC0,0x03,0xC3,0x80,0x03,0x87,0x80,0x07,0x87,0x00,
    0x07,0x0E,0x00,0x00,0x00,0x00,0x00,0x00,0x00,0x00,0x00,0x00,0x00,0x00,0x00,0x00,
    0x00,0x00,0x00,0x00,0x00,0x00,0x00,0x00,0x00,0x00,0x00,0x00,0x00,0x00,0x00,0x00,
    0x00,0x00,0x00,0x00,0x00,0x00,0x00,0x00,0x00,0x00,0x00,0x00,0x00,0x00,0x00,0x00,
    0x00,0x00,0x00,0x00,0x00,0x00,0x00,0x00,0x00,0x00,0x00,0x00,0x00,0x00,0x00,0x00,
    0x00,0x00,0x00,0x00,0x00,0x00,0x00,0x00,0x00,0x00,0x00,0x00,0x00,0x00,0x00,0x00,
    0x00,0x00,0x00,0x00,0x00,0x00,0x00,0x00,0x00,0x00,0x00,0x00,0x00,0x00,0x00,0x00,
    0x00,0x00,0x00,0x00,0x00,0x00,0x00,0x00,0x00,0x00,0x00,0x00,0x00,0x00,0x00,0x00,
    0x00,0x00,0x00,0x00,0x00,0x00,0x00,0x00,0x00,0x00,0x00,0x00,0x00,0x00,0x00,0x00,
    0x00,0x00,0x00,0x00,0x00,0xFC,0x00,0x01,0xFE,0x00,0x03,0xFF,0x00,0x03,0xFF,0x00,
    0x07,0xFF,0x00,0x07,0xFF,0x00,0x07,0xFF,0x00,0x03,0xFF,0x00,0x03,0xFF,0x00,0x01,
    0xFE,0x00,0x00,0xFC,0x00,0x00,0x00,0x00,0x00,0x00,0x00,0x00,0x00,0x00,0x00,0x00,
    0x00,0x00,0x00,0x00,0x00,0x00,0x00,0x00,0x00,0x00,0x00,0x00,0x00,0x00,0x00,0x00,
    0x00,0x00,0x00,0x00,0x00,0x00,0x00,0x00,0x00,0x00,0x00,0x00,0x00,0x00,0x00,0x00,
    0x00,0x00,0x00,0x00,0x00,0x00,0x00,0x00,0x00,0x00,0x00,0x00,0x00,0x00,0x00,0x00,
    0x00,0x00,0x00,0x00,0x00,0x00,0x00,0x00,0x00,0x00,0x00,0x00,0x00,0x00,0x00,0x00,
    0x00,0x00,0x00,0x00,0x00,0x00,0x00,0x00,0x00,0x00,0x00,0x00,0x00,0x00,0x00,0x00,
    0x00,0x00,0x00,0x00,0x00,0x00,0x00,0x00,0x00,0x00,0x00,0x00,0x00,0x00,0x00,0x00,
    0x00,0x00,0x00,0x00,0x00,0x00,0x00,0x00,0x00,0x00,0x00,0x00,0x00,0x00,0x00,0x00,
    0x00,0x00,0x00,0x00,0x00,0x00,0x00,0x00,0x00,0x00,0x00,0x00,0x00,0x00,0x00,0x00,
    0x00,0x00,0x00,0x00,0x00,0x00,0x00,0x00,0x00,0x00,0x00,0x00,0x00,0x00,0x00,0x00,
    0x00,0x00,0x00,0x00,0x00,0x00,0x00,0x00,0x00,0x00,0x00,0x00,0x00,0x00,0x00,0x00,
    0x00,0x00,0x00,0x00,0x00,0x00,0x00,0x00,0x00,0x00,0x00,0x00,0x00,0x00,0x00,0x00,
    0x00,0x00,0x00,0x00,0x00,0x00,0x00,0x00,0x00,0x00,0x00,0x00,0x00,0x00,0x1E,0x01,
    0xF0,0x0F,0x00,0x1E,0x01,0xE0,0x0F,0x00,0x1E,0x01,0xE0,0x1F,0x00,0x3E,0x01,0xE0,
    0x1E,0x00,0x3C,0x01,0xE0,0x1E,0x00,0x00,0x00,0x00,0x00,0x00,0x00,0x00,0x00,0x00,
    0x00,0x00,0x00,0x00,0x00,0x00,0x00,0x00,0x00,0x00,0x00,0x00,0x00,0x00,0x00,0x00,
    0x00,0x00,0x00,0x00,0x00,0x00,0x00,0x00,0x00,0x00,0x00,0x00,0x00,0x00,0x00,0x00,
    0x00,0x00,0x00,0x00,
};
const FontGlyph FONT_44_ITAL_GLYPHS[174] PROGMEM = {
    {12, 0},
    {15, 88},
    {17, 176},
    {31, 308},
    {24, 484},
    {35, 616},
    {29, 836},
    {10, 1012},
    {14, 1100},
    {14, 1188},
    {18, 1276},
    {31, 1408},
    {12, 1584},
    {13, 1672},
    {12, 1760},
    {12, 1848},
    {24, 1936},
    {24, 2068},
    {24, 2200},
    {24, 2332},
    {24, 2464},
    {24, 2596},
    {24, 2728},
    {24, 2860},
    {24, 2992},
    {24, 3124},
    {12, 3256},
    {12, 3344},
    {31, 3432},
    {31, 3608},
    {31, 3784},
    {20, 3960},
    {37, 4092},
    {25, 4312},
    {25, 4488},
    {26, 4664},
    {28, 4840},
    {23, 5016},
    {21, 5148},
    {29, 5280},
    {28, 5456},
    {11, 5632},
    {11, 5720},
    {24, 5808},
    {21, 5940},
    {32, 6072},
    {28, 6248},
    {29, 6424},
    {22, 6600},
    {29, 6732},
    {26, 6908},
    {23, 7084},
    {23, 7216},
    {27, 7348},
    {25, 7524},
    {37, 7700},
    {25, 7920},
    {23, 8096},
    {25, 8228},
    {14, 8404},
    {12, 8492},
    {14, 8580},
    {31, 8668},
    {18, 8844},
    {18, 8976},
    {23, 9108},
    {23, 9240},
    {20, 9372},
    {23, 9504},
    {23, 9636},
    {13, 9768},
    {23, 9856},
    {23, 9988},
    {10, 10120},
    {10, 10208},
    {21, 10296},
    {10, 10428},
    {36, 10516},
    {23, 10736},
    {23, 10868},
    {23, 11000},
    {23, 11132},
    {15, 11264},
    {19, 11352},
    {14, 11484},
    {23, 11572},
    {22, 11704},
    {30, 11836},
    {22, 12012},
    {22, 12144},
    {19, 12276},
    {24, 12408},
    {12, 12540},
    {24, 12628},
    {31, 12760},
    {25, 12936},
    {25, 13112},
    {25, 13288},
    {25, 13464},
    {25, 13640},
    {25, 13816},
    {36, 13992},
    {26, 14212},
    {23, 14388},
    {23, 14520},
    {23, 14652},
    {23, 14784},
    {11, 14916},
    {11, 15004},
    {11, 15092},
    {11, 15180},
    {29, 15268},
    {28, 15444},
    {29, 15620},
    {29, 15796},
    {29, 15972},
    {29, 16148},
    {29, 16324},
    {31, 16500},
    {29, 16676},
    {27, 16852},
    {27, 17028},
    {27, 17204},
    {27, 17380},
    {23, 17556},
    {22, 17688},
    {23, 17820},
    {23, 17952},
    {23, 18084},
    {23, 18216},
    {23, 18348},
    {23, 18480},
    {23, 18612},
    {37, 18744},
    {20, 18964},
    {23, 19096},
    {23, 19228},
    {23, 19360},
    {23, 19492},
    {10, 19624},
    {10, 19712},
    {10, 19800},
    {10, 19888},
    {23, 19976},
    {23, 20108},
    {23, 20240},
    {23, 20372},
    {23, 20504},
    {23, 20636},
    {23, 20768},
    {31, 20900},
    {23, 21076},
    {23, 21208},
    {23, 21340},
    {23, 21472},
    {23, 21604},
    {22, 21736},
    {23, 21868},
    {22, 22000},
    {40, 22132},
    {38, 22352},
    {23, 22572},
    {19, 22704},
    {25, 22836},
    {19, 23012},
    {23, 23144},
    {18, 23276},
    {37, 23408},
    {12, 23628},
    {12, 23716},
    {19, 23804},
    {19, 23936},
    {22, 24068},
    {37, 24200},
};
const UiFont FONT_44_ITAL = {44, FONT_44_ITAL_GLYPHS, FONT_44_ITAL_BITS};

