// GENERATED by tools/make_fonts_read.py -- do not edit by hand.
//
// Literata as the second reading face for the EPUB reader, in the
// same table format and charset as fonts_ui.h.
#pragma once
#include "fonts_ui.h"  // FontGlyph/UiFont and UI_EXTRA_CPS

const uint8_t FONT_LIT_18_REG_BITS[] PROGMEM = {
    0x00,0x00,0x00,0x00,0x00,0x00,0x00,0x00,0x00,0x00,0x00,0x00,0x00,0x00,0x00,0x00,
    0x00,0x00,0x00,0x00,0x00,0x00,0x00,0x40,0x40,0x40,0x40,0x40,0x40,0x40,0x40,0x00,
    0x00,0x00,0x00,0x00,0x00,0x00,0x00,0x00,0x70,0x70,0x40,0x00,0x00,0x00,0x00,0x00,
    0x00,0x00,0x00,0x00,0x00,0x00,0x00,0x00,0x00,0x00,0x00,0x00,0x00,0x24,0x7E,0x24,
    0x28,0xFE,0x08,0x00,0x00,0x00,0x00,0x00,0x00,0x00,0x00,0x00,0x10,0x7C,0x54,0x70,
    0x78,0x3C,0x14,0xD4,0x78,0x10,0x00,0x00,0x00,0x00,0x00,0x00,0x00,0x00,0x00,0x00,
    0x00,0x00,0x00,0x00,0x00,0x00,0x70,0x00,0x52,0x00,0x54,0x00,0x63,0x80,0x0A,0x80,
    0x12,0x80,0x03,0x80,0x00,0x00,0x00,0x00,0x00,0x00,0x00,0x00,0x00,0x00,0x00,0x00,
    0x00,0x00,0x00,0x00,0x00,0x00,0x00,0x00,0x3C,0x00,0x24,0x00,0x2D,0x80,0x39,0x80,
    0x6E,0x00,0x4E,0x00,0x46,0x00,0x3F,0x80,0x00,0x00,0x00,0x00,0x00,0x00,0x00,0x00,
    0x00,0x00,0x00,0x00,0x00,0x00,0x40,0x40,0x40,0x00,0x00,0x00,0x00,0x00,0x00,0x00,
    0x00,0x00,0x00,0x00,0x00,0x00,0x00,0x00,0x20,0x20,0x60,0x40,0x40,0x40,0x40,0x40,
    0x60,0x20,0x20,0x00,0x00,0x00,0x00,0x00,0x00,0x00,0x40,0x40,0x60,0x60,0x20,0x20,
    0x20,0x60,0x60,0x40,0xC0,0x00,0x00,0x00,0x00,0x00,0x00,0x00,0x20,0x70,0x70,0x20,
    0x00,0x00,0x00,0x00,0x00,0x00,0x00,0x00,0x00,0x00,0x00,0x00,0x00,0x00,0x00,0x00,
    0x00,0x10,0x10,0x7C,0x10,0x10,0x00,0x00,0x00,0x00,0x00,0x00,0x00,0x00,0x00,0x00,
    0x00,0x00,0x00,0x00,0x00,0x00,0x00,0x00,0x60,0x20,0x40,0x00,0x00,0x00,0x00,0x00,
    0x00,0x00,0x00,0x00,0x00,0x00,0x00,0xF0,0x00,0x00,0x00,0x00,0x00,0x00,0x00,0x00,
    0x00,0x00,0x00,0x00,0x00,0x00,0x00,0x00,0x00,0x00,0x00,0x40,0x40,0x00,0x00,0x00,
    0x00,0x00,0x00,0x00,0x00,0x00,0x10,0x10,0x10,0x20,0x20,0x20,0x40,0x40,0x40,0x80,
    0x00,0x00,0x00,0x00,0x00,0x00,0x00,0x00,0x00,0x3C,0x64,0x40,0x40,0x40,0x40,0x64,
    0x3C,0x00,0x00,0x00,0x00,0x00,0x00,0x00,0x00,0x00,0x00,0x60,0x20,0x20,0x20,0x20,
    0x20,0x20,0x70,0x00,0x00,0x00,0x00,0x00,0x00,0x00,0x00,0x00,0x00,0x70,0xD8,0x08,
    0x18,0x10,0x20,0x48,0xF8,0x00,0x00,0x00,0x00,0x00,0x00,0x00,0x00,0x00,0x00,0x70,
    0xC8,0x08,0x30,0x18,0x08,0x98,0x70,0x00,0x00,0x00,0x00,0x00,0x00,0x00,0x00,0x00,
    0x00,0x18,0x18,0x28,0x68,0x48,0xFC,0x08,0x1C,0x00,0x00,0x00,0x00,0x00,0x00,0x00,
    0x00,0x00,0x00,0x78,0x40,0xC0,0xF0,0x18,0x08,0x98,0xF0,0x00,0x00,0x00,0x00,0x00,
    0x00,0x00,0x00,0x00,0x00,0x3C,0x64,0x40,0x78,0x4C,0x44,0x4C,0x38,0x00,0x00,0x00,
    0x00,0x00,0x00,0x00,0x00,0x00,0x00,0xF8,0x88,0x10,0x10,0x30,0x20,0x20,0x20,0x00,
    0x00,0x00,0x00,0x00,0x00,0x00,0x00,0x00,0x00,0x7C,0x44,0x44,0x38,0x7C,0x44,0x44,
    0x78,0x00,0x00,0x00,0x00,0x00,0x00,0x00,0x00,0x00,0x00,0x38,0x4C,0x44,0x4C,0x3C,
    0x0C,0x0C,0x78,0x00,0x00,0x00,0x00,0x00,0x00,0x00,0x00,0x00,0x00,0x00,0x00,0x40,
    0x40,0x00,0x00,0x40,0x40,0x00,0x00,0x00,0x00,0x00,0x00,0x00,0x00,0x00,0x00,0x00,
    0x00,0x60,0x60,0x00,0x00,0x00,0x60,0x20,0x40,0x00,0x00,0x00,0x00,0x00,0x00,0x00,
    0x00,0x00,0x00,0x08,0x30,0x60,0x20,0x18,0x00,0x00,0x00,0x00,0x00,0x00,0x00,0x00,
    0x00,0x00,0x00,0x00,0x00,0x00,0x7C,0x00,0x7C,0x00,0x00,0x00,0x00,0x00,0x00,0x00,
    0x00,0x00,0x00,0x00,0x00,0x00,0x00,0x20,0x18,0x0C,0x08,0x30,0x00,0x00,0x00,0x00,
    0x00,0x00,0x00,0x00,0x00,0x00,0x00,0x78,0x48,0x18,0x30,0x20,0x00,0x20,0x20,0x00,
    0x00,0x00,0x00,0x00,0x00,0x00,0x00,0x00,0x00,0x00,0x00,0x00,0x00,0x00,0x00,0x00,
    0x1E,0x00,0x31,0x00,0x6F,0x80,0x52,0x80,0x56,0x80,0x57,0x80,0x7B,0x00,0x20,0x00,
    0x1E,0x00,0x00,0x00,0x00,0x00,0x00,0x00,0x00,0x00,0x00,0x00,0x00,0x18,0x18,0x3C,
    0x2C,0x24,0x7E,0x46,0xE7,0x00,0x00,0x00,0x00,0x00,0x00,0x00,0x00,0x00,0x00,0x7E,
    0x22,0x26,0x3C,0x26,0x22,0x26,0x7C,0x00,0x00,0x00,0x00,0x00,0x00,0x00,0x00,0x00,
    0x00,0x3E,0x62,0x42,0x40,0x40,0x40,0x62,0x3E,0x00,0x00,0x00,0x00,0x00,0x00,0x00,
    0x00,0x00,0x00,0x7E,0x23,0x23,0x21,0x21,0x23,0x22,0x7C,0x00,0x00,0x00,0x00,0x00,
    0x00,0x00,0x00,0x00,0x00,0x7C,0x24,0x20,0x3C,0x24,0x20,0x22,0x7E,0x00,0x00,0x00,
    0x00,0x00,0x00,0x00,0x00,0x00,0x00,0x7C,0x24,0x20,0x24,0x3C,0x24,0x20,0x70,0x00,
    0x00,0x00,0x00,0x00,0x00,0x00,0x00,0x00,0x00,0x3E,0x62,0x42,0x40,0x47,0x42,0x62,
    0x3E,0x00,0x00,0x00,0x00,0x00,0x00,0x00,0x00,0x00,0x00,0x00,0x00,0x00,0x00,0x00,
    0x73,0x80,0x21,0x00,0x21,0x00,0x3F,0x00,0x21,0x00,0x21,0x00,0x21,0x00,0x73,0x80,
    0x00,0x00,0x00,0x00,0x00,0x00,0x00,0x00,0x00,0x00,0x00,0x00,0x00,0x00,0x00,0x70,
    0x20,0x20,0x20,0x20,0x20,0x20,0x70,0x00,0x00,0x00,0x00,0x00,0x00,0x00,0x00,0x00,
    0x00,0x1C,0x08,0x08,0x08,0x08,0x08,0x48,0x70,0x00,0x00,0x00,0x00,0x00,0x00,0x00,
    0x00,0x00,0x00,0x77,0x24,0x28,0x38,0x38,0x2C,0x26,0x73,0x00,0x00,0x00,0x00,0x00,
    0x00,0x00,0x00,0x00,0x00,0x70,0x20,0x20,0x20,0x20,0x20,0x26,0x7E,0x00,0x00,0x00,
    0x00,0x00,0x00,0x00,0x00,0x00,0x00,0x00,0x00,0x00,0x00,0x00,0x71,0xC0,0x31,0x80,
    0x3B,0x80,0x2A,0x80,0x2A,0x80,0x2C,0x80,0x24,0x80,0x71,0xC0,0x00,0x00,0x00,0x00,
    0x00,0x00,0x00,0x00,0x00,0x00,0x00,0x00,0x00,0x00,0x00,0x00,0x00,0x00,0x00,0x00,
    0x73,0x80,0x39,0x00,0x29,0x00,0x2D,0x00,0x25,0x00,0x27,0x00,0x23,0x00,0x73,0x00,
    0x00,0x00,0x00,0x00,0x00,0x00,0x00,0x00,0x00,0x00,0x00,0x00,0x00,0x00,0x00,0x3E,
    0x63,0x43,0x41,0x41,0x43,0x62,0x3C,0x00,0x00,0x00,0x00,0x00,0x00,0x00,0x00,0x00,
    0x00,0x7C,0x26,0x22,0x26,0x3C,0x20,0x20,0x70,0x00,0x00,0x00,0x00,0x00,0x00,0x00,
    0x00,0x00,0x00,0x3E,0x63,0x43,0x41,0x41,0x7B,0x6E,0x3E,0x02,0x03,0x00,0x00,0x00,
    0x00,0x00,0x00,0x00,0x00,0x7C,0x22,0x26,0x3C,0x2C,0x26,0x26,0x73,0x00,0x00,0x00,
    0x00,0x00,0x00,0x00,0x00,0x00,0x00,0x7C,0x4C,0x40,0x70,0x1C,0x04,0xC4,0x78,0x00,
    0x00,0x00,0x00,0x00,0x00,0x00,0x00,0x00,0x00,0x7F,0x49,0x08,0x08,0x08,0x08,0x08,
    0x1C,0x00,0x00,0x00,0x00,0x00,0x00,0x00,0x00,0x00,0x00,0x00,0x00,0x00,0x00,0x00,
    0x73,0x80,0x21,0x00,0x21,0x00,0x21,0x00,0x21,0x00,0x21,0x00,0x33,0x00,0x1E,0x00,
    0x00,0x00,0x00,0x00,0x00,0x00,0x00,0x00,0x00,0x00,0x00,0x00,0x00,0x00,0x00,0xE7,
    0x62,0x66,0x24,0x34,0x34,0x18,0x18,0x00,0x00,0x00,0x00,0x00,0x00,0x00,0x00,0x00,
    0x00,0x00,0x00,0x00,0x00,0x00,0xE6,0x70,0x66,0x20,0x67,0x60,0x2B,0x40,0x29,0x40,
    0x29,0x40,0x39,0xC0,0x11,0x80,0x00,0x00,0x00,0x00,0x00,0x00,0x00,0x00,0x00,0x00,
    0x00,0x00,0x00,0x00,0x00,0xE6,0x64,0x38,0x18,0x18,0x2C,0x64,0xE7,0x00,0x00,0x00,
    0x00,0x00,0x00,0x00,0x00,0x00,0x00,0xE6,0x44,0x68,0x38,0x10,0x10,0x10,0x38,0x00,
    0x00,0x00,0x00,0x00,0x00,0x00,0x00,0x00,0x00,0x7E,0x46,0x0C,0x08,0x18,0x30,0x62,
    0x7E,0x00,0x00,0x00,0x00,0x00,0x00,0x00,0x00,0x60,0x40,0x40,0x40,0x40,0x40,0x40,
    0x40,0x40,0x40,0x40,0x60,0x00,0x00,0x00,0x00,0x00,0x00,0x80,0x80,0x40,0x40,0x40,
    0x20,0x20,0x20,0x10,0x10,0x18,0x00,0x00,0x00,0x00,0x00,0x00,0x00,0x60,0x20,0x20,
    0x20,0x20,0x20,0x20,0x20,0x20,0x20,0x20,0x60,0x00,0x00,0x00,0x00,0x00,0x00,0x00,
    0x00,0x30,0x38,0x48,0x44,0x00,0x00,0x00,0x00,0x00,0x00,0x00,0x00,0x00,0x00,0x00,
    0x00,0x00,0x00,0x00,0x00,0x00,0x00,0x00,0x00,0x00,0x00,0xF8,0x00,0x00,0x00,0x00,
    0x00,0x00,0x00,0x00,0x60,0x20,0x00,0x00,0x00,0x00,0x00,0x00,0x00,0x00,0x00,0x00,
    0x00,0x00,0x00,0x00,0x00,0x00,0x00,0x00,0x00,0x78,0x48,0x38,0x48,0x48,0x7C,0x00,
    0x00,0x00,0x00,0x00,0x00,0x00,0x00,0x00,0xC0,0x40,0x40,0x78,0x4C,0x44,0x44,0x4C,
    0x78,0x00,0x00,0x00,0x00,0x00,0x00,0x00,0x00,0x00,0x00,0x00,0x00,0x38,0x68,0x40,
    0x40,0x60,0x38,0x00,0x00,0x00,0x00,0x00,0x00,0x00,0x00,0x00,0x0C,0x04,0x04,0x3C,
    0x64,0x44,0x44,0x4C,0x3E,0x00,0x00,0x00,0x00,0x00,0x00,0x00,0x00,0x00,0x00,0x00,
    0x00,0x38,0x44,0x7C,0x40,0x60,0x3C,0x00,0x00,0x00,0x00,0x00,0x00,0x00,0x00,0x00,
    0x30,0x20,0x20,0x70,0x20,0x20,0x20,0x20,0x70,0x00,0x00,0x00,0x00,0x00,0x00,0x00,
    0x00,0x00,0x00,0x00,0x00,0x78,0x44,0x4C,0x78,0x40,0x7C,0x44,0x7C,0x00,0x00,0x00,
    0x00,0x00,0x00,0x00,0x60,0x20,0x20,0x3E,0x22,0x22,0x22,0x22,0x76,0x00,0x00,0x00,
    0x00,0x00,0x00,0x00,0x00,0x00,0x40,0x40,0x00,0xC0,0x40,0x40,0x40,0x40,0xE0,0x00,
    0x00,0x00,0x00,0x00,0x00,0x00,0x00,0x00,0x40,0x40,0x00,0xC0,0x40,0x40,0x40,0x40,
    0x40,0x40,0xC0,0x00,0x00,0x00,0x00,0x00,0x00,0x00,0x60,0x20,0x20,0x2E,0x28,0x38,
    0x38,0x2C,0x76,0x00,0x00,0x00,0x00,0x00,0x00,0x00,0x00,0x00,0x60,0x20,0x20,0x20,
    0x20,0x20,0x20,0x20,0x70,0x00,0x00,0x00,0x00,0x00,0x00,0x00,0x00,0x00,0x00,0x00,
    0x00,0x00,0x00,0x00,0x00,0x00,0x00,0x00,0x7F,0x80,0x24,0x80,0x24,0x80,0x24,0x80,
    0x24,0x80,0x7F,0xC0,0x00,0x00,0x00,0x00,0x00,0x00,0x00,0x00,0x00,0x00,0x00,0x00,
    0x00,0x00,0x00,0x00,0x00,0x7E,0x22,0x22,0x22,0x22,0x76,0x00,0x00,0x00,0x00,0x00,
    0x00,0x00,0x00,0x00,0x00,0x00,0x00,0x38,0x4C,0x44,0x44,0x6C,0x38,0x00,0x00,0x00,
    0x00,0x00,0x00,0x00,0x00,0x00,0x00,0x00,0x00,0xF8,0x4C,0x44,0x44,0x4C,0x78,0x40,
    0xE0,0x00,0x00,0x00,0x00,0x00,0x00,0x00,0x00,0x00,0x00,0x3C,0x64,0x44,0x44,0x4C,
    0x3C,0x04,0x0E,0x00,0x00,0x00,0x00,0x00,0x00,0x00,0x00,0x00,0x00,0x78,0x28,0x20,
    0x20,0x20,0x70,0x00,0x00,0x00,0x00,0x00,0x00,0x00,0x00,0x00,0x00,0x00,0x00,0x78,
    0x48,0x70,0x18,0x48,0x78,0x00,0x00,0x00,0x00,0x00,0x00,0x00,0x00,0x00,0x00,0x40,
    0xC0,0xF0,0x40,0x40,0x40,0x40,0x70,0x00,0x00,0x00,0x00,0x00,0x00,0x00,0x00,0x00,
    0x00,0x00,0x00,0xCC,0x44,0x44,0x44,0x4C,0x7E,0x00,0x00,0x00,0x00,0x00,0x00,0x00,
    0x00,0x00,0x00,0x00,0x00,0xEC,0x4C,0x68,0x28,0x30,0x30,0x00,0x00,0x00,0x00,0x00,
    0x00,0x00,0x00,0x00,0x00,0x00,0x00,0x00,0x00,0x00,0x00,0x00,0x00,0x00,0xED,0x80,
    0x4C,0x80,0x7D,0x00,0x77,0x00,0x37,0x00,0x32,0x00,0x00,0x00,0x00,0x00,0x00,0x00,
    0x00,0x00,0x00,0x00,0x00,0x00,0x00,0x00,0x00,0x00,0x00,0xEC,0x68,0x30,0x30,0x58,
    0xFC,0x00,0x00,0x00,0x00,0x00,0x00,0x00,0x00,0x00,0x00,0x00,0x00,0xEC,0x48,0x68,
    0x30,0x30,0x30,0xA0,0xC0,0x00,0x00,0x00,0x00,0x00,0x00,0x00,0x00,0x00,0x00,0x78,
    0x48,0x10,0x30,0x20,0x78,0x00,0x00,0x00,0x00,0x00,0x00,0x00,0x00,0x30,0x20,0x20,
    0x20,0x20,0x60,0x20,0x20,0x20,0x20,0x20,0x30,0x00,0x00,0x00,0x00,0x00,0x00,0x20,
    0x20,0x20,0x20,0x20,0x20,0x20,0x20,0x20,0x20,0x20,0x00,0x00,0x00,0x00,0x00,0x00,
    0x00,0x60,0x20,0x20,0x20,0x20,0x30,0x20,0x20,0x20,0x20,0x20,0x60,0x00,0x00,0x00,
    0x00,0x00,0x00,0x00,0x00,0x00,0x00,0x00,0x00,0x7C,0x00,0x00,0x00,0x00,0x00,0x00,
    0x00,0x00,0x00,0x00,0x00,0x00,0x70,0x50,0x70,0x00,0x00,0x00,0x00,0x00,0x00,0x00,
    0x00,0x00,0x00,0x00,0x00,0x00,0x00,0x00,0x70,0x10,0x30,0x60,0xF0,0x00,0x00,0x00,
    0x00,0x00,0x00,0x00,0x00,0x00,0x00,0x00,0x00,0x00,0x70,0x10,0x30,0x10,0x70,0x00,
    0x00,0x00,0x00,0x00,0x00,0x00,0x00,0x00,0x00,0x00,0x00,0x00,0xC0,0x40,0x40,0x40,
    0xE0,0x00,0x00,0x00,0x00,0x00,0x00,0x00,0x00,0x00,0x00,0x00,0x00,0x00,0x00,0x00,
    0x00,0x00,0x00,0x00,0x61,0x00,0x23,0x00,0x22,0x40,0x24,0xC0,0x75,0x40,0x09,0x40,
    0x1B,0xC0,0x10,0x40,0x00,0x00,0x00,0x00,0x00,0x00,0x00,0x00,0x00,0x00,0x00,0x00,
    0x00,0x00,0x00,0x00,0x00,0x00,0x00,0x00,0x61,0x00,0x21,0x00,0x23,0xC0,0x27,0x00,
    0x74,0x00,0x08,0x40,0x08,0x80,0x11,0xC0,0x00,0x00,0x00,0x00,0x00,0x00,0x00,0x00,
    0x00,0x00,0x00,0x00,0x00,0x00,0x00,0x00,0x00,0x00,0x70,0x00,0x92,0x00,0x36,0x00,
    0x34,0x80,0x1D,0x80,0xE8,0x80,0x1A,0x80,0x13,0xC0,0x10,0x80,0x00,0x00,0x00,0x00,
    0x00,0x00,0x00,0x00,0x00,0x00,0x00,0x00,0x10,0x18,0x00,0x18,0x18,0x3C,0x2C,0x24,
    0x7E,0x46,0xE7,0x00,0x00,0x00,0x00,0x00,0x00,0x00,0x08,0x18,0x00,0x18,0x18,0x3C,
    0x2C,0x24,0x7E,0x46,0xE7,0x00,0x00,0x00,0x00,0x00,0x00,0x00,0x18,0x34,0x00,0x18,
    0x18,0x3C,0x2C,0x24,0x7E,0x46,0xE7,0x00,0x00,0x00,0x00,0x00,0x00,0x00,0x1C,0x3C,
    0x00,0x18,0x18,0x3C,0x2C,0x24,0x7E,0x46,0xE7,0x00,0x00,0x00,0x00,0x00,0x00,0x00,
    0x00,0x28,0x00,0x30,0x38,0x38,0x28,0x4C,0x7C,0x44,0xCE,0x00,0x00,0x00,0x00,0x00,
    0x00,0x18,0x1C,0x18,0x00,0x18,0x1C,0x1C,0x24,0x26,0x3E,0x42,0xE7,0x00,0x00,0x00,
    0x00,0x00,0x00,0x00,0x00,0x00,0x00,0x00,0x00,0x00,0x00,0x00,0x0F,0xC0,0x0A,0x40,
    0x1A,0x00,0x12,0x40,0x3F,0xC0,0x22,0x00,0x62,0x20,0xE7,0xE0,0x00,0x00,0x00,0x00,
    0x00,0x00,0x00,0x00,0x00,0x00,0x00,0x00,0x00,0x00,0x00,0x3E,0x62,0x42,0x40,0x40,
    0x40,0x62,0x3C,0x08,0x0C,0x18,0x00,0x00,0x00,0x00,0x30,0x18,0x00,0x7C,0x24,0x20,
    0x3C,0x24,0x20,0x22,0x7E,0x00,0x00,0x00,0x00,0x00,0x00,0x00,0x08,0x10,0x00,0x7C,
    0x24,0x20,0x3C,0x24,0x20,0x22,0x7E,0x00,0x00,0x00,0x00,0x00,0x00,0x00,0x18,0x28,
    0x00,0x7C,0x24,0x20,0x3C,0x24,0x20,0x22,0x7E,0x00,0x00,0x00,0x00,0x00,0x00,0x00,
    0x00,0x28,0x00,0x7C,0x24,0x20,0x38,0x28,0x20,0x24,0x7C,0x00,0x00,0x00,0x00,0x00,
    0x00,0x00,0x40,0x20,0x00,0x70,0x20,0x20,0x20,0x20,0x20,0x20,0x70,0x00,0x00,0x00,
    0x00,0x00,0x00,0x00,0x30,0x60,0x00,0x70,0x20,0x20,0x20,0x20,0x20,0x20,0x70,0x00,
    0x00,0x00,0x00,0x00,0x00,0x00,0x60,0x50,0x00,0x70,0x20,0x20,0x20,0x20,0x20,0x20,
    0x70,0x00,0x00,0x00,0x00,0x00,0x00,0x00,0x00,0x50,0x00,0x70,0x20,0x20,0x20,0x20,
    0x20,0x20,0x70,0x00,0x00,0x00,0x00,0x00,0x00,0x00,0x00,0x00,0x00,0x7E,0x23,0x23,
    0xF9,0x21,0x23,0x22,0x7C,0x00,0x00,0x00,0x00,0x00,0x00,0x00,0x00,0x00,0x1C,0x00,
    0x1C,0x00,0x00,0x00,0x73,0x80,0x39,0x00,0x29,0x00,0x2D,0x00,0x25,0x00,0x27,0x00,
    0x23,0x00,0x73,0x00,0x00,0x00,0x00,0x00,0x00,0x00,0x00,0x00,0x00,0x00,0x00,0x00,
    0x18,0x08,0x00,0x3E,0x63,0x43,0x41,0x41,0x43,0x62,0x3C,0x00,0x00,0x00,0x00,0x00,
    0x00,0x00,0x0C,0x18,0x00,0x3E,0x63,0x43,0x41,0x41,0x43,0x62,0x3C,0x00,0x00,0x00,
    0x00,0x00,0x00,0x08,0x1C,0x14,0x00,0x3E,0x63,0x43,0x41,0x41,0x43,0x62,0x3C,0x00,
    0x00,0x00,0x00,0x00,0x00,0x00,0x1C,0x1C,0x00,0x3E,0x63,0x43,0x41,0x41,0x43,0x62,
    0x3C,0x00,0x00,0x00,0x00,0x00,0x00,0x00,0x00,0x14,0x00,0x3E,0x63,0x43,0x41,0x41,
    0x43,0x62,0x3C,0x00,0x00,0x00,0x00,0x00,0x00,0x00,0x00,0x00,0x00,0x00,0x00,0x08,
    0x38,0x30,0x38,0x00,0x00,0x00,0x00,0x00,0x00,0x00,0x00,0x00,0x00,0x00,0x00,0x3F,
    0x63,0x47,0x49,0x49,0x53,0x62,0x7C,0x00,0x00,0x00,0x00,0x00,0x00,0x00,0x00,0x00,
    0x18,0x00,0x0C,0x00,0x00,0x00,0x73,0x80,0x21,0x00,0x21,0x00,0x21,0x00,0x21,0x00,
    0x21,0x00,0x33,0x00,0x1E,0x00,0x00,0x00,0x00,0x00,0x00,0x00,0x00,0x00,0x00,0x00,
    0x00,0x00,0x00,0x00,0x04,0x00,0x08,0x00,0x00,0x00,0x73,0x80,0x21,0x00,0x21,0x00,
    0x21,0x00,0x21,0x00,0x21,0x00,0x33,0x00,0x1E,0x00,0x00,0x00,0x00,0x00,0x00,0x00,
    0x00,0x00,0x00,0x00,0x00,0x00,0x00,0x00,0x0C,0x00,0x14,0x00,0x00,0x00,0x73,0x80,
    0x21,0x00,0x21,0x00,0x21,0x00,0x21,0x00,0x21,0x00,0x33,0x00,0x1E,0x00,0x00,0x00,
    0x00,0x00,0x00,0x00,0x00,0x00,0x00,0x00,0x00,0x00,0x00,0x00,0x00,0x00,0x12,0x00,
    0x00,0x00,0x73,0x80,0x21,0x00,0x21,0x00,0x21,0x00,0x21,0x00,0x21,0x00,0x33,0x00,
    0x1E,0x00,0x00,0x00,0x00,0x00,0x00,0x00,0x00,0x00,0x00,0x00,0x00,0x00,0x08,0x10,
    0x00,0xE6,0x44,0x68,0x38,0x10,0x10,0x10,0x38,0x00,0x00,0x00,0x00,0x00,0x00,0x00,
    0x00,0x00,0x00,0x70,0x3C,0x26,0x22,0x26,0x3C,0x20,0x70,0x00,0x00,0x00,0x00,0x00,
    0x00,0x00,0x00,0x00,0x1E,0x22,0x26,0x68,0x28,0x2E,0x22,0x38,0x7E,0x00,0x00,0x00,
    0x00,0x00,0x00,0x00,0x00,0x00,0x20,0x10,0x00,0x78,0x48,0x38,0x48,0x48,0x7C,0x00,
    0x00,0x00,0x00,0x00,0x00,0x00,0x00,0x00,0x10,0x20,0x00,0x78,0x48,0x38,0x48,0x58,
    0x7C,0x00,0x00,0x00,0x00,0x00,0x00,0x00,0x00,0x00,0x30,0x58,0x00,0x78,0x48,0x38,
    0x48,0x48,0x7C,0x00,0x00,0x00,0x00,0x00,0x00,0x00,0x00,0x00,0x78,0x70,0x00,0x78,
    0x48,0x38,0x48,0x48,0x7C,0x00,0x00,0x00,0x00,0x00,0x00,0x00,0x00,0x00,0x28,0x00,
    0x00,0x78,0x48,0x38,0x48,0x48,0x7C,0x00,0x00,0x00,0x00,0x00,0x00,0x00,0x00,0x00,
    0x30,0x30,0x00,0x78,0x48,0x38,0x48,0x48,0x7C,0x00,0x00,0x00,0x00,0x00,0x00,0x00,
    0x00,0x00,0x00,0x00,0x00,0x00,0x00,0x00,0x00,0x00,0x00,0x00,0x7F,0x00,0x48,0x80,
    0x3F,0x80,0x48,0x00,0x4C,0x80,0x77,0x80,0x00,0x00,0x00,0x00,0x00,0x00,0x00,0x00,
    0x00,0x00,0x00,0x00,0x00,0x00,0x00,0x00,0x00,0x38,0x68,0x40,0x40,0x60,0x38,0x10,
    0x18,0x30,0x00,0x00,0x00,0x00,0x00,0x00,0x30,0x18,0x00,0x3C,0x44,0x7C,0x40,0x60,
    0x3C,0x00,0x00,0x00,0x00,0x00,0x00,0x00,0x00,0x00,0x18,0x10,0x00,0x3C,0x44,0x7C,
    0x40,0x60,0x3C,0x00,0x00,0x00,0x00,0x00,0x00,0x00,0x00,0x00,0x18,0x28,0x00,0x38,
    0x44,0x7C,0x40,0x60,0x3C,0x00,0x00,0x00,0x00,0x00,0x00,0x00,0x00,0x00,0x28,0x00,
    0x00,0x38,0x44,0x7C,0x40,0x60,0x3C,0x00,0x00,0x00,0x00,0x00,0x00,0x00,0x00,0x00,
    0x40,0x20,0x00,0x60,0x20,0x20,0x20,0x20,0x70,0x00,0x00,0x00,0x00,0x00,0x00,0x00,
    0x00,0x00,0x20,0x40,0x00,0x60,0x20,0x20,0x20,0x20,0x70,0x00,0x00,0x00,0x00,0x00,
    0x00,0x00,0x00,0x00,0x60,0x90,0x00,0x60,0x20,0x20,0x20,0x20,0x70,0x00,0x00,0x00,
    0x00,0x00,0x00,0x00,0x00,0x00,0xA0,0x00,0x00,0xE0,0x20,0x20,0x20,0x20,0xE0,0x00,
    0x00,0x00,0x00,0x00,0x00,0x00,0x00,0x00,0x38,0x18,0x0C,0x3C,0x4C,0x44,0x44,0x4C,
    0x38,0x00,0x00,0x00,0x00,0x00,0x00,0x00,0x00,0x00,0x1C,0x0C,0x00,0x7E,0x22,0x22,
    0x22,0x22,0x76,0x00,0x00,0x00,0x00,0x00,0x00,0x00,0x00,0x00,0x30,0x10,0x00,0x38,
    0x4C,0x44,0x44,0x6C,0x38,0x00,0x00,0x00,0x00,0x00,0x00,0x00,0x00,0x00,0x18,0x10,
    0x00,0x38,0x4C,0x44,0x44,0x6C,0x38,0x00,0x00,0x00,0x00,0x00,0x00,0x00,0x00,0x00,
    0x10,0x28,0x00,0x38,0x4C,0x44,0x44,0x6C,0x38,0x00,0x00,0x00,0x00,0x00,0x00,0x00,
    0x00,0x00,0x38,0x38,0x00,0x38,0x4C,0x44,0x44,0x6C,0x38,0x00,0x00,0x00,0x00,0x00,
    0x00,0x00,0x00,0x00,0x28,0x00,0x00,0x38,0x4C,0x44,0x44,0x6C,0x38,0x00,0x00,0x00,
    0x00,0x00,0x00,0x00,0x00,0x00,0x00,0x00,0x00,0x10,0x00,0x7C,0x10,0x00,0x00,0x00,
    0x00,0x00,0x00,0x00,0x00,0x00,0x00,0x00,0x00,0x00,0x00,0x3C,0x4C,0x5C,0x64,0x6C,
    0x78,0x00,0x00,0x00,0x00,0x00,0x00,0x00,0x00,0x00,0x30,0x10,0x00,0xCC,0x44,0x44,
    0x44,0x4C,0x7E,0x00,0x00,0x00,0x00,0x00,0x00,0x00,0x00,0x00,0x10,0x20,0x00,0xCC,
    0x44,0x44,0x44,0x4C,0x7E,0x00,0x00,0x00,0x00,0x00,0x00,0x00,0x00,0x00,0x30,0x68,
    0x00,0xCC,0x44,0x44,0x44,0x4C,0x7E,0x00,0x00,0x00,0x00,0x00,0x00,0x00,0x00,0x00,
    0x28,0x00,0xCC,0xCC,0x44,0x44,0x44,0x4C,0x7E,0x00,0x00,0x00,0x00,0x00,0x00,0x00,
    0x00,0x00,0x18,0x10,0x00,0xEC,0x48,0x68,0x30,0x30,0x30,0xA0,0xC0,0x00,0x00,0x00,
    0x00,0x00,0x00,0x00,0xC0,0x40,0x40,0x78,0x4C,0x44,0x44,0x4C,0x78,0x40,0xE0,0x00,
    0x00,0x00,0x00,0x00,0x00,0x00,0x28,0x00,0x00,0xEC,0x48,0x68,0x30,0x30,0x30,0xE0,
    0xE0,0x00,0x00,0x00,0x00,0x00,0x00,0x00,0x00,0x00,0x00,0x00,0x00,0x00,0x3F,0xE0,
    0x63,0x20,0x43,0x00,0x41,0xE0,0x41,0x20,0x41,0x00,0x63,0x10,0x3F,0xF0,0x00,0x00,
    0x00,0x00,0x00,0x00,0x00,0x00,0x00,0x00,0x00,0x00,0x00,0x00,0x00,0x00,0x00,0x00,
    0x00,0x00,0x00,0x00,0x00,0x00,0x3B,0x80,0x4C,0x40,0x47,0xC0,0x44,0x00,0x6E,0x00,
    0x3B,0xC0,0x00,0x00,0x00,0x00,0x00,0x00,0x00,0x00,0x00,0x00,0x00,0x00,0x38,0x30,
    0x00,0x7C,0x4C,0x40,0x70,0x1C,0x04,0xC4,0x78,0x00,0x00,0x00,0x00,0x00,0x00,0x00,
    0x00,0x00,0x70,0x30,0x00,0x78,0x48,0x70,0x18,0x48,0x78,0x00,0x00,0x00,0x00,0x00,
    0x00,0x00,0x00,0x28,0x00,0xEE,0x44,0x68,0x38,0x10,0x10,0x10,0x38,0x00,0x00,0x00,
    0x00,0x00,0x00,0x00,0x3C,0x18,0x00,0x7E,0x46,0x0C,0x08,0x18,0x30,0x62,0x7E,0x00,
    0x00,0x00,0x00,0x00,0x00,0x00,0x00,0x00,0x38,0x10,0x00,0x78,0x48,0x10,0x30,0x20,
    0x78,0x00,0x00,0x00,0x00,0x00,0x00,0x00,0x00,0x00,0x00,0x00,0x00,0x00,0x00,0xF8,
    0x00,0x00,0x00,0x00,0x00,0x00,0x00,0x00,0x00,0x00,0x00,0x00,0x00,0x00,0x00,0x00,
    0x00,0x00,0x00,0x00,0x00,0x00,0x00,0x00,0x00,0x00,0xFF,0xE0,0x00,0x00,0x00,0x00,
    0x00,0x00,0x00,0x00,0x00,0x00,0x00,0x00,0x00,0x00,0x00,0x00,0x00,0x00,0x00,0x00,
    0x00,0x40,0x60,0x00,0x00,0x00,0x00,0x00,0x00,0x00,0x00,0x00,0x00,0x00,0x00,0x00,
    0x00,0x00,0x60,0x20,0x00,0x00,0x00,0x00,0x00,0x00,0x00,0x00,0x00,0x00,0x00,0x00,
    0x00,0x00,0x00,0x00,0x00,0x50,0x78,0x00,0x00,0x00,0x00,0x00,0x00,0x00,0x00,0x00,
    0x00,0x00,0x00,0x00,0x00,0x00,0x78,0x28,0x00,0x00,0x00,0x00,0x00,0x00,0x00,0x00,
    0x00,0x00,0x00,0x00,0x00,0x00,0x00,0x00,0x00,0x00,0x00,0x00,0x00,0x60,0x60,0x00,
    0x00,0x00,0x00,0x00,0x00,0x00,0x00,0x00,0x00,0x00,0x00,0x00,0x00,0x00,0x00,0x00,
    0x00,0x00,0x00,0x00,0x00,0x00,0x00,0x00,0x00,0x00,0x00,0x00,0x44,0x40,0x44,0x40,
    0x00,0x00,0x00,0x00,0x00,0x00,0x00,0x00,0x00,0x00,0x00,0x00,0x00,0x00,0x00,0x00,
    0x00,0x00,0x00,0x00,0x61,0x00,0x21,0x00,0x23,0xE0,0x27,0x20,0x74,0x60,0x08,0x60,
    0x08,0x20,0x11,0xE0,0x00,0x00,0x00,0x00,0x00,0x00,0x00,0x00,0x00,0x00,0x00,0x00,
    0x00,0x00,0x00,0x00,0x00,0x00,0x00,0x00,0xF1,0x00,0x12,0x00,0x33,0xC0,0x57,0x40,
    0xF4,0xC0,0x08,0xC0,0x18,0x40,0x11,0xC0,0x00,0x00,0x00,0x00,0x00,0x00,0x00,0x00,
    0x00,0x00,0x00,0x00,0x00,0x00,0x00,0x00,0x00,0x00,0x00,0x00,0x61,0x00,0x21,0x00,
    0x23,0xC0,0x24,0x40,0x74,0xC0,0x09,0xC0,0x09,0x40,0x11,0xC0,0x00,0x00,0x00,0x00,
    0x00,0x00,0x00,0x00,0x00,0x00,0x00,0x00,0x00,0x00,0x00,0x00,0x00,0x00,0x00,0x00,
    0xF2,0x00,0x32,0x00,0x37,0xC0,0x16,0x40,0xFB,0xC0,0x0B,0xC0,0x12,0x40,0x13,0xC0,
    0x00,0x00,0x00,0x00,0x00,0x00,0x00,0x00,0x00,0x00,0x00,0x00,0x00,0x00,0x00,0x00,
    0x00,0x00,0x00,0x00,0xF2,0x00,0x82,0x00,0x77,0xC0,0x16,0x40,0xFB,0xC0,0x0B,0xC0,
    0x12,0x40,0x13,0xC0,0x00,0x00,0x00,0x00,0x00,0x00,0x00,0x00,0x00,0x00,0x00,0x00,
    0x00,0x00,0x00,0x00,0x00,0x00,0x00,0x00,0xF4,0x00,0x24,0x00,0x6F,0x80,0x4C,0x80,
    0x57,0x80,0x17,0x80,0x24,0xC0,0x67,0x80,0x00,0x00,0x00,0x00,0x00,0x00,0x00,0x00,
    0x00,0x00,
};
const FontGlyph FONT_LIT_18_REG_GLYPHS[187] PROGMEM = {
    {2, 0},
    {4, 18},
    {4, 36},
    {7, 54},
    {6, 72},
    {9, 90},
    {9, 126},
    {3, 162},
    {4, 180},
    {4, 198},
    {5, 216},
    {6, 234},
    {4, 252},
    {4, 270},
    {4, 288},
    {5, 306},
    {6, 324},
    {4, 342},
    {6, 360},
    {6, 378},
    {6, 396},
    {6, 414},
    {6, 432},
    {6, 450},
    {6, 468},
    {6, 486},
    {4, 504},
    {4, 522},
    {6, 540},
    {6, 558},
    {6, 576},
    {6, 594},
    {9, 612},
    {8, 648},
    {7, 666},
    {8, 684},
    {8, 702},
    {7, 720},
    {7, 738},
    {8, 756},
    {9, 774},
    {4, 810},
    {6, 828},
    {8, 846},
    {7, 864},
    {11, 882},
    {9, 918},
    {8, 954},
    {7, 972},
    {8, 990},
    {8, 1008},
    {7, 1026},
    {8, 1044},
    {9, 1062},
    {8, 1098},
    {12, 1116},
    {8, 1152},
    {8, 1170},
    {7, 1188},
    {4, 1206},
    {5, 1224},
    {4, 1242},
    {6, 1260},
    {5, 1278},
    {6, 1296},
    {6, 1314},
    {7, 1332},
    {5, 1350},
    {7, 1368},
    {6, 1386},
    {4, 1404},
    {6, 1422},
    {7, 1440},
    {4, 1458},
    {3, 1476},
    {7, 1494},
    {4, 1512},
    {11, 1530},
    {7, 1566},
    {6, 1584},
    {7, 1602},
    {7, 1620},
    {5, 1638},
    {5, 1656},
    {4, 1674},
    {7, 1692},
    {6, 1710},
    {9, 1728},
    {6, 1764},
    {6, 1782},
    {5, 1800},
    {4, 1818},
    {5, 1836},
    {4, 1854},
    {6, 1872},
    {4, 1890},
    {4, 1908},
    {5, 1926},
    {4, 1944},
    {10, 1962},
    {10, 1998},
    {10, 2034},
    {8, 2070},
    {8, 2088},
    {8, 2106},
    {8, 2124},
    {8, 2142},
    {8, 2160},
    {11, 2178},
    {8, 2214},
    {7, 2232},
    {7, 2250},
    {7, 2268},
    {7, 2286},
    {4, 2304},
    {4, 2322},
    {4, 2340},
    {4, 2358},
    {8, 2376},
    {9, 2394},
    {8, 2430},
    {8, 2448},
    {8, 2466},
    {8, 2484},
    {8, 2502},
    {6, 2520},
    {8, 2538},
    {9, 2556},
    {9, 2592},
    {9, 2628},
    {9, 2664},
    {8, 2700},
    {7, 2718},
    {7, 2736},
    {6, 2754},
    {6, 2772},
    {6, 2790},
    {6, 2808},
    {6, 2826},
    {6, 2844},
    {9, 2862},
    {5, 2898},
    {6, 2916},
    {6, 2934},
    {6, 2952},
    {6, 2970},
    {4, 2988},
    {4, 3006},
    {4, 3024},
    {4, 3042},
    {6, 3060},
    {7, 3078},
    {6, 3096},
    {6, 3114},
    {6, 3132},
    {6, 3150},
    {6, 3168},
    {6, 3186},
    {6, 3204},
    {7, 3222},
    {7, 3240},
    {7, 3258},
    {7, 3276},
    {6, 3294},
    {7, 3312},
    {6, 3330},
    {12, 3348},
    {10, 3384},
    {7, 3420},
    {5, 3438},
    {8, 3456},
    {7, 3474},
    {5, 3492},
    {6, 3510},
    {11, 3528},
    {4, 3564},
    {4, 3582},
    {6, 3600},
    {6, 3618},
    {4, 3636},
    {10, 3654},
    {11, 3690},
    {11, 3726},
    {10, 3762},
    {11, 3798},
    {11, 3834},
    {10, 3870},
};
const UiFont FONT_LIT_18_REG = {18, FONT_LIT_18_REG_GLYPHS, FONT_LIT_18_REG_BITS};

const uint8_t FONT_LIT_18_BOLD_BITS[] PROGMEM = {
    0x00,0x00,0x00,0x00,0x00,0x00,0x00,0x00,0x00,0x00,0x00,0x00,0x00,0x00,0x00,0x00,
    0x00,0x00,0x00,0x00,0x00,0x00,0x00,0x60,0x60,0x60,0x20,0x20,0x20,0x60,0x60,0x00,
    0x00,0x00,0x00,0x00,0x00,0x00,0x00,0x00,0x70,0x50,0x50,0x00,0x00,0x00,0x00,0x00,
    0x00,0x00,0x00,0x00,0x00,0x00,0x00,0x00,0x00,0x00,0x00,0x00,0x04,0x34,0x7E,0x2C,
    0xFE,0x68,0x68,0x00,0x00,0x00,0x00,0x00,0x00,0x00,0x00,0x00,0x10,0x3E,0x66,0x60,
    0x7C,0x3E,0x4E,0x66,0x7C,0x10,0x00,0x00,0x00,0x00,0x00,0x00,0x00,0x00,0x00,0x00,
    0x00,0x00,0x00,0x00,0x00,0x00,0x7B,0x00,0x7B,0x00,0x7E,0x00,0x3F,0xC0,0x0F,0x40,
    0x0B,0x40,0x19,0xC0,0x00,0x00,0x00,0x00,0x00,0x00,0x00,0x00,0x00,0x00,0x00,0x00,
    0x00,0x00,0x00,0x00,0x00,0x00,0x00,0x00,0x3C,0x00,0x34,0x00,0x35,0x80,0x3B,0x80,
    0x6E,0x00,0x6E,0x00,0x67,0x00,0x3F,0x80,0x00,0x00,0x00,0x00,0x00,0x00,0x00,0x00,
    0x00,0x00,0x00,0x00,0x00,0x00,0x40,0x40,0x40,0x00,0x00,0x00,0x00,0x00,0x00,0x00,
    0x00,0x00,0x00,0x00,0x00,0x00,0x00,0x00,0x10,0x30,0x60,0x60,0x60,0x60,0x60,0x60,
    0x60,0x30,0x10,0x00,0x00,0x00,0x00,0x00,0x00,0x00,0x40,0x60,0x60,0x30,0x30,0x30,
    0x30,0x30,0x60,0x60,0x40,0x00,0x00,0x00,0x00,0x00,0x00,0x00,0x20,0xF8,0x70,0xF8,
    0x20,0x00,0x00,0x00,0x00,0x00,0x00,0x00,0x00,0x00,0x00,0x00,0x00,0x00,0x00,0x00,
    0x00,0x10,0x10,0x7C,0x10,0x10,0x00,0x00,0x00,0x00,0x00,0x00,0x00,0x00,0x00,0x00,
    0x00,0x00,0x00,0x00,0x00,0x00,0x00,0x60,0x60,0x20,0x40,0x00,0x00,0x00,0x00,0x00,
    0x00,0x00,0x00,0x00,0x00,0x00,0x00,0x70,0x00,0x00,0x00,0x00,0x00,0x00,0x00,0x00,
    0x00,0x00,0x00,0x00,0x00,0x00,0x00,0x00,0x00,0x00,0x00,0x60,0x60,0x00,0x00,0x00,
    0x00,0x00,0x00,0x00,0x00,0x08,0x18,0x18,0x10,0x30,0x30,0x60,0x60,0x40,0xC0,0xC0,
    0x00,0x00,0x00,0x00,0x00,0x00,0x00,0x00,0x00,0x3C,0x66,0x66,0x66,0x66,0x66,0x76,
    0x3C,0x00,0x00,0x00,0x00,0x00,0x00,0x00,0x00,0x00,0x00,0xE0,0x60,0x60,0x60,0x60,
    0x60,0x60,0xF0,0x00,0x00,0x00,0x00,0x00,0x00,0x00,0x00,0x00,0x00,0x78,0xCC,0x4C,
    0x1C,0x18,0x34,0x6C,0xFC,0x00,0x00,0x00,0x00,0x00,0x00,0x00,0x00,0x00,0x00,0x78,
    0xCC,0x4C,0x38,0x38,0x0C,0xCC,0x78,0x00,0x00,0x00,0x00,0x00,0x00,0x00,0x00,0x00,
    0x00,0x0C,0x1C,0x3C,0x2C,0x4C,0xFE,0x0C,0x1E,0x00,0x00,0x00,0x00,0x00,0x00,0x00,
    0x00,0x00,0x00,0x7C,0x40,0x40,0x78,0x1C,0x0C,0x5C,0x78,0x00,0x00,0x00,0x00,0x00,
    0x00,0x00,0x00,0x00,0x00,0x3C,0x34,0x60,0x7C,0x64,0x64,0x64,0x3C,0x00,0x00,0x00,
    0x00,0x00,0x00,0x00,0x00,0x00,0x00,0xFC,0xCC,0x18,0x18,0x30,0x30,0x30,0x30,0x00,
    0x00,0x00,0x00,0x00,0x00,0x00,0x00,0x00,0x00,0x3C,0x64,0x64,0x3C,0x3C,0x64,0x64,
    0x3C,0x00,0x00,0x00,0x00,0x00,0x00,0x00,0x00,0x00,0x00,0x3C,0x64,0x64,0x64,0x3C,
    0x04,0x4C,0x7C,0x00,0x00,0x00,0x00,0x00,0x00,0x00,0x00,0x00,0x00,0x00,0x00,0x60,
    0x60,0x00,0x00,0x60,0x60,0x00,0x00,0x00,0x00,0x00,0x00,0x00,0x00,0x00,0x00,0x00,
    0x00,0x60,0x60,0x00,0x00,0x60,0x60,0x20,0x40,0x00,0x00,0x00,0x00,0x00,0x00,0x00,
    0x00,0x00,0x00,0x08,0x38,0x60,0x70,0x18,0x00,0x00,0x00,0x00,0x00,0x00,0x00,0x00,
    0x00,0x00,0x00,0x00,0x00,0x00,0x7C,0x00,0x7C,0x00,0x00,0x00,0x00,0x00,0x00,0x00,
    0x00,0x00,0x00,0x00,0x00,0x00,0x00,0x20,0x38,0x0C,0x1C,0x30,0x00,0x00,0x00,0x00,
    0x00,0x00,0x00,0x00,0x00,0x00,0x00,0x78,0x4C,0x5C,0x38,0x30,0x00,0x30,0x30,0x00,
    0x00,0x00,0x00,0x00,0x00,0x00,0x00,0x00,0x00,0x00,0x00,0x00,0x00,0x00,0x00,0x00,
    0x1F,0x00,0x31,0xC0,0x6F,0x40,0x5B,0x40,0x5B,0x40,0x5B,0xC0,0x7D,0x80,0x31,0x00,
    0x1E,0x00,0x00,0x00,0x00,0x00,0x00,0x00,0x00,0x00,0x00,0x00,0x00,0x18,0x1C,0x3C,
    0x2C,0x2E,0x7E,0x46,0xE7,0x00,0x00,0x00,0x00,0x00,0x00,0x00,0x00,0x00,0x00,0xFC,
    0x6C,0x6C,0x7C,0x6E,0x66,0x6E,0xFC,0x00,0x00,0x00,0x00,0x00,0x00,0x00,0x00,0x00,
    0x00,0x1F,0x33,0x63,0x60,0x60,0x60,0x73,0x3E,0x00,0x00,0x00,0x00,0x00,0x00,0x00,
    0x00,0x00,0x00,0x00,0x00,0x00,0x00,0x00,0xFC,0x00,0x66,0x00,0x63,0x00,0x63,0x00,
    0x63,0x00,0x63,0x00,0x66,0x00,0xFC,0x00,0x00,0x00,0x00,0x00,0x00,0x00,0x00,0x00,
    0x00,0x00,0x00,0x00,0x00,0x00,0x00,0xFC,0x64,0x68,0x78,0x68,0x66,0x66,0xFE,0x00,
    0x00,0x00,0x00,0x00,0x00,0x00,0x00,0x00,0x00,0xFC,0x64,0x64,0x68,0x78,0x68,0x60,
    0xF0,0x00,0x00,0x00,0x00,0x00,0x00,0x00,0x00,0x00,0x00,0x1F,0x33,0x61,0x60,0x67,
    0x63,0x73,0x3F,0x00,0x00,0x00,0x00,0x00,0x00,0x00,0x00,0x00,0x00,0x00,0x00,0x00,
    0x00,0x00,0xF7,0x80,0x63,0x00,0x63,0x00,0x7F,0x00,0x63,0x00,0x63,0x00,0x63,0x00,
    0xF7,0x80,0x00,0x00,0x00,0x00,0x00,0x00,0x00,0x00,0x00,0x00,0x00,0x00,0x00,0x00,
    0x00,0xF0,0x60,0x60,0x60,0x60,0x60,0x60,0xF0,0x00,0x00,0x00,0x00,0x00,0x00,0x00,
    0x00,0x00,0x00,0x1C,0x0C,0x0C,0x0C,0x0C,0x6C,0x6C,0x78,0x00,0x00,0x00,0x00,0x00,
    0x00,0x00,0x00,0x00,0x00,0x00,0x00,0x00,0x00,0x00,0xF7,0x00,0x66,0x00,0x6C,0x00,
    0x78,0x00,0x7C,0x00,0x6C,0x00,0x6E,0x00,0xF7,0x00,0x00,0x00,0x00,0x00,0x00,0x00,
    0x00,0x00,0x00,0x00,0x00,0x00,0x00,0x00,0x00,0xF0,0x60,0x60,0x60,0x60,0x64,0x64,
    0xFC,0x00,0x00,0x00,0x00,0x00,0x00,0x00,0x00,0x00,0x00,0x00,0x00,0x00,0x00,0x00,
    0x79,0xE0,0x39,0xC0,0x3B,0xC0,0x3F,0xC0,0x2E,0xC0,0x2E,0xC0,0x24,0xC0,0x71,0xE0,
    0x00,0x00,0x00,0x00,0x00,0x00,0x00,0x00,0x00,0x00,0x00,0x00,0x00,0x00,0x00,0x00,
    0x00,0x00,0x00,0x00,0xF7,0x80,0x73,0x00,0x7B,0x00,0x7B,0x00,0x6F,0x00,0x6F,0x00,
    0x67,0x00,0xF7,0x00,0x00,0x00,0x00,0x00,0x00,0x00,0x00,0x00,0x00,0x00,0x00,0x00,
    0x00,0x00,0x00,0x00,0x00,0x00,0x00,0x00,0x1E,0x00,0x33,0x00,0x61,0x80,0x61,0x80,
    0x61,0x80,0x61,0x80,0x73,0x00,0x3E,0x00,0x00,0x00,0x00,0x00,0x00,0x00,0x00,0x00,
    0x00,0x00,0x00,0x00,0x00,0x00,0x00,0xFC,0x6E,0x66,0x6E,0x7C,0x60,0x60,0xF0,0x00,
    0x00,0x00,0x00,0x00,0x00,0x00,0x00,0x00,0x00,0x00,0x00,0x00,0x00,0x00,0x1E,0x00,
    0x33,0x00,0x61,0x80,0x61,0x80,0x61,0x80,0x7D,0x80,0x37,0x00,0x3F,0x00,0x03,0x00,
    0x01,0x80,0x00,0x00,0x00,0x00,0x00,0x00,0x00,0x00,0x00,0x00,0x00,0xFC,0x66,0x66,
    0x7C,0x6C,0x6E,0x6E,0xF7,0x00,0x00,0x00,0x00,0x00,0x00,0x00,0x00,0x00,0x00,0x3E,
    0x66,0x60,0x7C,0x3E,0x4E,0x66,0x7C,0x00,0x00,0x00,0x00,0x00,0x00,0x00,0x00,0x00,
    0x00,0xFF,0xDB,0x99,0x18,0x18,0x18,0x18,0x3C,0x00,0x00,0x00,0x00,0x00,0x00,0x00,
    0x00,0x00,0x00,0x00,0x00,0x00,0x00,0x00,0xF7,0x00,0x62,0x00,0x62,0x00,0x62,0x00,
    0x62,0x00,0x62,0x00,0x76,0x00,0x3C,0x00,0x00,0x00,0x00,0x00,0x00,0x00,0x00,0x00,
    0x00,0x00,0x00,0x00,0x00,0x00,0x00,0xF7,0x62,0x62,0x36,0x34,0x3C,0x1C,0x18,0x00,
    0x00,0x00,0x00,0x00,0x00,0x00,0x00,0x00,0x00,0x00,0x00,0x00,0x00,0x00,0xF7,0x70,
    0x67,0x20,0x67,0x20,0x7F,0x60,0x3F,0xE0,0x39,0xC0,0x39,0xC0,0x39,0xC0,0x00,0x00,
    0x00,0x00,0x00,0x00,0x00,0x00,0x00,0x00,0x00,0x00,0x00,0x00,0x00,0xF7,0x76,0x3C,
    0x18,0x1C,0x3E,0x66,0xEF,0x00,0x00,0x00,0x00,0x00,0x00,0x00,0x00,0x00,0x00,0xF7,
    0x66,0x74,0x3C,0x18,0x18,0x18,0x3C,0x00,0x00,0x00,0x00,0x00,0x00,0x00,0x00,0x00,
    0x00,0x7E,0x66,0x4C,0x1C,0x18,0x32,0x76,0x7E,0x00,0x00,0x00,0x00,0x00,0x00,0x00,
    0x00,0x70,0x60,0x60,0x60,0x60,0x60,0x60,0x60,0x60,0x60,0x60,0x70,0x00,0x00,0x00,
    0x00,0x00,0x00,0x80,0xC0,0x40,0x60,0x60,0x20,0x30,0x30,0x10,0x18,0x18,0x00,0x00,
    0x00,0x00,0x00,0x00,0x00,0xE0,0x60,0x60,0x60,0x60,0x60,0x60,0x60,0x60,0x60,0x60,
    0xE0,0x00,0x00,0x00,0x00,0x00,0x00,0x00,0x00,0x30,0x38,0x68,0xCC,0x00,0x00,0x00,
    0x00,0x00,0x00,0x00,0x00,0x00,0x00,0x00,0x00,0x00,0x00,0x00,0x00,0x00,0x00,0x00,
    0x00,0x00,0x00,0xF8,0x00,0x00,0x00,0x00,0x00,0x00,0x00,0x00,0x60,0x20,0x00,0x00,
    0x00,0x00,0x00,0x00,0x00,0x00,0x00,0x00,0x00,0x00,0x00,0x00,0x00,0x00,0x00,0x00,
    0x00,0x7C,0x6C,0x3C,0x6C,0x6C,0x7C,0x00,0x00,0x00,0x00,0x00,0x00,0x00,0x00,0x00,
    0xE0,0x60,0x60,0x7C,0x66,0x66,0x66,0x6E,0x7C,0x00,0x00,0x00,0x00,0x00,0x00,0x00,
    0x00,0x00,0x00,0x00,0x00,0x3C,0x64,0x64,0x60,0x70,0x3C,0x00,0x00,0x00,0x00,0x00,
    0x00,0x00,0x00,0x00,0x0E,0x06,0x06,0x3E,0x66,0x66,0x66,0x66,0x3E,0x00,0x00,0x00,
    0x00,0x00,0x00,0x00,0x00,0x00,0x00,0x00,0x00,0x78,0x6C,0xFC,0xC0,0x64,0x7C,0x00,
    0x00,0x00,0x00,0x00,0x00,0x00,0x00,0x00,0x38,0x68,0x60,0xF8,0x60,0x60,0x60,0x60,
    0xF0,0x00,0x00,0x00,0x00,0x00,0x00,0x00,0x00,0x00,0x00,0x00,0x02,0x3E,0x66,0x66,
    0x3C,0x60,0x3E,0x66,0x7C,0x00,0x00,0x00,0x00,0x00,0x00,0x00,0xE0,0x60,0x60,0x7C,
    0x66,0x66,0x66,0x66,0xFF,0x00,0x00,0x00,0x00,0x00,0x00,0x00,0x00,0x00,0x60,0x60,
    0x00,0xE0,0x60,0x60,0x60,0x60,0xF0,0x00,0x00,0x00,0x00,0x00,0x00,0x00,0x00,0x00,
    0x60,0x60,0x00,0xE0,0x60,0x60,0x60,0x60,0x60,0x60,0xC0,0x00,0x00,0x00,0x00,0x00,
    0x00,0x00,0xE0,0x60,0x60,0x6E,0x6C,0x78,0x7C,0x6C,0xF6,0x00,0x00,0x00,0x00,0x00,
    0x00,0x00,0x00,0x00,0xE0,0x60,0x60,0x60,0x60,0x60,0x60,0x60,0xF0,0x00,0x00,0x00,
    0x00,0x00,0x00,0x00,0x00,0x00,0x00,0x00,0x00,0x00,0x00,0x00,0x00,0x00,0x00,0x00,
    0xFF,0x80,0x6D,0x80,0x6D,0x80,0x6D,0x80,0x6D,0x80,0xFF,0xC0,0x00,0x00,0x00,0x00,
    0x00,0x00,0x00,0x00,0x00,0x00,0x00,0x00,0x00,0x00,0x00,0x00,0x00,0xFC,0x66,0x66,
    0x66,0x66,0xFF,0x00,0x00,0x00,0x00,0x00,0x00,0x00,0x00,0x00,0x00,0x00,0x00,0x3C,
    0x66,0x66,0x66,0x66,0x3C,0x00,0x00,0x00,0x00,0x00,0x00,0x00,0x00,0x00,0x00,0x00,
    0x00,0xFC,0x66,0x66,0x66,0x6E,0x7C,0x60,0xF0,0x00,0x00,0x00,0x00,0x00,0x00,0x00,
    0x00,0x00,0x00,0x3E,0x66,0x66,0x66,0x66,0x3E,0x06,0x0E,0x00,0x00,0x00,0x00,0x00,
    0x00,0x00,0x00,0x00,0x00,0xF8,0x6C,0x60,0x60,0x60,0xF0,0x00,0x00,0x00,0x00,0x00,
    0x00,0x00,0x00,0x00,0x00,0x00,0x00,0x78,0x68,0x78,0x38,0x48,0x78,0x00,0x00,0x00,
    0x00,0x00,0x00,0x00,0x00,0x00,0x00,0x60,0x60,0xF8,0x60,0x60,0x60,0x60,0x78,0x00,
    0x00,0x00,0x00,0x00,0x00,0x00,0x00,0x00,0x00,0x00,0x00,0xFC,0x6C,0x6C,0x6C,0x7C,
    0x7E,0x00,0x00,0x00,0x00,0x00,0x00,0x00,0x00,0x00,0x00,0x00,0x00,0xFE,0x64,0x6C,
    0x78,0x38,0x38,0x00,0x00,0x00,0x00,0x00,0x00,0x00,0x00,0x00,0x00,0x00,0x00,0x00,
    0x00,0x00,0x00,0x00,0x00,0x00,0xEF,0xC0,0x6E,0x80,0x6E,0x80,0x7F,0x80,0x3B,0x00,
    0x33,0x00,0x00,0x00,0x00,0x00,0x00,0x00,0x00,0x00,0x00,0x00,0x00,0x00,0x00,0x00,
    0x00,0x00,0x00,0xFE,0x68,0x38,0x38,0x7C,0xFE,0x00,0x00,0x00,0x00,0x00,0x00,0x00,
    0x00,0x00,0x00,0x00,0x00,0xEE,0x6C,0x68,0x38,0x38,0x30,0xF0,0xE0,0x00,0x00,0x00,
    0x00,0x00,0x00,0x00,0x00,0x00,0x00,0x7C,0x5C,0x58,0x30,0x74,0x7C,0x00,0x00,0x00,
    0x00,0x00,0x00,0x00,0x00,0x70,0x60,0x60,0x60,0x60,0xC0,0x60,0x60,0x60,0x60,0x60,
    0x70,0x00,0x00,0x00,0x00,0x00,0x00,0x30,0x30,0x30,0x30,0x30,0x30,0x30,0x30,0x30,
    0x30,0x30,0x00,0x00,0x00,0x00,0x00,0x00,0x00,0xE0,0x60,0x60,0x60,0x60,0x70,0x60,
    0x60,0x60,0x60,0x60,0xE0,0x00,0x00,0x00,0x00,0x00,0x00,0x00,0x00,0x00,0x00,0x00,
    0x74,0x5C,0x00,0x00,0x00,0x00,0x00,0x00,0x00,0x00,0x00,0x00,0x00,0x00,0x70,0x50,
    0x70,0x00,0x00,0x00,0x00,0x00,0x00,0x00,0x00,0x00,0x00,0x00,0x00,0x00,0x00,0x00,
    0x70,0xD8,0x30,0x68,0xF8,0x00,0x00,0x00,0x00,0x00,0x00,0x00,0x00,0x00,0x00,0x00,
    0x00,0x00,0x70,0xD8,0x30,0x18,0x70,0x00,0x00,0x00,0x00,0x00,0x00,0x00,0x00,0x00,
    0x00,0x00,0x00,0x00,0xE0,0x60,0x60,0x60,0xE0,0x00,0x00,0x00,0x00,0x00,0x00,0x00,
    0x00,0x00,0x00,0x00,0x00,0x00,0x00,0x00,0x00,0x00,0x00,0x00,0xE3,0x00,0x62,0x00,
    0x66,0x00,0x64,0xC0,0xFD,0xC0,0x0A,0xC0,0x1B,0xE0,0x10,0xC0,0x00,0x00,0x00,0x00,
    0x00,0x00,0x00,0x00,0x00,0x00,0x00,0x00,0x00,0x00,0x00,0x00,0x00,0x00,0x00,0x00,
    0xE3,0x00,0x63,0x00,0x62,0x00,0x67,0xE0,0x65,0x60,0xEC,0x60,0x08,0xA0,0x19,0xE0,
    0x10,0x00,0x00,0x00,0x00,0x00,0x00,0x00,0x00,0x00,0x00,0x00,0x00,0x00,0x00,0x00,
    0x00,0x00,0x00,0x00,0x79,0x80,0xD9,0x00,0x33,0x00,0x1A,0x60,0x7E,0xE0,0x05,0x60,
    0x0D,0xE0,0x08,0x60,0x00,0x00,0x00,0x00,0x00,0x00,0x00,0x00,0x00,0x00,0x00,0x00,
    0x38,0x18,0x00,0x18,0x1C,0x3C,0x2C,0x2E,0x7E,0x46,0xE7,0x00,0x00,0x00,0x00,0x00,
    0x00,0x00,0x0C,0x18,0x00,0x18,0x1C,0x3C,0x2C,0x2E,0x7E,0x46,0xE7,0x00,0x00,0x00,
    0x00,0x00,0x00,0x08,0x1C,0x34,0x00,0x18,0x1C,0x3C,0x2C,0x2E,0x7E,0x46,0xE7,0x00,
    0x00,0x00,0x00,0x00,0x00,0x00,0x3C,0x3C,0x00,0x18,0x1C,0x3C,0x2C,0x2E,0x7E,0x46,
    0xE7,0x00,0x00,0x00,0x00,0x00,0x00,0x00,0x3C,0x3C,0x00,0x18,0x18,0x3C,0x2C,0x2C,
    0x7E,0x66,0xEF,0x00,0x00,0x00,0x00,0x00,0x00,0x1C,0x1C,0x1C,0x00,0x1C,0x1C,0x1C,
    0x36,0x36,0x3E,0x67,0xE7,0x00,0x00,0x00,0x00,0x00,0x00,0x00,0x00,0x00,0x00,0x00,
    0x00,0x00,0x00,0x00,0x3F,0xC0,0x16,0x40,0x36,0x40,0x36,0x80,0x7F,0x80,0x66,0x80,
    0xC6,0x60,0xEF,0xE0,0x00,0x00,0x00,0x00,0x00,0x00,0x00,0x00,0x00,0x00,0x00,0x00,
    0x00,0x00,0x00,0x1E,0x33,0x63,0x60,0x60,0x60,0x73,0x3E,0x0C,0x0C,0x1C,0x00,0x00,
    0x00,0x20,0x30,0x10,0x00,0xFC,0x64,0x68,0x78,0x68,0x66,0x66,0xFE,0x00,0x00,0x00,
    0x00,0x00,0x00,0x00,0x18,0x30,0x00,0xFC,0x64,0x68,0x78,0x68,0x66,0x66,0xFE,0x00,
    0x00,0x00,0x00,0x00,0x00,0x10,0x38,0x68,0x00,0xFC,0x64,0x68,0x78,0x68,0x66,0x66,
    0xFE,0x00,0x00,0x00,0x00,0x00,0x00,0x00,0x6C,0x6C,0x00,0xFE,0x66,0x68,0x78,0x68,
    0x62,0x66,0xFE,0x00,0x00,0x00,0x00,0x00,0x00,0x00,0xC0,0x60,0x00,0xF0,0x60,0x60,
    0x60,0x60,0x60,0x60,0xF0,0x00,0x00,0x00,0x00,0x00,0x00,0x00,0x30,0x60,0x00,0xF0,
    0x60,0x60,0x60,0x60,0x60,0x60,0xF0,0x00,0x00,0x00,0x00,0x00,0x00,0x40,0x60,0xB0,
    0x00,0xF0,0x60,0x60,0x60,0x60,0x60,0x60,0xF0,0x00,0x00,0x00,0x00,0x00,0x00,0x00,
    0x78,0x78,0x00,0x78,0x30,0x30,0x30,0x30,0x30,0x30,0x78,0x00,0x00,0x00,0x00,0x00,
    0x00,0x00,0x00,0x00,0x00,0x00,0x00,0x00,0x00,0x00,0xFC,0x00,0x66,0x00,0x63,0x00,
    0xFB,0x00,0x63,0x00,0x63,0x00,0x66,0x00,0xFC,0x00,0x00,0x00,0x00,0x00,0x00,0x00,
    0x00,0x00,0x00,0x00,0x00,0x00,0x00,0x00,0x1C,0x00,0x1C,0x00,0x00,0x00,0xF7,0x80,
    0x73,0x00,0x7B,0x00,0x7B,0x00,0x6F,0x00,0x6F,0x00,0x67,0x00,0xF7,0x00,0x00,0x00,
    0x00,0x00,0x00,0x00,0x00,0x00,0x00,0x00,0x00,0x00,0x08,0x00,0x1C,0x00,0x0C,0x00,
    0x00,0x00,0x1E,0x00,0x33,0x00,0x61,0x80,0x61,0x80,0x61,0x80,0x61,0x80,0x73,0x00,
    0x3E,0x00,0x00,0x00,0x00,0x00,0x00,0x00,0x00,0x00,0x00,0x00,0x00,0x00,0x04,0x00,
    0x0E,0x00,0x08,0x00,0x00,0x00,0x1E,0x00,0x33,0x00,0x61,0x80,0x61,0x80,0x61,0x80,
    0x61,0x80,0x73,0x00,0x3E,0x00,0x00,0x00,0x00,0x00,0x00,0x00,0x00,0x00,0x00,0x00,
    0x00,0x00,0x0C,0x00,0x1E,0x00,0x12,0x00,0x00,0x00,0x1E,0x00,0x33,0x00,0x61,0x80,
    0x61,0x80,0x61,0x80,0x61,0x80,0x73,0x00,0x3E,0x00,0x00,0x00,0x00,0x00,0x00,0x00,
    0x00,0x00,0x00,0x00,0x00,0x00,0x00,0x00,0x1E,0x00,0x1E,0x00,0x00,0x00,0x1E,0x00,
    0x33,0x00,0x61,0x80,0x61,0x80,0x61,0x80,0x61,0x80,0x73,0x00,0x3E,0x00,0x00,0x00,
    0x00,0x00,0x00,0x00,0x00,0x00,0x00,0x00,0x00,0x00,0x00,0x00,0x1E,0x00,0x1E,0x00,
    0x00,0x00,0x1E,0x00,0x33,0x00,0x61,0x80,0x61,0x80,0x61,0x80,0x61,0x80,0x73,0x00,
    0x3E,0x00,0x00,0x00,0x00,0x00,0x00,0x00,0x00,0x00,0x00,0x00,0x00,0x00,0x00,0x00,
    0x00,0x00,0x00,0x08,0x78,0x30,0x78,0x48,0x00,0x00,0x00,0x00,0x00,0x00,0x00,0x00,
    0x00,0x00,0x00,0x00,0x00,0x00,0x00,0x00,0x1F,0x80,0x33,0x00,0x67,0x80,0x65,0x80,
    0x69,0x80,0x71,0x80,0x73,0x00,0x7E,0x00,0x00,0x00,0x00,0x00,0x00,0x00,0x00,0x00,
    0x00,0x00,0x00,0x00,0x00,0x00,0x38,0x00,0x18,0x00,0x00,0x00,0xF7,0x00,0x62,0x00,
    0x62,0x00,0x62,0x00,0x62,0x00,0x62,0x00,0x76,0x00,0x3C,0x00,0x00,0x00,0x00,0x00,
    0x00,0x00,0x00,0x00,0x00,0x00,0x00,0x00,0x00,0x00,0x0C,0x00,0x18,0x00,0x00,0x00,
    0xF7,0x00,0x62,0x00,0x62,0x00,0x62,0x00,0x62,0x00,0x62,0x00,0x76,0x00,0x3C,0x00,
    0x00,0x00,0x00,0x00,0x00,0x00,0x00,0x00,0x00,0x00,0x00,0x00,0x08,0x00,0x1C,0x00,
    0x34,0x00,0x00,0x00,0xF7,0x00,0x62,0x00,0x62,0x00,0x62,0x00,0x62,0x00,0x62,0x00,
    0x76,0x00,0x3C,0x00,0x00,0x00,0x00,0x00,0x00,0x00,0x00,0x00,0x00,0x00,0x00,0x00,
    0x00,0x00,0x36,0x00,0x36,0x00,0x00,0x00,0xF7,0x00,0x62,0x00,0x62,0x00,0x62,0x00,
    0x62,0x00,0x62,0x00,0x76,0x00,0x3C,0x00,0x00,0x00,0x00,0x00,0x00,0x00,0x00,0x00,
    0x00,0x00,0x00,0x00,0x0C,0x18,0x00,0xF7,0x66,0x74,0x3C,0x18,0x18,0x18,0x3C,0x00,
    0x00,0x00,0x00,0x00,0x00,0x00,0x00,0x00,0x00,0xF0,0x60,0x7C,0x66,0x66,0x7C,0x60,
    0xF0,0x00,0x00,0x00,0x00,0x00,0x00,0x00,0x00,0x00,0x3C,0x66,0x66,0xEC,0x6C,0x6F,
    0x67,0x7B,0xFE,0x00,0x00,0x00,0x00,0x00,0x00,0x00,0x00,0x20,0x30,0x10,0x00,0x7C,
    0x6C,0x3C,0x6C,0x6C,0x7C,0x00,0x00,0x00,0x00,0x00,0x00,0x00,0x00,0x08,0x18,0x10,
    0x00,0x7C,0x6C,0x3C,0x6C,0x6C,0x7C,0x00,0x00,0x00,0x00,0x00,0x00,0x00,0x00,0x10,
    0x38,0x2C,0x00,0x7C,0x6C,0x3C,0x6C,0x6C,0x7C,0x00,0x00,0x00,0x00,0x00,0x00,0x00,
    0x00,0x00,0x3C,0x38,0x00,0x7C,0x6C,0x3C,0x6C,0x6C,0x7C,0x00,0x00,0x00,0x00,0x00,
    0x00,0x00,0x00,0x00,0x6C,0x6C,0x00,0x7C,0x6C,0x3C,0x6C,0x6C,0x7C,0x00,0x00,0x00,
    0x00,0x00,0x00,0x00,0x00,0x38,0x38,0x38,0x00,0x7C,0x6C,0x3C,0x6C,0x6C,0x7C,0x00,
    0x00,0x00,0x00,0x00,0x00,0x00,0x00,0x00,0x00,0x00,0x00,0x00,0x00,0x00,0x00,0x00,
    0x00,0x00,0x7F,0x80,0x6C,0x80,0x3F,0x80,0x6C,0x00,0x6E,0x00,0x7F,0x80,0x00,0x00,
    0x00,0x00,0x00,0x00,0x00,0x00,0x00,0x00,0x00,0x00,0x00,0x00,0x00,0x00,0x00,0x3C,
    0x64,0x64,0x60,0x70,0x3C,0x18,0x0C,0x18,0x00,0x00,0x00,0x00,0x00,0x20,0x30,0x10,
    0x00,0x78,0x6C,0xFC,0xC0,0x64,0x7C,0x00,0x00,0x00,0x00,0x00,0x00,0x00,0x00,0x18,
    0x18,0x30,0x00,0x78,0x6C,0xFC,0xC0,0x64,0x7C,0x00,0x00,0x00,0x00,0x00,0x00,0x00,
    0x00,0x10,0x38,0x68,0x00,0x78,0x6C,0xFC,0xC0,0x64,0x7C,0x00,0x00,0x00,0x00,0x00,
    0x00,0x00,0x00,0x00,0x78,0x78,0x00,0x78,0x4C,0xFC,0xC0,0x6C,0x7C,0x00,0x00,0x00,
    0x00,0x00,0x00,0x00,0x00,0x00,0xC0,0x40,0x00,0xE0,0x60,0x60,0x60,0x60,0xF0,0x00,
    0x00,0x00,0x00,0x00,0x00,0x00,0x00,0x00,0x60,0x40,0x00,0xE0,0x60,0x60,0x60,0x60,
    0xF0,0x00,0x00,0x00,0x00,0x00,0x00,0x00,0x00,0x40,0xE0,0xA0,0x00,0xE0,0x60,0x60,
    0x60,0x60,0xF0,0x00,0x00,0x00,0x00,0x00,0x00,0x00,0x00,0x00,0xF0,0xF0,0x00,0x70,
    0x30,0x30,0x30,0x30,0x70,0x00,0x00,0x00,0x00,0x00,0x00,0x00,0x00,0x00,0x3C,0x1C,
    0x06,0x3E,0x66,0x66,0x66,0x64,0x3C,0x00,0x00,0x00,0x00,0x00,0x00,0x00,0x00,0x00,
    0x3C,0x3C,0x00,0xFC,0x66,0x66,0x66,0x66,0xFF,0x00,0x00,0x00,0x00,0x00,0x00,0x00,
    0x00,0x10,0x10,0x08,0x00,0x3C,0x66,0x66,0x66,0x66,0x3C,0x00,0x00,0x00,0x00,0x00,
    0x00,0x00,0x00,0x0C,0x0C,0x10,0x00,0x3C,0x66,0x66,0x66,0x66,0x3C,0x00,0x00,0x00,
    0x00,0x00,0x00,0x00,0x00,0x18,0x1C,0x24,0x00,0x3C,0x66,0x66,0x66,0x66,0x3C,0x00,
    0x00,0x00,0x00,0x00,0x00,0x00,0x00,0x00,0x3C,0x3C,0x00,0x3C,0x66,0x66,0x66,0x66,
    0x3C,0x00,0x00,0x00,0x00,0x00,0x00,0x00,0x00,0x00,0x3C,0x3C,0x00,0x3C,0x66,0x66,
    0x66,0x66,0x3C,0x00,0x00,0x00,0x00,0x00,0x00,0x00,0x00,0x00,0x00,0x00,0x30,0x30,
    0x00,0x7C,0x30,0x30,0x00,0x00,0x00,0x00,0x00,0x00,0x00,0x00,0x00,0x00,0x00,0x00,
    0x00,0x3E,0x6E,0x6E,0x76,0x76,0x7C,0x00,0x00,0x00,0x00,0x00,0x00,0x00,0x00,0x20,
    0x30,0x10,0x00,0xFC,0x6C,0x6C,0x6C,0x7C,0x7E,0x00,0x00,0x00,0x00,0x00,0x00,0x00,
    0x00,0x08,0x18,0x10,0x00,0xFC,0x6C,0x6C,0x6C,0x7C,0x7E,0x00,0x00,0x00,0x00,0x00,
    0x00,0x00,0x00,0x10,0x38,0x28,0x00,0xFC,0x6C,0x6C,0x6C,0x7C,0x7E,0x00,0x00,0x00,
    0x00,0x00,0x00,0x00,0x00,0x00,0x6C,0x6C,0x00,0xEC,0x6C,0x6C,0x6C,0x7C,0x7E,0x00,
    0x00,0x00,0x00,0x00,0x00,0x00,0x00,0x08,0x18,0x10,0x00,0xEE,0x6C,0x68,0x38,0x38,
    0x30,0xF0,0xE0,0x00,0x00,0x00,0x00,0x00,0x00,0x00,0xE0,0x60,0x60,0x7C,0x66,0x66,
    0x66,0x6E,0x7C,0x60,0xF0,0x00,0x00,0x00,0x00,0x00,0x00,0x00,0x3C,0x3C,0x00,0xFE,
    0x64,0x3C,0x38,0x18,0x18,0xD0,0x60,0x00,0x00,0x00,0x00,0x00,0x00,0x00,0x00,0x00,
    0x00,0x00,0x00,0x00,0x1F,0xF0,0x33,0xB0,0x61,0xA0,0x61,0xE0,0x61,0xA0,0x61,0x90,
    0x33,0xB0,0x3F,0xF0,0x00,0x00,0x00,0x00,0x00,0x00,0x00,0x00,0x00,0x00,0x00,0x00,
    0x00,0x00,0x00,0x00,0x00,0x00,0x00,0x00,0x00,0x00,0x00,0x00,0x3F,0xC0,0x66,0x40,
    0x67,0xC0,0x66,0x00,0x67,0x00,0x3F,0xC0,0x00,0x00,0x00,0x00,0x00,0x00,0x00,0x00,
    0x00,0x00,0x00,0x00,0x3C,0x18,0x00,0x3E,0x66,0x60,0x7C,0x3E,0x4E,0x66,0x7C,0x00,
    0x00,0x00,0x00,0x00,0x00,0x00,0x00,0x48,0x38,0x30,0x00,0x78,0x68,0x78,0x38,0x48,
    0x78,0x00,0x00,0x00,0x00,0x00,0x00,0x00,0x3C,0x3C,0x00,0xF7,0x66,0x74,0x3C,0x18,
    0x18,0x18,0x3C,0x00,0x00,0x00,0x00,0x00,0x00,0x00,0x3C,0x18,0x00,0x7E,0x66,0x4C,
    0x1C,0x18,0x32,0x76,0x7E,0x00,0x00,0x00,0x00,0x00,0x00,0x00,0x00,0x00,0x38,0x18,
    0x00,0x7C,0x5C,0x58,0x30,0x74,0x7C,0x00,0x00,0x00,0x00,0x00,0x00,0x00,0x00,0x00,
    0x00,0x00,0x00,0x00,0x00,0xFC,0x00,0x00,0x00,0x00,0x00,0x00,0x00,0x00,0x00,0x00,
    0x00,0x00,0x00,0x00,0x00,0x00,0x00,0x00,0x00,0x00,0x00,0x00,0x00,0x00,0x00,0x00,
    0xFF,0xE0,0x00,0x00,0x00,0x00,0x00,0x00,0x00,0x00,0x00,0x00,0x00,0x00,0x00,0x00,
    0x00,0x00,0x00,0x00,0x00,0x00,0x40,0x60,0x60,0x00,0x00,0x00,0x00,0x00,0x00,0x00,
    0x00,0x00,0x00,0x00,0x00,0x00,0x00,0x00,0x60,0x60,0x60,0x40,0x00,0x00,0x00,0x00,
    0x00,0x00,0x00,0x00,0x00,0x00,0x00,0x00,0x00,0x08,0x58,0x78,0x78,0x00,0x00,0x00,
    0x00,0x00,0x00,0x00,0x00,0x00,0x00,0x00,0x00,0x00,0x00,0x00,0x78,0x78,0x68,0x40,
    0x00,0x00,0x00,0x00,0x00,0x00,0x00,0x00,0x00,0x00,0x00,0x00,0x00,0x00,0x00,0x00,
    0x00,0x00,0x70,0x70,0x70,0x00,0x00,0x00,0x00,0x00,0x00,0x00,0x00,0x00,0x00,0x00,
    0x00,0x00,0x00,0x00,0x00,0x00,0x00,0x00,0x00,0x00,0x00,0x00,0x00,0x00,0x00,0x00,
    0x00,0x00,0x66,0x40,0x66,0x40,0x00,0x00,0x00,0x00,0x00,0x00,0x00,0x00,0x00,0x00,
    0x00,0x00,0x00,0x00,0x00,0x00,0x00,0x00,0x00,0x00,0xE1,0x00,0x63,0x00,0x67,0xE0,
    0x67,0x60,0x6D,0x60,0xFC,0xC0,0x18,0x60,0x11,0xE0,0x00,0x00,0x00,0x00,0x00,0x00,
    0x00,0x00,0x00,0x00,0x00,0x00,0x00,0x00,0x00,0x00,0x00,0x00,0x00,0x00,0x78,0x80,
    0x59,0x80,0x31,0xF0,0x6B,0xB0,0x7E,0xF0,0x06,0x70,0x0C,0x30,0x0C,0xF0,0x00,0x00,
    0x00,0x00,0x00,0x00,0x00,0x00,0x00,0x00,0x00,0x00,0x00,0x00,0x00,0x00,0x00,0x00,
    0x00,0x00,0xE3,0x00,0x62,0x00,0x67,0xC0,0x67,0xE0,0xFD,0xC0,0x09,0xE0,0x1B,0x60,
    0x11,0xC0,0x00,0x00,0x00,0x00,0x00,0x00,0x00,0x00,0x00,0x00,0x00,0x00,0x00,0x00,
    0x00,0x00,0x00,0x00,0x00,0x00,0x79,0x80,0x59,0x00,0x3B,0xE0,0x1B,0xB0,0x76,0xE0,
    0x0C,0xF0,0x0D,0xB0,0x18,0xE0,0x00,0x00,0x00,0x00,0x00,0x00,0x00,0x00,0x00,0x00,
    0x00,0x00,0x00,0x00,0x00,0x00,0x00,0x00,0x00,0x00,0xF1,0x00,0xC3,0x00,0x33,0xE0,
    0x37,0xA0,0xF5,0xE0,0x0D,0xE0,0x19,0x20,0x19,0xE0,0x00,0x00,0x00,0x00,0x00,0x00,
    0x00,0x00,0x00,0x00,0x00,0x00,0x00,0x00,0x00,0x00,0x00,0x00,0x00,0x00,0xF3,0x00,
    0xB6,0x00,0x27,0xC0,0x6F,0x60,0x6F,0xC0,0x1B,0xC0,0x13,0x60,0x33,0xC0,0x00,0x00,
    0x00,0x00,0x00,0x00,0x00,0x00,0x00,0x00,
};
const FontGlyph FONT_LIT_18_BOLD_GLYPHS[187] PROGMEM = {
    {2, 0},
    {4, 18},
    {5, 36},
    {8, 54},
    {7, 72},
    {10, 90},
    {9, 126},
    {3, 162},
    {4, 180},
    {4, 198},
    {5, 216},
    {6, 234},
    {4, 252},
    {4, 270},
    {4, 288},
    {5, 306},
    {7, 324},
    {5, 342},
    {6, 360},
    {6, 378},
    {7, 396},
    {6, 414},
    {6, 432},
    {6, 450},
    {6, 468},
    {6, 486},
    {4, 504},
    {4, 522},
    {6, 540},
    {6, 558},
    {6, 576},
    {6, 594},
    {10, 612},
    {8, 648},
    {8, 666},
    {8, 684},
    {9, 702},
    {7, 738},
    {7, 756},
    {8, 774},
    {9, 792},
    {5, 828},
    {6, 846},
    {9, 864},
    {7, 900},
    {11, 918},
    {9, 954},
    {9, 990},
    {7, 1026},
    {9, 1044},
    {8, 1080},
    {7, 1098},
    {8, 1116},
    {9, 1134},
    {8, 1170},
    {12, 1188},
    {8, 1224},
    {8, 1242},
    {8, 1260},
    {4, 1278},
    {5, 1296},
    {4, 1314},
    {6, 1332},
    {5, 1350},
    {6, 1368},
    {6, 1386},
    {7, 1404},
    {6, 1422},
    {7, 1440},
    {6, 1458},
    {5, 1476},
    {7, 1494},
    {8, 1512},
    {4, 1530},
    {4, 1548},
    {7, 1566},
    {4, 1584},
    {11, 1602},
    {8, 1638},
    {7, 1656},
    {7, 1674},
    {7, 1692},
    {6, 1710},
    {5, 1728},
    {5, 1746},
    {7, 1764},
    {7, 1782},
    {10, 1800},
    {7, 1836},
    {7, 1854},
    {6, 1872},
    {4, 1890},
    {5, 1908},
    {4, 1926},
    {6, 1944},
    {4, 1962},
    {5, 1980},
    {5, 1998},
    {4, 2016},
    {11, 2034},
    {12, 2070},
    {11, 2106},
    {8, 2142},
    {8, 2160},
    {8, 2178},
    {8, 2196},
    {8, 2214},
    {8, 2232},
    {11, 2250},
    {8, 2286},
    {7, 2304},
    {7, 2322},
    {7, 2340},
    {7, 2358},
    {5, 2376},
    {5, 2394},
    {5, 2412},
    {5, 2430},
    {9, 2448},
    {9, 2484},
    {9, 2520},
    {9, 2556},
    {9, 2592},
    {9, 2628},
    {9, 2664},
    {6, 2700},
    {9, 2718},
    {9, 2754},
    {9, 2790},
    {9, 2826},
    {9, 2862},
    {8, 2898},
    {7, 2916},
    {8, 2934},
    {6, 2952},
    {6, 2970},
    {6, 2988},
    {6, 3006},
    {6, 3024},
    {6, 3042},
    {9, 3060},
    {6, 3096},
    {6, 3114},
    {6, 3132},
    {6, 3150},
    {6, 3168},
    {4, 3186},
    {4, 3204},
    {4, 3222},
    {4, 3240},
    {7, 3258},
    {8, 3276},
    {7, 3294},
    {7, 3312},
    {7, 3330},
    {7, 3348},
    {7, 3366},
    {6, 3384},
    {7, 3402},
    {7, 3420},
    {7, 3438},
    {7, 3456},
    {7, 3474},
    {7, 3492},
    {7, 3510},
    {7, 3528},
    {12, 3546},
    {10, 3582},
    {7, 3618},
    {5, 3636},
    {8, 3654},
    {8, 3672},
    {6, 3690},
    {6, 3708},
    {11, 3726},
    {3, 3762},
    {3, 3780},
    {6, 3798},
    {6, 3816},
    {4, 3834},
    {10, 3852},
    {12, 3888},
    {12, 3924},
    {11, 3960},
    {12, 3996},
    {12, 4032},
    {11, 4068},
};
const UiFont FONT_LIT_18_BOLD = {18, FONT_LIT_18_BOLD_GLYPHS, FONT_LIT_18_BOLD_BITS};

const uint8_t FONT_LIT_18_ITAL_BITS[] PROGMEM = {
    0x00,0x00,0x00,0x00,0x00,0x00,0x00,0x00,0x00,0x00,0x00,0x00,0x00,0x00,0x00,0x00,
    0x00,0x00,0x00,0x00,0x00,0x00,0x00,0x20,0x60,0x60,0x60,0x40,0x40,0x60,0x60,0x00,
    0x00,0x00,0x00,0x00,0x00,0x00,0x00,0x00,0x50,0x50,0x50,0x00,0x00,0x00,0x00,0x00,
    0x00,0x00,0x00,0x00,0x00,0x00,0x00,0x00,0x00,0x00,0x00,0x00,0x00,0x24,0x7E,0x24,
    0x24,0x7E,0x28,0x00,0x00,0x00,0x00,0x00,0x00,0x00,0x00,0x00,0x10,0x78,0x58,0x40,
    0x70,0x38,0x08,0xE8,0x70,0x00,0x00,0x00,0x00,0x00,0x00,0x00,0x00,0x00,0x00,0x00,
    0x00,0x00,0x00,0x00,0x00,0x00,0x62,0x00,0xD4,0x00,0xD4,0x00,0x6B,0x00,0x1D,0x80,
    0x15,0x80,0x27,0x00,0x00,0x00,0x00,0x00,0x00,0x00,0x00,0x00,0x00,0x00,0x00,0x00,
    0x00,0x00,0x00,0x3C,0x64,0x41,0x37,0x64,0x46,0x44,0x78,0x00,0x00,0x00,0x00,0x00,
    0x00,0x00,0x00,0x00,0x40,0x40,0x40,0x00,0x00,0x00,0x00,0x00,0x00,0x00,0x00,0x00,
    0x00,0x00,0x00,0x00,0x00,0x00,0x20,0x20,0x60,0x40,0x40,0x40,0x40,0x40,0x40,0x20,
    0x20,0x00,0x00,0x00,0x00,0x00,0x00,0x00,0x40,0x40,0x60,0x20,0x20,0x20,0x20,0x60,
    0x40,0x40,0x80,0x00,0x00,0x00,0x00,0x00,0x00,0x00,0x20,0x78,0x70,0x20,0x00,0x00,
    0x00,0x00,0x00,0x00,0x00,0x00,0x00,0x00,0x00,0x00,0x00,0x00,0x00,0x00,0x00,0x10,
    0x10,0x7C,0x10,0x10,0x00,0x00,0x00,0x00,0x00,0x00,0x00,0x00,0x00,0x00,0x00,0x00,
    0x00,0x00,0x00,0x00,0x00,0x00,0x60,0x60,0x40,0x00,0x00,0x00,0x00,0x00,0x00,0x00,
    0x00,0x00,0x00,0x00,0x00,0xF0,0x00,0x00,0x00,0x00,0x00,0x00,0x00,0x00,0x00,0x00,
    0x00,0x00,0x00,0x00,0x00,0x00,0x00,0x00,0x00,0x60,0x60,0x00,0x00,0x00,0x00,0x00,
    0x00,0x00,0x00,0x08,0x08,0x10,0x10,0x30,0x20,0x20,0x40,0x40,0x40,0x80,0x00,0x00,
    0x00,0x00,0x00,0x00,0x00,0x00,0x00,0x38,0x4C,0x44,0xC4,0xC4,0xC4,0x4C,0x78,0x00,
    0x00,0x00,0x00,0x00,0x00,0x00,0x00,0x00,0x00,0x60,0x20,0x20,0x20,0x20,0x20,0x20,
    0xF0,0x00,0x00,0x00,0x00,0x00,0x00,0x00,0x00,0x00,0x00,0x70,0xC8,0x48,0x18,0x10,
    0x20,0x4C,0xF8,0x00,0x00,0x00,0x00,0x00,0x00,0x00,0x00,0x00,0x00,0x78,0x48,0x08,
    0x30,0x08,0x0C,0xC8,0x70,0x00,0x00,0x00,0x00,0x00,0x00,0x00,0x00,0x00,0x00,0x18,
    0x18,0x28,0x48,0x48,0xFC,0x08,0x3C,0x00,0x00,0x00,0x00,0x00,0x00,0x00,0x00,0x00,
    0x00,0x78,0x40,0x40,0x78,0x08,0x0C,0xC8,0x70,0x00,0x00,0x00,0x00,0x00,0x00,0x00,
    0x00,0x00,0x00,0x3C,0x64,0x78,0x6C,0xCC,0xCC,0x48,0x78,0x00,0x00,0x00,0x00,0x00,
    0x00,0x00,0x00,0x00,0x00,0xFC,0x8C,0x08,0x18,0x10,0x10,0x30,0x20,0x00,0x00,0x00,
    0x00,0x00,0x00,0x00,0x00,0x00,0x00,0x78,0x4C,0x48,0x38,0x48,0xCC,0xCC,0x78,0x00,
    0x00,0x00,0x00,0x00,0x00,0x00,0x00,0x00,0x00,0x78,0x48,0xCC,0x4C,0x7C,0x08,0x08,
    0x70,0x00,0x00,0x00,0x00,0x00,0x00,0x00,0x00,0x00,0x00,0x00,0x00,0x60,0x60,0x00,
    0x00,0x60,0x60,0x00,0x00,0x00,0x00,0x00,0x00,0x00,0x00,0x00,0x00,0x00,0x00,0x60,
    0x60,0x00,0x00,0x00,0x60,0x60,0x40,0x00,0x00,0x00,0x00,0x00,0x00,0x00,0x00,0x00,
    0x00,0x08,0x30,0x40,0x60,0x18,0x00,0x00,0x00,0x00,0x00,0x00,0x00,0x00,0x00,0x00,
    0x00,0x00,0x00,0x00,0x7C,0x00,0x7C,0x00,0x00,0x00,0x00,0x00,0x00,0x00,0x00,0x00,
    0x00,0x00,0x00,0x00,0x00,0x60,0x10,0x0C,0x18,0x30,0x00,0x00,0x00,0x00,0x00,0x00,
    0x00,0x00,0x00,0x00,0x00,0x78,0x48,0x08,0x30,0x20,0x00,0x20,0x20,0x00,0x00,0x00,
    0x00,0x00,0x00,0x00,0x00,0x00,0x00,0x00,0x00,0x00,0x00,0x00,0x00,0x00,0x1E,0x00,
    0x21,0x00,0x5E,0x80,0x52,0x80,0x56,0x80,0x56,0x80,0x5B,0x00,0x60,0x00,0x1E,0x00,
    0x00,0x00,0x00,0x00,0x00,0x00,0x00,0x00,0x00,0x00,0x00,0x18,0x18,0x1C,0x2C,0x24,
    0x3C,0x46,0xE7,0x00,0x00,0x00,0x00,0x00,0x00,0x00,0x00,0x00,0x00,0x7C,0x24,0x24,
    0x38,0x24,0x66,0x66,0x7C,0x00,0x00,0x00,0x00,0x00,0x00,0x00,0x00,0x00,0x00,0x3C,
    0x66,0x40,0x40,0xC0,0x40,0x64,0x3C,0x00,0x00,0x00,0x00,0x00,0x00,0x00,0x00,0x00,
    0x00,0x7C,0x22,0x23,0x23,0x23,0x62,0x66,0x7C,0x00,0x00,0x00,0x00,0x00,0x00,0x00,
    0x00,0x00,0x00,0x7C,0x24,0x20,0x38,0x60,0x60,0x64,0x7C,0x00,0x00,0x00,0x00,0x00,
    0x00,0x00,0x00,0x00,0x00,0x7C,0x24,0x20,0x38,0x60,0x60,0x60,0x70,0x00,0x00,0x00,
    0x00,0x00,0x00,0x00,0x00,0x00,0x00,0x3C,0x66,0x40,0x40,0xC6,0x46,0x66,0x3C,0x00,
    0x00,0x00,0x00,0x00,0x00,0x00,0x00,0x00,0x00,0x77,0x22,0x22,0x7E,0x62,0x62,0x62,
    0x77,0x00,0x00,0x00,0x00,0x00,0x00,0x00,0x00,0x00,0x00,0x70,0x20,0x20,0x20,0x60,
    0x60,0x60,0x60,0x00,0x00,0x00,0x00,0x00,0x00,0x00,0x00,0x00,0x00,0x70,0x20,0x20,
    0x60,0x60,0x60,0x60,0x60,0x40,0x40,0x80,0x00,0x00,0x00,0x00,0x00,0x00,0x00,0x76,
    0x24,0x28,0x30,0x68,0x6C,0x64,0x76,0x00,0x00,0x00,0x00,0x00,0x00,0x00,0x00,0x00,
    0x00,0x70,0x20,0x20,0x60,0x60,0x60,0x64,0x7C,0x00,0x00,0x00,0x00,0x00,0x00,0x00,
    0x00,0x00,0x00,0x00,0x00,0x00,0x00,0x00,0x71,0xC0,0x31,0x80,0x31,0x80,0x3A,0x80,
    0x7A,0x80,0x6A,0x80,0x4C,0x80,0x6D,0xC0,0x00,0x00,0x00,0x00,0x00,0x00,0x00,0x00,
    0x00,0x00,0x00,0x00,0x00,0x00,0x00,0x73,0x32,0x32,0x7A,0x6A,0x6E,0x46,0x66,0x00,
    0x00,0x00,0x00,0x00,0x00,0x00,0x00,0x00,0x00,0x3C,0x66,0x42,0x43,0xC3,0x42,0x66,
    0x3C,0x00,0x00,0x00,0x00,0x00,0x00,0x00,0x00,0x00,0x00,0x7C,0x24,0x24,0x24,0x38,
    0x60,0x60,0x70,0x00,0x00,0x00,0x00,0x00,0x00,0x00,0x00,0x00,0x00,0x3C,0x66,0x42,
    0x43,0xC3,0x42,0x66,0x38,0x07,0x03,0x00,0x00,0x00,0x00,0x00,0x00,0x00,0x00,0x7C,
    0x24,0x24,0x2C,0x38,0x68,0x6C,0x76,0x00,0x00,0x00,0x00,0x00,0x00,0x00,0x00,0x00,
    0x00,0x78,0x48,0x40,0x70,0x18,0x08,0xC8,0x70,0x00,0x00,0x00,0x00,0x00,0x00,0x00,
    0x00,0x00,0x00,0xFE,0x92,0x10,0x10,0x10,0x10,0x10,0x38,0x00,0x00,0x00,0x00,0x00,
    0x00,0x00,0x00,0x00,0x00,0x67,0x62,0x62,0x62,0x66,0x46,0x6E,0x3B,0x00,0x00,0x00,
    0x00,0x00,0x00,0x00,0x00,0x00,0x00,0xE7,0x62,0x64,0x24,0x24,0x38,0x18,0x18,0x00,
    0x00,0x00,0x00,0x00,0x00,0x00,0x00,0x00,0x00,0x00,0x00,0x00,0x00,0x00,0xE4,0x60,
    0x66,0x40,0x66,0x40,0x26,0x40,0x2E,0x80,0x2B,0x80,0x3B,0x80,0x31,0x80,0x00,0x00,
    0x00,0x00,0x00,0x00,0x00,0x00,0x00,0x00,0x00,0x00,0x00,0x00,0x00,0x66,0x24,0x38,
    0x18,0x18,0x2C,0x64,0xE6,0x00,0x00,0x00,0x00,0x00,0x00,0x00,0x00,0x00,0x00,0xE6,
    0x64,0x24,0x38,0x18,0x10,0x10,0x38,0x00,0x00,0x00,0x00,0x00,0x00,0x00,0x00,0x00,
    0x00,0x7E,0x44,0x08,0x18,0x30,0x20,0x64,0x7C,0x00,0x00,0x00,0x00,0x00,0x00,0x00,
    0x00,0x00,0x60,0x40,0x40,0x40,0x40,0x40,0x40,0x40,0x40,0x40,0x40,0x60,0x00,0x00,
    0x00,0x00,0x00,0x00,0x40,0x40,0x40,0x60,0x20,0x20,0x20,0x10,0x10,0x10,0x00,0x00,
    0x00,0x00,0x00,0x00,0x00,0x00,0x60,0x20,0x20,0x20,0x20,0x60,0x60,0x60,0x60,0x60,
    0x60,0xE0,0x00,0x00,0x00,0x00,0x00,0x00,0x00,0x10,0x28,0x68,0x44,0x00,0x00,0x00,
    0x00,0x00,0x00,0x00,0x00,0x00,0x00,0x00,0x00,0x00,0x00,0x00,0x00,0x00,0x00,0x00,
    0x00,0x00,0x00,0xF8,0x00,0x00,0x00,0x00,0x00,0x00,0x00,0x00,0x20,0x30,0x00,0x00,
    0x00,0x00,0x00,0x00,0x00,0x00,0x00,0x00,0x00,0x00,0x00,0x00,0x00,0x00,0x00,0x00,
    0x00,0x38,0x48,0xC8,0xD8,0xD8,0x7C,0x00,0x00,0x00,0x00,0x00,0x00,0x00,0x00,0x00,
    0xC0,0x40,0x40,0x58,0x6C,0x6C,0x6C,0x48,0x78,0x00,0x00,0x00,0x00,0x00,0x00,0x00,
    0x00,0x00,0x00,0x00,0x00,0x38,0x48,0xC0,0xC0,0x40,0x70,0x00,0x00,0x00,0x00,0x00,
    0x00,0x00,0x00,0x00,0x18,0x08,0x08,0x78,0x48,0xC8,0xD8,0xD8,0x6C,0x00,0x00,0x00,
    0x00,0x00,0x00,0x00,0x00,0x00,0x00,0x00,0x00,0x78,0x48,0xD8,0xE0,0x40,0x70,0x00,
    0x00,0x00,0x00,0x00,0x00,0x00,0x00,0x00,0x30,0x60,0x60,0xF0,0x60,0x40,0x40,0x40,
    0x40,0x40,0x40,0x80,0x00,0x00,0x00,0x00,0x00,0x00,0x00,0x00,0x00,0x38,0x48,0xC8,
    0xD8,0xD8,0x78,0x08,0xD8,0x70,0x00,0x00,0x00,0x00,0x00,0x00,0xC0,0x40,0x40,0x58,
    0x5C,0x6C,0x68,0x68,0x4C,0x00,0x00,0x00,0x00,0x00,0x00,0x00,0x00,0x00,0x40,0x40,
    0x00,0xC0,0x40,0x40,0x40,0x40,0x60,0x00,0x00,0x00,0x00,0x00,0x00,0x00,0x00,0x00,
    0x40,0x40,0x00,0xC0,0x60,0x40,0x40,0x40,0x40,0x40,0x40,0x80,0x00,0x00,0x00,0x00,
    0x00,0x00,0xC0,0x40,0x40,0x48,0x48,0x70,0x50,0x58,0x4C,0x00,0x00,0x00,0x00,0x00,
    0x00,0x00,0x00,0x00,0xC0,0x40,0x40,0x40,0x40,0x40,0x40,0x40,0x60,0x00,0x00,0x00,
    0x00,0x00,0x00,0x00,0x00,0x00,0x00,0x00,0x00,0x00,0x00,0x00,0x00,0x00,0x00,0x00,
    0xDB,0x80,0x7F,0x80,0x6D,0x80,0x6D,0x80,0x6D,0x80,0x49,0x80,0x00,0x00,0x00,0x00,
    0x00,0x00,0x00,0x00,0x00,0x00,0x00,0x00,0x00,0x00,0x00,0x00,0x00,0xD8,0x5C,0x6C,
    0x6C,0x6C,0x4C,0x00,0x00,0x00,0x00,0x00,0x00,0x00,0x00,0x00,0x00,0x00,0x00,0x78,
    0x48,0xCC,0xCC,0x48,0x78,0x00,0x00,0x00,0x00,0x00,0x00,0x00,0x00,0x00,0x00,0x00,
    0x00,0xD8,0x64,0x64,0x64,0x4C,0x78,0x40,0x40,0x60,0x00,0x00,0x00,0x00,0x00,0x00,
    0x00,0x00,0x00,0x78,0x48,0xC8,0xD8,0xD8,0x78,0x08,0x08,0x0C,0x00,0x00,0x00,0x00,
    0x00,0x00,0x00,0x00,0x00,0xD8,0x60,0x60,0x40,0x40,0x40,0x00,0x00,0x00,0x00,0x00,
    0x00,0x00,0x00,0x00,0x00,0x00,0x00,0x70,0x50,0x60,0x30,0xD0,0x70,0x00,0x00,0x00,
    0x00,0x00,0x00,0x00,0x00,0x00,0x00,0x60,0x40,0xF0,0x40,0x40,0x40,0x40,0x70,0x00,
    0x00,0x00,0x00,0x00,0x00,0x00,0x00,0x00,0x00,0x00,0x00,0xCC,0x4C,0x4C,0x5C,0x58,
    0x6C,0x00,0x00,0x00,0x00,0x00,0x00,0x00,0x00,0x00,0x00,0x00,0x00,0xC8,0x4C,0x48,
    0x48,0x48,0x70,0x00,0x00,0x00,0x00,0x00,0x00,0x00,0x00,0x00,0x00,0x00,0x00,0x00,
    0x00,0x00,0x00,0x00,0x00,0x00,0xCB,0x00,0x49,0x00,0x49,0x00,0x49,0x00,0x5B,0x00,
    0x7E,0x00,0x00,0x00,0x00,0x00,0x00,0x00,0x00,0x00,0x00,0x00,0x00,0x00,0x00,0x00,
    0x00,0x00,0x00,0xC8,0x28,0x30,0x70,0xD0,0xDC,0x00,0x00,0x00,0x00,0x00,0x00,0x00,
    0x00,0x00,0x00,0x00,0x00,0xC8,0x4C,0x48,0x48,0x78,0x30,0x10,0xA0,0xE0,0x00,0x00,
    0x00,0x00,0x00,0x00,0x00,0x00,0x00,0x78,0x10,0x30,0x20,0x48,0xF8,0x00,0x00,0x00,
    0x00,0x00,0x00,0x00,0x00,0x00,0x30,0x20,0x20,0x20,0x20,0x40,0x60,0x20,0x60,0x60,
    0x60,0x30,0x00,0x00,0x00,0x00,0x00,0x20,0x20,0x20,0x20,0x20,0x20,0x20,0x20,0x20,
    0x20,0x20,0x00,0x00,0x00,0x00,0x00,0x00,0x00,0x00,0x60,0x20,0x20,0x60,0x60,0x30,
    0x60,0x60,0x60,0x60,0x60,0xC0,0x00,0x00,0x00,0x00,0x00,0x00,0x00,0x00,0x00,0x00,
    0x00,0x7C,0x00,0x00,0x00,0x00,0x00,0x00,0x00,0x00,0x00,0x00,0x00,0x00,0x60,0xA0,
    0x60,0x00,0x00,0x00,0x00,0x00,0x00,0x00,0x00,0x00,0x00,0x00,0x00,0x00,0x00,0x00,
    0x70,0x10,0x30,0x20,0x70,0x00,0x00,0x00,0x00,0x00,0x00,0x00,0x00,0x00,0x00,0x00,
    0x00,0x00,0x70,0x50,0x30,0x10,0xF0,0x00,0x00,0x00,0x00,0x00,0x00,0x00,0x00,0x00,
    0x00,0x00,0x00,0x00,0x60,0x60,0x40,0x40,0x60,0x00,0x00,0x00,0x00,0x00,0x00,0x00,
    0x00,0x00,0x00,0x00,0x00,0x00,0x00,0x00,0x00,0x00,0x41,0x00,0x63,0x00,0x62,0x00,
    0x64,0x80,0x65,0x80,0x69,0x80,0x0A,0x80,0x13,0xC0,0x10,0x80,0x00,0x00,0x00,0x00,
    0x00,0x00,0x00,0x00,0x00,0x00,0x00,0x00,0x00,0x00,0x00,0x00,0x00,0x00,0x00,0x00,
    0x63,0x00,0x62,0x00,0x67,0x80,0x46,0x40,0x68,0x40,0x08,0x80,0x11,0x40,0x13,0xC0,
    0x00,0x00,0x00,0x00,0x00,0x00,0x00,0x00,0x00,0x00,0x00,0x00,0x00,0x00,0x00,0x00,
    0x00,0x00,0x71,0x00,0x51,0x00,0x32,0x00,0x12,0xC0,0x54,0xC0,0x75,0xC0,0x0A,0xC0,
    0x0B,0xC0,0x10,0x80,0x00,0x00,0x00,0x00,0x00,0x00,0x00,0x00,0x00,0x00,0x00,0x00,
    0x10,0x08,0x00,0x18,0x18,0x1C,0x2C,0x24,0x3C,0x46,0xE7,0x00,0x00,0x00,0x00,0x00,
    0x00,0x00,0x0C,0x18,0x00,0x18,0x18,0x1C,0x2C,0x24,0x3C,0x46,0xE7,0x00,0x00,0x00,
    0x00,0x00,0x00,0x00,0x18,0x04,0x00,0x18,0x18,0x1C,0x2C,0x24,0x3C,0x46,0xE7,0x00,
    0x00,0x00,0x00,0x00,0x00,0x00,0x1C,0x0C,0x00,0x18,0x18,0x1C,0x2C,0x24,0x3C,0x46,
    0xE7,0x00,0x00,0x00,0x00,0x00,0x00,0x00,0x00,0x34,0x00,0x18,0x18,0x1C,0x2C,0x24,
    0x3C,0x46,0xE7,0x00,0x00,0x00,0x00,0x00,0x00,0x18,0x18,0x18,0x00,0x18,0x18,0x1C,
    0x2C,0x24,0x3C,0x46,0xE7,0x00,0x00,0x00,0x00,0x00,0x00,0x00,0x00,0x00,0x00,0x00,
    0x00,0x00,0x00,0x00,0x1F,0x80,0x18,0x80,0x1C,0x00,0x2F,0x00,0x24,0x00,0x3C,0x00,
    0x46,0x40,0xE7,0xC0,0x00,0x00,0x00,0x00,0x00,0x00,0x00,0x00,0x00,0x00,0x00,0x00,
    0x00,0x00,0x00,0x3C,0x66,0x40,0x40,0xC0,0x40,0x64,0x3C,0x10,0x08,0x18,0x00,0x00,
    0x00,0x00,0x30,0x10,0x00,0x7C,0x24,0x20,0x38,0x60,0x60,0x64,0x7C,0x00,0x00,0x00,
    0x00,0x00,0x00,0x00,0x08,0x18,0x00,0x7C,0x24,0x20,0x38,0x60,0x60,0x64,0x7C,0x00,
    0x00,0x00,0x00,0x00,0x00,0x00,0x18,0x28,0x00,0x7C,0x24,0x20,0x38,0x60,0x60,0x64,
    0x7C,0x00,0x00,0x00,0x00,0x00,0x00,0x00,0x00,0x2C,0x00,0x7C,0x24,0x20,0x38,0x60,
    0x60,0x64,0x7C,0x00,0x00,0x00,0x00,0x00,0x00,0x00,0x40,0x20,0x00,0x70,0x20,0x20,
    0x20,0x60,0x60,0x60,0x60,0x00,0x00,0x00,0x00,0x00,0x00,0x00,0x10,0x20,0x00,0x70,
    0x20,0x20,0x20,0x60,0x60,0x60,0x60,0x00,0x00,0x00,0x00,0x00,0x00,0x00,0x20,0x50,
    0x00,0x70,0x20,0x20,0x20,0x60,0x60,0x60,0x60,0x00,0x00,0x00,0x00,0x00,0x00,0x00,
    0x00,0xD0,0x00,0x70,0x20,0x20,0x20,0x60,0x60,0x60,0x60,0x00,0x00,0x00,0x00,0x00,
    0x00,0x00,0x00,0x00,0x00,0x7C,0x22,0x23,0xFB,0x23,0x62,0x66,0x7C,0x00,0x00,0x00,
    0x00,0x00,0x00,0x00,0x18,0x0C,0x00,0x73,0x32,0x32,0x7A,0x6A,0x6E,0x46,0x66,0x00,
    0x00,0x00,0x00,0x00,0x00,0x00,0x10,0x18,0x00,0x3C,0x66,0x42,0x43,0xC3,0x42,0x66,
    0x3C,0x00,0x00,0x00,0x00,0x00,0x00,0x00,0x0C,0x18,0x00,0x3C,0x66,0x42,0x43,0xC3,
    0x42,0x66,0x3C,0x00,0x00,0x00,0x00,0x00,0x00,0x08,0x18,0x14,0x00,0x3C,0x66,0x42,
    0x43,0xC3,0x42,0x66,0x3C,0x00,0x00,0x00,0x00,0x00,0x00,0x00,0x1C,0x0C,0x00,0x3C,
    0x66,0x42,0x43,0xC3,0x42,0x66,0x3C,0x00,0x00,0x00,0x00,0x00,0x00,0x00,0x00,0x34,
    0x00,0x3C,0x66,0x42,0x43,0xC3,0x42,0x66,0x3C,0x00,0x00,0x00,0x00,0x00,0x00,0x00,
    0x00,0x00,0x00,0x00,0x00,0x40,0x38,0x30,0x78,0x08,0x00,0x00,0x00,0x00,0x00,0x00,
    0x00,0x00,0x00,0x00,0x00,0x3E,0x66,0x46,0x4B,0xD3,0x52,0x66,0x7C,0x00,0x00,0x00,
    0x00,0x00,0x00,0x00,0x10,0x08,0x00,0x67,0x62,0x62,0x62,0x66,0x46,0x6E,0x3B,0x00,
    0x00,0x00,0x00,0x00,0x00,0x00,0x0C,0x08,0x00,0x67,0x62,0x62,0x62,0x66,0x46,0x6E,
    0x3B,0x00,0x00,0x00,0x00,0x00,0x00,0x00,0x18,0x14,0x00,0x67,0x62,0x62,0x62,0x66,
    0x46,0x6E,0x3B,0x00,0x00,0x00,0x00,0x00,0x00,0x00,0x00,0x14,0x00,0x67,0x62,0x62,
    0x62,0x66,0x46,0x6E,0x3B,0x00,0x00,0x00,0x00,0x00,0x00,0x00,0x0C,0x18,0x00,0xE6,
    0x64,0x24,0x38,0x18,0x10,0x10,0x38,0x00,0x00,0x00,0x00,0x00,0x00,0x00,0x00,0x00,
    0x00,0x70,0x38,0x24,0x24,0x24,0x78,0x60,0x70,0x00,0x00,0x00,0x00,0x00,0x00,0x00,
    0x00,0x00,0x3C,0x64,0x44,0x48,0x58,0x4C,0x44,0x56,0x5C,0x40,0xC0,0x80,0x00,0x00,
    0x00,0x00,0x00,0x00,0x20,0x10,0x00,0x38,0x48,0xC8,0xD8,0xD8,0x7C,0x00,0x00,0x00,
    0x00,0x00,0x00,0x00,0x00,0x00,0x18,0x20,0x00,0x38,0x48,0xC8,0xD8,0xD8,0x7C,0x00,
    0x00,0x00,0x00,0x00,0x00,0x00,0x00,0x00,0x30,0x28,0x00,0x38,0x48,0xC8,0xD8,0xD8,
    0x7C,0x00,0x00,0x00,0x00,0x00,0x00,0x00,0x00,0x00,0x38,0x18,0x00,0x38,0x48,0xC8,
    0xD8,0xD8,0x7C,0x00,0x00,0x00,0x00,0x00,0x00,0x00,0x00,0x00,0x68,0x00,0x00,0x38,
    0x48,0xC8,0xD8,0xD8,0x7C,0x00,0x00,0x00,0x00,0x00,0x00,0x00,0x00,0x00,0x30,0x30,
    0x00,0x38,0x48,0xC8,0xD8,0xD8,0x7C,0x00,0x00,0x00,0x00,0x00,0x00,0x00,0x00,0x00,
    0x00,0x00,0x00,0x3F,0x49,0xCB,0xDC,0xD8,0x7F,0x00,0x00,0x00,0x00,0x00,0x00,0x00,
    0x00,0x00,0x00,0x00,0x00,0x38,0x48,0xC0,0xC0,0xC0,0x78,0x20,0x10,0x30,0x00,0x00,
    0x00,0x00,0x00,0x00,0x20,0x10,0x00,0x78,0x48,0xD8,0xE0,0x40,0x70,0x00,0x00,0x00,
    0x00,0x00,0x00,0x00,0x00,0x00,0x10,0x20,0x00,0x78,0x48,0xD8,0xE0,0x40,0x70,0x00,
    0x00,0x00,0x00,0x00,0x00,0x00,0x00,0x00,0x30,0x48,0x00,0x78,0x48,0xD8,0xE0,0x40,
    0x70,0x00,0x00,0x00,0x00,0x00,0x00,0x00,0x00,0x00,0x78,0x00,0x00,0x78,0x48,0xD8,
    0xE0,0x40,0x70,0x00,0x00,0x00,0x00,0x00,0x00,0x00,0x00,0x00,0xC0,0x40,0x00,0xC0,
    0x40,0x40,0x40,0x40,0x60,0x00,0x00,0x00,0x00,0x00,0x00,0x00,0x00,0x00,0x60,0x40,
    0x00,0xC0,0x40,0x40,0x40,0x40,0x60,0x00,0x00,0x00,0x00,0x00,0x00,0x00,0x00,0x00,
    0xC0,0xA0,0x00,0xC0,0x40,0x40,0x40,0x40,0x60,0x00,0x00,0x00,0x00,0x00,0x00,0x00,
    0x00,0x00,0xA0,0x00,0x00,0xC0,0x40,0x40,0x40,0x40,0x60,0x00,0x00,0x00,0x00,0x00,
    0x00,0x00,0x00,0x00,0x38,0x38,0x08,0x78,0x48,0xCC,0xC8,0x48,0x70,0x00,0x00,0x00,
    0x00,0x00,0x00,0x00,0x00,0x00,0x38,0x18,0x00,0xD8,0x5C,0x6C,0x6C,0x6C,0x4C,0x00,
    0x00,0x00,0x00,0x00,0x00,0x00,0x00,0x00,0x20,0x10,0x00,0x78,0x48,0xCC,0xCC,0x48,
    0x78,0x00,0x00,0x00,0x00,0x00,0x00,0x00,0x00,0x00,0x10,0x20,0x00,0x78,0x48,0xCC,
    0xCC,0x48,0x78,0x00,0x00,0x00,0x00,0x00,0x00,0x00,0x00,0x00,0x30,0x28,0x00,0x78,
    0x48,0xCC,0xCC,0x48,0x78,0x00,0x00,0x00,0x00,0x00,0x00,0x00,0x00,0x00,0x38,0x38,
    0x00,0x78,0x48,0xCC,0xCC,0x48,0x78,0x00,0x00,0x00,0x00,0x00,0x00,0x00,0x00,0x00,
    0x78,0x00,0x00,0x78,0x48,0xCC,0xCC,0x48,0x78,0x00,0x00,0x00,0x00,0x00,0x00,0x00,
    0x00,0x00,0x00,0x00,0x00,0x10,0x00,0x7C,0x30,0x00,0x00,0x00,0x00,0x00,0x00,0x00,
    0x00,0x00,0x00,0x00,0x00,0x00,0x00,0x7C,0x48,0xDC,0xEC,0x48,0xF8,0x00,0x00,0x00,
    0x00,0x00,0x00,0x00,0x00,0x00,0x20,0x10,0x00,0xCC,0x4C,0x4C,0x5C,0x58,0x6C,0x00,
    0x00,0x00,0x00,0x00,0x00,0x00,0x00,0x00,0x10,0x20,0x00,0xCC,0x4C,0x4C,0x5C,0x58,
    0x6C,0x00,0x00,0x00,0x00,0x00,0x00,0x00,0x00,0x00,0x30,0x28,0x00,0xCC,0x4C,0x4C,
    0x5C,0x58,0x6C,0x00,0x00,0x00,0x00,0x00,0x00,0x00,0x00,0x00,0x68,0x00,0x00,0xCC,
    0x4C,0x4C,0x5C,0x58,0x6C,0x00,0x00,0x00,0x00,0x00,0x00,0x00,0x00,0x00,0x10,0x20,
    0x00,0xC8,0x4C,0x48,0x48,0x78,0x30,0x10,0xA0,0xE0,0x00,0x00,0x00,0x00,0x00,0x00,
    0xC0,0x40,0x40,0x58,0x6C,0x64,0x6C,0x48,0x78,0x40,0x40,0x60,0x00,0x00,0x00,0x00,
    0x00,0x00,0x78,0x00,0x00,0xC8,0x4C,0x48,0x48,0x78,0x30,0x10,0xA0,0xE0,0x00,0x00,
    0x00,0x00,0x00,0x00,0x00,0x00,0x00,0x00,0x00,0x00,0x3F,0xE0,0x66,0x20,0x43,0x00,
    0x43,0xC0,0xC2,0x00,0x42,0x00,0x66,0x60,0x3F,0xC0,0x00,0x00,0x00,0x00,0x00,0x00,
    0x00,0x00,0x00,0x00,0x00,0x00,0x00,0x00,0x00,0x00,0x00,0x00,0x00,0x00,0x00,0x00,
    0x00,0x00,0x7F,0x00,0x4D,0x80,0xCD,0x00,0xCE,0x00,0x4C,0x00,0x77,0x00,0x00,0x00,
    0x00,0x00,0x00,0x00,0x00,0x00,0x00,0x00,0x00,0x00,0x28,0x30,0x00,0x78,0x48,0x40,
    0x70,0x18,0x08,0xC8,0x70,0x00,0x00,0x00,0x00,0x00,0x00,0x00,0x00,0x00,0x70,0x20,
    0x00,0x70,0x50,0x60,0x30,0xD0,0x70,0x00,0x00,0x00,0x00,0x00,0x00,0x00,0x00,0x3C,
    0x00,0xE6,0x64,0x24,0x38,0x18,0x10,0x10,0x38,0x00,0x00,0x00,0x00,0x00,0x00,0x00,
    0x28,0x18,0x00,0x7E,0x44,0x08,0x18,0x30,0x20,0x64,0x7C,0x00,0x00,0x00,0x00,0x00,
    0x00,0x00,0x00,0x00,0x70,0x30,0x00,0x78,0x10,0x30,0x20,0x48,0xF8,0x00,0x00,0x00,
    0x00,0x00,0x00,0x00,0x00,0x00,0x00,0x00,0x00,0x00,0x00,0xFC,0x00,0x00,0x00,0x00,
    0x00,0x00,0x00,0x00,0x00,0x00,0x00,0x00,0x00,0x00,0x00,0x00,0x00,0x00,0x00,0x00,
    0x00,0x00,0x00,0x00,0x00,0x00,0xFF,0xE0,0x00,0x00,0x00,0x00,0x00,0x00,0x00,0x00,
    0x00,0x00,0x00,0x00,0x00,0x00,0x00,0x00,0x00,0x00,0x00,0x00,0x20,0x40,0x60,0x00,
    0x00,0x00,0x00,0x00,0x00,0x00,0x00,0x00,0x00,0x00,0x00,0x00,0x00,0x00,0x60,0x60,
    0x40,0x00,0x00,0x00,0x00,0x00,0x00,0x00,0x00,0x00,0x00,0x00,0x00,0x00,0x00,0x00,
    0x28,0x50,0x78,0x00,0x00,0x00,0x00,0x00,0x00,0x00,0x00,0x00,0x00,0x00,0x00,0x00,
    0x00,0x00,0x78,0x78,0x50,0x00,0x00,0x00,0x00,0x00,0x00,0x00,0x00,0x00,0x00,0x00,
    0x00,0x00,0x00,0x00,0x00,0x00,0x00,0x00,0x00,0x60,0x60,0x00,0x00,0x00,0x00,0x00,
    0x00,0x00,0x00,0x00,0x00,0x00,0x00,0x00,0x00,0x00,0x00,0x00,0x00,0x00,0x00,0x00,
    0x00,0x00,0x00,0x00,0x00,0x00,0x00,0x00,0x64,0xC0,0x6C,0xC0,0x00,0x00,0x00,0x00,
    0x00,0x00,0x00,0x00,0x00,0x00,0x00,0x00,0x00,0x00,0x00,0x00,0x00,0x00,0x00,0x00,
    0x63,0x00,0x62,0x00,0x47,0x80,0x47,0x40,0x68,0x80,0x08,0xC0,0x12,0x40,0x33,0x80,
    0x00,0x00,0x00,0x00,0x00,0x00,0x00,0x00,0x00,0x00,0x00,0x00,0x00,0x00,0x00,0x00,
    0x00,0x00,0x00,0x00,0x71,0x00,0x11,0x00,0x13,0xC0,0x27,0x40,0x74,0xC0,0x08,0x40,
    0x09,0x60,0x11,0xC0,0x00,0x00,0x00,0x00,0x00,0x00,0x00,0x00,0x00,0x00,0x00,0x00,
    0x00,0x00,0x00,0x00,0x00,0x00,0x00,0x00,0x62,0x00,0x62,0x00,0x47,0xC0,0x46,0x40,
    0x69,0x80,0x0B,0xC0,0x12,0x40,0x23,0x80,0x00,0x00,0x00,0x00,0x00,0x00,0x00,0x00,
    0x00,0x00,0x00,0x00,0x00,0x00,0x00,0x00,0x00,0x00,0x00,0x00,0x71,0x00,0x52,0x00,
    0x33,0xC0,0x57,0x40,0x75,0xC0,0x09,0xC0,0x1A,0x40,0x11,0xC0,0x00,0x00,0x00,0x00,
    0x00,0x00,0x00,0x00,0x00,0x00,0x00,0x00,0x00,0x00,0x00,0x00,0x00,0x00,0x00,0x00,
    0x71,0x00,0x42,0x00,0x73,0xC0,0xD6,0x40,0x7D,0x80,0x0B,0xC0,0x12,0x40,0x13,0xC0,
    0x00,0x00,0x00,0x00,0x00,0x00,0x00,0x00,0x00,0x00,0x00,0x00,0x00,0x00,0x00,0x00,
    0x00,0x00,0x00,0x00,0xF2,0x00,0x12,0x00,0x27,0x80,0x2E,0xC0,0x6B,0x80,0x13,0xC0,
    0x12,0x40,0x23,0x80,0x00,0x00,0x00,0x00,0x00,0x00,0x00,0x00,0x00,0x00,
};
const FontGlyph FONT_LIT_18_ITAL_GLYPHS[187] PROGMEM = {
    {2, 0},
    {4, 18},
    {4, 36},
    {7, 54},
    {5, 72},
    {9, 90},
    {8, 126},
    {3, 144},
    {4, 162},
    {4, 180},
    {5, 198},
    {6, 216},
    {4, 234},
    {4, 252},
    {4, 270},
    {5, 288},
    {6, 306},
    {4, 324},
    {6, 342},
    {6, 360},
    {6, 378},
    {6, 396},
    {6, 414},
    {6, 432},
    {6, 450},
    {6, 468},
    {4, 486},
    {4, 504},
    {6, 522},
    {6, 540},
    {6, 558},
    {6, 576},
    {9, 594},
    {8, 630},
    {7, 648},
    {7, 666},
    {8, 684},
    {7, 702},
    {6, 720},
    {7, 738},
    {8, 756},
    {4, 774},
    {4, 792},
    {8, 810},
    {6, 828},
    {10, 846},
    {8, 882},
    {8, 900},
    {6, 918},
    {8, 936},
    {7, 954},
    {5, 972},
    {7, 990},
    {8, 1008},
    {8, 1026},
    {11, 1044},
    {8, 1080},
    {7, 1098},
    {7, 1116},
    {4, 1134},
    {5, 1152},
    {4, 1170},
    {6, 1188},
    {5, 1206},
    {5, 1224},
    {6, 1242},
    {6, 1260},
    {5, 1278},
    {6, 1296},
    {5, 1314},
    {4, 1332},
    {6, 1350},
    {6, 1368},
    {3, 1386},
    {3, 1404},
    {6, 1422},
    {3, 1440},
    {10, 1458},
    {7, 1494},
    {6, 1512},
    {6, 1530},
    {6, 1548},
    {5, 1566},
    {5, 1584},
    {4, 1602},
    {7, 1620},
    {6, 1638},
    {9, 1656},
    {6, 1692},
    {6, 1710},
    {5, 1728},
    {4, 1746},
    {4, 1764},
    {4, 1782},
    {6, 1800},
    {3, 1818},
    {4, 1836},
    {4, 1854},
    {3, 1872},
    {10, 1890},
    {10, 1926},
    {11, 1962},
    {8, 1998},
    {8, 2016},
    {8, 2034},
    {8, 2052},
    {8, 2070},
    {8, 2088},
    {10, 2106},
    {7, 2142},
    {7, 2160},
    {7, 2178},
    {7, 2196},
    {7, 2214},
    {4, 2232},
    {4, 2250},
    {4, 2268},
    {4, 2286},
    {8, 2304},
    {8, 2322},
    {8, 2340},
    {8, 2358},
    {8, 2376},
    {8, 2394},
    {8, 2412},
    {6, 2430},
    {8, 2448},
    {8, 2466},
    {8, 2484},
    {8, 2502},
    {8, 2520},
    {7, 2538},
    {7, 2556},
    {7, 2574},
    {6, 2592},
    {6, 2610},
    {6, 2628},
    {6, 2646},
    {6, 2664},
    {6, 2682},
    {8, 2700},
    {5, 2718},
    {5, 2736},
    {5, 2754},
    {5, 2772},
    {5, 2790},
    {3, 2808},
    {3, 2826},
    {3, 2844},
    {3, 2862},
    {6, 2880},
    {7, 2898},
    {6, 2916},
    {6, 2934},
    {6, 2952},
    {6, 2970},
    {6, 2988},
    {6, 3006},
    {6, 3024},
    {7, 3042},
    {7, 3060},
    {7, 3078},
    {7, 3096},
    {6, 3114},
    {6, 3132},
    {6, 3150},
    {11, 3168},
    {9, 3204},
    {5, 3240},
    {5, 3258},
    {7, 3276},
    {7, 3294},
    {5, 3312},
    {6, 3330},
    {11, 3348},
    {3, 3384},
    {3, 3402},
    {5, 3420},
    {5, 3438},
    {4, 3456},
    {11, 3474},
    {10, 3510},
    {11, 3546},
    {10, 3582},
    {11, 3618},
    {11, 3654},
    {10, 3690},
};
const UiFont FONT_LIT_18_ITAL = {18, FONT_LIT_18_ITAL_GLYPHS, FONT_LIT_18_ITAL_BITS};

const uint8_t FONT_LIT_24_REG_BITS[] PROGMEM = {
    0x00,0x00,0x00,0x00,0x00,0x00,0x00,0x00,0x00,0x00,0x00,0x00,0x00,0x00,0x00,0x00,
    0x00,0x00,0x00,0x00,0x00,0x00,0x00,0x00,0x00,0x00,0x00,0x00,0x00,0x00,0x00,0x00,
    0x30,0x30,0x30,0x30,0x10,0x10,0x10,0x10,0x00,0x30,0x30,0x00,0x00,0x00,0x00,0x00,
    0x00,0x00,0x00,0x00,0x00,0x00,0x00,0x68,0x78,0x68,0x48,0x00,0x00,0x00,0x00,0x00,
    0x00,0x00,0x00,0x00,0x00,0x00,0x00,0x00,0x00,0x00,0x00,0x00,0x00,0x00,0x00,0x00,
    0x00,0x00,0x00,0x00,0x00,0x00,0x00,0x00,0x00,0x00,0x00,0x00,0x00,0x00,0x19,0x00,
    0x7F,0xC0,0x11,0x00,0x11,0x00,0x11,0x00,0x7F,0xC0,0x32,0x00,0x22,0x00,0x00,0x00,
    0x00,0x00,0x00,0x00,0x00,0x00,0x00,0x00,0x00,0x00,0x00,0x00,0x00,0x00,0x00,0x00,
    0x00,0x00,0x00,0x00,0x08,0x00,0x08,0x00,0x3F,0x00,0x6B,0x00,0x69,0x00,0x68,0x00,
    0x78,0x00,0x3E,0x00,0x0F,0x00,0x09,0x80,0xC9,0x80,0x6B,0x00,0x7E,0x00,0x08,0x00,
    0x08,0x00,0x00,0x00,0x00,0x00,0x00,0x00,0x00,0x00,0x00,0x00,0x00,0x00,0x00,0x00,
    0x00,0x00,0x00,0x00,0x00,0x00,0x00,0x00,0x00,0x00,0x00,0x00,0x38,0x40,0x6C,0xC0,
    0x6C,0x80,0x6D,0x00,0x3B,0x70,0x02,0xD8,0x04,0xD8,0x0C,0xD8,0x08,0x70,0x00,0x00,
    0x00,0x00,0x00,0x00,0x00,0x00,0x00,0x00,0x00,0x00,0x00,0x00,0x00,0x00,0x00,0x00,
    0x00,0x00,0x00,0x00,0x00,0x00,0x00,0x00,0x1E,0x00,0x33,0x00,0x33,0x00,0x32,0x30,
    0x1C,0x78,0x3E,0x40,0x67,0xC0,0x63,0x80,0x61,0x80,0x71,0xC0,0x3F,0x70,0x00,0x00,
    0x00,0x00,0x00,0x00,0x00,0x00,0x00,0x00,0x00,0x00,0x00,0x00,0x00,0x00,0x00,0x60,
    0x60,0x60,0x40,0x00,0x00,0x00,0x00,0x00,0x00,0x00,0x00,0x00,0x00,0x00,0x00,0x00,
    0x00,0x00,0x00,0x00,0x00,0x00,0x00,0x18,0x30,0x30,0x20,0x60,0x60,0x60,0x60,0x60,
    0x60,0x60,0x30,0x30,0x10,0x18,0x00,0x00,0x00,0x00,0x00,0x00,0x00,0x00,0x00,0x60,
    0x20,0x30,0x30,0x30,0x18,0x18,0x18,0x18,0x18,0x30,0x30,0x20,0x60,0x40,0x00,0x00,
    0x00,0x00,0x00,0x00,0x00,0x00,0x00,0x10,0x54,0x7C,0x7C,0x54,0x10,0x00,0x00,0x00,
    0x00,0x00,0x00,0x00,0x00,0x00,0x00,0x00,0x00,0x00,0x00,0x00,0x00,0x00,0x00,0x00,
    0x00,0x00,0x00,0x00,0x00,0x00,0x00,0x00,0x00,0x00,0x00,0x00,0x00,0x00,0x0C,0x00,
    0x0C,0x00,0x0C,0x00,0x7F,0x80,0x0C,0x00,0x0C,0x00,0x0C,0x00,0x00,0x00,0x00,0x00,
    0x00,0x00,0x00,0x00,0x00,0x00,0x00,0x00,0x00,0x00,0x00,0x00,0x00,0x00,0x00,0x00,
    0x00,0x00,0x00,0x00,0x00,0x00,0x00,0x00,0x00,0x70,0x70,0x30,0x60,0x40,0x00,0x00,
    0x00,0x00,0x00,0x00,0x00,0x00,0x00,0x00,0x00,0x00,0x00,0x00,0x00,0x00,0x78,0x00,
    0x00,0x00,0x00,0x00,0x00,0x00,0x00,0x00,0x00,0x00,0x00,0x00,0x00,0x00,0x00,0x00,
    0x00,0x00,0x00,0x00,0x00,0x00,0x00,0x00,0x00,0x60,0x60,0x00,0x00,0x00,0x00,0x00,
    0x00,0x00,0x00,0x00,0x00,0x00,0x00,0x06,0x04,0x0C,0x08,0x08,0x18,0x10,0x10,0x30,
    0x20,0x60,0x40,0x40,0xC0,0x00,0x00,0x00,0x00,0x00,0x00,0x00,0x00,0x00,0x00,0x00,
    0x00,0x00,0x00,0x00,0x00,0x00,0x00,0x00,0x1E,0x00,0x33,0x00,0x61,0x80,0x61,0x80,
    0x61,0x80,0x61,0x80,0x61,0x80,0x61,0x80,0x61,0x80,0x33,0x00,0x1E,0x00,0x00,0x00,
    0x00,0x00,0x00,0x00,0x00,0x00,0x00,0x00,0x00,0x00,0x00,0x00,0x00,0x00,0x00,0x00,
    0x78,0x78,0x18,0x18,0x18,0x18,0x18,0x18,0x18,0x18,0x7E,0x00,0x00,0x00,0x00,0x00,
    0x00,0x00,0x00,0x00,0x00,0x00,0x00,0x00,0x3E,0x66,0x63,0x03,0x06,0x06,0x0C,0x18,
    0x31,0x7F,0x7F,0x00,0x00,0x00,0x00,0x00,0x00,0x00,0x00,0x00,0x00,0x00,0x00,0x00,
    0x00,0x00,0x00,0x00,0x00,0x00,0x00,0x00,0x3E,0x00,0x67,0x00,0x63,0x00,0x03,0x00,
    0x06,0x00,0x1C,0x00,0x07,0x00,0x03,0x00,0x03,0x00,0x47,0x00,0x3E,0x00,0x00,0x00,
    0x00,0x00,0x00,0x00,0x00,0x00,0x00,0x00,0x00,0x00,0x00,0x00,0x00,0x00,0x00,0x00,
    0x00,0x00,0x00,0x00,0x00,0x00,0x00,0x00,0x06,0x00,0x0E,0x00,0x1E,0x00,0x36,0x00,
    0x26,0x00,0x66,0x00,0xC6,0x00,0xFF,0x80,0x06,0x00,0x06,0x00,0x1F,0x00,0x00,0x00,
    0x00,0x00,0x00,0x00,0x00,0x00,0x00,0x00,0x00,0x00,0x00,0x00,0x00,0x00,0x00,0x00,
    0x7E,0x60,0x60,0x60,0x7C,0x46,0x03,0x03,0x03,0xC6,0x7C,0x00,0x00,0x00,0x00,0x00,
    0x00,0x00,0x00,0x00,0x00,0x00,0x00,0x00,0x00,0x00,0x00,0x00,0x00,0x00,0x00,0x00,
    0x1F,0x00,0x31,0x80,0x31,0x00,0x60,0x00,0x7E,0x00,0x73,0x00,0x61,0x80,0x61,0x80,
    0x61,0x80,0x33,0x00,0x1E,0x00,0x00,0x00,0x00,0x00,0x00,0x00,0x00,0x00,0x00,0x00,
    0x00,0x00,0x00,0x00,0x00,0x00,0x00,0x00,0x7F,0x43,0x06,0x04,0x0C,0x0C,0x18,0x18,
    0x18,0x18,0x10,0x00,0x00,0x00,0x00,0x00,0x00,0x00,0x00,0x00,0x00,0x00,0x00,0x00,
    0x00,0x00,0x00,0x00,0x00,0x00,0x00,0x00,0x1F,0x00,0x33,0x80,0x61,0x80,0x71,0x00,
    0x3F,0x00,0x1F,0x00,0x63,0x80,0x61,0x80,0x61,0x80,0x71,0x80,0x3F,0x00,0x00,0x00,
    0x00,0x00,0x00,0x00,0x00,0x00,0x00,0x00,0x00,0x00,0x00,0x00,0x00,0x00,0x00,0x00,
    0x3E,0x73,0x61,0x61,0x61,0x63,0x3F,0x01,0x03,0x43,0x3E,0x00,0x00,0x00,0x00,0x00,
    0x00,0x00,0x00,0x00,0x00,0x00,0x00,0x00,0x00,0x00,0x00,0x60,0x60,0x00,0x00,0x00,
    0x00,0x60,0x60,0x00,0x00,0x00,0x00,0x00,0x00,0x00,0x00,0x00,0x00,0x00,0x00,0x00,
    0x00,0x00,0x00,0x70,0x70,0x00,0x00,0x00,0x00,0x70,0x70,0x30,0x60,0x40,0x00,0x00,
    0x00,0x00,0x00,0x00,0x00,0x00,0x00,0x00,0x00,0x00,0x00,0x00,0x00,0x00,0x00,0x00,
    0x00,0x00,0x00,0x00,0x00,0x00,0x02,0x00,0x0C,0x00,0x38,0x00,0x60,0x00,0x30,0x00,
    0x1C,0x00,0x06,0x00,0x00,0x00,0x00,0x00,0x00,0x00,0x00,0x00,0x00,0x00,0x00,0x00,
    0x00,0x00,0x00,0x00,0x00,0x00,0x00,0x00,0x00,0x00,0x00,0x00,0x00,0x00,0x00,0x00,
    0x00,0x00,0x00,0x00,0x00,0x00,0x00,0x00,0x7F,0x00,0x00,0x00,0x00,0x00,0x7F,0x00,
    0x00,0x00,0x00,0x00,0x00,0x00,0x00,0x00,0x00,0x00,0x00,0x00,0x00,0x00,0x00,0x00,
    0x00,0x00,0x00,0x00,0x00,0x00,0x00,0x00,0x00,0x00,0x00,0x00,0x00,0x00,0x00,0x00,
    0x00,0x00,0x00,0x00,0x00,0x00,0x20,0x00,0x18,0x00,0x0E,0x00,0x03,0x00,0x06,0x00,
    0x1C,0x00,0x30,0x00,0x00,0x00,0x00,0x00,0x00,0x00,0x00,0x00,0x00,0x00,0x00,0x00,
    0x00,0x00,0x00,0x00,0x00,0x00,0x00,0x00,0x00,0x00,0x00,0x00,0x00,0x00,0x00,0x00,
    0x3E,0x00,0x27,0x00,0x63,0x00,0x07,0x00,0x06,0x00,0x0C,0x00,0x08,0x00,0x08,0x00,
    0x00,0x00,0x18,0x00,0x18,0x00,0x00,0x00,0x00,0x00,0x00,0x00,0x00,0x00,0x00,0x00,
    0x00,0x00,0x00,0x00,0x00,0x00,0x00,0x00,0x00,0x00,0x00,0x00,0x00,0x00,0x00,0x00,
    0x00,0x00,0x00,0x00,0x0F,0xC0,0x18,0x70,0x30,0x38,0x67,0xD8,0x6C,0xD8,0x78,0xD8,
    0x79,0xD8,0x79,0xD8,0x6E,0xF0,0x30,0x00,0x38,0x60,0x0F,0x80,0x00,0x00,0x00,0x00,
    0x00,0x00,0x00,0x00,0x00,0x00,0x00,0x00,0x00,0x00,0x00,0x00,0x00,0x00,0x00,0x00,
    0x06,0x00,0x0F,0x00,0x0B,0x00,0x0B,0x00,0x1B,0x80,0x11,0x80,0x11,0x80,0x3F,0xC0,
    0x20,0xC0,0x60,0xC0,0xF1,0xF0,0x00,0x00,0x00,0x00,0x00,0x00,0x00,0x00,0x00,0x00,
    0x00,0x00,0x00,0x00,0x00,0x00,0x00,0x00,0x00,0x00,0x00,0x00,0x00,0x00,0x00,0x00,
    0xFF,0x00,0x33,0x80,0x31,0x80,0x31,0x80,0x33,0x00,0x3F,0x00,0x31,0x80,0x30,0xC0,
    0x30,0xC0,0x31,0x80,0xFF,0x00,0x00,0x00,0x00,0x00,0x00,0x00,0x00,0x00,0x00,0x00,
    0x00,0x00,0x00,0x00,0x00,0x00,0x00,0x00,0x00,0x00,0x00,0x00,0x00,0x00,0x00,0x00,
    0x1F,0xC0,0x30,0xC0,0x20,0x40,0x60,0x40,0x60,0x00,0x60,0x00,0x60,0x00,0x60,0x00,
    0x30,0x40,0x38,0xC0,0x0F,0x80,0x00,0x00,0x00,0x00,0x00,0x00,0x00,0x00,0x00,0x00,
    0x00,0x00,0x00,0x00,0x00,0x00,0x00,0x00,0x00,0x00,0x00,0x00,0x00,0x00,0x00,0x00,
    0xFF,0x80,0x31,0xC0,0x30,0xE0,0x30,0x60,0x30,0x60,0x30,0x60,0x30,0x60,0x30,0x60,
    0x30,0xC0,0x31,0x80,0xFF,0x00,0x00,0x00,0x00,0x00,0x00,0x00,0x00,0x00,0x00,0x00,
    0x00,0x00,0x00,0x00,0x00,0x00,0x00,0x00,0x00,0x00,0x00,0x00,0x00,0x00,0x00,0x00,
    0xFF,0x00,0x31,0x00,0x31,0x00,0x30,0x00,0x32,0x00,0x3E,0x00,0x32,0x00,0x30,0x00,
    0x30,0x80,0x31,0x80,0xFF,0x80,0x00,0x00,0x00,0x00,0x00,0x00,0x00,0x00,0x00,0x00,
    0x00,0x00,0x00,0x00,0x00,0x00,0x00,0x00,0x00,0x00,0x00,0x00,0x00,0x00,0x00,0x00,
    0xFF,0x00,0x31,0x00,0x31,0x80,0x30,0x00,0x32,0x00,0x3E,0x00,0x32,0x00,0x32,0x00,
    0x30,0x00,0x30,0x00,0xF8,0x00,0x00,0x00,0x00,0x00,0x00,0x00,0x00,0x00,0x00,0x00,
    0x00,0x00,0x00,0x00,0x00,0x00,0x00,0x00,0x00,0x00,0x00,0x00,0x00,0x00,0x00,0x00,
    0x0F,0xC0,0x30,0xC0,0x20,0x60,0x60,0x20,0x60,0x00,0x60,0x00,0x61,0xF0,0x60,0x60,
    0x30,0x60,0x38,0xE0,0x0F,0xE0,0x00,0x00,0x00,0x00,0x00,0x00,0x00,0x00,0x00,0x00,
    0x00,0x00,0x00,0x00,0x00,0x00,0x00,0x00,0x00,0x00,0x00,0x00,0x00,0x00,0x00,0x00,
    0xF9,0xF0,0x30,0x60,0x30,0x60,0x30,0x60,0x30,0x60,0x3F,0xE0,0x30,0x60,0x30,0x60,
    0x30,0x60,0x30,0x60,0xF8,0xF0,0x00,0x00,0x00,0x00,0x00,0x00,0x00,0x00,0x00,0x00,
    0x00,0x00,0x00,0x00,0x00,0x00,0x00,0x00,0xF8,0x30,0x30,0x30,0x30,0x30,0x30,0x30,
    0x30,0x30,0xF8,0x00,0x00,0x00,0x00,0x00,0x00,0x00,0x00,0x00,0x00,0x00,0x00,0x00,
    0x00,0x00,0x00,0x00,0x00,0x00,0x00,0x00,0x1F,0x00,0x06,0x00,0x06,0x00,0x06,0x00,
    0x06,0x00,0x06,0x00,0x06,0x00,0x06,0x00,0x66,0x00,0xEC,0x00,0x78,0x00,0x00,0x00,
    0x00,0x00,0x00,0x00,0x00,0x00,0x00,0x00,0x00,0x00,0x00,0x00,0x00,0x00,0x00,0x00,
    0x00,0x00,0x00,0x00,0x00,0x00,0x00,0x00,0xF9,0xE0,0x31,0x80,0x33,0x00,0x36,0x00,
    0x3C,0x00,0x3C,0x00,0x36,0x00,0x33,0x00,0x33,0x00,0x31,0x80,0xF8,0xE0,0x00,0x00,
    0x00,0x00,0x00,0x00,0x00,0x00,0x00,0x00,0x00,0x00,0x00,0x00,0x00,0x00,0x00,0x00,
    0x00,0x00,0x00,0x00,0x00,0x00,0x00,0x00,0xF8,0x00,0x30,0x00,0x30,0x00,0x30,0x00,
    0x30,0x00,0x30,0x00,0x30,0x00,0x30,0x00,0x31,0x80,0x31,0x80,0xFF,0x80,0x00,0x00,
    0x00,0x00,0x00,0x00,0x00,0x00,0x00,0x00,0x00,0x00,0x00,0x00,0x00,0x00,0x00,0x00,
    0x00,0x00,0x00,0x00,0x00,0x00,0x00,0x00,0x3C,0x1E,0x1E,0x1C,0x1E,0x3C,0x1E,0x2C,
    0x1B,0x6C,0x1B,0x6C,0x1B,0x4C,0x19,0xCC,0x19,0x8C,0x18,0x0C,0x7C,0x1E,0x00,0x00,
    0x00,0x00,0x00,0x00,0x00,0x00,0x00,0x00,0x00,0x00,0x00,0x00,0x00,0x00,0x00,0x00,
    0x00,0x00,0x00,0x00,0x00,0x00,0x00,0x00,0xF8,0xF0,0x38,0x60,0x3C,0x60,0x3C,0x60,
    0x36,0x60,0x32,0x60,0x33,0x60,0x31,0x60,0x31,0xE0,0x30,0xE0,0xF8,0xE0,0x00,0x00,
    0x00,0x00,0x00,0x00,0x00,0x00,0x00,0x00,0x00,0x00,0x00,0x00,0x00,0x00,0x00,0x00,
    0x00,0x00,0x00,0x00,0x00,0x00,0x00,0x00,0x0F,0x80,0x38,0xC0,0x20,0x60,0x60,0x30,
    0x60,0x30,0x60,0x30,0x60,0x30,0x60,0x20,0x30,0x60,0x38,0xC0,0x0F,0x80,0x00,0x00,
    0x00,0x00,0x00,0x00,0x00,0x00,0x00,0x00,0x00,0x00,0x00,0x00,0x00,0x00,0x00,0x00,
    0x00,0x00,0x00,0x00,0x00,0x00,0x00,0x00,0xFE,0x00,0x33,0x00,0x31,0x80,0x31,0x80,
    0x31,0x80,0x33,0x00,0x3E,0x00,0x30,0x00,0x30,0x00,0x30,0x00,0xF8,0x00,0x00,0x00,
    0x00,0x00,0x00,0x00,0x00,0x00,0x00,0x00,0x00,0x00,0x00,0x00,0x00,0x00,0x00,0x00,
    0x00,0x00,0x00,0x00,0x00,0x00,0x00,0x00,0x0F,0x80,0x38,0xC0,0x20,0x60,0x60,0x30,
    0x60,0x30,0x60,0x30,0x60,0x30,0x7E,0x20,0x33,0x60,0x39,0xC0,0x0F,0xC0,0x00,0xE0,
    0x00,0x70,0x00,0x00,0x00,0x00,0x00,0x00,0x00,0x00,0x00,0x00,0x00,0x00,0x00,0x00,
    0x00,0x00,0x00,0x00,0x00,0x00,0x00,0x00,0xFF,0x00,0x31,0x80,0x31,0x80,0x31,0x80,
    0x33,0x00,0x3E,0x00,0x37,0x00,0x33,0x00,0x33,0x80,0x31,0x80,0xFC,0xE0,0x00,0x00,
    0x00,0x00,0x00,0x00,0x00,0x00,0x00,0x00,0x00,0x00,0x00,0x00,0x00,0x00,0x00,0x00,
    0x00,0x00,0x00,0x00,0x00,0x00,0x00,0x00,0x3F,0x00,0x63,0x00,0x61,0x00,0x60,0x00,
    0x78,0x00,0x3F,0x00,0x07,0x00,0x01,0x80,0xC1,0x80,0x63,0x00,0x7E,0x00,0x00,0x00,
    0x00,0x00,0x00,0x00,0x00,0x00,0x00,0x00,0x00,0x00,0x00,0x00,0x00,0x00,0x00,0x00,
    0x00,0x00,0x00,0x00,0x00,0x00,0x00,0x00,0x7F,0xE0,0x66,0x60,0x46,0x20,0x06,0x00,
    0x06,0x00,0x06,0x00,0x06,0x00,0x06,0x00,0x06,0x00,0x06,0x00,0x1F,0x80,0x00,0x00,
    0x00,0x00,0x00,0x00,0x00,0x00,0x00,0x00,0x00,0x00,0x00,0x00,0x00,0x00,0x00,0x00,
    0x00,0x00,0x00,0x00,0x00,0x00,0x00,0x00,0xF8,0xF0,0x30,0x60,0x30,0x60,0x30,0x60,
    0x30,0x60,0x30,0x60,0x30,0x60,0x30,0x60,0x30,0x60,0x18,0xC0,0x0F,0x80,0x00,0x00,
    0x00,0x00,0x00,0x00,0x00,0x00,0x00,0x00,0x00,0x00,0x00,0x00,0x00,0x00,0x00,0x00,
    0x00,0x00,0x00,0x00,0x00,0x00,0x00,0x00,0xF8,0xF0,0x70,0x40,0x30,0xC0,0x30,0xC0,
    0x18,0x80,0x19,0x80,0x19,0x00,0x0D,0x00,0x0F,0x00,0x0E,0x00,0x06,0x00,0x00,0x00,
    0x00,0x00,0x00,0x00,0x00,0x00,0x00,0x00,0x00,0x00,0x00,0x00,0x00,0x00,0x00,0x00,
    0x00,0x00,0x00,0x00,0x00,0x00,0x00,0x00,0x00,0x00,0x00,0x00,0x00,0x00,0x00,0x00,
    0xF8,0xC7,0x80,0x71,0xC3,0x00,0x31,0xE3,0x00,0x31,0x62,0x00,0x31,0x62,0x00,0x13,
    0x26,0x00,0x1A,0x36,0x00,0x1A,0x34,0x00,0x1E,0x3C,0x00,0x0E,0x1C,0x00,0x0C,0x18,
    0x00,0x00,0x00,0x00,0x00,0x00,0x00,0x00,0x00,0x00,0x00,0x00,0x00,0x00,0x00,0x00,
    0x00,0x00,0x00,0x00,0x00,0x00,0x00,0x00,0x00,0x00,0x00,0x00,0x00,0x00,0x00,0x00,
    0xF1,0xE0,0x70,0x80,0x31,0x80,0x1B,0x00,0x0E,0x00,0x0E,0x00,0x0E,0x00,0x1B,0x00,
    0x31,0x80,0x21,0xC0,0xF1,0xE0,0x00,0x00,0x00,0x00,0x00,0x00,0x00,0x00,0x00,0x00,
    0x00,0x00,0x00,0x00,0x00,0x00,0x00,0x00,0x00,0x00,0x00,0x00,0x00,0x00,0x00,0x00,
    0xF9,0xE0,0x30,0xC0,0x30,0x80,0x19,0x80,0x0D,0x00,0x0E,0x00,0x06,0x00,0x06,0x00,
    0x06,0x00,0x06,0x00,0x1F,0x00,0x00,0x00,0x00,0x00,0x00,0x00,0x00,0x00,0x00,0x00,
    0x00,0x00,0x00,0x00,0x00,0x00,0x00,0x00,0x00,0x00,0x00,0x00,0x00,0x00,0x00,0x00,
    0x7F,0x80,0x61,0x80,0x43,0x00,0x06,0x00,0x06,0x00,0x0C,0x00,0x18,0x00,0x18,0x00,
    0x30,0x80,0x61,0x80,0x7F,0x80,0x00,0x00,0x00,0x00,0x00,0x00,0x00,0x00,0x00,0x00,
    0x00,0x00,0x00,0x00,0x00,0x00,0x38,0x30,0x30,0x30,0x30,0x30,0x30,0x30,0x30,0x30,
    0x30,0x30,0x30,0x30,0x30,0x38,0x00,0x00,0x00,0x00,0x00,0x00,0x00,0x00,0x00,0xC0,
    0x40,0x40,0x60,0x20,0x30,0x10,0x10,0x18,0x08,0x08,0x0C,0x04,0x06,0x00,0x00,0x00,
    0x00,0x00,0x00,0x00,0x00,0x00,0xF0,0x30,0x30,0x30,0x30,0x30,0x30,0x30,0x30,0x30,
    0x30,0x30,0x30,0x30,0x30,0xF0,0x00,0x00,0x00,0x00,0x00,0x00,0x00,0x00,0x00,0x00,
    0x00,0x00,0x00,0x00,0x00,0x00,0x00,0x00,0x0C,0x00,0x1C,0x00,0x36,0x00,0x23,0x00,
    0x61,0x00,0x40,0x00,0x00,0x00,0x00,0x00,0x00,0x00,0x00,0x00,0x00,0x00,0x00,0x00,
    0x00,0x00,0x00,0x00,0x00,0x00,0x00,0x00,0x00,0x00,0x00,0x00,0x00,0x00,0x00,0x00,
    0x00,0x00,0x00,0x00,0x00,0x00,0x00,0x00,0x00,0x00,0x00,0x00,0xFF,0x00,0x00,0x00,
    0x00,0x00,0x00,0x00,0x00,0x00,0x00,0x30,0x38,0x08,0x00,0x00,0x00,0x00,0x00,0x00,
    0x00,0x00,0x00,0x00,0x00,0x00,0x00,0x00,0x00,0x00,0x00,0x00,0x00,0x00,0x00,0x00,
    0x00,0x00,0x00,0x00,0x00,0x00,0x00,0x00,0x00,0x00,0x00,0x00,0x00,0x00,0x3C,0x00,
    0x66,0x00,0x06,0x00,0x3E,0x00,0x76,0x00,0x66,0x00,0x66,0x00,0x3B,0x80,0x00,0x00,
    0x00,0x00,0x00,0x00,0x00,0x00,0x00,0x00,0x00,0x00,0x00,0x00,0x00,0x00,0x00,0x00,
    0x00,0x00,0x00,0x00,0x00,0x00,0x70,0x00,0x30,0x00,0x30,0x00,0x30,0x00,0x3F,0x00,
    0x39,0x80,0x30,0xC0,0x30,0xC0,0x30,0xC0,0x30,0xC0,0x31,0x80,0x3F,0x00,0x00,0x00,
    0x00,0x00,0x00,0x00,0x00,0x00,0x00,0x00,0x00,0x00,0x00,0x00,0x00,0x00,0x00,0x00,
    0x00,0x00,0x00,0x1E,0x33,0x63,0x60,0x60,0x60,0x31,0x1E,0x00,0x00,0x00,0x00,0x00,
    0x00,0x00,0x00,0x00,0x00,0x00,0x00,0x00,0x00,0x00,0x00,0x00,0x00,0x00,0x07,0x80,
    0x01,0x80,0x01,0x80,0x01,0x80,0x1F,0x80,0x31,0x80,0x61,0x80,0x61,0x80,0x61,0x80,
    0x61,0x80,0x73,0x80,0x3F,0xC0,0x00,0x00,0x00,0x00,0x00,0x00,0x00,0x00,0x00,0x00,
    0x00,0x00,0x00,0x00,0x00,0x00,0x00,0x00,0x00,0x00,0x00,0x1E,0x33,0x63,0x7F,0x60,
    0x60,0x31,0x1E,0x00,0x00,0x00,0x00,0x00,0x00,0x00,0x00,0x00,0x00,0x00,0x00,0x1C,
    0x34,0x30,0x30,0x7C,0x30,0x30,0x30,0x30,0x30,0x30,0xF8,0x00,0x00,0x00,0x00,0x00,
    0x00,0x00,0x00,0x00,0x00,0x00,0x00,0x00,0x00,0x00,0x00,0x00,0x00,0x00,0x00,0x00,
    0x00,0x00,0x00,0x00,0x01,0x80,0x3F,0x80,0x73,0x00,0x63,0x00,0x73,0x00,0x3E,0x00,
    0x20,0x00,0x60,0x00,0x3F,0x80,0x61,0x80,0x61,0x80,0x3F,0x00,0x00,0x00,0x00,0x00,
    0x00,0x00,0x00,0x00,0x00,0x00,0x00,0x00,0x00,0x00,0x00,0x00,0x00,0x00,0x70,0x00,
    0x30,0x00,0x30,0x00,0x30,0x00,0x3F,0x00,0x39,0x80,0x31,0x80,0x31,0x80,0x31,0x80,
    0x31,0x80,0x31,0x80,0x7B,0xC0,0x00,0x00,0x00,0x00,0x00,0x00,0x00,0x00,0x00,0x00,
    0x00,0x00,0x00,0x00,0x00,0x00,0x00,0x60,0x60,0x00,0x00,0xE0,0x60,0x60,0x60,0x60,
    0x60,0x60,0xF8,0x00,0x00,0x00,0x00,0x00,0x00,0x00,0x00,0x00,0x00,0x00,0x00,0x60,
    0x60,0x00,0x00,0xE0,0x60,0x60,0x60,0x60,0x60,0x60,0x60,0x60,0x60,0xC0,0x00,0x00,
    0x00,0x00,0x00,0x00,0x00,0x00,0x00,0x00,0x00,0x00,0x00,0x00,0x00,0x00,0x70,0x00,
    0x30,0x00,0x30,0x00,0x30,0x00,0x33,0x80,0x33,0x00,0x36,0x00,0x3C,0x00,0x3E,0x00,
    0x36,0x00,0x33,0x00,0xF9,0xC0,0x00,0x00,0x00,0x00,0x00,0x00,0x00,0x00,0x00,0x00,
    0x00,0x00,0x00,0x00,0x00,0x00,0x00,0x70,0x30,0x30,0x30,0x30,0x30,0x30,0x30,0x30,
    0x30,0x30,0xF8,0x00,0x00,0x00,0x00,0x00,0x00,0x00,0x00,0x00,0x00,0x00,0x00,0x00,
    0x00,0x00,0x00,0x00,0x00,0x00,0x00,0x00,0x00,0x00,0x00,0x00,0x00,0x00,0x6F,0x78,
    0x31,0x8C,0x31,0x8C,0x31,0x8C,0x31,0x8C,0x31,0x8C,0x31,0x8C,0x7B,0xDE,0x00,0x00,
    0x00,0x00,0x00,0x00,0x00,0x00,0x00,0x00,0x00,0x00,0x00,0x00,0x00,0x00,0x00,0x00,
    0x00,0x00,0x00,0x00,0x00,0x00,0x00,0x00,0x00,0x00,0x00,0x00,0x00,0x00,0x6F,0x00,
    0x39,0x80,0x31,0x80,0x31,0x80,0x31,0x80,0x31,0x80,0x31,0x80,0x7B,0xC0,0x00,0x00,
    0x00,0x00,0x00,0x00,0x00,0x00,0x00,0x00,0x00,0x00,0x00,0x00,0x00,0x00,0x00,0x00,
    0x00,0x00,0x00,0x00,0x00,0x00,0x00,0x00,0x00,0x00,0x00,0x00,0x00,0x00,0x1F,0x00,
    0x33,0x80,0x61,0x80,0x61,0x80,0x61,0x80,0x61,0x80,0x33,0x00,0x1E,0x00,0x00,0x00,
    0x00,0x00,0x00,0x00,0x00,0x00,0x00,0x00,0x00,0x00,0x00,0x00,0x00,0x00,0x00,0x00,
    0x00,0x00,0x00,0x00,0x00,0x00,0x00,0x00,0x00,0x00,0x00,0x00,0x00,0x00,0x7F,0x00,
    0x39,0x80,0x30,0xC0,0x30,0xC0,0x30,0xC0,0x30,0xC0,0x31,0x80,0x3F,0x00,0x30,0x00,
    0x30,0x00,0x78,0x00,0x00,0x00,0x00,0x00,0x00,0x00,0x00,0x00,0x00,0x00,0x00,0x00,
    0x00,0x00,0x00,0x00,0x00,0x00,0x00,0x00,0x00,0x00,0x00,0x00,0x00,0x00,0x1F,0x80,
    0x31,0x80,0x61,0x80,0x61,0x80,0x61,0x80,0x61,0x80,0x73,0x80,0x3D,0x80,0x01,0x80,
    0x01,0x80,0x07,0xC0,0x00,0x00,0x00,0x00,0x00,0x00,0x00,0x00,0x00,0x00,0x00,0x00,
    0x00,0x00,0x00,0x6E,0x3F,0x32,0x30,0x30,0x30,0x30,0x78,0x00,0x00,0x00,0x00,0x00,
    0x00,0x00,0x00,0x00,0x00,0x00,0x00,0x00,0x00,0x00,0x00,0x3E,0x66,0x62,0x7C,0x1E,
    0x46,0x66,0x7C,0x00,0x00,0x00,0x00,0x00,0x00,0x00,0x00,0x00,0x00,0x00,0x00,0x00,
    0x30,0x30,0x70,0x7C,0x30,0x30,0x30,0x30,0x30,0x30,0x3C,0x00,0x00,0x00,0x00,0x00,
    0x00,0x00,0x00,0x00,0x00,0x00,0x00,0x00,0x00,0x00,0x00,0x00,0x00,0x00,0x00,0x00,
    0x00,0x00,0x00,0x00,0x00,0x00,0x73,0x80,0x31,0x80,0x31,0x80,0x31,0x80,0x31,0x80,
    0x31,0x80,0x33,0x80,0x1D,0xC0,0x00,0x00,0x00,0x00,0x00,0x00,0x00,0x00,0x00,0x00,
    0x00,0x00,0x00,0x00,0x00,0x00,0x00,0x00,0x00,0x00,0x00,0x00,0x00,0x00,0x00,0x00,
    0x00,0x00,0x00,0x00,0x00,0x00,0xF3,0x80,0x61,0x00,0x33,0x00,0x32,0x00,0x32,0x00,
    0x1E,0x00,0x1C,0x00,0x0C,0x00,0x00,0x00,0x00,0x00,0x00,0x00,0x00,0x00,0x00,0x00,
    0x00,0x00,0x00,0x00,0x00,0x00,0x00,0x00,0x00,0x00,0x00,0x00,0x00,0x00,0x00,0x00,
    0x00,0x00,0x00,0x00,0x00,0x00,0xF3,0x3C,0x63,0x98,0x67,0x90,0x37,0x90,0x34,0xB0,
    0x34,0xE0,0x1C,0xE0,0x18,0xE0,0x00,0x00,0x00,0x00,0x00,0x00,0x00,0x00,0x00,0x00,
    0x00,0x00,0x00,0x00,0x00,0x00,0x00,0x00,0x00,0x00,0x00,0x00,0x00,0x00,0x00,0x00,
    0x00,0x00,0x00,0x00,0x00,0x00,0xF7,0x80,0x72,0x00,0x34,0x00,0x1C,0x00,0x1C,0x00,
    0x36,0x00,0x27,0x00,0xF7,0x80,0x00,0x00,0x00,0x00,0x00,0x00,0x00,0x00,0x00,0x00,
    0x00,0x00,0x00,0x00,0x00,0x00,0x00,0x00,0x00,0x00,0x00,0x00,0x00,0x00,0x00,0x00,
    0x00,0x00,0x00,0x00,0x00,0x00,0xF3,0x80,0x63,0x00,0x32,0x00,0x32,0x00,0x36,0x00,
    0x1C,0x00,0x1C,0x00,0x08,0x00,0x18,0x00,0xD0,0x00,0xE0,0x00,0x00,0x00,0x00,0x00,
    0x00,0x00,0x00,0x00,0x00,0x00,0x00,0x00,0x00,0x00,0x00,0x7F,0x66,0x4C,0x0C,0x18,
    0x31,0x63,0x7F,0x00,0x00,0x00,0x00,0x00,0x00,0x00,0x00,0x00,0x00,0x00,0x38,0x30,
    0x30,0x30,0x30,0x30,0x30,0x60,0x30,0x30,0x30,0x30,0x30,0x30,0x30,0x38,0x00,0x00,
    0x00,0x00,0x00,0x00,0x00,0x00,0x00,0x10,0x10,0x10,0x10,0x10,0x10,0x10,0x10,0x10,
    0x10,0x10,0x10,0x10,0x10,0x00,0x00,0x00,0x00,0x00,0x00,0x00,0x00,0x00,0xE0,0x30,
    0x30,0x30,0x30,0x30,0x30,0x18,0x30,0x30,0x30,0x30,0x30,0x30,0x30,0xE0,0x00,0x00,
    0x00,0x00,0x00,0x00,0x00,0x00,0x00,0x00,0x00,0x00,0x00,0x00,0x00,0x00,0x00,0x00,
    0x00,0x00,0x00,0x00,0x00,0x00,0x00,0x00,0x00,0x00,0x79,0x00,0x4F,0x00,0x00,0x00,
    0x00,0x00,0x00,0x00,0x00,0x00,0x00,0x00,0x00,0x00,0x00,0x00,0x00,0x00,0x00,0x00,
    0x00,0x00,0x00,0x00,0x00,0x00,0x00,0x78,0x78,0x78,0x78,0x00,0x00,0x00,0x00,0x00,
    0x00,0x00,0x00,0x00,0x00,0x00,0x00,0x00,0x00,0x00,0x00,0x00,0x00,0x00,0x7C,0x4C,
    0x0C,0x0C,0x10,0x24,0x7C,0x00,0x00,0x00,0x00,0x00,0x00,0x00,0x00,0x00,0x00,0x00,
    0x00,0x00,0x00,0x00,0x00,0x00,0x7C,0x4C,0x0C,0x18,0x0C,0x4C,0x78,0x00,0x00,0x00,
    0x00,0x00,0x00,0x00,0x00,0x00,0x00,0x00,0x00,0x00,0x00,0x00,0x00,0x20,0xE0,0x20,
    0x20,0x20,0x20,0x20,0xF8,0x00,0x00,0x00,0x00,0x00,0x00,0x00,0x00,0x00,0x00,0x00,
    0x00,0x00,0x00,0x00,0x00,0x00,0x00,0x00,0x00,0x00,0x00,0x00,0x00,0x00,0x00,0x00,
    0x70,0x20,0x70,0x40,0x30,0xC0,0x30,0x80,0x31,0x98,0x31,0x18,0x73,0x38,0x7A,0x58,
    0x04,0x98,0x0C,0xFC,0x08,0x18,0x00,0x00,0x00,0x00,0x00,0x00,0x00,0x00,0x00,0x00,
    0x00,0x00,0x00,0x00,0x00,0x00,0x00,0x00,0x00,0x00,0x00,0x00,0x00,0x00,0x00,0x00,
    0x70,0x20,0x30,0x40,0x30,0xC0,0x30,0x80,0x31,0xBC,0x31,0x66,0x7B,0x06,0x02,0x0C,
    0x04,0x18,0x04,0x32,0x08,0x7E,0x08,0x00,0x00,0x00,0x00,0x00,0x00,0x00,0x00,0x00,
    0x00,0x00,0x00,0x00,0x00,0x00,0x00,0x00,0x00,0x00,0x00,0x00,0x00,0x00,0x00,0x00,
    0x3C,0x10,0x66,0x30,0x46,0x20,0x1C,0x60,0x1C,0xC6,0x06,0x8E,0x4F,0x96,0x7D,0x16,
    0x03,0x26,0x06,0x7E,0x06,0x06,0x04,0x00,0x00,0x00,0x00,0x00,0x00,0x00,0x00,0x00,
    0x00,0x00,0x00,0x00,0x00,0x00,0x00,0x00,0x00,0x00,0x0C,0x00,0x06,0x00,0x00,0x00,
    0x06,0x00,0x0E,0x00,0x0B,0x00,0x0B,0x00,0x1B,0x80,0x11,0x80,0x11,0x80,0x3F,0xC0,
    0x20,0xC0,0x60,0xC0,0xF1,0xE0,0x00,0x00,0x00,0x00,0x00,0x00,0x00,0x00,0x00,0x00,
    0x00,0x00,0x00,0x00,0x00,0x00,0x00,0x00,0x00,0x00,0x03,0x00,0x06,0x00,0x00,0x00,
    0x06,0x00,0x07,0x00,0x0F,0x00,0x0B,0x00,0x19,0x80,0x19,0x80,0x11,0x80,0x3F,0xC0,
    0x30,0xC0,0x20,0xE0,0xF1,0xF0,0x00,0x00,0x00,0x00,0x00,0x00,0x00,0x00,0x00,0x00,
    0x00,0x00,0x00,0x00,0x00,0x00,0x00,0x00,0x06,0x00,0x0F,0x00,0x19,0x00,0x00,0x00,
    0x06,0x00,0x0F,0x00,0x0B,0x00,0x0B,0x00,0x1B,0x80,0x11,0x80,0x11,0x80,0x3F,0xC0,
    0x20,0xC0,0x60,0xC0,0xF1,0xF0,0x00,0x00,0x00,0x00,0x00,0x00,0x00,0x00,0x00,0x00,
    0x00,0x00,0x00,0x00,0x00,0x00,0x00,0x00,0x00,0x00,0x0F,0x80,0x1F,0x00,0x00,0x00,
    0x06,0x00,0x0F,0x00,0x0B,0x00,0x0B,0x00,0x1B,0x80,0x11,0x80,0x11,0x80,0x3F,0xC0,
    0x20,0xC0,0x60,0xC0,0xF1,0xF0,0x00,0x00,0x00,0x00,0x00,0x00,0x00,0x00,0x00,0x00,
    0x00,0x00,0x00,0x00,0x00,0x00,0x00,0x00,0x00,0x00,0x1B,0x00,0x1B,0x00,0x00,0x00,
    0x0E,0x00,0x0E,0x00,0x1F,0x00,0x1B,0x00,0x13,0x00,0x33,0x80,0x31,0x80,0x3F,0x80,
    0x61,0xC0,0x60,0xC0,0xF1,0xE0,0x00,0x00,0x00,0x00,0x00,0x00,0x00,0x00,0x00,0x00,
    0x00,0x00,0x00,0x00,0x00,0x00,0x07,0x00,0x0F,0x00,0x0F,0x00,0x0F,0x00,0x00,0x00,
    0x06,0x00,0x06,0x00,0x0F,0x00,0x0B,0x00,0x09,0x00,0x11,0x80,0x11,0x80,0x3F,0xC0,
    0x20,0xC0,0x20,0x40,0xF1,0xF0,0x00,0x00,0x00,0x00,0x00,0x00,0x00,0x00,0x00,0x00,
    0x00,0x00,0x00,0x00,0x00,0x00,0x00,0x00,0x00,0x00,0x00,0x00,0x00,0x00,0x00,0x00,
    0x07,0xFC,0x06,0xC4,0x04,0xC4,0x0C,0xC0,0x08,0xC8,0x1F,0xF8,0x10,0xC8,0x30,0xC0,
    0x20,0xC2,0x60,0xC6,0xF3,0xFE,0x00,0x00,0x00,0x00,0x00,0x00,0x00,0x00,0x00,0x00,
    0x00,0x00,0x00,0x00,0x00,0x00,0x00,0x00,0x00,0x00,0x00,0x00,0x00,0x00,0x00,0x00,
    0x1F,0xC0,0x30,0xC0,0x20,0x40,0x60,0x40,0x60,0x00,0x60,0x00,0x60,0x00,0x60,0x00,
    0x30,0x40,0x38,0xC0,0x1F,0x80,0x06,0x00,0x03,0x00,0x0E,0x00,0x00,0x00,0x00,0x00,
    0x00,0x00,0x00,0x00,0x00,0x00,0x00,0x00,0x00,0x00,0x18,0x00,0x0C,0x00,0x00,0x00,
    0xFF,0x00,0x31,0x00,0x31,0x00,0x30,0x00,0x32,0x00,0x3E,0x00,0x32,0x00,0x30,0x00,
    0x30,0x80,0x31,0x80,0xFF,0x80,0x00,0x00,0x00,0x00,0x00,0x00,0x00,0x00,0x00,0x00,
    0x00,0x00,0x00,0x00,0x00,0x00,0x00,0x00,0x00,0x00,0x0E,0x00,0x18,0x00,0x00,0x00,
    0xFF,0x00,0x31,0x00,0x31,0x00,0x30,0x00,0x32,0x00,0x3E,0x00,0x32,0x00,0x30,0x00,
    0x30,0x80,0x31,0x80,0xFF,0x80,0x00,0x00,0x00,0x00,0x00,0x00,0x00,0x00,0x00,0x00,
    0x00,0x00,0x00,0x00,0x00,0x00,0x00,0x00,0x08,0x00,0x1C,0x00,0x32,0x00,0x00,0x00,
    0xFF,0x00,0x31,0x00,0x31,0x00,0x30,0x00,0x32,0x00,0x3E,0x00,0x32,0x00,0x30,0x00,
    0x30,0x80,0x31,0x80,0xFF,0x80,0x00,0x00,0x00,0x00,0x00,0x00,0x00,0x00,0x00,0x00,
    0x00,0x00,0x00,0x00,0x00,0x00,0x00,0x00,0x00,0x00,0x36,0x00,0x36,0x00,0x00,0x00,
    0xFF,0x00,0x31,0x00,0x31,0x00,0x30,0x00,0x32,0x00,0x3E,0x00,0x32,0x00,0x30,0x00,
    0x30,0x80,0x31,0x80,0xFF,0x80,0x00,0x00,0x00,0x00,0x00,0x00,0x00,0x00,0x00,0x00,
    0x00,0x00,0x00,0x00,0x00,0x60,0x30,0x00,0x78,0x30,0x30,0x30,0x30,0x30,0x30,0x30,
    0x30,0x30,0x78,0x00,0x00,0x00,0x00,0x00,0x00,0x00,0x00,0x00,0x00,0x38,0x60,0x00,
    0xF8,0x30,0x30,0x30,0x30,0x30,0x30,0x30,0x30,0x30,0xF8,0x00,0x00,0x00,0x00,0x00,
    0x00,0x00,0x00,0x00,0x30,0x78,0xC8,0x00,0xF8,0x30,0x30,0x30,0x30,0x30,0x30,0x30,
    0x30,0x30,0xF8,0x00,0x00,0x00,0x00,0x00,0x00,0x00,0x00,0x00,0x00,0x6C,0x6C,0x00,
    0x7C,0x18,0x18,0x18,0x18,0x18,0x18,0x18,0x18,0x18,0x7C,0x00,0x00,0x00,0x00,0x00,
    0x00,0x00,0x00,0x00,0x00,0x00,0x00,0x00,0x00,0x00,0x00,0x00,0x00,0x00,0x00,0x00,
    0xFF,0x80,0x31,0xC0,0x30,0xE0,0x30,0x60,0x30,0x60,0xFE,0x60,0x30,0x60,0x30,0x60,
    0x30,0xC0,0x31,0x80,0xFF,0x00,0x00,0x00,0x00,0x00,0x00,0x00,0x00,0x00,0x00,0x00,
    0x00,0x00,0x00,0x00,0x00,0x00,0x00,0x00,0x00,0x00,0x0F,0x00,0x0F,0x00,0x00,0x00,
    0xF8,0xF0,0x38,0x60,0x3C,0x60,0x3C,0x60,0x36,0x60,0x32,0x60,0x33,0x60,0x31,0x60,
    0x31,0xE0,0x30,0xE0,0xF8,0xE0,0x00,0x00,0x00,0x00,0x00,0x00,0x00,0x00,0x00,0x00,
    0x00,0x00,0x00,0x00,0x00,0x00,0x00,0x00,0x0C,0x00,0x0E,0x00,0x03,0x00,0x00,0x00,
    0x0F,0x80,0x38,0xC0,0x20,0x60,0x60,0x30,0x60,0x30,0x60,0x30,0x60,0x30,0x60,0x20,
    0x30,0x60,0x38,0xC0,0x0F,0x80,0x00,0x00,0x00,0x00,0x00,0x00,0x00,0x00,0x00,0x00,
    0x00,0x00,0x00,0x00,0x00,0x00,0x00,0x00,0x01,0x00,0x03,0x00,0x06,0x00,0x00,0x00,
    0x0F,0x80,0x38,0xC0,0x20,0x60,0x60,0x30,0x60,0x30,0x60,0x30,0x60,0x30,0x60,0x20,
    0x30,0x60,0x38,0xC0,0x0F,0x80,0x00,0x00,0x00,0x00,0x00,0x00,0x00,0x00,0x00,0x00,
    0x00,0x00,0x00,0x00,0x00,0x00,0x00,0x00,0x06,0x00,0x07,0x00,0x09,0x80,0x00,0x00,
    0x0F,0x80,0x38,0xC0,0x20,0x60,0x60,0x30,0x60,0x30,0x60,0x30,0x60,0x30,0x60,0x20,
    0x30,0x60,0x38,0xC0,0x0F,0x80,0x00,0x00,0x00,0x00,0x00,0x00,0x00,0x00,0x00,0x00,
    0x00,0x00,0x00,0x00,0x00,0x00,0x00,0x00,0x00,0x00,0x0F,0x80,0x0F,0x80,0x00,0x00,
    0x0F,0x80,0x38,0xC0,0x20,0x60,0x60,0x30,0x60,0x30,0x60,0x30,0x60,0x30,0x60,0x20,
    0x30,0x60,0x38,0xC0,0x0F,0x80,0x00,0x00,0x00,0x00,0x00,0x00,0x00,0x00,0x00,0x00,
    0x00,0x00,0x00,0x00,0x00,0x00,0x00,0x00,0x00,0x00,0x0D,0x80,0x0D,0x80,0x00,0x00,
    0x0F,0x80,0x38,0xC0,0x20,0x60,0x60,0x30,0x60,0x30,0x60,0x30,0x60,0x30,0x60,0x20,
    0x30,0x60,0x38,0xC0,0x0F,0x80,0x00,0x00,0x00,0x00,0x00,0x00,0x00,0x00,0x00,0x00,
    0x00,0x00,0x00,0x00,0x00,0x00,0x00,0x00,0x00,0x00,0x00,0x00,0x00,0x00,0x00,0x00,
    0x00,0x00,0x00,0x00,0x00,0x00,0x00,0x00,0x32,0x00,0x1C,0x00,0x1C,0x00,0x16,0x00,
    0x22,0x00,0x00,0x00,0x00,0x00,0x00,0x00,0x00,0x00,0x00,0x00,0x00,0x00,0x00,0x00,
    0x00,0x00,0x00,0x00,0x00,0x00,0x00,0x00,0x00,0x00,0x00,0x00,0x00,0x00,0x00,0x00,
    0x0F,0xB0,0x38,0xE0,0x20,0xE0,0x61,0xF0,0x63,0x30,0x66,0x30,0x64,0x30,0x68,0x20,
    0x70,0x60,0x38,0xC0,0x7F,0x80,0x00,0x00,0x00,0x00,0x00,0x00,0x00,0x00,0x00,0x00,
    0x00,0x00,0x00,0x00,0x00,0x00,0x00,0x00,0x04,0x00,0x06,0x00,0x03,0x00,0x00,0x00,
    0xF8,0xF0,0x30,0x60,0x30,0x60,0x30,0x60,0x30,0x60,0x30,0x60,0x30,0x60,0x30,0x60,
    0x30,0x60,0x18,0xC0,0x0F,0x80,0x00,0x00,0x00,0x00,0x00,0x00,0x00,0x00,0x00,0x00,
    0x00,0x00,0x00,0x00,0x00,0x00,0x00,0x00,0x01,0x00,0x03,0x00,0x06,0x00,0x00,0x00,
    0xF8,0xF0,0x30,0x60,0x30,0x60,0x30,0x60,0x30,0x60,0x30,0x60,0x30,0x60,0x30,0x60,
    0x30,0x60,0x18,0xC0,0x0F,0x80,0x00,0x00,0x00,0x00,0x00,0x00,0x00,0x00,0x00,0x00,
    0x00,0x00,0x00,0x00,0x00,0x00,0x00,0x00,0x02,0x00,0x07,0x00,0x09,0x80,0x00,0x00,
    0xF8,0xF0,0x30,0x60,0x30,0x60,0x30,0x60,0x30,0x60,0x30,0x60,0x30,0x60,0x30,0x60,
    0x30,0x60,0x18,0xC0,0x0F,0x80,0x00,0x00,0x00,0x00,0x00,0x00,0x00,0x00,0x00,0x00,
    0x00,0x00,0x00,0x00,0x00,0x00,0x00,0x00,0x00,0x00,0x0D,0x80,0x0D,0x80,0x00,0x00,
    0xF8,0xF0,0x30,0x60,0x30,0x60,0x30,0x60,0x30,0x60,0x30,0x60,0x30,0x60,0x30,0x60,
    0x30,0x60,0x18,0xC0,0x0F,0x80,0x00,0x00,0x00,0x00,0x00,0x00,0x00,0x00,0x00,0x00,
    0x00,0x00,0x00,0x00,0x00,0x00,0x00,0x00,0x00,0x00,0x03,0x00,0x06,0x00,0x00,0x00,
    0xF9,0xE0,0x30,0xC0,0x30,0x80,0x19,0x80,0x0D,0x00,0x0E,0x00,0x06,0x00,0x06,0x00,
    0x06,0x00,0x06,0x00,0x1F,0x00,0x00,0x00,0x00,0x00,0x00,0x00,0x00,0x00,0x00,0x00,
    0x00,0x00,0x00,0x00,0x00,0x00,0x00,0x00,0x00,0x00,0x00,0x00,0x00,0x00,0x00,0x00,
    0xF8,0x00,0x30,0x00,0x3E,0x00,0x33,0x00,0x31,0x80,0x31,0x80,0x31,0x80,0x33,0x00,
    0x3E,0x00,0x30,0x00,0x78,0x00,0x00,0x00,0x00,0x00,0x00,0x00,0x00,0x00,0x00,0x00,
    0x00,0x00,0x00,0x00,0x00,0x00,0x00,0x00,0x00,0x00,0x00,0x00,0x00,0x00,0x1F,0x00,
    0x31,0x80,0x31,0x80,0x33,0x00,0x73,0x00,0x36,0x00,0x37,0x00,0x33,0xC0,0x30,0xE0,
    0x34,0x60,0x34,0x60,0xF7,0xC0,0x00,0x00,0x00,0x00,0x00,0x00,0x00,0x00,0x00,0x00,
    0x00,0x00,0x00,0x00,0x00,0x00,0x00,0x00,0x00,0x00,0x00,0x00,0x00,0x00,0x30,0x00,
    0x38,0x00,0x08,0x00,0x00,0x00,0x3C,0x00,0x66,0x00,0x06,0x00,0x3E,0x00,0x76,0x00,
    0x66,0x00,0x66,0x00,0x3B,0x80,0x00,0x00,0x00,0x00,0x00,0x00,0x00,0x00,0x00,0x00,
    0x00,0x00,0x00,0x00,0x00,0x00,0x00,0x00,0x00,0x00,0x00,0x00,0x00,0x00,0x0C,0x00,
    0x0C,0x00,0x10,0x00,0x00,0x00,0x3C,0x00,0x66,0x00,0x46,0x00,0x3E,0x00,0x66,0x00,
    0x66,0x00,0x66,0x00,0x3B,0x80,0x00,0x00,0x00,0x00,0x00,0x00,0x00,0x00,0x00,0x00,
    0x00,0x00,0x00,0x00,0x00,0x00,0x00,0x00,0x00,0x00,0x00,0x00,0x00,0x00,0x18,0x00,
    0x3C,0x00,0x24,0x00,0x00,0x00,0x3C,0x00,0x66,0x00,0x06,0x00,0x3E,0x00,0x76,0x00,
    0x66,0x00,0x66,0x00,0x3B,0x80,0x00,0x00,0x00,0x00,0x00,0x00,0x00,0x00,0x00,0x00,
    0x00,0x00,0x00,0x00,0x00,0x00,0x00,0x00,0x00,0x00,0x00,0x00,0x00,0x00,0x3A,0x00,
    0x3C,0x00,0x00,0x00,0x00,0x00,0x3C,0x00,0x66,0x00,0x06,0x00,0x3E,0x00,0x76,0x00,
    0x66,0x00,0x66,0x00,0x3B,0x80,0x00,0x00,0x00,0x00,0x00,0x00,0x00,0x00,0x00,0x00,
    0x00,0x00,0x00,0x00,0x00,0x00,0x00,0x00,0x00,0x00,0x00,0x00,0x00,0x00,0x36,0x00,
    0x36,0x00,0x00,0x00,0x00,0x00,0x3C,0x00,0x66,0x00,0x06,0x00,0x3E,0x00,0x76,0x00,
    0x66,0x00,0x66,0x00,0x3B,0x80,0x00,0x00,0x00,0x00,0x00,0x00,0x00,0x00,0x00,0x00,
    0x00,0x00,0x00,0x00,0x00,0x00,0x00,0x00,0x00,0x00,0x00,0x00,0x00,0x00,0x1C,0x00,
    0x2C,0x00,0x18,0x00,0x00,0x00,0x3C,0x00,0x66,0x00,0x06,0x00,0x3E,0x00,0x76,0x00,
    0x66,0x00,0x66,0x00,0x3B,0x80,0x00,0x00,0x00,0x00,0x00,0x00,0x00,0x00,0x00,0x00,
    0x00,0x00,0x00,0x00,0x00,0x00,0x00,0x00,0x00,0x00,0x00,0x00,0x00,0x00,0x00,0x00,
    0x00,0x00,0x00,0x00,0x00,0x00,0x3D,0xF0,0x67,0x38,0x66,0x18,0x3F,0xF8,0x66,0x00,
    0x66,0x00,0x67,0x18,0x39,0xF0,0x00,0x00,0x00,0x00,0x00,0x00,0x00,0x00,0x00,0x00,
    0x00,0x00,0x00,0x00,0x00,0x00,0x00,0x00,0x00,0x00,0x00,0x1E,0x33,0x63,0x60,0x60,
    0x60,0x31,0x3E,0x08,0x06,0x1C,0x00,0x00,0x00,0x00,0x00,0x00,0x00,0x00,0x00,0x18,
    0x18,0x04,0x00,0x1E,0x33,0x63,0x7F,0x60,0x60,0x31,0x1E,0x00,0x00,0x00,0x00,0x00,
    0x00,0x00,0x00,0x00,0x00,0x00,0x00,0x06,0x0C,0x08,0x00,0x1E,0x33,0x63,0x7F,0x60,
    0x60,0x31,0x1E,0x00,0x00,0x00,0x00,0x00,0x00,0x00,0x00,0x00,0x00,0x00,0x00,0x0C,
    0x1E,0x32,0x00,0x1E,0x33,0x63,0x7F,0x60,0x60,0x31,0x1E,0x00,0x00,0x00,0x00,0x00,
    0x00,0x00,0x00,0x00,0x00,0x00,0x00,0x36,0x36,0x00,0x00,0x1E,0x33,0x63,0x7F,0x60,
    0x60,0x33,0x1E,0x00,0x00,0x00,0x00,0x00,0x00,0x00,0x00,0x00,0x00,0x00,0x00,0xC0,
    0x60,0x20,0x00,0x70,0x30,0x30,0x30,0x30,0x30,0x30,0xF8,0x00,0x00,0x00,0x00,0x00,
    0x00,0x00,0x00,0x00,0x00,0x00,0x00,0x30,0x30,0x40,0x00,0x70,0x30,0x30,0x30,0x30,
    0x30,0x30,0xF8,0x00,0x00,0x00,0x00,0x00,0x00,0x00,0x00,0x00,0x00,0x00,0x00,0x60,
    0xF0,0x98,0x00,0x70,0x30,0x30,0x30,0x30,0x30,0x30,0xF8,0x00,0x00,0x00,0x00,0x00,
    0x00,0x00,0x00,0x00,0x00,0x00,0x00,0xD8,0xD8,0x00,0x00,0x70,0x30,0x30,0x30,0x30,
    0x30,0x30,0x78,0x00,0x00,0x00,0x00,0x00,0x00,0x00,0x00,0x00,0x00,0x00,0x00,0x00,
    0x00,0x00,0x00,0x00,0x00,0x00,0x1F,0x00,0x0E,0x00,0x0B,0x00,0x03,0x00,0x3F,0x80,
    0x33,0x80,0x61,0x80,0x61,0x80,0x61,0x80,0x61,0x00,0x73,0x00,0x3E,0x00,0x00,0x00,
    0x00,0x00,0x00,0x00,0x00,0x00,0x00,0x00,0x00,0x00,0x00,0x00,0x00,0x00,0x00,0x00,
    0x00,0x00,0x00,0x00,0x00,0x00,0x1F,0x00,0x1F,0x00,0x00,0x00,0x00,0x00,0x6F,0x00,
    0x39,0x80,0x31,0x80,0x31,0x80,0x31,0x80,0x31,0x80,0x31,0x80,0x7B,0xC0,0x00,0x00,
    0x00,0x00,0x00,0x00,0x00,0x00,0x00,0x00,0x00,0x00,0x00,0x00,0x00,0x00,0x00,0x00,
    0x00,0x00,0x00,0x00,0x00,0x00,0x18,0x00,0x0C,0x00,0x04,0x00,0x00,0x00,0x1F,0x00,
    0x33,0x80,0x61,0x80,0x61,0x80,0x61,0x80,0x61,0x80,0x33,0x00,0x1E,0x00,0x00,0x00,
    0x00,0x00,0x00,0x00,0x00,0x00,0x00,0x00,0x00,0x00,0x00,0x00,0x00,0x00,0x00,0x00,
    0x00,0x00,0x00,0x00,0x00,0x00,0x06,0x00,0x0E,0x00,0x08,0x00,0x00,0x00,0x1F,0x00,
    0x33,0x80,0x61,0x80,0x61,0x80,0x61,0x80,0x61,0x80,0x33,0x00,0x1E,0x00,0x00,0x00,
    0x00,0x00,0x00,0x00,0x00,0x00,0x00,0x00,0x00,0x00,0x00,0x00,0x00,0x00,0x00,0x00,
    0x00,0x00,0x00,0x00,0x00,0x00,0x0C,0x00,0x1E,0x00,0x12,0x00,0x00,0x00,0x1F,0x00,
    0x33,0x80,0x61,0x80,0x61,0x80,0x61,0x80,0x61,0x80,0x33,0x00,0x1E,0x00,0x00,0x00,
    0x00,0x00,0x00,0x00,0x00,0x00,0x00,0x00,0x00,0x00,0x00,0x00,0x00,0x00,0x00,0x00,
    0x00,0x00,0x00,0x00,0x00,0x00,0x1D,0x00,0x3E,0x00,0x00,0x00,0x00,0x00,0x1F,0x00,
    0x33,0x80,0x61,0x80,0x61,0x80,0x61,0x80,0x61,0x80,0x33,0x00,0x1E,0x00,0x00,0x00,
    0x00,0x00,0x00,0x00,0x00,0x00,0x00,0x00,0x00,0x00,0x00,0x00,0x00,0x00,0x00,0x00,
    0x00,0x00,0x00,0x00,0x00,0x00,0x1B,0x00,0x1B,0x00,0x00,0x00,0x00,0x00,0x1F,0x00,
    0x33,0x80,0x61,0x80,0x61,0x80,0x61,0x80,0x61,0x80,0x33,0x00,0x1E,0x00,0x00,0x00,
    0x00,0x00,0x00,0x00,0x00,0x00,0x00,0x00,0x00,0x00,0x00,0x00,0x00,0x00,0x00,0x00,
    0x00,0x00,0x00,0x00,0x00,0x00,0x00,0x00,0x00,0x00,0x00,0x00,0x00,0x00,0x0C,0x00,
    0x0C,0x00,0x00,0x00,0x7F,0x00,0x00,0x00,0x0C,0x00,0x0C,0x00,0x00,0x00,0x00,0x00,
    0x00,0x00,0x00,0x00,0x00,0x00,0x00,0x00,0x00,0x00,0x00,0x00,0x00,0x00,0x00,0x00,
    0x00,0x00,0x00,0x00,0x00,0x00,0x00,0x00,0x00,0x00,0x00,0x00,0x00,0x00,0x1F,0x80,
    0x33,0x80,0x67,0x80,0x6D,0x80,0x79,0x80,0x71,0x80,0x73,0x00,0xFE,0x00,0x00,0x00,
    0x00,0x00,0x00,0x00,0x00,0x00,0x00,0x00,0x00,0x00,0x00,0x00,0x00,0x00,0x00,0x00,
    0x00,0x00,0x00,0x00,0x00,0x00,0x18,0x00,0x1C,0x00,0x04,0x00,0x00,0x00,0x73,0x80,
    0x31,0x80,0x31,0x80,0x31,0x80,0x31,0x80,0x31,0x80,0x33,0x80,0x1D,0xC0,0x00,0x00,
    0x00,0x00,0x00,0x00,0x00,0x00,0x00,0x00,0x00,0x00,0x00,0x00,0x00,0x00,0x00,0x00,
    0x00,0x00,0x00,0x00,0x00,0x00,0x06,0x00,0x06,0x00,0x08,0x00,0x00,0x00,0x73,0x80,
    0x31,0x80,0x31,0x80,0x31,0x80,0x31,0x80,0x31,0x80,0x33,0x80,0x1D,0xC0,0x00,0x00,
    0x00,0x00,0x00,0x00,0x00,0x00,0x00,0x00,0x00,0x00,0x00,0x00,0x00,0x00,0x00,0x00,
    0x00,0x00,0x00,0x00,0x00,0x00,0x0C,0x00,0x1E,0x00,0x12,0x00,0x00,0x00,0x73,0x80,
    0x31,0x80,0x31,0x80,0x31,0x80,0x31,0x80,0x31,0x80,0x33,0x80,0x1D,0xC0,0x00,0x00,
    0x00,0x00,0x00,0x00,0x00,0x00,0x00,0x00,0x00,0x00,0x00,0x00,0x00,0x00,0x00,0x00,
    0x00,0x00,0x00,0x00,0x00,0x00,0x1B,0x00,0x1B,0x00,0x00,0x00,0x00,0x00,0x73,0x80,
    0x31,0x80,0x31,0x80,0x31,0x80,0x31,0x80,0x31,0x80,0x33,0x80,0x1D,0xC0,0x00,0x00,
    0x00,0x00,0x00,0x00,0x00,0x00,0x00,0x00,0x00,0x00,0x00,0x00,0x00,0x00,0x00,0x00,
    0x00,0x00,0x00,0x00,0x00,0x00,0x06,0x00,0x0C,0x00,0x08,0x00,0x00,0x00,0xF3,0x80,
    0x63,0x00,0x32,0x00,0x32,0x00,0x36,0x00,0x1C,0x00,0x1C,0x00,0x08,0x00,0x18,0x00,
    0xD0,0x00,0xE0,0x00,0x00,0x00,0x00,0x00,0x00,0x00,0x00,0x00,0x00,0x00,0x00,0x00,
    0x00,0x00,0x00,0x00,0x00,0x00,0x70,0x00,0x30,0x00,0x30,0x00,0x30,0x00,0x3F,0x00,
    0x39,0x80,0x30,0xC0,0x30,0xC0,0x30,0xC0,0x30,0xC0,0x31,0x80,0x3F,0x00,0x30,0x00,
    0x30,0x00,0x78,0x00,0x00,0x00,0x00,0x00,0x00,0x00,0x00,0x00,0x00,0x00,0x00,0x00,
    0x00,0x00,0x00,0x00,0x00,0x00,0x1B,0x00,0x1B,0x00,0x00,0x00,0x00,0x00,0x73,0x80,
    0x21,0x00,0x31,0x00,0x32,0x00,0x1A,0x00,0x1E,0x00,0x0C,0x00,0x0C,0x00,0x08,0x00,
    0xF8,0x00,0x70,0x00,0x00,0x00,0x00,0x00,0x00,0x00,0x00,0x00,0x00,0x00,0x00,0x00,
    0x00,0x00,0x00,0x00,0x00,0x00,0x00,0x00,0x00,0x00,0x00,0x00,0x00,0x00,0x00,0x00,
    0x0F,0xBF,0x00,0x38,0xF1,0x00,0x20,0x71,0x00,0x60,0x30,0x00,0x60,0x32,0x00,0x60,
    0x3E,0x00,0x60,0x32,0x00,0x60,0x30,0x00,0x30,0x70,0x80,0x38,0xF1,0x80,0x0F,0xBF,
    0x80,0x00,0x00,0x00,0x00,0x00,0x00,0x00,0x00,0x00,0x00,0x00,0x00,0x00,0x00,0x00,
    0x00,0x00,0x00,0x00,0x00,0x00,0x00,0x00,0x00,0x00,0x00,0x00,0x00,0x00,0x00,0x00,
    0x00,0x00,0x00,0x00,0x00,0x00,0x1F,0x78,0x33,0xCC,0x61,0x8C,0x61,0xFC,0x61,0x80,
    0x61,0x80,0x33,0xC4,0x1E,0x78,0x00,0x00,0x00,0x00,0x00,0x00,0x00,0x00,0x00,0x00,
    0x00,0x00,0x00,0x00,0x00,0x00,0x00,0x00,0x22,0x00,0x1E,0x00,0x0C,0x00,0x00,0x00,
    0x3F,0x00,0x63,0x00,0x61,0x00,0x60,0x00,0x78,0x00,0x3F,0x00,0x07,0x00,0x01,0x80,
    0xC1,0x80,0x63,0x00,0x7E,0x00,0x00,0x00,0x00,0x00,0x00,0x00,0x00,0x00,0x00,0x00,
    0x00,0x00,0x00,0x00,0x00,0x00,0x00,0x24,0x3C,0x18,0x00,0x3E,0x66,0x62,0x7C,0x1E,
    0x46,0x66,0x7C,0x00,0x00,0x00,0x00,0x00,0x00,0x00,0x00,0x00,0x00,0x00,0x00,0x00,
    0x00,0x00,0x1B,0x00,0x1B,0x00,0x00,0x00,0xF1,0xE0,0x60,0x80,0x31,0x80,0x31,0x00,
    0x1A,0x00,0x0E,0x00,0x0C,0x00,0x0C,0x00,0x0C,0x00,0x0C,0x00,0x1F,0x00,0x00,0x00,
    0x00,0x00,0x00,0x00,0x00,0x00,0x00,0x00,0x00,0x00,0x00,0x00,0x00,0x00,0x00,0x00,
    0x12,0x00,0x1E,0x00,0x0C,0x00,0x00,0x00,0x7F,0x80,0x61,0x80,0x43,0x00,0x06,0x00,
    0x06,0x00,0x0C,0x00,0x18,0x00,0x18,0x00,0x30,0x80,0x61,0x80,0x7F,0x80,0x00,0x00,
    0x00,0x00,0x00,0x00,0x00,0x00,0x00,0x00,0x00,0x00,0x00,0x00,0x00,0x00,0x00,0x26,
    0x1C,0x18,0x00,0x7F,0x66,0x4C,0x0C,0x18,0x31,0x63,0x7F,0x00,0x00,0x00,0x00,0x00,
    0x00,0x00,0x00,0x00,0x00,0x00,0x00,0x00,0x00,0x00,0x00,0x00,0x00,0x00,0xFF,0x00,
    0x00,0x00,0x00,0x00,0x00,0x00,0x00,0x00,0x00,0x00,0x00,0x00,0x00,0x00,0x00,0x00,
    0x00,0x00,0x00,0x00,0x00,0x00,0x00,0x00,0x00,0x00,0x00,0x00,0x00,0x00,0x00,0x00,
    0x00,0x00,0x00,0x00,0xFF,0xFF,0x00,0x00,0x00,0x00,0x00,0x00,0x00,0x00,0x00,0x00,
    0x00,0x00,0x00,0x00,0x00,0x00,0x00,0x00,0x00,0x00,0x00,0x00,0x00,0x00,0x00,0x20,
    0x40,0x60,0x60,0x00,0x00,0x00,0x00,0x00,0x00,0x00,0x00,0x00,0x00,0x00,0x00,0x00,
    0x00,0x00,0x00,0x00,0x00,0x00,0x00,0x60,0x60,0x20,0x40,0x00,0x00,0x00,0x00,0x00,
    0x00,0x00,0x00,0x00,0x00,0x00,0x00,0x00,0x00,0x00,0x00,0x00,0x00,0x00,0x00,0x24,
    0x48,0x6C,0x6C,0x00,0x00,0x00,0x00,0x00,0x00,0x00,0x00,0x00,0x00,0x00,0x00,0x00,
    0x00,0x00,0x00,0x00,0x00,0x00,0x00,0x6C,0x6C,0x24,0x48,0x00,0x00,0x00,0x00,0x00,
    0x00,0x00,0x00,0x00,0x00,0x00,0x00,0x00,0x00,0x00,0x00,0x00,0x00,0x00,0x00,0x00,
    0x00,0x00,0x00,0x00,0x00,0x70,0x70,0x70,0x00,0x00,0x00,0x00,0x00,0x00,0x00,0x00,
    0x00,0x00,0x00,0x00,0x00,0x00,0x00,0x00,0x00,0x00,0x00,0x00,0x00,0x00,0x00,0x00,
    0x00,0x00,0x00,0x00,0x00,0x00,0x00,0x00,0x00,0x00,0x00,0x00,0x00,0x00,0x00,0x00,
    0x00,0x00,0x63,0x18,0x63,0x18,0x00,0x00,0x00,0x00,0x00,0x00,0x00,0x00,0x00,0x00,
    0x00,0x00,0x00,0x00,0x00,0x00,0x00,0x00,0x00,0x00,0x00,0x00,0x00,0x00,0x00,0x00,
    0x70,0x20,0x30,0x40,0x30,0xC0,0x30,0xBC,0x31,0xE6,0x31,0x66,0x7A,0x0C,0x06,0x1C,
    0x04,0x06,0x0C,0x46,0x08,0x3C,0x00,0x00,0x00,0x00,0x00,0x00,0x00,0x00,0x00,0x00,
    0x00,0x00,0x00,0x00,0x00,0x00,0x00,0x00,0x00,0x00,0x00,0x00,0x00,0x00,0x00,0x00,
    0x7C,0x18,0x66,0x10,0x06,0x20,0x0C,0x6E,0x18,0x53,0x32,0xD3,0x7E,0x87,0x01,0x06,
    0x03,0x03,0x02,0x13,0x06,0x1E,0x00,0x00,0x00,0x00,0x00,0x00,0x00,0x00,0x00,0x00,
    0x00,0x00,0x00,0x00,0x00,0x00,0x00,0x00,0x00,0x00,0x00,0x00,0x00,0x00,0x00,0x00,
    0x70,0x60,0x30,0x40,0x30,0xC0,0x30,0x80,0x31,0xBC,0x33,0x66,0x7A,0x64,0x06,0x3C,
    0x04,0xC6,0x0C,0xC6,0x18,0x7C,0x00,0x00,0x00,0x00,0x00,0x00,0x00,0x00,0x00,0x00,
    0x00,0x00,0x00,0x00,0x00,0x00,0x00,0x00,0x00,0x00,0x00,0x00,0x00,0x00,0x00,0x00,
    0x3C,0x10,0x66,0x20,0x46,0x20,0x1C,0x40,0x0E,0xFE,0x46,0xB3,0x7D,0xB2,0x03,0x3F,
    0x02,0x33,0x06,0x33,0x04,0x1E,0x00,0x00,0x00,0x00,0x00,0x00,0x00,0x00,0x00,0x00,
    0x00,0x00,0x00,0x00,0x00,0x00,0x00,0x00,0x00,0x00,0x00,0x00,0x00,0x00,0x00,0x00,
    0x78,0x20,0x40,0x40,0xC0,0x40,0xF8,0x80,0x0D,0xFC,0x8D,0x66,0xFA,0x64,0x06,0x7E,
    0x04,0x66,0x0C,0x66,0x18,0x3C,0x00,0x00,0x00,0x00,0x00,0x00,0x00,0x00,0x00,0x00,
    0x00,0x00,0x00,0x00,0x00,0x00,0x00,0x00,0x00,0x00,0x00,0x00,0x00,0x00,0x00,0x00,
    0xFC,0x40,0x88,0xC0,0x18,0x80,0x11,0x80,0x31,0x7C,0x32,0xCC,0x36,0xEC,0x04,0x78,
    0x0C,0xCC,0x18,0xCC,0x10,0x78,0x00,0x00,0x00,0x00,0x00,0x00,0x00,0x00,0x00,0x00,
};
const FontGlyph FONT_LIT_24_REG_GLYPHS[187] PROGMEM = {
    {3, 0},
    {5, 24},
    {6, 48},
    {11, 72},
    {9, 120},
    {14, 168},
    {13, 216},
    {4, 264},
    {5, 288},
    {5, 312},
    {7, 336},
    {9, 360},
    {5, 408},
    {6, 432},
    {5, 456},
    {7, 480},
    {9, 504},
    {7, 552},
    {8, 576},
    {9, 600},
    {9, 648},
    {8, 696},
    {9, 720},
    {8, 768},
    {9, 792},
    {8, 840},
    {5, 864},
    {5, 888},
    {9, 912},
    {9, 960},
    {9, 1008},
    {9, 1056},
    {14, 1104},
    {12, 1152},
    {11, 1200},
    {11, 1248},
    {12, 1296},
    {10, 1344},
    {10, 1392},
    {12, 1440},
    {13, 1488},
    {7, 1536},
    {9, 1560},
    {12, 1608},
    {10, 1656},
    {16, 1704},
    {13, 1752},
    {12, 1800},
    {10, 1848},
    {12, 1896},
    {12, 1944},
    {10, 1992},
    {12, 2040},
    {13, 2088},
    {12, 2136},
    {17, 2184},
    {11, 2256},
    {11, 2304},
    {10, 2352},
    {5, 2400},
    {7, 2424},
    {5, 2448},
    {9, 2472},
    {8, 2520},
    {8, 2544},
    {9, 2568},
    {10, 2616},
    {8, 2664},
    {10, 2688},
    {8, 2736},
    {6, 2760},
    {9, 2784},
    {11, 2832},
    {5, 2880},
    {5, 2904},
    {10, 2928},
    {5, 2976},
    {16, 3000},
    {11, 3048},
    {9, 3096},
    {10, 3144},
    {10, 3192},
    {8, 3240},
    {7, 3264},
    {6, 3288},
    {10, 3312},
    {9, 3360},
    {14, 3408},
    {9, 3456},
    {9, 3504},
    {8, 3552},
    {6, 3576},
    {7, 3600},
    {6, 3624},
    {9, 3648},
    {5, 3696},
    {6, 3720},
    {7, 3744},
    {5, 3768},
    {15, 3792},
    {15, 3840},
    {15, 3888},
    {12, 3936},
    {12, 3984},
    {12, 4032},
    {12, 4080},
    {12, 4128},
    {12, 4176},
    {16, 4224},
    {11, 4272},
    {10, 4320},
    {10, 4368},
    {10, 4416},
    {10, 4464},
    {7, 4512},
    {7, 4536},
    {7, 4560},
    {7, 4584},
    {12, 4608},
    {13, 4656},
    {12, 4704},
    {12, 4752},
    {12, 4800},
    {12, 4848},
    {12, 4896},
    {9, 4944},
    {12, 4992},
    {13, 5040},
    {13, 5088},
    {13, 5136},
    {13, 5184},
    {11, 5232},
    {10, 5280},
    {11, 5328},
    {9, 5376},
    {9, 5424},
    {9, 5472},
    {9, 5520},
    {9, 5568},
    {9, 5616},
    {13, 5664},
    {8, 5712},
    {8, 5736},
    {8, 5760},
    {8, 5784},
    {8, 5808},
    {5, 5832},
    {5, 5856},
    {5, 5880},
    {5, 5904},
    {9, 5928},
    {11, 5976},
    {9, 6024},
    {9, 6072},
    {9, 6120},
    {9, 6168},
    {9, 6216},
    {9, 6264},
    {9, 6312},
    {10, 6360},
    {10, 6408},
    {10, 6456},
    {10, 6504},
    {9, 6552},
    {10, 6600},
    {9, 6648},
    {17, 6696},
    {14, 6768},
    {10, 6816},
    {7, 6864},
    {11, 6888},
    {10, 6936},
    {8, 6984},
    {8, 7008},
    {16, 7032},
    {5, 7080},
    {5, 7104},
    {8, 7128},
    {8, 7152},
    {6, 7176},
    {14, 7200},
    {15, 7248},
    {16, 7296},
    {15, 7344},
    {16, 7392},
    {16, 7440},
    {15, 7488},
};
const UiFont FONT_LIT_24_REG = {24, FONT_LIT_24_REG_GLYPHS, FONT_LIT_24_REG_BITS};

const uint8_t FONT_LIT_24_BOLD_BITS[] PROGMEM = {
    0x00,0x00,0x00,0x00,0x00,0x00,0x00,0x00,0x00,0x00,0x00,0x00,0x00,0x00,0x00,0x00,
    0x00,0x00,0x00,0x00,0x00,0x00,0x00,0x00,0x00,0x00,0x00,0x00,0x00,0x00,0x00,0x70,
    0x70,0x70,0x70,0x60,0x20,0x20,0x20,0x00,0x60,0x70,0x70,0x00,0x00,0x00,0x00,0x00,
    0x00,0x00,0x00,0x00,0x00,0x00,0x6E,0x6E,0x6C,0x6C,0x00,0x00,0x00,0x00,0x00,0x00,
    0x00,0x00,0x00,0x00,0x00,0x00,0x00,0x00,0x00,0x00,0x00,0x00,0x00,0x00,0x00,0x00,
    0x00,0x00,0x00,0x00,0x00,0x00,0x00,0x00,0x00,0x00,0x09,0x80,0x19,0x80,0x19,0x80,
    0x7F,0xE0,0x3F,0xC0,0x3B,0x00,0xFF,0xC0,0x7F,0xC0,0x33,0x00,0x33,0x00,0x00,0x00,
    0x00,0x00,0x00,0x00,0x00,0x00,0x00,0x00,0x00,0x00,0x00,0x00,0x00,0x00,0x00,0x00,
    0x00,0x00,0x0C,0x00,0x0C,0x00,0x1F,0x80,0x33,0x80,0x71,0x80,0x70,0x00,0x7C,0x00,
    0x7F,0x00,0x3F,0x80,0x0F,0x80,0x43,0x80,0x63,0x80,0x73,0x80,0x7F,0x00,0x0C,0x00,
    0x0C,0x00,0x00,0x00,0x00,0x00,0x00,0x00,0x00,0x00,0x00,0x00,0x00,0x00,0x00,0x00,
    0x00,0x00,0x00,0x00,0x00,0x00,0x00,0x00,0x00,0x00,0x3C,0x70,0x7E,0xE0,0x7E,0xC0,
    0x7F,0xC0,0x7F,0x80,0x03,0xFC,0x03,0xEC,0x07,0xEC,0x06,0xFC,0x0C,0x7C,0x00,0x00,
    0x00,0x00,0x00,0x00,0x00,0x00,0x00,0x00,0x00,0x00,0x00,0x00,0x00,0x00,0x00,0x00,
    0x00,0x00,0x00,0x00,0x00,0x00,0x1F,0x00,0x3F,0x80,0x39,0x80,0x39,0x38,0x1E,0x78,
    0x1E,0x58,0x37,0xC0,0x73,0xC0,0x73,0xC0,0x71,0xE8,0x7F,0xF8,0x3F,0x70,0x00,0x00,
    0x00,0x00,0x00,0x00,0x00,0x00,0x00,0x00,0x00,0x00,0x00,0x00,0x00,0x00,0x60,0x60,
    0x60,0x60,0x00,0x00,0x00,0x00,0x00,0x00,0x00,0x00,0x00,0x00,0x00,0x00,0x00,0x00,
    0x00,0x00,0x00,0x00,0x00,0x0C,0x18,0x18,0x38,0x30,0x70,0x70,0x70,0x70,0x70,0x70,
    0x70,0x70,0x38,0x38,0x18,0x1C,0x08,0x00,0x00,0x00,0x00,0x00,0x00,0xC0,0xE0,0x60,
    0x70,0x70,0x30,0x38,0x38,0x38,0x38,0x38,0x38,0x70,0x70,0x60,0x60,0xC0,0x80,0x00,
    0x00,0x00,0x00,0x00,0x00,0x18,0x18,0x56,0x7C,0x7C,0x7E,0x10,0x00,0x00,0x00,0x00,
    0x00,0x00,0x00,0x00,0x00,0x00,0x00,0x00,0x00,0x00,0x00,0x00,0x00,0x00,0x00,0x00,
    0x00,0x00,0x00,0x00,0x00,0x00,0x00,0x00,0x00,0x00,0x00,0x00,0x18,0x00,0x18,0x00,
    0x18,0x00,0x7F,0x00,0x7F,0x00,0x18,0x00,0x18,0x00,0x00,0x00,0x00,0x00,0x00,0x00,
    0x00,0x00,0x00,0x00,0x00,0x00,0x00,0x00,0x00,0x00,0x00,0x00,0x00,0x00,0x00,0x00,
    0x00,0x00,0x00,0x00,0x00,0x00,0x00,0x00,0x60,0x70,0x70,0x30,0x60,0x40,0x00,0x00,
    0x00,0x00,0x00,0x00,0x00,0x00,0x00,0x00,0x00,0x00,0x00,0x00,0x00,0x78,0x78,0x00,
    0x00,0x00,0x00,0x00,0x00,0x00,0x00,0x00,0x00,0x00,0x00,0x00,0x00,0x00,0x00,0x00,
    0x00,0x00,0x00,0x00,0x00,0x00,0x00,0x00,0x70,0x70,0x70,0x00,0x00,0x00,0x00,0x00,
    0x00,0x00,0x00,0x00,0x00,0x02,0x06,0x06,0x0E,0x0C,0x0C,0x18,0x18,0x18,0x30,0x30,
    0x70,0x60,0x60,0xE0,0xC0,0x00,0x00,0x00,0x00,0x00,0x00,0x00,0x00,0x00,0x00,0x00,
    0x00,0x00,0x00,0x00,0x00,0x00,0x1F,0x00,0x3F,0x80,0x73,0x80,0x71,0xC0,0x71,0xC0,
    0x71,0xC0,0x71,0xC0,0x71,0xC0,0x71,0xC0,0x73,0x80,0x3F,0x80,0x1F,0x00,0x00,0x00,
    0x00,0x00,0x00,0x00,0x00,0x00,0x00,0x00,0x00,0x00,0x00,0x00,0x00,0x00,0x00,0x78,
    0x78,0x38,0x38,0x38,0x38,0x38,0x38,0x38,0x38,0x7C,0x7E,0x00,0x00,0x00,0x00,0x00,
    0x00,0x00,0x00,0x00,0x00,0x00,0x00,0x00,0x00,0x00,0x00,0x00,0x00,0x00,0x3E,0x00,
    0x7F,0x00,0x73,0x80,0x73,0x80,0x03,0x80,0x07,0x00,0x0E,0x00,0x0E,0x00,0x1D,0x80,
    0x39,0x80,0x7F,0x80,0x7F,0x80,0x00,0x00,0x00,0x00,0x00,0x00,0x00,0x00,0x00,0x00,
    0x00,0x00,0x00,0x00,0x00,0x00,0x00,0x00,0x00,0x00,0x00,0x00,0x00,0x00,0x3F,0x00,
    0x7F,0x80,0x73,0x80,0x63,0x80,0x07,0x00,0x1E,0x00,0x1F,0x00,0x07,0x80,0x03,0x80,
    0x43,0x80,0x7F,0x00,0x3E,0x00,0x00,0x00,0x00,0x00,0x00,0x00,0x00,0x00,0x00,0x00,
    0x00,0x00,0x00,0x00,0x00,0x00,0x00,0x00,0x00,0x00,0x00,0x00,0x00,0x00,0x07,0x00,
    0x0F,0x00,0x1F,0x00,0x1F,0x00,0x37,0x00,0x67,0x00,0x67,0x00,0xC7,0x00,0xFF,0x80,
    0xFF,0x80,0x0F,0x00,0x1F,0x80,0x00,0x00,0x00,0x00,0x00,0x00,0x00,0x00,0x00,0x00,
    0x00,0x00,0x00,0x00,0x00,0x00,0x00,0x00,0x00,0x00,0x00,0x00,0x00,0x00,0x3F,0x00,
    0x3F,0x00,0x60,0x00,0x60,0x00,0x7F,0x00,0x7F,0x00,0x03,0x80,0x03,0x80,0x03,0x80,
    0x47,0x80,0x7F,0x00,0x3E,0x00,0x00,0x00,0x00,0x00,0x00,0x00,0x00,0x00,0x00,0x00,
    0x00,0x00,0x00,0x00,0x00,0x00,0x00,0x00,0x00,0x00,0x00,0x00,0x00,0x00,0x0F,0x80,
    0x3F,0x80,0x39,0x80,0x70,0x00,0x7F,0x80,0x7F,0x80,0x71,0x80,0x71,0x80,0x71,0x80,
    0x71,0x80,0x3F,0x80,0x1F,0x00,0x00,0x00,0x00,0x00,0x00,0x00,0x00,0x00,0x00,0x00,
    0x00,0x00,0x00,0x00,0x00,0x00,0x00,0x00,0x00,0x00,0x00,0x00,0x00,0x00,0x7F,0x80,
    0x7F,0x80,0x63,0x00,0x47,0x00,0x06,0x00,0x0E,0x00,0x0C,0x00,0x1C,0x00,0x1C,0x00,
    0x1C,0x00,0x1C,0x00,0x1C,0x00,0x00,0x00,0x00,0x00,0x00,0x00,0x00,0x00,0x00,0x00,
    0x00,0x00,0x00,0x00,0x00,0x00,0x00,0x00,0x00,0x00,0x00,0x00,0x00,0x00,0x1F,0x80,
    0x3F,0x80,0x71,0x80,0x71,0x80,0x3F,0x80,0x1F,0x00,0x3F,0x80,0x73,0x80,0x71,0x80,
    0x71,0x80,0x7F,0x80,0x3F,0x00,0x00,0x00,0x00,0x00,0x00,0x00,0x00,0x00,0x00,0x00,
    0x00,0x00,0x00,0x00,0x00,0x00,0x00,0x00,0x00,0x00,0x00,0x00,0x00,0x00,0x1E,0x00,
    0x3F,0x00,0x73,0x80,0x73,0x80,0x73,0x80,0x77,0x80,0x3F,0x80,0x03,0x80,0x03,0x80,
    0x03,0x80,0x7F,0x00,0x3E,0x00,0x00,0x00,0x00,0x00,0x00,0x00,0x00,0x00,0x00,0x00,
    0x00,0x00,0x00,0x00,0x00,0x00,0x00,0x00,0x00,0x00,0x70,0x70,0x70,0x00,0x00,0x00,
    0x70,0x70,0x70,0x00,0x00,0x00,0x00,0x00,0x00,0x00,0x00,0x00,0x00,0x00,0x00,0x00,
    0x00,0x00,0x70,0x70,0x70,0x00,0x00,0x00,0x60,0x70,0x70,0x30,0x60,0x40,0x00,0x00,
    0x00,0x00,0x00,0x00,0x00,0x00,0x00,0x00,0x00,0x00,0x00,0x00,0x00,0x00,0x00,0x00,
    0x00,0x00,0x00,0x00,0x02,0x00,0x0E,0x00,0x3C,0x00,0x70,0x00,0x70,0x00,0x3C,0x00,
    0x0E,0x00,0x06,0x00,0x00,0x00,0x00,0x00,0x00,0x00,0x00,0x00,0x00,0x00,0x00,0x00,
    0x00,0x00,0x00,0x00,0x00,0x00,0x00,0x00,0x00,0x00,0x00,0x00,0x00,0x00,0x00,0x00,
    0x00,0x00,0x00,0x00,0x00,0x00,0x00,0x00,0x7F,0x00,0x7F,0x00,0x00,0x00,0x7F,0x00,
    0x7F,0x00,0x00,0x00,0x00,0x00,0x00,0x00,0x00,0x00,0x00,0x00,0x00,0x00,0x00,0x00,
    0x00,0x00,0x00,0x00,0x00,0x00,0x00,0x00,0x00,0x00,0x00,0x00,0x00,0x00,0x00,0x00,
    0x00,0x00,0x00,0x00,0x20,0x00,0x38,0x00,0x1E,0x00,0x07,0x00,0x07,0x00,0x1E,0x00,
    0x38,0x00,0x30,0x00,0x00,0x00,0x00,0x00,0x00,0x00,0x00,0x00,0x00,0x00,0x00,0x00,
    0x00,0x00,0x00,0x00,0x00,0x00,0x00,0x00,0x00,0x00,0x00,0x00,0x00,0x00,0x3F,0x00,
    0x7F,0x80,0x73,0x80,0x77,0x80,0x0F,0x00,0x0E,0x00,0x0C,0x00,0x18,0x00,0x00,0x00,
    0x18,0x00,0x1C,0x00,0x1C,0x00,0x00,0x00,0x00,0x00,0x00,0x00,0x00,0x00,0x00,0x00,
    0x00,0x00,0x00,0x00,0x00,0x00,0x00,0x00,0x00,0x00,0x00,0x00,0x00,0x00,0x00,0x00,
    0x00,0x00,0x07,0xF0,0x1F,0xFC,0x38,0x0C,0x30,0x0E,0x77,0xE6,0x6F,0xE6,0x6C,0xE6,
    0x6C,0xEE,0x6F,0xFC,0x67,0x78,0x70,0x00,0x30,0x60,0x1F,0xE0,0x0F,0x80,0x00,0x00,
    0x00,0x00,0x00,0x00,0x00,0x00,0x00,0x00,0x00,0x00,0x00,0x00,0x00,0x00,0x07,0x80,
    0x07,0x80,0x07,0xC0,0x0D,0xC0,0x0D,0xC0,0x08,0xE0,0x18,0xE0,0x1F,0xE0,0x18,0xF0,
    0x30,0x70,0x78,0xF0,0x78,0xF0,0x00,0x00,0x00,0x00,0x00,0x00,0x00,0x00,0x00,0x00,
    0x00,0x00,0x00,0x00,0x00,0x00,0x00,0x00,0x00,0x00,0x00,0x00,0x00,0x00,0x7F,0x80,
    0x7F,0xC0,0x39,0xC0,0x39,0xC0,0x3B,0x80,0x3F,0x80,0x3F,0xC0,0x38,0xE0,0x38,0xE0,
    0x38,0xE0,0x7F,0xC0,0x7F,0x80,0x00,0x00,0x00,0x00,0x00,0x00,0x00,0x00,0x00,0x00,
    0x00,0x00,0x00,0x00,0x00,0x00,0x00,0x00,0x00,0x00,0x00,0x00,0x00,0x00,0x0F,0xC0,
    0x3F,0xE0,0x38,0xE0,0x70,0x60,0x70,0x00,0x70,0x00,0x70,0x00,0x70,0x00,0x70,0x00,
    0x38,0x60,0x3F,0xE0,0x0F,0x80,0x00,0x00,0x00,0x00,0x00,0x00,0x00,0x00,0x00,0x00,
    0x00,0x00,0x00,0x00,0x00,0x00,0x00,0x00,0x00,0x00,0x00,0x00,0x00,0x00,0x7F,0x80,
    0x3F,0xC0,0x38,0xE0,0x38,0xF0,0x38,0x70,0x38,0x70,0x38,0x70,0x38,0x70,0x38,0xE0,
    0x38,0xE0,0x3F,0xC0,0x7F,0x80,0x00,0x00,0x00,0x00,0x00,0x00,0x00,0x00,0x00,0x00,
    0x00,0x00,0x00,0x00,0x00,0x00,0x00,0x00,0x00,0x00,0x00,0x00,0x00,0x00,0x7F,0xC0,
    0x7F,0xC0,0x38,0xC0,0x39,0x00,0x3B,0x00,0x3F,0x00,0x3F,0x00,0x39,0x00,0x38,0x40,
    0x38,0xC0,0x7F,0xC0,0x7F,0xC0,0x00,0x00,0x00,0x00,0x00,0x00,0x00,0x00,0x00,0x00,
    0x00,0x00,0x00,0x00,0x00,0x00,0x00,0x00,0x00,0x00,0x00,0x00,0x00,0x00,0x7F,0xC0,
    0x7F,0xC0,0x38,0xC0,0x38,0xC0,0x39,0x00,0x3B,0x00,0x3F,0x00,0x3F,0x00,0x39,0x00,
    0x38,0x00,0x3C,0x00,0x7E,0x00,0x00,0x00,0x00,0x00,0x00,0x00,0x00,0x00,0x00,0x00,
    0x00,0x00,0x00,0x00,0x00,0x00,0x00,0x00,0x00,0x00,0x00,0x00,0x00,0x00,0x0F,0xC0,
    0x3F,0xE0,0x38,0xE0,0x70,0x60,0x70,0x00,0x70,0x00,0x71,0xF0,0x71,0xF0,0x70,0xE0,
    0x38,0xE0,0x3F,0xE0,0x1F,0xE0,0x00,0x00,0x00,0x00,0x00,0x00,0x00,0x00,0x00,0x00,
    0x00,0x00,0x00,0x00,0x00,0x00,0x00,0x00,0x00,0x00,0x00,0x00,0x00,0x00,0x7C,0xF8,
    0x3C,0xF0,0x38,0x70,0x38,0x70,0x38,0x70,0x3F,0xF0,0x3F,0xF0,0x38,0x70,0x38,0x70,
    0x38,0x70,0x7C,0xF8,0x7C,0xF8,0x00,0x00,0x00,0x00,0x00,0x00,0x00,0x00,0x00,0x00,
    0x00,0x00,0x00,0x00,0x00,0x00,0x00,0x7C,0x3C,0x38,0x38,0x38,0x38,0x38,0x38,0x38,
    0x38,0x3C,0x7C,0x00,0x00,0x00,0x00,0x00,0x00,0x00,0x00,0x00,0x00,0x00,0x00,0x00,
    0x00,0x00,0x00,0x00,0x00,0x00,0x0F,0x80,0x0F,0x80,0x07,0x00,0x07,0x00,0x07,0x00,
    0x07,0x00,0x07,0x00,0x07,0x00,0x77,0x00,0x77,0x00,0x7E,0x00,0x3E,0x00,0x00,0x00,
    0x00,0x00,0x00,0x00,0x00,0x00,0x00,0x00,0x00,0x00,0x00,0x00,0x00,0x00,0x00,0x00,
    0x00,0x00,0x00,0x00,0x00,0x00,0x7D,0xF0,0x3C,0xE0,0x38,0xC0,0x39,0x80,0x3B,0x00,
    0x3F,0x00,0x3F,0x80,0x3B,0x80,0x3B,0xC0,0x39,0xC0,0x3C,0xF0,0x7C,0xF8,0x00,0x00,
    0x00,0x00,0x00,0x00,0x00,0x00,0x00,0x00,0x00,0x00,0x00,0x00,0x00,0x00,0x00,0x00,
    0x00,0x00,0x00,0x00,0x00,0x00,0x7C,0x00,0x3C,0x00,0x38,0x00,0x38,0x00,0x38,0x00,
    0x38,0x00,0x38,0x00,0x38,0x00,0x38,0xC0,0x38,0xC0,0x3F,0xC0,0x7F,0xC0,0x00,0x00,
    0x00,0x00,0x00,0x00,0x00,0x00,0x00,0x00,0x00,0x00,0x00,0x00,0x00,0x00,0x00,0x00,
    0x00,0x00,0x00,0x00,0x00,0x00,0x7C,0x3E,0x7C,0x3E,0x3E,0x3C,0x3E,0x7C,0x3E,0x7C,
    0x37,0xDC,0x37,0xDC,0x33,0xDC,0x33,0x9C,0x33,0x9C,0x78,0x1E,0x78,0x3E,0x00,0x00,
    0x00,0x00,0x00,0x00,0x00,0x00,0x00,0x00,0x00,0x00,0x00,0x00,0x00,0x00,0x00,0x00,
    0x00,0x00,0x00,0x00,0x00,0x00,0x78,0x78,0x7C,0x78,0x3E,0x30,0x3E,0x30,0x3F,0x30,
    0x37,0x30,0x33,0xB0,0x33,0xF0,0x31,0xF0,0x31,0xF0,0x78,0xF0,0x78,0x70,0x00,0x00,
    0x00,0x00,0x00,0x00,0x00,0x00,0x00,0x00,0x00,0x00,0x00,0x00,0x00,0x00,0x00,0x00,
    0x00,0x00,0x00,0x00,0x00,0x00,0x0F,0x80,0x3F,0xE0,0x38,0xE0,0x70,0x70,0x70,0x70,
    0x70,0x70,0x70,0x70,0x70,0x70,0x70,0x70,0x38,0xE0,0x3F,0xC0,0x0F,0x80,0x00,0x00,
    0x00,0x00,0x00,0x00,0x00,0x00,0x00,0x00,0x00,0x00,0x00,0x00,0x00,0x00,0x00,0x00,
    0x00,0x00,0x00,0x00,0x00,0x00,0x7F,0x80,0x7F,0xC0,0x39,0xC0,0x39,0xC0,0x39,0xC0,
    0x3B,0xC0,0x3F,0x80,0x3C,0x00,0x38,0x00,0x38,0x00,0x7E,0x00,0x7E,0x00,0x00,0x00,
    0x00,0x00,0x00,0x00,0x00,0x00,0x00,0x00,0x00,0x00,0x00,0x00,0x00,0x00,0x00,0x00,
    0x00,0x00,0x00,0x00,0x00,0x00,0x0F,0x80,0x1F,0xE0,0x38,0xE0,0x70,0x70,0x70,0x70,
    0x70,0x70,0x70,0x70,0x70,0x70,0x7E,0x70,0x3F,0xE0,0x3F,0xE0,0x0F,0xC0,0x00,0xC0,
    0x00,0xE0,0x00,0x78,0x00,0x38,0x00,0x00,0x00,0x00,0x00,0x00,0x00,0x00,0x00,0x00,
    0x00,0x00,0x00,0x00,0x00,0x00,0x7F,0x80,0x7F,0xC0,0x39,0xC0,0x39,0xC0,0x3B,0x80,
    0x3F,0x00,0x3F,0x80,0x3B,0x80,0x39,0xC0,0x39,0xC0,0x7D,0xF0,0x7C,0xE0,0x00,0x00,
    0x00,0x00,0x00,0x00,0x00,0x00,0x00,0x00,0x00,0x00,0x00,0x00,0x00,0x00,0x00,0x00,
    0x00,0x00,0x00,0x00,0x00,0x00,0x3F,0x80,0x7F,0x80,0x71,0x80,0x71,0x80,0x7C,0x00,
    0x7F,0x00,0x3F,0x80,0x0F,0x80,0x43,0x80,0x63,0x80,0x7F,0x00,0x7E,0x00,0x00,0x00,
    0x00,0x00,0x00,0x00,0x00,0x00,0x00,0x00,0x00,0x00,0x00,0x00,0x00,0x00,0x00,0x00,
    0x00,0x00,0x00,0x00,0x00,0x00,0x7F,0xE0,0x7F,0xE0,0xEE,0x70,0xCE,0x30,0x0E,0x00,
    0x0E,0x00,0x0E,0x00,0x0E,0x00,0x0E,0x00,0x0E,0x00,0x0F,0x00,0x1F,0x80,0x00,0x00,
    0x00,0x00,0x00,0x00,0x00,0x00,0x00,0x00,0x00,0x00,0x00,0x00,0x00,0x00,0x00,0x00,
    0x00,0x00,0x00,0x00,0x00,0x00,0x7C,0xF0,0x3C,0x70,0x38,0x60,0x38,0x60,0x38,0x60,
    0x38,0x60,0x38,0x60,0x38,0x60,0x38,0x60,0x3C,0xE0,0x1F,0xC0,0x0F,0x80,0x00,0x00,
    0x00,0x00,0x00,0x00,0x00,0x00,0x00,0x00,0x00,0x00,0x00,0x00,0x00,0x00,0x00,0x00,
    0x00,0x00,0x00,0x00,0x00,0x00,0x7C,0x70,0x7C,0x70,0x38,0x30,0x38,0x20,0x1C,0x60,
    0x1C,0x60,0x1E,0xC0,0x0E,0xC0,0x0E,0xC0,0x0F,0x80,0x07,0x80,0x07,0x80,0x00,0x00,
    0x00,0x00,0x00,0x00,0x00,0x00,0x00,0x00,0x00,0x00,0x00,0x00,0x00,0x00,0x00,0x00,
    0x00,0x00,0x00,0x00,0x00,0x00,0x00,0x00,0x00,0x00,0x00,0x00,0x00,0x7C,0xF3,0xC0,
    0x7C,0xF3,0xC0,0x38,0xF1,0x80,0x38,0xF1,0x00,0x1D,0xF9,0x00,0x1D,0xBB,0x00,0x1D,
    0xBB,0x00,0x1D,0xBB,0x00,0x1F,0x1E,0x00,0x0F,0x1E,0x00,0x0F,0x1E,0x00,0x0F,0x1E,
    0x00,0x00,0x00,0x00,0x00,0x00,0x00,0x00,0x00,0x00,0x00,0x00,0x00,0x00,0x00,0x00,
    0x00,0x00,0x00,0x00,0x00,0x00,0x00,0x00,0x00,0x00,0x00,0x00,0x00,0x00,0x7E,0x70,
    0x7C,0x70,0x1E,0x60,0x0E,0xC0,0x0F,0xC0,0x07,0x80,0x03,0x80,0x07,0xC0,0x0C,0xE0,
    0x1C,0xE0,0x7C,0xF0,0x7C,0xF0,0x00,0x00,0x00,0x00,0x00,0x00,0x00,0x00,0x00,0x00,
    0x00,0x00,0x00,0x00,0x00,0x00,0x00,0x00,0x00,0x00,0x00,0x00,0x00,0x00,0x7C,0xF0,
    0x78,0xF0,0x38,0x60,0x1C,0xC0,0x0E,0xC0,0x0F,0x80,0x07,0x80,0x07,0x00,0x07,0x00,
    0x07,0x00,0x07,0x80,0x0F,0xC0,0x00,0x00,0x00,0x00,0x00,0x00,0x00,0x00,0x00,0x00,
    0x00,0x00,0x00,0x00,0x00,0x00,0x00,0x00,0x00,0x00,0x00,0x00,0x00,0x00,0x7F,0xC0,
    0x7F,0xC0,0x63,0x80,0x63,0x80,0x07,0x00,0x0F,0x00,0x0E,0x00,0x1C,0x00,0x3C,0xC0,
    0x38,0xC0,0x7F,0xC0,0x7F,0xC0,0x00,0x00,0x00,0x00,0x00,0x00,0x00,0x00,0x00,0x00,
    0x00,0x00,0x00,0x00,0x00,0x00,0x78,0x70,0x70,0x70,0x70,0x70,0x70,0x70,0x70,0x70,
    0x70,0x70,0x70,0x70,0x70,0x70,0x78,0x00,0x00,0x00,0x00,0x00,0x00,0xC0,0xE0,0x60,
    0x60,0x70,0x30,0x30,0x38,0x18,0x18,0x1C,0x0C,0x0C,0x0E,0x06,0x06,0x00,0x00,0x00,
    0x00,0x00,0x00,0x00,0x00,0x00,0xF8,0x78,0x38,0x38,0x38,0x38,0x38,0x38,0x38,0x38,
    0x38,0x38,0x38,0x38,0x38,0x38,0xF8,0x00,0x00,0x00,0x00,0x00,0x00,0x00,0x00,0x00,
    0x00,0x00,0x00,0x00,0x00,0x00,0x1C,0x00,0x1C,0x00,0x3E,0x00,0x37,0x00,0x73,0x00,
    0x63,0x80,0x01,0x00,0x00,0x00,0x00,0x00,0x00,0x00,0x00,0x00,0x00,0x00,0x00,0x00,
    0x00,0x00,0x00,0x00,0x00,0x00,0x00,0x00,0x00,0x00,0x00,0x00,0x00,0x00,0x00,0x00,
    0x00,0x00,0x00,0x00,0x00,0x00,0x00,0x00,0x00,0x00,0x00,0xFF,0xFF,0x00,0x00,0x00,
    0x00,0x00,0x00,0x00,0x00,0x30,0x38,0x18,0x08,0x00,0x00,0x00,0x00,0x00,0x00,0x00,
    0x00,0x00,0x00,0x00,0x00,0x00,0x00,0x00,0x00,0x00,0x00,0x00,0x00,0x00,0x00,0x00,
    0x00,0x00,0x00,0x00,0x00,0x00,0x00,0x00,0x00,0x00,0x00,0x00,0x3E,0x00,0x7F,0x00,
    0x77,0x00,0x07,0x00,0x3F,0x00,0x7F,0x00,0x77,0x00,0x7F,0x80,0x3B,0x80,0x00,0x00,
    0x00,0x00,0x00,0x00,0x00,0x00,0x00,0x00,0x00,0x00,0x00,0x00,0x00,0x00,0x00,0x00,
    0x00,0x00,0x00,0x00,0xF0,0x00,0xF0,0x00,0x70,0x00,0x70,0x00,0x7F,0x00,0x7F,0x80,
    0x71,0xC0,0x71,0xC0,0x71,0xC0,0x71,0xC0,0x73,0x80,0x7F,0x80,0x7F,0x00,0x00,0x00,
    0x00,0x00,0x00,0x00,0x00,0x00,0x00,0x00,0x00,0x00,0x00,0x00,0x00,0x00,0x00,0x00,
    0x00,0x00,0x00,0x00,0x00,0x00,0x00,0x00,0x00,0x00,0x00,0x00,0x1F,0x00,0x3F,0x80,
    0x73,0x80,0x73,0x00,0x70,0x00,0x70,0x00,0x70,0x00,0x3F,0x80,0x1F,0x00,0x00,0x00,
    0x00,0x00,0x00,0x00,0x00,0x00,0x00,0x00,0x00,0x00,0x00,0x00,0x00,0x00,0x00,0x00,
    0x00,0x00,0x00,0x00,0x03,0xC0,0x03,0xC0,0x01,0xC0,0x01,0xC0,0x1F,0xC0,0x3F,0xC0,
    0x71,0xC0,0x71,0xC0,0x71,0xC0,0x71,0xC0,0x71,0xC0,0x7F,0xC0,0x3F,0xE0,0x00,0x00,
    0x00,0x00,0x00,0x00,0x00,0x00,0x00,0x00,0x00,0x00,0x00,0x00,0x00,0x00,0x00,0x00,
    0x00,0x00,0x00,0x00,0x00,0x00,0x00,0x00,0x00,0x00,0x00,0x00,0x1F,0x00,0x3F,0x80,
    0x73,0x80,0x7F,0x80,0x7F,0x00,0x70,0x00,0x70,0x80,0x3F,0x80,0x1F,0x00,0x00,0x00,
    0x00,0x00,0x00,0x00,0x00,0x00,0x00,0x00,0x00,0x00,0x00,0x00,0x00,0x00,0x1E,0x3E,
    0x3A,0x38,0x7E,0x7E,0x38,0x38,0x38,0x38,0x38,0x7C,0x7C,0x00,0x00,0x00,0x00,0x00,
    0x00,0x00,0x00,0x00,0x00,0x00,0x00,0x00,0x00,0x00,0x00,0x00,0x00,0x00,0x00,0x00,
    0x00,0x00,0x00,0xC0,0x1F,0xC0,0x3F,0x80,0x73,0x80,0x73,0x80,0x7B,0x80,0x3F,0x00,
    0x34,0x00,0x7F,0x00,0x3F,0xC0,0x71,0xC0,0x71,0xC0,0x7F,0xC0,0x3F,0x00,0x00,0x00,
    0x00,0x00,0x00,0x00,0x00,0x00,0x00,0x00,0x00,0x00,0x00,0x00,0x78,0x00,0x78,0x00,
    0x38,0x00,0x38,0x00,0x3F,0x80,0x3F,0xC0,0x39,0xC0,0x39,0xC0,0x39,0xC0,0x39,0xC0,
    0x39,0xC0,0x79,0xE0,0x7F,0xE0,0x00,0x00,0x00,0x00,0x00,0x00,0x00,0x00,0x00,0x00,
    0x00,0x00,0x00,0x00,0x00,0x00,0x38,0x38,0x30,0x00,0x78,0x78,0x38,0x38,0x38,0x38,
    0x38,0x78,0x7C,0x00,0x00,0x00,0x00,0x00,0x00,0x00,0x00,0x00,0x00,0x00,0x70,0x70,
    0x70,0x00,0xF0,0x70,0x70,0x70,0x70,0x70,0x70,0x70,0x70,0x70,0x60,0xE0,0x40,0x00,
    0x00,0x00,0x00,0x00,0x00,0x00,0x00,0x00,0x00,0x00,0x00,0x00,0x78,0x00,0x78,0x00,
    0x38,0x00,0x38,0x00,0x39,0xE0,0x39,0xE0,0x39,0x80,0x3F,0x00,0x3F,0x00,0x3B,0x80,
    0x3B,0xC0,0x7D,0xE0,0x7C,0xE0,0x00,0x00,0x00,0x00,0x00,0x00,0x00,0x00,0x00,0x00,
    0x00,0x00,0x00,0x00,0x00,0x00,0x78,0x78,0x38,0x38,0x38,0x38,0x38,0x38,0x38,0x38,
    0x38,0x78,0x7C,0x00,0x00,0x00,0x00,0x00,0x00,0x00,0x00,0x00,0x00,0x00,0x00,0x00,
    0x00,0x00,0x00,0x00,0x00,0x00,0x00,0x00,0x00,0x00,0x00,0x00,0x7F,0xBC,0x7F,0xFE,
    0x39,0xCE,0x39,0xCE,0x39,0xCE,0x39,0xCE,0x39,0xCE,0x7B,0xCE,0x7B,0xDF,0x00,0x00,
    0x00,0x00,0x00,0x00,0x00,0x00,0x00,0x00,0x00,0x00,0x00,0x00,0x00,0x00,0x00,0x00,
    0x00,0x00,0x00,0x00,0x00,0x00,0x00,0x00,0x00,0x00,0x00,0x00,0x7F,0x80,0x7F,0xC0,
    0x39,0xC0,0x39,0xC0,0x39,0xC0,0x39,0xC0,0x39,0xC0,0x79,0xE0,0x7F,0xE0,0x00,0x00,
    0x00,0x00,0x00,0x00,0x00,0x00,0x00,0x00,0x00,0x00,0x00,0x00,0x00,0x00,0x00,0x00,
    0x00,0x00,0x00,0x00,0x00,0x00,0x00,0x00,0x00,0x00,0x00,0x00,0x1F,0x00,0x3F,0x80,
    0x73,0xC0,0x71,0xC0,0x71,0xC0,0x71,0xC0,0x71,0x80,0x3F,0x80,0x1F,0x00,0x00,0x00,
    0x00,0x00,0x00,0x00,0x00,0x00,0x00,0x00,0x00,0x00,0x00,0x00,0x00,0x00,0x00,0x00,
    0x00,0x00,0x00,0x00,0x00,0x00,0x00,0x00,0x00,0x00,0x00,0x00,0x7F,0x80,0x7F,0xC0,
    0x38,0xE0,0x38,0xE0,0x38,0xE0,0x38,0xE0,0x39,0xE0,0x3F,0xC0,0x3F,0x80,0x38,0x00,
    0x38,0x00,0x7C,0x00,0x7C,0x00,0x00,0x00,0x00,0x00,0x00,0x00,0x00,0x00,0x00,0x00,
    0x00,0x00,0x00,0x00,0x00,0x00,0x00,0x00,0x00,0x00,0x00,0x00,0x1F,0xC0,0x3F,0xC0,
    0x71,0xC0,0x71,0xC0,0x71,0xC0,0x71,0xC0,0x71,0xC0,0x7F,0xC0,0x3D,0xC0,0x01,0xC0,
    0x01,0xC0,0x07,0xC0,0x07,0xC0,0x00,0x00,0x00,0x00,0x00,0x00,0x00,0x00,0x00,0x00,
    0x00,0x00,0x00,0x00,0x00,0x00,0x00,0x00,0x00,0x00,0x00,0x00,0x7F,0x80,0x7F,0x80,
    0x3B,0x80,0x38,0x00,0x38,0x00,0x38,0x00,0x38,0x00,0x7C,0x00,0x7C,0x00,0x00,0x00,
    0x00,0x00,0x00,0x00,0x00,0x00,0x00,0x00,0x00,0x00,0x00,0x00,0x00,0x00,0x00,0x00,
    0x00,0x00,0x3F,0x7F,0x63,0x7C,0x3F,0x0F,0x67,0x7F,0x7E,0x00,0x00,0x00,0x00,0x00,
    0x00,0x00,0x00,0x00,0x00,0x00,0x00,0x18,0x18,0x38,0x7E,0x7E,0x38,0x38,0x38,0x38,
    0x38,0x3E,0x1E,0x00,0x00,0x00,0x00,0x00,0x00,0x00,0x00,0x00,0x00,0x00,0x00,0x00,
    0x00,0x00,0x00,0x00,0x00,0x00,0x00,0x00,0x00,0x00,0x00,0x00,0xF7,0x80,0xF7,0x80,
    0x73,0x80,0x73,0x80,0x73,0x80,0x73,0x80,0x73,0x80,0x7F,0xC0,0x3F,0xC0,0x00,0x00,
    0x00,0x00,0x00,0x00,0x00,0x00,0x00,0x00,0x00,0x00,0x00,0x00,0x00,0x00,0x00,0x00,
    0x00,0x00,0x00,0x00,0x00,0x00,0x00,0x00,0x00,0x00,0x00,0x00,0xFB,0xC0,0x79,0xC0,
    0x71,0x80,0x39,0x00,0x3B,0x00,0x3B,0x00,0x1E,0x00,0x1E,0x00,0x0E,0x00,0x00,0x00,
    0x00,0x00,0x00,0x00,0x00,0x00,0x00,0x00,0x00,0x00,0x00,0x00,0x00,0x00,0x00,0x00,
    0x00,0x00,0x00,0x00,0x00,0x00,0x00,0x00,0x00,0x00,0x00,0x00,0xFB,0xDC,0x7B,0xDC,
    0x73,0xC8,0x3B,0xD8,0x3A,0xF8,0x3E,0xF0,0x1E,0xF0,0x1E,0x70,0x1C,0x70,0x00,0x00,
    0x00,0x00,0x00,0x00,0x00,0x00,0x00,0x00,0x00,0x00,0x00,0x00,0x00,0x00,0x00,0x00,
    0x00,0x00,0x00,0x00,0x00,0x00,0x00,0x00,0x00,0x00,0x00,0x00,0x7B,0xC0,0x7B,0x80,
    0x1B,0x00,0x1E,0x00,0x0E,0x00,0x0F,0x00,0x1F,0x00,0x7F,0xC0,0x7F,0xC0,0x00,0x00,
    0x00,0x00,0x00,0x00,0x00,0x00,0x00,0x00,0x00,0x00,0x00,0x00,0x00,0x00,0x00,0x00,
    0x00,0x00,0x00,0x00,0x00,0x00,0x00,0x00,0x00,0x00,0x00,0x00,0x7D,0xC0,0x7D,0xC0,
    0x38,0x80,0x1D,0x80,0x1D,0x80,0x1F,0x00,0x0F,0x00,0x0E,0x00,0x06,0x00,0x06,0x00,
    0x64,0x00,0x7C,0x00,0x78,0x00,0x00,0x00,0x00,0x00,0x00,0x00,0x00,0x00,0x00,0x00,
    0x00,0x00,0x00,0x00,0x00,0x00,0x00,0x00,0x00,0x00,0x00,0x00,0x7F,0x00,0x7F,0x00,
    0x6E,0x00,0x4E,0x00,0x1C,0x00,0x39,0x00,0x39,0x00,0x7F,0x00,0x7F,0x00,0x00,0x00,
    0x00,0x00,0x00,0x00,0x00,0x00,0x00,0x00,0x00,0x00,0x00,0x00,0x00,0x1C,0x3C,0x38,
    0x38,0x38,0x38,0x38,0x78,0x70,0x70,0x38,0x38,0x38,0x38,0x38,0x38,0x38,0x1C,0x00,
    0x00,0x00,0x00,0x00,0x00,0x18,0x18,0x18,0x18,0x18,0x18,0x18,0x18,0x18,0x18,0x18,
    0x18,0x18,0x18,0x18,0x18,0x00,0x00,0x00,0x00,0x00,0x00,0x00,0x00,0x70,0x78,0x38,
    0x38,0x38,0x38,0x38,0x38,0x1C,0x38,0x38,0x38,0x38,0x38,0x38,0x38,0x78,0x70,0x00,
    0x00,0x00,0x00,0x00,0x00,0x00,0x00,0x00,0x00,0x00,0x00,0x00,0x00,0x00,0x00,0x00,
    0x00,0x00,0x00,0x00,0x00,0x00,0x00,0x00,0x00,0x00,0x7D,0x00,0x7F,0x00,0x00,0x00,
    0x00,0x00,0x00,0x00,0x00,0x00,0x00,0x00,0x00,0x00,0x00,0x00,0x00,0x00,0x00,0x00,
    0x00,0x00,0x00,0x00,0x00,0x00,0x78,0x78,0x58,0x78,0x00,0x00,0x00,0x00,0x00,0x00,
    0x00,0x00,0x00,0x00,0x00,0x00,0x00,0x00,0x00,0x00,0x00,0x00,0x00,0x00,0x7C,0xCC,
    0x4C,0x1C,0x34,0x7E,0x7C,0x00,0x00,0x00,0x00,0x00,0x00,0x00,0x00,0x00,0x00,0x00,
    0x00,0x00,0x00,0x00,0x00,0x00,0x7C,0xCC,0x4C,0x38,0x1C,0x4C,0x7C,0x00,0x00,0x00,
    0x00,0x00,0x00,0x00,0x00,0x00,0x00,0x00,0x00,0x00,0x00,0x00,0x00,0x10,0x70,0x30,
    0x30,0x30,0x30,0x38,0x78,0x00,0x00,0x00,0x00,0x00,0x00,0x00,0x00,0x00,0x00,0x00,
    0x00,0x00,0x00,0x00,0x00,0x00,0x00,0x00,0x00,0x00,0x00,0x00,0x10,0x00,0x78,0x38,
    0x38,0x30,0x38,0x70,0x38,0x62,0x38,0xEE,0x38,0xCE,0x7D,0x9E,0x01,0x96,0x03,0x37,
    0x03,0x3F,0x06,0x06,0x06,0x06,0x00,0x00,0x00,0x00,0x00,0x00,0x00,0x00,0x00,0x00,
    0x00,0x00,0x00,0x00,0x00,0x00,0x00,0x00,0x00,0x00,0x00,0x00,0x00,0x00,0x00,0x00,
    0x00,0x00,0x00,0x00,0x00,0x78,0x18,0x00,0x78,0x38,0x00,0x38,0x30,0x00,0x38,0x70,
    0x00,0x38,0x6F,0x80,0x38,0xFF,0x80,0x38,0xD9,0x80,0x7D,0x83,0x80,0x01,0x83,0x00,
    0x03,0x06,0x80,0x07,0x0F,0x80,0x06,0x1F,0x80,0x06,0x00,0x00,0x00,0x00,0x00,0x00,
    0x00,0x00,0x00,0x00,0x00,0x00,0x00,0x00,0x00,0x00,0x00,0x00,0x00,0x00,0x00,0x00,
    0x00,0x00,0x00,0x00,0x00,0x00,0x00,0x00,0x00,0x00,0x78,0x38,0x00,0xFC,0x30,0x00,
    0xCC,0x70,0x00,0x18,0x60,0x00,0x38,0xE6,0x00,0x0C,0xCE,0x00,0x5D,0xCE,0x00,0x79,
    0x9E,0x00,0x03,0xB6,0x00,0x03,0x37,0x00,0x07,0x3F,0x80,0x06,0x06,0x00,0x06,0x06,
    0x00,0x00,0x00,0x00,0x00,0x00,0x00,0x00,0x00,0x00,0x00,0x00,0x00,0x00,0x00,0x00,
    0x00,0x00,0x00,0x00,0x00,0x00,0x0E,0x00,0x07,0x00,0x01,0x80,0x00,0x00,0x07,0x80,
    0x07,0x80,0x07,0xC0,0x0D,0xC0,0x0D,0xC0,0x08,0xE0,0x18,0xE0,0x1F,0xE0,0x18,0xF0,
    0x30,0x70,0x78,0xF0,0x78,0xF0,0x00,0x00,0x00,0x00,0x00,0x00,0x00,0x00,0x00,0x00,
    0x00,0x00,0x00,0x00,0x00,0x00,0x01,0xC0,0x03,0x80,0x06,0x00,0x00,0x00,0x07,0x80,
    0x07,0x80,0x07,0xC0,0x0D,0xC0,0x0D,0xC0,0x08,0xE0,0x18,0xE0,0x1F,0xE0,0x18,0xF0,
    0x30,0x70,0x78,0xF0,0x78,0xF0,0x00,0x00,0x00,0x00,0x00,0x00,0x00,0x00,0x00,0x00,
    0x00,0x00,0x00,0x00,0x03,0x00,0x07,0x80,0x0F,0xC0,0x0C,0xC0,0x00,0x00,0x07,0x80,
    0x07,0x80,0x07,0xC0,0x0D,0xC0,0x0D,0xC0,0x08,0xE0,0x18,0xE0,0x1F,0xE0,0x18,0xF0,
    0x30,0x70,0x78,0xF0,0x78,0xF0,0x00,0x00,0x00,0x00,0x00,0x00,0x00,0x00,0x00,0x00,
    0x00,0x00,0x00,0x00,0x00,0x00,0x07,0x40,0x0F,0xC0,0x0B,0x80,0x00,0x00,0x07,0x80,
    0x07,0x80,0x07,0xC0,0x0D,0xC0,0x0D,0xC0,0x08,0xE0,0x18,0xE0,0x1F,0xE0,0x18,0xF0,
    0x30,0x70,0x78,0xF0,0x78,0xF0,0x00,0x00,0x00,0x00,0x00,0x00,0x00,0x00,0x00,0x00,
    0x00,0x00,0x00,0x00,0x00,0x00,0x0F,0xC0,0x0F,0xC0,0x0C,0xC0,0x00,0x00,0x07,0x80,
    0x07,0x80,0x07,0xC0,0x0D,0xC0,0x0D,0xC0,0x0C,0xC0,0x18,0xE0,0x1F,0xE0,0x18,0xE0,
    0x30,0x70,0x78,0xF0,0x78,0xF0,0x00,0x00,0x00,0x00,0x00,0x00,0x00,0x00,0x00,0x00,
    0x00,0x00,0x03,0x00,0x0F,0x80,0x0D,0x80,0x0F,0x80,0x07,0x00,0x00,0x00,0x07,0x00,
    0x07,0x80,0x0F,0x80,0x0F,0x80,0x0D,0x80,0x09,0xC0,0x19,0xC0,0x1F,0xC0,0x10,0xE0,
    0x30,0xE0,0x70,0xF0,0x79,0xF0,0x00,0x00,0x00,0x00,0x00,0x00,0x00,0x00,0x00,0x00,
    0x00,0x00,0x00,0x00,0x00,0x00,0x00,0x00,0x00,0x00,0x00,0x00,0x00,0x00,0x00,0x00,
    0x00,0x00,0x00,0x00,0x00,0x07,0xFF,0x00,0x07,0xFF,0x00,0x07,0x71,0x80,0x06,0x71,
    0x00,0x06,0x70,0x00,0x0E,0x76,0x00,0x0F,0xFE,0x00,0x1F,0xFE,0x00,0x18,0x70,0x00,
    0x30,0x71,0x80,0x78,0xFF,0x80,0x79,0xFF,0x80,0x00,0x00,0x00,0x00,0x00,0x00,0x00,
    0x00,0x00,0x00,0x00,0x00,0x00,0x00,0x00,0x00,0x00,0x00,0x00,0x00,0x00,0x00,0x00,
    0x00,0x00,0x00,0x00,0x00,0x00,0x0F,0xE0,0x3F,0xE0,0x38,0x60,0x70,0x60,0x70,0x00,
    0x70,0x00,0x70,0x00,0x70,0x00,0x70,0x00,0x38,0x60,0x3F,0xE0,0x1F,0xC0,0x06,0x00,
    0x07,0x00,0x03,0x80,0x0F,0x00,0x00,0x00,0x00,0x00,0x00,0x00,0x00,0x00,0x1C,0x00,
    0x1E,0x00,0x06,0x00,0x00,0x00,0x7F,0xC0,0x7F,0xC0,0x38,0xC0,0x39,0x00,0x3B,0x00,
    0x3F,0x00,0x3F,0x00,0x39,0x00,0x38,0x40,0x38,0xC0,0x7F,0xC0,0x7F,0xC0,0x00,0x00,
    0x00,0x00,0x00,0x00,0x00,0x00,0x00,0x00,0x00,0x00,0x00,0x00,0x00,0x00,0x07,0x00,
    0x0F,0x00,0x0C,0x00,0x00,0x00,0x7F,0xC0,0x7F,0xC0,0x38,0xC0,0x39,0x00,0x3B,0x00,
    0x3F,0x00,0x3F,0x00,0x39,0x00,0x38,0x40,0x38,0xC0,0x7F,0xC0,0x7F,0xC0,0x00,0x00,
    0x00,0x00,0x00,0x00,0x00,0x00,0x00,0x00,0x00,0x00,0x00,0x00,0x04,0x00,0x0E,0x00,
    0x1F,0x00,0x11,0x00,0x00,0x00,0x7F,0xC0,0x7F,0xC0,0x38,0xC0,0x39,0x00,0x3B,0x00,
    0x3F,0x00,0x3F,0x00,0x39,0x00,0x38,0x40,0x38,0xC0,0x7F,0xC0,0x7F,0xC0,0x00,0x00,
    0x00,0x00,0x00,0x00,0x00,0x00,0x00,0x00,0x00,0x00,0x00,0x00,0x00,0x00,0x3B,0x80,
    0x3B,0x80,0x33,0x00,0x00,0x00,0x7F,0xC0,0x7F,0xC0,0x38,0xC0,0x38,0x00,0x3B,0x00,
    0x3F,0x00,0x3F,0x00,0x39,0x00,0x38,0xC0,0x38,0xC0,0x7F,0xC0,0x7F,0xC0,0x00,0x00,
    0x00,0x00,0x00,0x00,0x00,0x00,0x00,0x00,0x00,0x00,0x00,0x70,0x78,0x18,0x00,0x7C,
    0x3C,0x38,0x38,0x38,0x38,0x38,0x38,0x38,0x38,0x3C,0x7C,0x00,0x00,0x00,0x00,0x00,
    0x00,0x00,0x00,0x0C,0x1C,0x30,0x00,0x7C,0x3C,0x38,0x38,0x38,0x38,0x38,0x38,0x38,
    0x38,0x3C,0x7C,0x00,0x00,0x00,0x00,0x00,0x00,0x00,0x10,0x38,0x7C,0x44,0x00,0x7C,
    0x3C,0x38,0x38,0x38,0x38,0x38,0x38,0x38,0x38,0x3C,0x7C,0x00,0x00,0x00,0x00,0x00,
    0x00,0x00,0x00,0x76,0x76,0x66,0x00,0x3E,0x3C,0x1C,0x1C,0x1C,0x1C,0x1C,0x1C,0x1C,
    0x1C,0x3C,0x3E,0x00,0x00,0x00,0x00,0x00,0x00,0x00,0x00,0x00,0x00,0x00,0x00,0x00,
    0x00,0x00,0x00,0x00,0x00,0x00,0x7F,0x80,0x3F,0xC0,0x38,0xE0,0x38,0xF0,0x38,0x70,
    0xFE,0x70,0x7E,0x70,0x38,0x70,0x38,0xE0,0x38,0xE0,0x3F,0xC0,0x7F,0x80,0x00,0x00,
    0x00,0x00,0x00,0x00,0x00,0x00,0x00,0x00,0x00,0x00,0x00,0x00,0x00,0x00,0x07,0x40,
    0x0F,0xC0,0x0B,0x80,0x00,0x00,0x78,0x78,0x7C,0x78,0x3E,0x30,0x3E,0x30,0x3F,0x30,
    0x37,0x30,0x33,0xB0,0x33,0xF0,0x31,0xF0,0x31,0xF0,0x78,0xF0,0x78,0x70,0x00,0x00,
    0x00,0x00,0x00,0x00,0x00,0x00,0x00,0x00,0x00,0x00,0x00,0x00,0x0C,0x00,0x0E,0x00,
    0x0F,0x00,0x03,0x00,0x00,0x00,0x0F,0x80,0x3F,0xE0,0x38,0xE0,0x70,0x70,0x70,0x70,
    0x70,0x70,0x70,0x70,0x70,0x70,0x70,0x70,0x38,0xE0,0x3F,0xC0,0x0F,0x80,0x00,0x00,
    0x00,0x00,0x00,0x00,0x00,0x00,0x00,0x00,0x00,0x00,0x00,0x00,0x01,0x80,0x03,0x80,
    0x07,0x80,0x06,0x00,0x00,0x00,0x0F,0x80,0x3F,0xE0,0x38,0xE0,0x70,0x70,0x70,0x70,
    0x70,0x70,0x70,0x70,0x70,0x70,0x70,0x70,0x38,0xE0,0x3F,0xC0,0x0F,0x80,0x00,0x00,
    0x00,0x00,0x00,0x00,0x00,0x00,0x00,0x00,0x00,0x00,0x00,0x00,0x07,0x00,0x07,0x00,
    0x0F,0x80,0x08,0x80,0x00,0x00,0x0F,0x80,0x3F,0xE0,0x38,0xE0,0x70,0x70,0x70,0x70,
    0x70,0x70,0x70,0x70,0x70,0x70,0x70,0x70,0x38,0xE0,0x3F,0xC0,0x0F,0x80,0x00,0x00,
    0x00,0x00,0x00,0x00,0x00,0x00,0x00,0x00,0x00,0x00,0x00,0x00,0x00,0x00,0x0E,0x00,
    0x0F,0xC0,0x0B,0x80,0x00,0x00,0x0F,0x80,0x3F,0xE0,0x38,0xE0,0x70,0x70,0x70,0x70,
    0x70,0x70,0x70,0x70,0x70,0x70,0x70,0x70,0x38,0xE0,0x3F,0xC0,0x0F,0x80,0x00,0x00,
    0x00,0x00,0x00,0x00,0x00,0x00,0x00,0x00,0x00,0x00,0x00,0x00,0x00,0x00,0x1D,0xC0,
    0x1D,0xC0,0x0D,0x80,0x00,0x00,0x0F,0x80,0x3F,0xE0,0x38,0xE0,0x70,0x70,0x70,0x70,
    0x70,0x70,0x70,0x70,0x70,0x70,0x70,0x70,0x38,0xE0,0x3F,0xC0,0x0F,0x80,0x00,0x00,
    0x00,0x00,0x00,0x00,0x00,0x00,0x00,0x00,0x00,0x00,0x00,0x00,0x00,0x00,0x00,0x00,
    0x00,0x00,0x00,0x00,0x00,0x00,0x00,0x00,0x00,0x00,0x00,0x00,0x00,0x00,0x37,0x00,
    0x3E,0x00,0x1C,0x00,0x1E,0x00,0x3F,0x00,0x22,0x00,0x00,0x00,0x00,0x00,0x00,0x00,
    0x00,0x00,0x00,0x00,0x00,0x00,0x00,0x00,0x00,0x00,0x00,0x00,0x00,0x00,0x00,0x00,
    0x00,0x00,0x00,0x00,0x00,0x00,0x0F,0xF0,0x1F,0xE0,0x38,0xF0,0x71,0xF0,0x71,0xF0,
    0x73,0x70,0x76,0x70,0x7C,0x70,0x7C,0x70,0x78,0xE0,0x3F,0xC0,0x7F,0x80,0x00,0x00,
    0x00,0x00,0x00,0x00,0x00,0x00,0x00,0x00,0x00,0x00,0x00,0x00,0x04,0x00,0x06,0x00,
    0x07,0x00,0x01,0x00,0x00,0x00,0x7C,0xF0,0x3C,0x70,0x38,0x60,0x38,0x60,0x38,0x60,
    0x38,0x60,0x38,0x60,0x38,0x60,0x38,0x60,0x3C,0xE0,0x1F,0xC0,0x0F,0x80,0x00,0x00,
    0x00,0x00,0x00,0x00,0x00,0x00,0x00,0x00,0x00,0x00,0x00,0x00,0x00,0x80,0x01,0x80,
    0x03,0x80,0x06,0x00,0x00,0x00,0x7C,0xF0,0x3C,0x70,0x38,0x60,0x38,0x60,0x38,0x60,
    0x38,0x60,0x38,0x60,0x38,0x60,0x38,0x60,0x3C,0xE0,0x1F,0xC0,0x0F,0x80,0x00,0x00,
    0x00,0x00,0x00,0x00,0x00,0x00,0x00,0x00,0x00,0x00,0x00,0x00,0x03,0x00,0x07,0x80,
    0x07,0x80,0x0C,0xC0,0x00,0x00,0x7C,0xF0,0x3C,0x70,0x38,0x60,0x38,0x60,0x38,0x60,
    0x38,0x60,0x38,0x60,0x38,0x60,0x38,0x60,0x3C,0xE0,0x1F,0xC0,0x0F,0x80,0x00,0x00,
    0x00,0x00,0x00,0x00,0x00,0x00,0x00,0x00,0x00,0x00,0x00,0x00,0x00,0x00,0x0F,0xC0,
    0x0F,0xC0,0x0C,0xC0,0x00,0x00,0x7C,0xF0,0x3C,0x70,0x38,0x60,0x38,0x60,0x38,0x60,
    0x38,0x60,0x38,0x60,0x38,0x60,0x38,0x60,0x3C,0xE0,0x1F,0xC0,0x0F,0x80,0x00,0x00,
    0x00,0x00,0x00,0x00,0x00,0x00,0x00,0x00,0x00,0x00,0x00,0x00,0x00,0x00,0x01,0xC0,
    0x03,0xC0,0x07,0x00,0x00,0x00,0x7C,0xF0,0x78,0xF0,0x38,0x60,0x1C,0xC0,0x0E,0xC0,
    0x0F,0x80,0x07,0x80,0x07,0x00,0x07,0x00,0x07,0x00,0x07,0x80,0x0F,0xC0,0x00,0x00,
    0x00,0x00,0x00,0x00,0x00,0x00,0x00,0x00,0x00,0x00,0x00,0x00,0x00,0x00,0x00,0x00,
    0x00,0x00,0x00,0x00,0x00,0x00,0x7E,0x00,0x7E,0x00,0x38,0x00,0x3F,0x80,0x3F,0xC0,
    0x38,0xE0,0x38,0xE0,0x39,0xC0,0x3F,0xC0,0x3E,0x00,0x3C,0x00,0x7E,0x00,0x00,0x00,
    0x00,0x00,0x00,0x00,0x00,0x00,0x00,0x00,0x00,0x00,0x00,0x00,0x00,0x00,0x00,0x00,
    0x00,0x00,0x00,0x00,0x0F,0xC0,0x1F,0xE0,0x38,0xE0,0x38,0xC0,0x39,0xC0,0x79,0x80,
    0x3B,0x80,0x3B,0xE0,0x39,0xF0,0x38,0x70,0x3E,0x30,0x7F,0xF0,0x7F,0xE0,0x00,0x00,
    0x00,0x00,0x00,0x00,0x00,0x00,0x00,0x00,0x00,0x00,0x00,0x00,0x00,0x00,0x00,0x00,
    0x00,0x00,0x10,0x00,0x18,0x00,0x1C,0x00,0x0C,0x00,0x00,0x00,0x3E,0x00,0x7F,0x00,
    0x77,0x00,0x07,0x00,0x3F,0x00,0x7F,0x00,0x77,0x00,0x7F,0x80,0x3B,0x80,0x00,0x00,
    0x00,0x00,0x00,0x00,0x00,0x00,0x00,0x00,0x00,0x00,0x00,0x00,0x00,0x00,0x00,0x00,
    0x00,0x00,0x06,0x00,0x0E,0x00,0x0C,0x00,0x08,0x00,0x00,0x00,0x3E,0x00,0x7F,0x00,
    0x77,0x00,0x07,0x00,0x3F,0x00,0x7F,0x00,0x77,0x00,0x7F,0x80,0x3B,0x80,0x00,0x00,
    0x00,0x00,0x00,0x00,0x00,0x00,0x00,0x00,0x00,0x00,0x00,0x00,0x00,0x00,0x00,0x00,
    0x00,0x00,0x0C,0x00,0x1C,0x00,0x3E,0x00,0x22,0x00,0x00,0x00,0x3E,0x00,0x7F,0x00,
    0x77,0x00,0x07,0x00,0x3F,0x00,0x7F,0x00,0x77,0x00,0x7F,0x80,0x3B,0x80,0x00,0x00,
    0x00,0x00,0x00,0x00,0x00,0x00,0x00,0x00,0x00,0x00,0x00,0x00,0x00,0x00,0x00,0x00,
    0x00,0x00,0x00,0x00,0x3A,0x00,0x3E,0x00,0x2E,0x00,0x00,0x00,0x3E,0x00,0x7F,0x00,
    0x77,0x00,0x07,0x00,0x3F,0x00,0x7F,0x00,0x77,0x00,0x7F,0x80,0x3B,0x80,0x00,0x00,
    0x00,0x00,0x00,0x00,0x00,0x00,0x00,0x00,0x00,0x00,0x00,0x00,0x00,0x00,0x00,0x00,
    0x00,0x00,0x00,0x00,0x77,0x00,0x77,0x00,0x33,0x00,0x00,0x00,0x3E,0x00,0x7F,0x00,
    0x77,0x00,0x07,0x00,0x3F,0x00,0x7F,0x00,0x77,0x00,0x7F,0x80,0x3B,0x80,0x00,0x00,
    0x00,0x00,0x00,0x00,0x00,0x00,0x00,0x00,0x00,0x00,0x00,0x00,0x00,0x00,0x00,0x00,
    0x0C,0x00,0x3E,0x00,0x32,0x00,0x3E,0x00,0x1C,0x00,0x00,0x00,0x3E,0x00,0x7F,0x00,
    0x63,0x80,0x03,0x80,0x3F,0x80,0x7F,0x80,0x73,0x80,0x7F,0x80,0x3F,0x80,0x00,0x00,
    0x00,0x00,0x00,0x00,0x00,0x00,0x00,0x00,0x00,0x00,0x00,0x00,0x00,0x00,0x00,0x00,
    0x00,0x00,0x00,0x00,0x00,0x00,0x00,0x00,0x00,0x00,0x00,0x00,0x3C,0xF8,0x7F,0xF8,
    0x67,0x1C,0x07,0xFC,0x3F,0xF8,0x7F,0x00,0x77,0x80,0x7F,0xFC,0x3D,0xF8,0x00,0x00,
    0x00,0x00,0x00,0x00,0x00,0x00,0x00,0x00,0x00,0x00,0x00,0x00,0x00,0x00,0x00,0x00,
    0x00,0x00,0x00,0x00,0x00,0x00,0x00,0x00,0x00,0x00,0x00,0x00,0x1F,0x00,0x3F,0x80,
    0x73,0x80,0x73,0x80,0x70,0x00,0x70,0x00,0x70,0x00,0x79,0x80,0x3F,0x80,0x1E,0x00,
    0x0E,0x00,0x06,0x00,0x1E,0x00,0x00,0x00,0x00,0x00,0x00,0x00,0x00,0x00,0x00,0x00,
    0x00,0x00,0x18,0x00,0x1C,0x00,0x0C,0x00,0x04,0x00,0x00,0x00,0x1F,0x00,0x3F,0x80,
    0x73,0x80,0x7F,0x80,0x70,0x00,0x70,0x00,0x70,0x80,0x3F,0x80,0x1F,0x00,0x00,0x00,
    0x00,0x00,0x00,0x00,0x00,0x00,0x00,0x00,0x00,0x00,0x00,0x00,0x00,0x00,0x00,0x00,
    0x00,0x00,0x06,0x00,0x07,0x00,0x0E,0x00,0x08,0x00,0x00,0x00,0x1F,0x00,0x3F,0x80,
    0x73,0x80,0x7F,0x80,0x70,0x00,0x70,0x00,0x70,0x80,0x3F,0x80,0x1F,0x00,0x00,0x00,
    0x00,0x00,0x00,0x00,0x00,0x00,0x00,0x00,0x00,0x00,0x00,0x00,0x00,0x00,0x00,0x00,
    0x00,0x00,0x0C,0x00,0x1E,0x00,0x1F,0x00,0x31,0x00,0x00,0x00,0x1F,0x00,0x3F,0x80,
    0x73,0x80,0x7F,0x80,0x7F,0x00,0x70,0x00,0x70,0x80,0x3F,0x80,0x1F,0x00,0x00,0x00,
    0x00,0x00,0x00,0x00,0x00,0x00,0x00,0x00,0x00,0x00,0x00,0x00,0x00,0x00,0x00,0x00,
    0x00,0x00,0x00,0x00,0x3B,0x80,0x3B,0x80,0x33,0x00,0x00,0x00,0x1F,0x00,0x3F,0x80,
    0x73,0x80,0x7F,0x80,0x7F,0x00,0x70,0x00,0x70,0x80,0x3F,0x80,0x1F,0x00,0x00,0x00,
    0x00,0x00,0x00,0x00,0x00,0x00,0x00,0x00,0x00,0x00,0x00,0x00,0x00,0x40,0xE0,0x70,
    0x10,0x00,0x78,0x78,0x38,0x38,0x38,0x38,0x38,0x78,0x7C,0x00,0x00,0x00,0x00,0x00,
    0x00,0x00,0x00,0x00,0x00,0x18,0x18,0x38,0x60,0x00,0x78,0x78,0x38,0x38,0x38,0x38,
    0x38,0x78,0x7C,0x00,0x00,0x00,0x00,0x00,0x00,0x00,0x00,0x00,0x00,0x30,0x78,0xF8,
    0x8C,0x00,0x78,0x78,0x38,0x38,0x38,0x38,0x38,0x78,0x7C,0x00,0x00,0x00,0x00,0x00,
    0x00,0x00,0x00,0x00,0x00,0x00,0xF8,0xF8,0x98,0x00,0xF0,0xF0,0x70,0x70,0x70,0x70,
    0x70,0xF8,0xF8,0x00,0x00,0x00,0x00,0x00,0x00,0x00,0x00,0x00,0x00,0x00,0x00,0x00,
    0x00,0x00,0x00,0x00,0x3F,0x80,0x0F,0x00,0x1F,0x80,0x03,0x80,0x1F,0xC0,0x3F,0xC0,
    0x71,0xC0,0x71,0xC0,0x71,0xC0,0x71,0xC0,0x71,0x80,0x3F,0x80,0x1F,0x00,0x00,0x00,
    0x00,0x00,0x00,0x00,0x00,0x00,0x00,0x00,0x00,0x00,0x00,0x00,0x00,0x00,0x00,0x00,
    0x00,0x00,0x00,0x00,0x0E,0x80,0x1F,0x80,0x17,0x00,0x00,0x00,0x7F,0x80,0x7F,0xC0,
    0x39,0xC0,0x39,0xC0,0x39,0xC0,0x39,0xC0,0x39,0xC0,0x79,0xE0,0x7F,0xE0,0x00,0x00,
    0x00,0x00,0x00,0x00,0x00,0x00,0x00,0x00,0x00,0x00,0x00,0x00,0x00,0x00,0x00,0x00,
    0x00,0x00,0x18,0x00,0x1C,0x00,0x0C,0x00,0x06,0x00,0x00,0x00,0x1F,0x00,0x3F,0x80,
    0x73,0xC0,0x71,0xC0,0x71,0xC0,0x71,0xC0,0x71,0x80,0x3F,0x80,0x1F,0x00,0x00,0x00,
    0x00,0x00,0x00,0x00,0x00,0x00,0x00,0x00,0x00,0x00,0x00,0x00,0x00,0x00,0x00,0x00,
    0x00,0x00,0x02,0x00,0x07,0x00,0x0E,0x00,0x0C,0x00,0x00,0x00,0x1F,0x00,0x3F,0x80,
    0x73,0xC0,0x71,0xC0,0x71,0xC0,0x71,0xC0,0x71,0x80,0x3F,0x80,0x1F,0x00,0x00,0x00,
    0x00,0x00,0x00,0x00,0x00,0x00,0x00,0x00,0x00,0x00,0x00,0x00,0x00,0x00,0x00,0x00,
    0x00,0x00,0x0E,0x00,0x0E,0x00,0x1F,0x00,0x11,0x00,0x00,0x00,0x1F,0x00,0x3F,0x80,
    0x73,0xC0,0x71,0xC0,0x71,0xC0,0x71,0xC0,0x71,0x80,0x3F,0x80,0x1F,0x00,0x00,0x00,
    0x00,0x00,0x00,0x00,0x00,0x00,0x00,0x00,0x00,0x00,0x00,0x00,0x00,0x00,0x00,0x00,
    0x00,0x00,0x00,0x00,0x1D,0x00,0x1F,0x00,0x17,0x00,0x00,0x00,0x1F,0x00,0x3F,0x80,
    0x73,0xC0,0x71,0xC0,0x71,0xC0,0x71,0xC0,0x71,0x80,0x3F,0x80,0x1F,0x00,0x00,0x00,
    0x00,0x00,0x00,0x00,0x00,0x00,0x00,0x00,0x00,0x00,0x00,0x00,0x00,0x00,0x00,0x00,
    0x00,0x00,0x00,0x00,0x3B,0x80,0x3B,0x80,0x1B,0x00,0x00,0x00,0x1F,0x00,0x3F,0x80,
    0x73,0xC0,0x71,0xC0,0x71,0xC0,0x71,0xC0,0x71,0x80,0x3F,0x80,0x1F,0x00,0x00,0x00,
    0x00,0x00,0x00,0x00,0x00,0x00,0x00,0x00,0x00,0x00,0x00,0x00,0x00,0x00,0x00,0x00,
    0x00,0x00,0x00,0x00,0x00,0x00,0x00,0x00,0x00,0x00,0x0C,0x00,0x1C,0x00,0x1C,0x00,
    0x00,0x00,0x7F,0x00,0x7F,0x00,0x0C,0x00,0x1C,0x00,0x1C,0x00,0x00,0x00,0x00,0x00,
    0x00,0x00,0x00,0x00,0x00,0x00,0x00,0x00,0x00,0x00,0x00,0x00,0x00,0x00,0x00,0x00,
    0x00,0x00,0x00,0x00,0x00,0x00,0x00,0x00,0x00,0x00,0x00,0x00,0x1F,0x80,0x3F,0x80,
    0x73,0xC0,0x77,0xC0,0x7D,0xC0,0x79,0xC0,0x79,0x80,0x3F,0x80,0x7F,0x00,0x00,0x00,
    0x00,0x00,0x00,0x00,0x00,0x00,0x00,0x00,0x00,0x00,0x00,0x00,0x00,0x00,0x00,0x00,
    0x00,0x00,0x10,0x00,0x38,0x00,0x1C,0x00,0x04,0x00,0x00,0x00,0xF7,0x80,0xF7,0x80,
    0x73,0x80,0x73,0x80,0x73,0x80,0x73,0x80,0x73,0x80,0x7F,0xC0,0x3F,0xC0,0x00,0x00,
    0x00,0x00,0x00,0x00,0x00,0x00,0x00,0x00,0x00,0x00,0x00,0x00,0x00,0x00,0x00,0x00,
    0x00,0x00,0x06,0x00,0x0E,0x00,0x0C,0x00,0x18,0x00,0x00,0x00,0xF7,0x80,0xF7,0x80,
    0x73,0x80,0x73,0x80,0x73,0x80,0x73,0x80,0x73,0x80,0x7F,0xC0,0x3F,0xC0,0x00,0x00,
    0x00,0x00,0x00,0x00,0x00,0x00,0x00,0x00,0x00,0x00,0x00,0x00,0x00,0x00,0x00,0x00,
    0x00,0x00,0x0C,0x00,0x1E,0x00,0x3E,0x00,0x23,0x00,0x00,0x00,0xF7,0x80,0xF7,0x80,
    0x73,0x80,0x73,0x80,0x73,0x80,0x73,0x80,0x73,0x80,0x7F,0xC0,0x3F,0xC0,0x00,0x00,
    0x00,0x00,0x00,0x00,0x00,0x00,0x00,0x00,0x00,0x00,0x00,0x00,0x00,0x00,0x00,0x00,
    0x00,0x00,0x00,0x00,0x77,0x00,0x77,0x00,0x33,0x00,0x00,0x00,0xF7,0x80,0xF3,0x80,
    0x73,0x80,0x73,0x80,0x73,0x80,0x73,0x80,0x73,0x80,0x7F,0xC0,0x3F,0xC0,0x00,0x00,
    0x00,0x00,0x00,0x00,0x00,0x00,0x00,0x00,0x00,0x00,0x00,0x00,0x00,0x00,0x00,0x00,
    0x00,0x00,0x01,0x00,0x03,0x80,0x07,0x00,0x06,0x00,0x00,0x00,0x7D,0xC0,0x7C,0xC0,
    0x38,0x80,0x1C,0x80,0x1D,0x80,0x1F,0x00,0x0F,0x00,0x0E,0x00,0x06,0x00,0x06,0x00,
    0x64,0x00,0x7C,0x00,0x78,0x00,0x00,0x00,0x00,0x00,0x00,0x00,0x00,0x00,0x00,0x00,
    0x00,0x00,0x00,0x00,0x78,0x00,0x78,0x00,0x38,0x00,0x38,0x00,0x3F,0x80,0x3F,0xC0,
    0x38,0xC0,0x38,0xC0,0x38,0xC0,0x38,0xC0,0x39,0xC0,0x3F,0xC0,0x3F,0x80,0x38,0x00,
    0x38,0x00,0x7C,0x00,0x7C,0x00,0x00,0x00,0x00,0x00,0x00,0x00,0x00,0x00,0x00,0x00,
    0x00,0x00,0x00,0x00,0x1D,0xC0,0x1D,0xC0,0x19,0x80,0x00,0x00,0x7D,0xC0,0x78,0xC0,
    0x38,0x80,0x1C,0x80,0x1D,0x80,0x1D,0x00,0x0F,0x00,0x0E,0x00,0x06,0x00,0x06,0x00,
    0x6C,0x00,0x7C,0x00,0x78,0x00,0x00,0x00,0x00,0x00,0x00,0x00,0x00,0x00,0x00,0x00,
    0x00,0x00,0x00,0x00,0x00,0x00,0x00,0x00,0x00,0x00,0x00,0x00,0x00,0x0F,0xFF,0x80,
    0x3F,0xFF,0x80,0x38,0xF1,0x80,0x70,0x72,0x00,0x70,0x76,0x00,0x70,0x7E,0x00,0x70,
    0x7E,0x00,0x70,0x72,0x00,0x70,0x70,0x80,0x38,0xF1,0x80,0x3F,0xFF,0x80,0x0F,0xFF,
    0x80,0x00,0x00,0x00,0x00,0x00,0x00,0x00,0x00,0x00,0x00,0x00,0x00,0x00,0x00,0x00,
    0x00,0x00,0x00,0x00,0x00,0x00,0x00,0x00,0x00,0x00,0x00,0x00,0x00,0x00,0x00,0x00,
    0x00,0x00,0x00,0x00,0x1F,0x7C,0x3F,0xFE,0x73,0xCE,0x71,0xFE,0x71,0xFC,0x71,0xC0,
    0x71,0xC2,0x3F,0xFE,0x1E,0x7C,0x00,0x00,0x00,0x00,0x00,0x00,0x00,0x00,0x00,0x00,
    0x00,0x00,0x00,0x00,0x21,0x00,0x3F,0x00,0x1E,0x00,0x0C,0x00,0x00,0x00,0x3F,0x80,
    0x7F,0x80,0x71,0x80,0x71,0x80,0x7C,0x00,0x7F,0x00,0x3F,0x80,0x0F,0x80,0x43,0x80,
    0x63,0x80,0x7F,0x00,0x7E,0x00,0x00,0x00,0x00,0x00,0x00,0x00,0x00,0x00,0x00,0x00,
    0x00,0x00,0x00,0x00,0x00,0x62,0x3E,0x3C,0x18,0x00,0x3F,0x7F,0x63,0x7C,0x3F,0x0F,
    0x67,0x7F,0x7E,0x00,0x00,0x00,0x00,0x00,0x00,0x00,0x00,0x00,0x00,0x00,0x0E,0xE0,
    0x0E,0xE0,0x0C,0xC0,0x00,0x00,0x7C,0xF0,0x78,0xF0,0x38,0x60,0x1C,0xC0,0x0E,0xC0,
    0x0F,0x80,0x07,0x80,0x07,0x00,0x07,0x00,0x07,0x00,0x07,0x80,0x0F,0xC0,0x00,0x00,
    0x00,0x00,0x00,0x00,0x00,0x00,0x00,0x00,0x00,0x00,0x00,0x00,0x11,0x00,0x1F,0x00,
    0x0E,0x00,0x0E,0x00,0x00,0x00,0x7F,0xC0,0x7F,0xC0,0x63,0x80,0x63,0x80,0x07,0x00,
    0x0F,0x00,0x0E,0x00,0x1C,0x00,0x3C,0xC0,0x38,0xC0,0x7F,0xC0,0x7F,0xC0,0x00,0x00,
    0x00,0x00,0x00,0x00,0x00,0x00,0x00,0x00,0x00,0x00,0x00,0x00,0x00,0x00,0x00,0x00,
    0x00,0x00,0x22,0x00,0x36,0x00,0x1C,0x00,0x1C,0x00,0x00,0x00,0x7F,0x00,0x7F,0x00,
    0x6E,0x00,0x4E,0x00,0x1C,0x00,0x39,0x00,0x39,0x00,0x7F,0x00,0x7F,0x00,0x00,0x00,
    0x00,0x00,0x00,0x00,0x00,0x00,0x00,0x00,0x00,0x00,0x00,0x00,0x00,0x00,0x00,0x00,
    0x00,0x00,0x00,0x00,0x00,0x7F,0x7F,0x00,0x00,0x00,0x00,0x00,0x00,0x00,0x00,0x00,
    0x00,0x00,0x00,0x00,0x00,0x00,0x00,0x00,0x00,0x00,0x00,0x00,0x00,0x00,0x00,0x00,
    0x00,0x00,0x00,0x00,0x00,0x00,0x00,0x00,0x00,0x00,0x7F,0xFF,0x7F,0xFF,0x00,0x00,
    0x00,0x00,0x00,0x00,0x00,0x00,0x00,0x00,0x00,0x00,0x00,0x00,0x00,0x00,0x00,0x00,
    0x00,0x00,0x00,0x00,0x00,0x00,0x20,0x60,0x70,0x70,0x70,0x00,0x00,0x00,0x00,0x00,
    0x00,0x00,0x00,0x00,0x00,0x00,0x00,0x00,0x00,0x00,0x00,0x00,0x00,0x00,0x60,0x70,
    0x70,0x20,0x60,0x00,0x00,0x00,0x00,0x00,0x00,0x00,0x00,0x00,0x00,0x00,0x00,0x00,
    0x00,0x00,0x00,0x00,0x00,0x00,0x22,0x66,0x77,0x77,0x77,0x00,0x00,0x00,0x00,0x00,
    0x00,0x00,0x00,0x00,0x00,0x00,0x00,0x00,0x00,0x00,0x00,0x00,0x00,0x00,0x66,0x77,
    0x77,0x22,0x66,0x00,0x00,0x00,0x00,0x00,0x00,0x00,0x00,0x00,0x00,0x00,0x00,0x00,
    0x00,0x00,0x00,0x00,0x00,0x00,0x00,0x00,0x00,0x00,0x00,0x00,0x78,0x78,0x78,0x78,
    0x00,0x00,0x00,0x00,0x00,0x00,0x00,0x00,0x00,0x00,0x00,0x00,0x00,0x00,0x00,0x00,
    0x00,0x00,0x00,0x00,0x00,0x00,0x00,0x00,0x00,0x00,0x00,0x00,0x00,0x00,0x00,0x00,
    0x00,0x00,0x00,0x00,0x00,0x00,0x00,0x00,0x73,0x8C,0x73,0x9C,0x73,0x8C,0x00,0x00,
    0x00,0x00,0x00,0x00,0x00,0x00,0x00,0x00,0x00,0x00,0x00,0x00,0x00,0x00,0x00,0x00,
    0x00,0x00,0x00,0x00,0x00,0x00,0x00,0x00,0x00,0x00,0x00,0x00,0x00,0x78,0x38,0x00,
    0x78,0x30,0x00,0x38,0x70,0x00,0x38,0x60,0x00,0x38,0xFF,0x00,0x38,0xDF,0x00,0x39,
    0xDB,0x00,0x7D,0x86,0x00,0x03,0x8F,0x00,0x03,0x03,0x00,0x07,0x1F,0x00,0x06,0x1E,
    0x00,0x00,0x00,0x00,0x00,0x00,0x00,0x00,0x00,0x00,0x00,0x00,0x00,0x00,0x00,0x00,
    0x00,0x00,0x00,0x00,0x00,0x00,0x00,0x00,0x00,0x00,0x00,0x00,0x00,0x00,0x00,0x00,
    0x00,0x00,0x00,0x00,0x00,0x7C,0x18,0x00,0xFC,0x18,0x00,0x4C,0x30,0x00,0x1C,0x70,
    0x00,0x18,0x6F,0x80,0x64,0xFB,0x80,0x7C,0xD9,0x80,0x7D,0x87,0x00,0x01,0x87,0x80,
    0x03,0x01,0x80,0x03,0x1F,0x80,0x06,0x0F,0x00,0x00,0x00,0x00,0x00,0x00,0x00,0x00,
    0x00,0x00,0x00,0x00,0x00,0x00,0x00,0x00,0x00,0x00,0x00,0x00,0x00,0x00,0x00,0x00,
    0x00,0x00,0x00,0x00,0x00,0x00,0x00,0x00,0x00,0x00,0x00,0x00,0x00,0x78,0x38,0x00,
    0x78,0x30,0x00,0x38,0x70,0x00,0x38,0x60,0x00,0x38,0xFF,0x00,0x38,0xDF,0x00,0x79,
    0xDB,0x00,0x7D,0x9E,0x00,0x03,0x1F,0x80,0x03,0x33,0x80,0x06,0x3F,0x80,0x0E,0x1F,
    0x00,0x00,0x00,0x00,0x00,0x00,0x00,0x00,0x00,0x00,0x00,0x00,0x00,0x00,0x00,0x00,
    0x00,0x00,0x00,0x00,0x00,0x00,0x00,0x00,0x00,0x00,0x00,0x00,0x00,0x00,0x00,0x00,
    0x00,0x00,0x00,0x00,0x00,0x78,0x18,0x00,0xFC,0x30,0x00,0x4C,0x70,0x00,0x38,0x60,
    0x00,0x1C,0xFF,0x00,0x4C,0xDF,0x00,0x7D,0x9B,0x00,0x01,0x9F,0x00,0x03,0x3F,0x80,
    0x07,0x33,0x80,0x06,0x3F,0x80,0x0E,0x1F,0x00,0x00,0x00,0x00,0x00,0x00,0x00,0x00,
    0x00,0x00,0x00,0x00,0x00,0x00,0x00,0x00,0x00,0x00,0x00,0x00,0x00,0x00,0x00,0x00,
    0x00,0x00,0x00,0x00,0x00,0x00,0x00,0x00,0x00,0x00,0x00,0x00,0x00,0x7C,0x18,0x00,
    0x7C,0x30,0x00,0x60,0x70,0x00,0x7C,0x60,0x00,0x0E,0xFF,0x80,0x5E,0xDF,0x80,0x7D,
    0xD9,0x00,0x11,0x8F,0x80,0x03,0x9B,0x80,0x03,0x19,0x80,0x07,0x1F,0x80,0x06,0x0F,
    0x80,0x00,0x00,0x00,0x00,0x00,0x00,0x00,0x00,0x00,0x00,0x00,0x00,0x00,0x00,0x00,
    0x00,0x00,0x00,0x00,0x00,0x00,0x00,0x00,0x00,0x00,0x00,0x00,0x00,0x00,0xFC,0x30,
    0xFC,0x60,0x88,0xE0,0x18,0xC0,0x39,0xDE,0x31,0xBF,0x33,0x33,0x33,0x3E,0x06,0x3F,
    0x0E,0x63,0x0C,0x77,0x1C,0x3F,0x00,0x00,0x00,0x00,0x00,0x00,0x00,0x00,0x00,0x00,
};
const FontGlyph FONT_LIT_24_BOLD_GLYPHS[187] PROGMEM = {
    {3, 0},
    {5, 24},
    {7, 48},
    {11, 72},
    {10, 120},
    {14, 168},
    {13, 216},
    {4, 264},
    {6, 288},
    {6, 312},
    {7, 336},
    {9, 360},
    {5, 408},
    {5, 432},
    {5, 456},
    {8, 480},
    {10, 504},
    {7, 552},
    {9, 576},
    {9, 624},
    {10, 672},
    {9, 720},
    {9, 768},
    {9, 816},
    {9, 864},
    {9, 912},
    {5, 960},
    {5, 984},
    {9, 1008},
    {9, 1056},
    {9, 1104},
    {9, 1152},
    {15, 1200},
    {12, 1248},
    {11, 1296},
    {11, 1344},
    {12, 1392},
    {11, 1440},
    {10, 1488},
    {12, 1536},
    {13, 1584},
    {7, 1632},
    {9, 1656},
    {13, 1704},
    {10, 1752},
    {16, 1800},
    {13, 1848},
    {12, 1896},
    {10, 1944},
    {13, 1992},
    {12, 2040},
    {10, 2088},
    {12, 2136},
    {13, 2184},
    {12, 2232},
    {18, 2280},
    {12, 2352},
    {12, 2400},
    {11, 2448},
    {6, 2496},
    {8, 2520},
    {6, 2544},
    {9, 2568},
    {8, 2616},
    {8, 2640},
    {9, 2664},
    {10, 2712},
    {9, 2760},
    {11, 2808},
    {9, 2856},
    {7, 2904},
    {10, 2928},
    {11, 2976},
    {6, 3024},
    {5, 3048},
    {11, 3072},
    {6, 3120},
    {16, 3144},
    {11, 3192},
    {10, 3240},
    {11, 3288},
    {10, 3336},
    {9, 3384},
    {8, 3432},
    {7, 3456},
    {11, 3480},
    {10, 3528},
    {14, 3576},
    {10, 3624},
    {10, 3672},
    {9, 3720},
    {6, 3768},
    {7, 3792},
    {6, 3816},
    {9, 3840},
    {6, 3888},
    {7, 3912},
    {7, 3936},
    {5, 3960},
    {16, 3984},
    {17, 4032},
    {17, 4104},
    {12, 4176},
    {12, 4224},
    {12, 4272},
    {12, 4320},
    {12, 4368},
    {12, 4416},
    {17, 4464},
    {11, 4536},
    {11, 4584},
    {11, 4632},
    {11, 4680},
    {11, 4728},
    {7, 4776},
    {7, 4800},
    {7, 4824},
    {7, 4848},
    {12, 4872},
    {13, 4920},
    {12, 4968},
    {12, 5016},
    {12, 5064},
    {12, 5112},
    {12, 5160},
    {9, 5208},
    {12, 5256},
    {13, 5304},
    {13, 5352},
    {13, 5400},
    {13, 5448},
    {12, 5496},
    {11, 5544},
    {12, 5592},
    {9, 5640},
    {9, 5688},
    {9, 5736},
    {9, 5784},
    {9, 5832},
    {9, 5880},
    {14, 5928},
    {9, 5976},
    {9, 6024},
    {9, 6072},
    {9, 6120},
    {9, 6168},
    {6, 6216},
    {6, 6240},
    {6, 6264},
    {6, 6288},
    {10, 6312},
    {11, 6360},
    {10, 6408},
    {10, 6456},
    {10, 6504},
    {10, 6552},
    {10, 6600},
    {9, 6648},
    {10, 6696},
    {11, 6744},
    {11, 6792},
    {11, 6840},
    {11, 6888},
    {10, 6936},
    {10, 6984},
    {10, 7032},
    {18, 7080},
    {15, 7152},
    {10, 7200},
    {8, 7248},
    {12, 7272},
    {11, 7320},
    {9, 7368},
    {8, 7416},
    {16, 7440},
    {5, 7488},
    {5, 7512},
    {8, 7536},
    {8, 7560},
    {6, 7584},
    {15, 7608},
    {17, 7656},
    {18, 7728},
    {17, 7800},
    {17, 7872},
    {17, 7944},
    {16, 8016},
};
const UiFont FONT_LIT_24_BOLD = {24, FONT_LIT_24_BOLD_GLYPHS, FONT_LIT_24_BOLD_BITS};

const uint8_t FONT_LIT_24_ITAL_BITS[] PROGMEM = {
    0x00,0x00,0x00,0x00,0x00,0x00,0x00,0x00,0x00,0x00,0x00,0x00,0x00,0x00,0x00,0x00,
    0x00,0x00,0x00,0x00,0x00,0x00,0x00,0x00,0x00,0x00,0x00,0x00,0x00,0x00,0x00,0x00,
    0x30,0x30,0x30,0x30,0x30,0x20,0x20,0x20,0x00,0x30,0x30,0x00,0x00,0x00,0x00,0x00,
    0x00,0x00,0x00,0x00,0x00,0x00,0x00,0x2C,0x6C,0x28,0x28,0x00,0x00,0x00,0x00,0x00,
    0x00,0x00,0x00,0x00,0x00,0x00,0x00,0x00,0x00,0x00,0x00,0x00,0x00,0x00,0x00,0x00,
    0x00,0x00,0x00,0x00,0x00,0x00,0x00,0x00,0x00,0x00,0x00,0x00,0x08,0x80,0x09,0x80,
    0x7F,0xC0,0x11,0x00,0x11,0x00,0x11,0x00,0x7F,0xC0,0x13,0x00,0x32,0x00,0x00,0x00,
    0x00,0x00,0x00,0x00,0x00,0x00,0x00,0x00,0x00,0x00,0x00,0x00,0x00,0x00,0x00,0x08,
    0x3E,0x6B,0x6B,0x68,0x38,0x1C,0x0E,0x0B,0x6B,0x6E,0x7C,0x08,0x00,0x00,0x00,0x00,
    0x00,0x00,0x00,0x00,0x00,0x00,0x00,0x00,0x00,0x00,0x00,0x00,0x00,0x00,0x00,0x00,
    0x00,0x00,0x00,0x00,0x38,0x40,0x4C,0x80,0x4D,0x80,0x4D,0x00,0x3A,0xF0,0x06,0x90,
    0x05,0x98,0x08,0x90,0x18,0xF0,0x00,0x00,0x00,0x00,0x00,0x00,0x00,0x00,0x00,0x00,
    0x00,0x00,0x00,0x00,0x00,0x00,0x00,0x00,0x00,0x00,0x00,0x00,0x00,0x00,0x00,0x00,
    0x1F,0x00,0x31,0x80,0x61,0x80,0x60,0x00,0x30,0x30,0x1C,0xE0,0x30,0x80,0x60,0xC0,
    0x60,0x80,0x61,0x80,0x3F,0x00,0x00,0x00,0x00,0x00,0x00,0x00,0x00,0x00,0x00,0x00,
    0x00,0x00,0x00,0x00,0x00,0x00,0x00,0x20,0x60,0x20,0x20,0x00,0x00,0x00,0x00,0x00,
    0x00,0x00,0x00,0x00,0x00,0x00,0x00,0x00,0x00,0x00,0x00,0x00,0x00,0x00,0x00,0x08,
    0x18,0x30,0x30,0x20,0x60,0x60,0x60,0x60,0x60,0x20,0x30,0x30,0x10,0x18,0x00,0x00,
    0x00,0x00,0x00,0x00,0x00,0x00,0x00,0x40,0x60,0x20,0x30,0x30,0x30,0x10,0x10,0x30,
    0x30,0x30,0x20,0x60,0x40,0xC0,0x00,0x00,0x00,0x00,0x00,0x00,0x00,0x00,0x00,0x18,
    0x3E,0x3C,0x3C,0x7E,0x18,0x00,0x00,0x00,0x00,0x00,0x00,0x00,0x00,0x00,0x00,0x00,
    0x00,0x00,0x00,0x00,0x00,0x00,0x00,0x00,0x00,0x00,0x00,0x00,0x00,0x00,0x00,0x00,
    0x00,0x00,0x00,0x00,0x00,0x00,0x0C,0x00,0x0C,0x00,0x08,0x00,0x7F,0x00,0x08,0x00,
    0x08,0x00,0x08,0x00,0x00,0x00,0x00,0x00,0x00,0x00,0x00,0x00,0x00,0x00,0x00,0x00,
    0x00,0x00,0x00,0x00,0x00,0x00,0x00,0x00,0x00,0x00,0x00,0x00,0x00,0x00,0x00,0x00,
    0x00,0x30,0x30,0x30,0x20,0x00,0x00,0x00,0x00,0x00,0x00,0x00,0x00,0x00,0x00,0x00,
    0x00,0x00,0x00,0x00,0x00,0x00,0x78,0x00,0x00,0x00,0x00,0x00,0x00,0x00,0x00,0x00,
    0x00,0x00,0x00,0x00,0x00,0x00,0x00,0x00,0x00,0x00,0x00,0x00,0x00,0x00,0x00,0x00,
    0x00,0x70,0x70,0x00,0x00,0x00,0x00,0x00,0x00,0x00,0x00,0x00,0x00,0x00,0x00,0x02,
    0x06,0x04,0x0C,0x08,0x08,0x18,0x10,0x30,0x20,0x20,0x60,0x40,0xC0,0x00,0x00,0x00,
    0x00,0x00,0x00,0x00,0x00,0x00,0x00,0x00,0x00,0x00,0x00,0x00,0x00,0x00,0x00,0x00,
    0x1E,0x00,0x33,0x00,0x61,0x80,0x61,0x80,0x61,0x80,0x61,0x80,0x61,0x80,0x61,0x80,
    0x63,0x00,0x73,0x00,0x3E,0x00,0x00,0x00,0x00,0x00,0x00,0x00,0x00,0x00,0x00,0x00,
    0x00,0x00,0x00,0x00,0x00,0x00,0x00,0x00,0x70,0x10,0x10,0x10,0x10,0x30,0x30,0x30,
    0x30,0x30,0x7C,0x00,0x00,0x00,0x00,0x00,0x00,0x00,0x00,0x00,0x00,0x00,0x00,0x00,
    0x3C,0x66,0xE6,0x46,0x06,0x04,0x0C,0x18,0x31,0x63,0x7F,0x00,0x00,0x00,0x00,0x00,
    0x00,0x00,0x00,0x00,0x00,0x00,0x00,0x00,0x3E,0x66,0x63,0x02,0x0C,0x1E,0x03,0x03,
    0x43,0xC6,0x7C,0x00,0x00,0x00,0x00,0x00,0x00,0x00,0x00,0x00,0x00,0x00,0x00,0x00,
    0x00,0x00,0x00,0x00,0x00,0x00,0x00,0x00,0x06,0x00,0x0E,0x00,0x0E,0x00,0x12,0x00,
    0x36,0x00,0x66,0x00,0x46,0x00,0xFF,0x80,0x06,0x00,0x06,0x00,0x1F,0x00,0x00,0x00,
    0x00,0x00,0x00,0x00,0x00,0x00,0x00,0x00,0x00,0x00,0x00,0x00,0x00,0x00,0x00,0x00,
    0x3F,0x20,0x20,0x20,0x7E,0x03,0x03,0x03,0x43,0xC6,0x7C,0x00,0x00,0x00,0x00,0x00,
    0x00,0x00,0x00,0x00,0x00,0x00,0x00,0x00,0x00,0x00,0x00,0x00,0x00,0x00,0x00,0x00,
    0x0F,0x00,0x33,0x00,0x23,0x00,0x60,0x00,0x6E,0x00,0x73,0x00,0x63,0x00,0x63,0x00,
    0x63,0x00,0x63,0x00,0x3E,0x00,0x00,0x00,0x00,0x00,0x00,0x00,0x00,0x00,0x00,0x00,
    0x00,0x00,0x00,0x00,0x00,0x00,0x00,0x00,0x7F,0x41,0x43,0x02,0x06,0x06,0x0C,0x0C,
    0x18,0x18,0x38,0x00,0x00,0x00,0x00,0x00,0x00,0x00,0x00,0x00,0x00,0x00,0x00,0x00,
    0x00,0x00,0x00,0x00,0x00,0x00,0x00,0x00,0x3E,0x00,0x23,0x00,0x63,0x00,0x63,0x00,
    0x3E,0x00,0x3E,0x00,0x63,0x00,0x43,0x00,0x43,0x00,0x63,0x00,0x3E,0x00,0x00,0x00,
    0x00,0x00,0x00,0x00,0x00,0x00,0x00,0x00,0x00,0x00,0x00,0x00,0x00,0x00,0x00,0x00,
    0x3E,0x63,0x63,0x63,0x63,0x67,0x3B,0x03,0x03,0x46,0x3C,0x00,0x00,0x00,0x00,0x00,
    0x00,0x00,0x00,0x00,0x00,0x00,0x00,0x00,0x00,0x00,0x00,0x30,0x30,0x00,0x00,0x00,
    0x00,0x70,0x70,0x00,0x00,0x00,0x00,0x00,0x00,0x00,0x00,0x00,0x00,0x00,0x00,0x00,
    0x00,0x00,0x00,0x30,0x30,0x00,0x00,0x00,0x00,0x30,0x70,0x30,0x20,0x00,0x00,0x00,
    0x00,0x00,0x00,0x00,0x00,0x00,0x00,0x00,0x00,0x00,0x00,0x00,0x00,0x00,0x00,0x00,
    0x00,0x00,0x00,0x00,0x00,0x00,0x03,0x00,0x0E,0x00,0x38,0x00,0x60,0x00,0x30,0x00,
    0x0C,0x00,0x07,0x00,0x00,0x00,0x00,0x00,0x00,0x00,0x00,0x00,0x00,0x00,0x00,0x00,
    0x00,0x00,0x00,0x00,0x00,0x00,0x00,0x00,0x00,0x00,0x00,0x00,0x00,0x00,0x00,0x00,
    0x00,0x00,0x00,0x00,0x00,0x00,0x00,0x00,0x7F,0x80,0x00,0x00,0x00,0x00,0x7F,0x00,
    0x00,0x00,0x00,0x00,0x00,0x00,0x00,0x00,0x00,0x00,0x00,0x00,0x00,0x00,0x00,0x00,
    0x00,0x00,0x00,0x00,0x00,0x00,0x00,0x00,0x00,0x00,0x00,0x00,0x00,0x00,0x00,0x00,
    0x00,0x00,0x00,0x00,0x00,0x00,0x30,0x00,0x1C,0x00,0x06,0x00,0x03,0x00,0x07,0x00,
    0x1C,0x00,0x30,0x00,0x00,0x00,0x00,0x00,0x00,0x00,0x00,0x00,0x00,0x00,0x00,0x00,
    0x00,0x00,0x00,0x00,0x00,0x00,0x00,0x00,0x3C,0x66,0x62,0x06,0x0E,0x18,0x10,0x10,
    0x00,0x18,0x18,0x00,0x00,0x00,0x00,0x00,0x00,0x00,0x00,0x00,0x00,0x00,0x00,0x00,
    0x00,0x00,0x00,0x00,0x00,0x00,0x00,0x00,0x00,0x00,0x00,0x00,0x0F,0xC0,0x18,0x30,
    0x30,0x10,0x67,0xD8,0x4C,0xC8,0x4C,0xC8,0x49,0xC8,0x4D,0xD8,0x6E,0xF0,0x20,0x00,
    0x18,0x60,0x0F,0x80,0x00,0x00,0x00,0x00,0x00,0x00,0x00,0x00,0x00,0x00,0x00,0x00,
    0x00,0x00,0x00,0x00,0x00,0x00,0x00,0x00,0x06,0x00,0x06,0x00,0x0F,0x00,0x0B,0x00,
    0x1B,0x00,0x19,0x80,0x11,0x80,0x3F,0x80,0x21,0x80,0x20,0xC0,0xF1,0xE0,0x00,0x00,
    0x00,0x00,0x00,0x00,0x00,0x00,0x00,0x00,0x00,0x00,0x00,0x00,0x00,0x00,0x00,0x00,
    0x00,0x00,0x00,0x00,0x00,0x00,0x00,0x00,0x7F,0x00,0x11,0x80,0x31,0x80,0x31,0x80,
    0x33,0x00,0x37,0x00,0x31,0x80,0x30,0xC0,0x30,0xC0,0x31,0x80,0x7F,0x00,0x00,0x00,
    0x00,0x00,0x00,0x00,0x00,0x00,0x00,0x00,0x00,0x00,0x00,0x00,0x00,0x00,0x00,0x00,
    0x00,0x00,0x00,0x00,0x00,0x00,0x00,0x00,0x1F,0x80,0x31,0xC0,0x20,0xC0,0x60,0x00,
    0x60,0x00,0x60,0x00,0x60,0x00,0x60,0x00,0x60,0x00,0x31,0x80,0x1F,0x00,0x00,0x00,
    0x00,0x00,0x00,0x00,0x00,0x00,0x00,0x00,0x00,0x00,0x00,0x00,0x00,0x00,0x00,0x00,
    0x00,0x00,0x00,0x00,0x00,0x00,0x00,0x00,0x7F,0x80,0x10,0xC0,0x30,0x60,0x30,0x60,
    0x30,0x60,0x30,0x60,0x30,0x60,0x30,0x60,0x30,0xC0,0x31,0x80,0x7F,0x00,0x00,0x00,
    0x00,0x00,0x00,0x00,0x00,0x00,0x00,0x00,0x00,0x00,0x00,0x00,0x00,0x00,0x00,0x00,
    0x00,0x00,0x00,0x00,0x00,0x00,0x00,0x00,0x7F,0x80,0x31,0x80,0x30,0x80,0x30,0x00,
    0x30,0x00,0x3F,0x00,0x30,0x00,0x30,0x00,0x30,0x80,0x31,0x80,0x7F,0x80,0x00,0x00,
    0x00,0x00,0x00,0x00,0x00,0x00,0x00,0x00,0x00,0x00,0x00,0x00,0x00,0x00,0x00,0x00,
    0x00,0x00,0x00,0x00,0x00,0x00,0x00,0x00,0x7F,0x80,0x31,0x80,0x30,0x80,0x30,0x00,
    0x30,0x00,0x3F,0x00,0x30,0x00,0x30,0x00,0x30,0x00,0x30,0x00,0x7C,0x00,0x00,0x00,
    0x00,0x00,0x00,0x00,0x00,0x00,0x00,0x00,0x00,0x00,0x00,0x00,0x00,0x00,0x00,0x00,
    0x00,0x00,0x00,0x00,0x00,0x00,0x00,0x00,0x0F,0x80,0x30,0xC0,0x20,0xC0,0x60,0x00,
    0x60,0x00,0x60,0x00,0x61,0xC0,0x60,0xC0,0x60,0xC0,0x30,0xC0,0x1F,0x80,0x00,0x00,
    0x00,0x00,0x00,0x00,0x00,0x00,0x00,0x00,0x00,0x00,0x00,0x00,0x00,0x00,0x00,0x00,
    0x00,0x00,0x00,0x00,0x00,0x00,0x00,0x00,0x78,0xF0,0x30,0x60,0x30,0x60,0x30,0x60,
    0x30,0x40,0x3F,0xC0,0x30,0x40,0x30,0x40,0x30,0x40,0x30,0xC0,0x79,0xF0,0x00,0x00,
    0x00,0x00,0x00,0x00,0x00,0x00,0x00,0x00,0x00,0x00,0x00,0x00,0x00,0x00,0x00,0x00,
    0x78,0x30,0x30,0x30,0x30,0x30,0x30,0x30,0x30,0x30,0x78,0x00,0x00,0x00,0x00,0x00,
    0x00,0x00,0x00,0x00,0x00,0x00,0x00,0x00,0x78,0x30,0x30,0x30,0x30,0x30,0x30,0x30,
    0x30,0x30,0x30,0x20,0x60,0x40,0x00,0x00,0x00,0x00,0x00,0x00,0x00,0x00,0x00,0x00,
    0x00,0x00,0x00,0x00,0x00,0x00,0x00,0x00,0x79,0xE0,0x30,0x80,0x31,0x00,0x32,0x00,
    0x34,0x00,0x3E,0x00,0x33,0x00,0x33,0x00,0x31,0x00,0x31,0x80,0x78,0xE0,0x00,0x00,
    0x00,0x00,0x00,0x00,0x00,0x00,0x00,0x00,0x00,0x00,0x00,0x00,0x00,0x00,0x00,0x00,
    0x00,0x00,0x00,0x00,0x00,0x00,0x00,0x00,0x7C,0x00,0x30,0x00,0x30,0x00,0x30,0x00,
    0x30,0x00,0x30,0x00,0x30,0x00,0x30,0x00,0x30,0x80,0x31,0x80,0x7F,0x80,0x00,0x00,
    0x00,0x00,0x00,0x00,0x00,0x00,0x00,0x00,0x00,0x00,0x00,0x00,0x00,0x00,0x00,0x00,
    0x00,0x00,0x00,0x00,0x00,0x00,0x00,0x00,0x78,0x1C,0x1C,0x38,0x3C,0x38,0x3C,0x38,
    0x34,0x78,0x36,0x58,0x36,0x48,0x36,0xC8,0x33,0x88,0x23,0x88,0x7B,0xBE,0x00,0x00,
    0x00,0x00,0x00,0x00,0x00,0x00,0x00,0x00,0x00,0x00,0x00,0x00,0x00,0x00,0x00,0x00,
    0x00,0x00,0x00,0x00,0x00,0x00,0x00,0x00,0x78,0xF0,0x3C,0x60,0x3C,0x40,0x34,0x40,
    0x36,0x40,0x32,0x40,0x33,0x40,0x33,0x40,0x31,0xC0,0x31,0xC0,0x78,0xC0,0x00,0x00,
    0x00,0x00,0x00,0x00,0x00,0x00,0x00,0x00,0x00,0x00,0x00,0x00,0x00,0x00,0x00,0x00,
    0x00,0x00,0x00,0x00,0x00,0x00,0x00,0x00,0x1F,0x80,0x30,0xC0,0x20,0xC0,0x60,0x60,
    0x60,0x60,0x60,0x60,0x60,0x60,0x60,0x60,0x60,0xC0,0x31,0x80,0x1F,0x00,0x00,0x00,
    0x00,0x00,0x00,0x00,0x00,0x00,0x00,0x00,0x00,0x00,0x00,0x00,0x00,0x00,0x00,0x00,
    0x00,0x00,0x00,0x00,0x00,0x00,0x00,0x00,0x7F,0x00,0x11,0x80,0x31,0x80,0x31,0x80,
    0x31,0x80,0x31,0x80,0x3F,0x00,0x30,0x00,0x30,0x00,0x30,0x00,0x7C,0x00,0x00,0x00,
    0x00,0x00,0x00,0x00,0x00,0x00,0x00,0x00,0x00,0x00,0x00,0x00,0x00,0x00,0x00,0x00,
    0x00,0x00,0x00,0x00,0x00,0x00,0x00,0x00,0x1F,0x80,0x30,0xC0,0x20,0xC0,0x60,0x60,
    0x60,0x60,0x60,0x60,0x60,0x60,0x60,0x60,0x20,0xC0,0x31,0x80,0x1F,0x00,0x01,0xA0,
    0x00,0xE0,0x00,0x00,0x00,0x00,0x00,0x00,0x00,0x00,0x00,0x00,0x00,0x00,0x00,0x00,
    0x00,0x00,0x00,0x00,0x00,0x00,0x00,0x00,0x7F,0x00,0x11,0x80,0x31,0x80,0x31,0x80,
    0x33,0x00,0x3E,0x00,0x36,0x00,0x33,0x00,0x33,0x00,0x31,0x80,0x7D,0xE0,0x00,0x00,
    0x00,0x00,0x00,0x00,0x00,0x00,0x00,0x00,0x00,0x00,0x00,0x00,0x00,0x00,0x00,0x00,
    0x3E,0x63,0x63,0x60,0x38,0x1C,0x06,0x03,0x63,0x66,0x7C,0x00,0x00,0x00,0x00,0x00,
    0x00,0x00,0x00,0x00,0x00,0x00,0x00,0x00,0x00,0x00,0x00,0x00,0x00,0x00,0x00,0x00,
    0x7F,0xC0,0x4C,0xC0,0x4C,0x40,0x0C,0x00,0x0C,0x00,0x0C,0x00,0x0C,0x00,0x0C,0x00,
    0x0C,0x00,0x0C,0x00,0x1E,0x00,0x00,0x00,0x00,0x00,0x00,0x00,0x00,0x00,0x00,0x00,
    0x00,0x00,0x00,0x00,0x00,0x00,0x00,0x00,0x00,0x00,0x00,0x00,0x00,0x00,0x00,0x00,
    0x78,0xF0,0x30,0x40,0x30,0x40,0x30,0xC0,0x30,0xC0,0x30,0xC0,0x30,0xC0,0x31,0xC0,
    0x31,0x40,0x33,0xC0,0x1E,0xE0,0x00,0x00,0x00,0x00,0x00,0x00,0x00,0x00,0x00,0x00,
    0x00,0x00,0x00,0x00,0x00,0x00,0x00,0x00,0x00,0x00,0x00,0x00,0x00,0x00,0x00,0x00,
    0xF8,0xE0,0x30,0x40,0x30,0xC0,0x30,0x80,0x31,0x80,0x19,0x00,0x19,0x00,0x1B,0x00,
    0x0E,0x00,0x0E,0x00,0x0C,0x00,0x00,0x00,0x00,0x00,0x00,0x00,0x00,0x00,0x00,0x00,
    0x00,0x00,0x00,0x00,0x00,0x00,0x00,0x00,0x00,0x00,0x00,0x00,0x00,0x00,0x00,0x00,
    0xF9,0x8F,0x21,0x82,0x30,0xC6,0x31,0xC4,0x31,0xC4,0x11,0xCC,0x1B,0x68,0x1A,0x68,
    0x1E,0x78,0x0C,0x30,0x0C,0x30,0x00,0x00,0x00,0x00,0x00,0x00,0x00,0x00,0x00,0x00,
    0x00,0x00,0x00,0x00,0x00,0x00,0x00,0x00,0x00,0x00,0x00,0x00,0x00,0x00,0x00,0x00,
    0x79,0xE0,0x30,0x80,0x19,0x00,0x1B,0x00,0x0E,0x00,0x0E,0x00,0x0E,0x00,0x1B,0x00,
    0x31,0x80,0x21,0x80,0xF3,0xE0,0x00,0x00,0x00,0x00,0x00,0x00,0x00,0x00,0x00,0x00,
    0x00,0x00,0x00,0x00,0x00,0x00,0x00,0x00,0x00,0x00,0x00,0x00,0x00,0x00,0x00,0x00,
    0xF9,0xE0,0x30,0xC0,0x30,0x80,0x19,0x00,0x1B,0x00,0x0E,0x00,0x0E,0x00,0x04,0x00,
    0x04,0x00,0x0C,0x00,0x1F,0x00,0x00,0x00,0x00,0x00,0x00,0x00,0x00,0x00,0x00,0x00,
    0x00,0x00,0x00,0x00,0x00,0x00,0x00,0x00,0x00,0x00,0x00,0x00,0x00,0x00,0x00,0x00,
    0x3F,0x80,0x61,0x80,0x63,0x00,0x03,0x00,0x06,0x00,0x0C,0x00,0x18,0x00,0x18,0x00,
    0x30,0x80,0x60,0x80,0x7F,0x80,0x00,0x00,0x00,0x00,0x00,0x00,0x00,0x00,0x00,0x00,
    0x00,0x00,0x00,0x00,0x00,0x00,0x38,0x30,0x20,0x20,0x20,0x20,0x20,0x20,0x20,0x20,
    0x60,0x60,0x60,0x60,0x60,0x78,0x00,0x00,0x00,0x00,0x00,0x00,0x00,0x00,0x00,0x40,
    0x40,0x60,0x20,0x20,0x30,0x10,0x10,0x18,0x08,0x08,0x0C,0x04,0x04,0x00,0x00,0x00,
    0x00,0x00,0x00,0x00,0x00,0x00,0x70,0x30,0x30,0x30,0x30,0x30,0x30,0x30,0x30,0x30,
    0x30,0x30,0x30,0x30,0x30,0xF0,0x00,0x00,0x00,0x00,0x00,0x00,0x00,0x00,0x00,0x00,
    0x00,0x00,0x00,0x00,0x00,0x00,0x00,0x00,0x0C,0x00,0x1E,0x00,0x12,0x00,0x23,0x00,
    0x61,0x00,0x40,0x00,0x00,0x00,0x00,0x00,0x00,0x00,0x00,0x00,0x00,0x00,0x00,0x00,
    0x00,0x00,0x00,0x00,0x00,0x00,0x00,0x00,0x00,0x00,0x00,0x00,0x00,0x00,0x00,0x00,
    0x00,0x00,0x00,0x00,0x00,0x00,0x00,0x00,0x00,0x00,0x00,0x00,0xFF,0x00,0x00,0x00,
    0x00,0x00,0x00,0x00,0x00,0x00,0x00,0x10,0x18,0x0C,0x00,0x00,0x00,0x00,0x00,0x00,
    0x00,0x00,0x00,0x00,0x00,0x00,0x00,0x00,0x00,0x00,0x00,0x00,0x00,0x00,0x00,0x00,
    0x00,0x00,0x00,0x00,0x00,0x00,0x00,0x00,0x00,0x00,0x00,0x00,0x00,0x00,0x3F,0x00,
    0x23,0x00,0x63,0x00,0x67,0x00,0x47,0x00,0x47,0x00,0x6F,0x00,0x3B,0x80,0x00,0x00,
    0x00,0x00,0x00,0x00,0x00,0x00,0x00,0x00,0x00,0x00,0x00,0x00,0x00,0x00,0x00,0x00,
    0x00,0x00,0x00,0x00,0x00,0x00,0xE0,0x00,0x60,0x00,0x60,0x00,0x60,0x00,0x6F,0x00,
    0x7B,0x00,0x71,0x00,0x71,0x00,0x73,0x00,0x63,0x00,0x63,0x00,0x7E,0x00,0x00,0x00,
    0x00,0x00,0x00,0x00,0x00,0x00,0x00,0x00,0x00,0x00,0x00,0x00,0x00,0x00,0x00,0x00,
    0x00,0x00,0x00,0x1E,0x66,0x66,0x40,0x40,0x60,0x66,0x3C,0x00,0x00,0x00,0x00,0x00,
    0x00,0x00,0x00,0x00,0x00,0x00,0x00,0x00,0x00,0x00,0x00,0x00,0x00,0x00,0x07,0x00,
    0x03,0x00,0x03,0x00,0x03,0x00,0x3F,0x00,0x63,0x00,0x63,0x00,0x47,0x00,0x47,0x00,
    0x47,0x00,0x6F,0x00,0x3B,0x80,0x00,0x00,0x00,0x00,0x00,0x00,0x00,0x00,0x00,0x00,
    0x00,0x00,0x00,0x00,0x00,0x00,0x00,0x00,0x00,0x00,0x00,0x3C,0x66,0x66,0x6C,0x70,
    0x60,0x62,0x3C,0x00,0x00,0x00,0x00,0x00,0x00,0x00,0x00,0x00,0x00,0x00,0x00,0x1C,
    0x30,0x30,0x30,0x7C,0x30,0x30,0x20,0x20,0x20,0x20,0x20,0x60,0xE0,0xC0,0x00,0x00,
    0x00,0x00,0x00,0x00,0x00,0x00,0x00,0x00,0x00,0x00,0x00,0x00,0x00,0x00,0x00,0x00,
    0x00,0x00,0x00,0x00,0x00,0x00,0x3F,0x00,0x23,0x00,0x63,0x00,0x63,0x00,0x47,0x00,
    0x47,0x00,0x6F,0x00,0x3A,0x00,0x02,0x00,0x66,0x00,0x7C,0x00,0x00,0x00,0x00,0x00,
    0x00,0x00,0x00,0x00,0x00,0x00,0x00,0x00,0x00,0x00,0x00,0x00,0x00,0x00,0xE0,0x00,
    0x20,0x00,0x20,0x00,0x60,0x00,0x67,0x00,0x6B,0x00,0x6B,0x00,0x73,0x00,0x73,0x00,
    0x73,0x00,0x63,0x00,0x63,0x80,0x00,0x00,0x00,0x00,0x00,0x00,0x00,0x00,0x00,0x00,
    0x00,0x00,0x00,0x00,0x00,0x00,0x00,0x70,0x70,0x00,0x00,0xE0,0x20,0x20,0x20,0x60,
    0x60,0x60,0x30,0x00,0x00,0x00,0x00,0x00,0x00,0x00,0x00,0x00,0x00,0x00,0x00,0x70,
    0x70,0x00,0x00,0xE0,0x30,0x30,0x30,0x20,0x20,0x20,0x20,0x60,0xE0,0xC0,0x00,0x00,
    0x00,0x00,0x00,0x00,0x00,0x00,0x00,0x00,0x00,0x00,0x00,0x00,0x00,0x00,0xE0,0x00,
    0x20,0x00,0x20,0x00,0x60,0x00,0x66,0x00,0x63,0x00,0x66,0x00,0x78,0x00,0x6C,0x00,
    0x6C,0x00,0x66,0x00,0x63,0x80,0x00,0x00,0x00,0x00,0x00,0x00,0x00,0x00,0x00,0x00,
    0x00,0x00,0x00,0x00,0x00,0x00,0x00,0xE0,0x20,0x20,0x60,0x60,0x60,0x60,0x60,0x60,
    0x60,0x60,0x70,0x00,0x00,0x00,0x00,0x00,0x00,0x00,0x00,0x00,0x00,0x00,0x00,0x00,
    0x00,0x00,0x00,0x00,0x00,0x00,0x00,0x00,0x00,0x00,0x00,0x00,0x00,0x00,0xE6,0x70,
    0x2B,0x58,0x2B,0xD8,0x73,0x98,0x73,0x98,0x73,0x10,0x63,0x10,0x63,0x1C,0x00,0x00,
    0x00,0x00,0x00,0x00,0x00,0x00,0x00,0x00,0x00,0x00,0x00,0x00,0x00,0x00,0x00,0x00,
    0x00,0x00,0x00,0x00,0x00,0x00,0x00,0x00,0x00,0x00,0x00,0x00,0x00,0x00,0xE7,0x00,
    0x2B,0x00,0x2B,0x00,0x7B,0x00,0x73,0x00,0x73,0x00,0x73,0x00,0x63,0x80,0x00,0x00,
    0x00,0x00,0x00,0x00,0x00,0x00,0x00,0x00,0x00,0x00,0x00,0x00,0x00,0x00,0x00,0x00,
    0x00,0x00,0x00,0x00,0x00,0x00,0x00,0x00,0x00,0x00,0x00,0x00,0x00,0x00,0x3E,0x00,
    0x63,0x00,0x63,0x00,0x63,0x00,0x43,0x00,0x63,0x00,0x66,0x00,0x3C,0x00,0x00,0x00,
    0x00,0x00,0x00,0x00,0x00,0x00,0x00,0x00,0x00,0x00,0x00,0x00,0x00,0x00,0x00,0x00,
    0x00,0x00,0x00,0x00,0x00,0x00,0x00,0x00,0x00,0x00,0x00,0x00,0x00,0x00,0xEF,0x00,
    0x29,0x00,0x39,0x80,0x71,0x80,0x71,0x80,0x73,0x00,0x63,0x00,0x7E,0x00,0x60,0x00,
    0x60,0x00,0x70,0x00,0x00,0x00,0x00,0x00,0x00,0x00,0x00,0x00,0x00,0x00,0x00,0x00,
    0x00,0x00,0x00,0x00,0x00,0x00,0x00,0x00,0x00,0x00,0x00,0x00,0x00,0x00,0x3F,0x00,
    0x63,0x00,0x63,0x00,0x47,0x00,0x47,0x00,0x47,0x00,0x6E,0x00,0x3A,0x00,0x02,0x00,
    0x02,0x00,0x03,0x80,0x00,0x00,0x00,0x00,0x00,0x00,0x00,0x00,0x00,0x00,0x00,0x00,
    0x00,0x00,0x00,0xEE,0x2A,0x30,0x70,0x60,0x60,0x60,0x60,0x00,0x00,0x00,0x00,0x00,
    0x00,0x00,0x00,0x00,0x00,0x00,0x00,0x00,0x00,0x00,0x00,0x3C,0x66,0x60,0x38,0x1C,
    0x04,0xC4,0x78,0x00,0x00,0x00,0x00,0x00,0x00,0x00,0x00,0x00,0x00,0x00,0x00,0x00,
    0x00,0x30,0x30,0x7C,0x20,0x20,0x20,0x60,0x60,0x24,0x3C,0x00,0x00,0x00,0x00,0x00,
    0x00,0x00,0x00,0x00,0x00,0x00,0x00,0x00,0x00,0x00,0x00,0x00,0x00,0x00,0x00,0x00,
    0x00,0x00,0x00,0x00,0x00,0x00,0xE3,0x00,0x23,0x00,0x23,0x00,0x27,0x00,0x67,0x00,
    0x6F,0x00,0x6B,0x00,0x3B,0x80,0x00,0x00,0x00,0x00,0x00,0x00,0x00,0x00,0x00,0x00,
    0x00,0x00,0x00,0x00,0x00,0x00,0x00,0x00,0x00,0x00,0x00,0x00,0x00,0x00,0x00,0x00,
    0x00,0x00,0x00,0x00,0x00,0x00,0xE3,0x00,0x63,0x00,0x63,0x00,0x63,0x00,0x63,0x00,
    0x62,0x00,0x66,0x00,0x3C,0x00,0x00,0x00,0x00,0x00,0x00,0x00,0x00,0x00,0x00,0x00,
    0x00,0x00,0x00,0x00,0x00,0x00,0x00,0x00,0x00,0x00,0x00,0x00,0x00,0x00,0x00,0x00,
    0x00,0x00,0x00,0x00,0x00,0x00,0xE2,0x30,0x63,0x30,0x63,0x30,0x62,0x30,0x62,0x30,
    0x66,0x20,0x66,0x60,0x3B,0xC0,0x00,0x00,0x00,0x00,0x00,0x00,0x00,0x00,0x00,0x00,
    0x00,0x00,0x00,0x00,0x00,0x00,0x00,0x00,0x00,0x00,0x00,0xE3,0x33,0x16,0x1C,0x38,
    0x6C,0xC6,0x67,0x00,0x00,0x00,0x00,0x00,0x00,0x00,0x00,0x00,0x00,0x00,0x00,0x00,
    0x00,0x00,0x00,0x00,0x00,0x00,0x00,0x00,0x00,0x00,0x00,0x00,0x00,0x00,0xE3,0x00,
    0x23,0x00,0x23,0x00,0x22,0x00,0x22,0x00,0x34,0x00,0x34,0x00,0x1C,0x00,0x08,0x00,
    0x50,0x00,0xF0,0x00,0x00,0x00,0x00,0x00,0x00,0x00,0x00,0x00,0x00,0x00,0x00,0x00,
    0x00,0x00,0x00,0x7E,0x46,0x4C,0x18,0x10,0x32,0x62,0x7E,0x00,0x00,0x00,0x00,0x00,
    0x00,0x00,0x00,0x00,0x00,0x00,0x1C,0x30,0x30,0x30,0x30,0x30,0x30,0x60,0x30,0x30,
    0x30,0x30,0x30,0x30,0x30,0x38,0x00,0x00,0x00,0x00,0x00,0x00,0x00,0x00,0x00,0x10,
    0x10,0x10,0x10,0x10,0x10,0x10,0x10,0x10,0x10,0x10,0x10,0x10,0x30,0x00,0x00,0x00,
    0x00,0x00,0x00,0x00,0x00,0x00,0x70,0x30,0x30,0x30,0x30,0x30,0x30,0x18,0x30,0x30,
    0x30,0x30,0x30,0x30,0x30,0xE0,0x00,0x00,0x00,0x00,0x00,0x00,0x00,0x00,0x00,0x00,
    0x00,0x00,0x00,0x00,0x00,0x00,0x00,0x00,0x00,0x00,0x00,0x00,0x00,0x00,0x00,0x00,
    0x00,0x00,0x3C,0x80,0x27,0x00,0x00,0x00,0x00,0x00,0x00,0x00,0x00,0x00,0x00,0x00,
    0x00,0x00,0x00,0x00,0x00,0x00,0x00,0x00,0x00,0x00,0x00,0x00,0x00,0x00,0x00,0x70,
    0x58,0x58,0x70,0x00,0x00,0x00,0x00,0x00,0x00,0x00,0x00,0x00,0x00,0x00,0x00,0x00,
    0x00,0x00,0x00,0x00,0x00,0x00,0x78,0x4C,0x4C,0x08,0x10,0x24,0x7C,0x00,0x00,0x00,
    0x00,0x00,0x00,0x00,0x00,0x00,0x00,0x00,0x00,0x00,0x00,0x00,0x00,0x00,0x78,0x6C,
    0x08,0x1C,0x0C,0x4C,0x78,0x00,0x00,0x00,0x00,0x00,0x00,0x00,0x00,0x00,0x00,0x00,
    0x00,0x00,0x00,0x00,0x00,0x20,0x70,0x30,0x30,0x20,0x20,0x20,0x70,0x00,0x00,0x00,
    0x00,0x00,0x00,0x00,0x00,0x00,0x00,0x00,0x00,0x00,0x00,0x00,0x00,0x00,0x00,0x00,
    0x00,0x00,0x00,0x00,0x00,0x00,0x00,0x00,0x30,0x20,0x70,0x20,0x30,0x40,0x30,0xC0,
    0x30,0x88,0x31,0x98,0x31,0x28,0x72,0x68,0x06,0x48,0x04,0xFC,0x0C,0x08,0x08,0x00,
    0x00,0x00,0x00,0x00,0x00,0x00,0x00,0x00,0x00,0x00,0x00,0x00,0x00,0x00,0x00,0x00,
    0x00,0x00,0x00,0x00,0x00,0x00,0x00,0x00,0x70,0x20,0x30,0x40,0x30,0xC0,0x30,0x80,
    0x31,0xB8,0x31,0x64,0x32,0x44,0x76,0x0C,0x04,0x18,0x0C,0x34,0x08,0x7C,0x00,0x00,
    0x00,0x00,0x00,0x00,0x00,0x00,0x00,0x00,0x00,0x00,0x00,0x00,0x00,0x00,0x00,0x00,
    0x00,0x00,0x00,0x00,0x00,0x00,0x00,0x00,0x3C,0x10,0x64,0x30,0x24,0x20,0x18,0x60,
    0x0C,0x4C,0x06,0x9C,0x6D,0x9C,0x79,0x2C,0x03,0x4C,0x02,0x7E,0x04,0x0C,0x04,0x00,
    0x00,0x00,0x00,0x00,0x00,0x00,0x00,0x00,0x00,0x00,0x00,0x00,0x00,0x00,0x00,0x00,
    0x00,0x00,0x0C,0x00,0x06,0x00,0x00,0x00,0x06,0x00,0x06,0x00,0x0F,0x00,0x0B,0x00,
    0x1B,0x00,0x19,0x80,0x11,0x80,0x3F,0x80,0x21,0x80,0x20,0xC0,0xF1,0xE0,0x00,0x00,
    0x00,0x00,0x00,0x00,0x00,0x00,0x00,0x00,0x00,0x00,0x00,0x00,0x00,0x00,0x00,0x00,
    0x01,0x00,0x03,0x00,0x06,0x00,0x00,0x00,0x06,0x00,0x06,0x00,0x0F,0x00,0x0B,0x00,
    0x1B,0x00,0x19,0x80,0x11,0x80,0x3F,0x80,0x21,0x80,0x20,0xC0,0xF1,0xE0,0x00,0x00,
    0x00,0x00,0x00,0x00,0x00,0x00,0x00,0x00,0x00,0x00,0x00,0x00,0x00,0x00,0x00,0x00,
    0x06,0x00,0x0F,0x00,0x09,0x80,0x00,0x00,0x06,0x00,0x06,0x00,0x0F,0x00,0x0B,0x00,
    0x1B,0x00,0x19,0x80,0x11,0x80,0x3F,0x80,0x21,0x80,0x20,0xC0,0xF1,0xE0,0x00,0x00,
    0x00,0x00,0x00,0x00,0x00,0x00,0x00,0x00,0x00,0x00,0x00,0x00,0x00,0x00,0x00,0x00,
    0x00,0x00,0x0E,0x80,0x0F,0x00,0x00,0x00,0x06,0x00,0x06,0x00,0x0F,0x00,0x0B,0x00,
    0x1B,0x00,0x19,0x80,0x11,0x80,0x3F,0x80,0x21,0x80,0x20,0xC0,0xF1,0xE0,0x00,0x00,
    0x00,0x00,0x00,0x00,0x00,0x00,0x00,0x00,0x00,0x00,0x00,0x00,0x00,0x00,0x00,0x00,
    0x00,0x00,0x09,0x80,0x19,0x80,0x00,0x00,0x06,0x00,0x06,0x00,0x0F,0x00,0x0B,0x00,
    0x1B,0x00,0x19,0x80,0x11,0x80,0x3F,0x80,0x21,0x80,0x20,0xC0,0xF1,0xE0,0x00,0x00,
    0x00,0x00,0x00,0x00,0x00,0x00,0x00,0x00,0x00,0x00,0x00,0x00,0x00,0x00,0x06,0x00,
    0x0F,0x00,0x0D,0x00,0x06,0x00,0x00,0x00,0x06,0x00,0x06,0x00,0x0F,0x00,0x0B,0x00,
    0x1B,0x00,0x19,0x80,0x11,0x80,0x3F,0x80,0x21,0x80,0x20,0xC0,0xF1,0xE0,0x00,0x00,
    0x00,0x00,0x00,0x00,0x00,0x00,0x00,0x00,0x00,0x00,0x00,0x00,0x00,0x00,0x00,0x00,
    0x00,0x00,0x00,0x00,0x00,0x00,0x00,0x00,0x07,0xF8,0x0E,0x18,0x0F,0x18,0x0B,0x00,
    0x1B,0x00,0x19,0xF0,0x11,0x80,0x3F,0x80,0x21,0x84,0x20,0xC4,0xF1,0xFC,0x00,0x00,
    0x00,0x00,0x00,0x00,0x00,0x00,0x00,0x00,0x00,0x00,0x00,0x00,0x00,0x00,0x00,0x00,
    0x00,0x00,0x00,0x00,0x00,0x00,0x00,0x00,0x1F,0x80,0x31,0xC0,0x20,0xC0,0x60,0x00,
    0x60,0x00,0x60,0x00,0x60,0x00,0x60,0x00,0x60,0x00,0x31,0x80,0x1F,0x00,0x04,0x00,
    0x06,0x00,0x0E,0x00,0x00,0x00,0x00,0x00,0x00,0x00,0x00,0x00,0x00,0x00,0x00,0x00,
    0x00,0x00,0x1C,0x00,0x06,0x00,0x00,0x00,0x7F,0x80,0x31,0x80,0x30,0x80,0x30,0x00,
    0x30,0x00,0x3F,0x00,0x30,0x00,0x30,0x00,0x30,0x80,0x31,0x80,0x7F,0x80,0x00,0x00,
    0x00,0x00,0x00,0x00,0x00,0x00,0x00,0x00,0x00,0x00,0x00,0x00,0x00,0x00,0x00,0x00,
    0x00,0x00,0x07,0x00,0x0C,0x00,0x00,0x00,0x7F,0x80,0x31,0x80,0x30,0x80,0x30,0x00,
    0x30,0x00,0x3F,0x00,0x30,0x00,0x30,0x00,0x30,0x80,0x31,0x80,0x7F,0x80,0x00,0x00,
    0x00,0x00,0x00,0x00,0x00,0x00,0x00,0x00,0x00,0x00,0x00,0x00,0x00,0x00,0x00,0x00,
    0x04,0x00,0x0E,0x00,0x11,0x00,0x00,0x00,0x7F,0x80,0x31,0x80,0x30,0x80,0x30,0x00,
    0x30,0x00,0x3F,0x00,0x30,0x00,0x30,0x00,0x30,0x80,0x31,0x80,0x7F,0x80,0x00,0x00,
    0x00,0x00,0x00,0x00,0x00,0x00,0x00,0x00,0x00,0x00,0x00,0x00,0x00,0x00,0x00,0x00,
    0x00,0x00,0x1B,0x00,0x1B,0x00,0x00,0x00,0x7F,0x80,0x31,0x80,0x30,0x80,0x30,0x00,
    0x30,0x00,0x3F,0x00,0x30,0x00,0x30,0x00,0x30,0x80,0x31,0x80,0x7F,0x80,0x00,0x00,
    0x00,0x00,0x00,0x00,0x00,0x00,0x00,0x00,0x00,0x00,0x00,0x00,0x00,0x70,0x18,0x00,
    0x78,0x30,0x30,0x30,0x30,0x30,0x30,0x30,0x30,0x30,0x78,0x00,0x00,0x00,0x00,0x00,
    0x00,0x00,0x00,0x00,0x00,0x1C,0x30,0x00,0x78,0x30,0x30,0x30,0x30,0x30,0x30,0x30,
    0x30,0x30,0x78,0x00,0x00,0x00,0x00,0x00,0x00,0x00,0x00,0x00,0x10,0x38,0x4C,0x00,
    0x78,0x30,0x30,0x30,0x30,0x30,0x30,0x30,0x30,0x30,0x78,0x00,0x00,0x00,0x00,0x00,
    0x00,0x00,0x00,0x00,0x00,0x6C,0x6C,0x00,0x78,0x30,0x30,0x30,0x30,0x30,0x30,0x30,
    0x30,0x30,0x78,0x00,0x00,0x00,0x00,0x00,0x00,0x00,0x00,0x00,0x00,0x00,0x00,0x00,
    0x00,0x00,0x00,0x00,0x00,0x00,0x00,0x00,0x7F,0x80,0x10,0xC0,0x30,0x60,0x30,0x60,
    0x30,0x60,0x7E,0x60,0x30,0x60,0x30,0x60,0x30,0xC0,0x31,0x80,0x7F,0x00,0x00,0x00,
    0x00,0x00,0x00,0x00,0x00,0x00,0x00,0x00,0x00,0x00,0x00,0x00,0x00,0x00,0x00,0x00,
    0x00,0x00,0x0E,0x80,0x0F,0x80,0x00,0x00,0x78,0xF0,0x3C,0x60,0x3C,0x40,0x34,0x40,
    0x36,0x40,0x32,0x40,0x33,0x40,0x33,0x40,0x31,0xC0,0x31,0xC0,0x78,0xC0,0x00,0x00,
    0x00,0x00,0x00,0x00,0x00,0x00,0x00,0x00,0x00,0x00,0x00,0x00,0x00,0x00,0x00,0x00,
    0x08,0x00,0x0C,0x00,0x02,0x00,0x00,0x00,0x1F,0x80,0x30,0xC0,0x20,0xC0,0x60,0x60,
    0x60,0x60,0x60,0x60,0x60,0x60,0x60,0x60,0x60,0xC0,0x31,0x80,0x1F,0x00,0x00,0x00,
    0x00,0x00,0x00,0x00,0x00,0x00,0x00,0x00,0x00,0x00,0x00,0x00,0x00,0x00,0x00,0x00,
    0x01,0x00,0x03,0x00,0x06,0x00,0x00,0x00,0x1F,0x80,0x30,0xC0,0x20,0xC0,0x60,0x60,
    0x60,0x60,0x60,0x60,0x60,0x60,0x60,0x60,0x60,0xC0,0x31,0x80,0x1F,0x00,0x00,0x00,
    0x00,0x00,0x00,0x00,0x00,0x00,0x00,0x00,0x00,0x00,0x00,0x00,0x00,0x00,0x00,0x00,
    0x06,0x00,0x0F,0x00,0x09,0x80,0x00,0x00,0x1F,0x80,0x30,0xC0,0x20,0xC0,0x60,0x60,
    0x60,0x60,0x60,0x60,0x60,0x60,0x60,0x60,0x60,0xC0,0x31,0x80,0x1F,0x00,0x00,0x00,
    0x00,0x00,0x00,0x00,0x00,0x00,0x00,0x00,0x00,0x00,0x00,0x00,0x00,0x00,0x00,0x00,
    0x00,0x00,0x0E,0x80,0x0F,0x00,0x00,0x00,0x1F,0x80,0x30,0xC0,0x20,0xC0,0x60,0x60,
    0x60,0x60,0x60,0x60,0x60,0x60,0x60,0x60,0x60,0xC0,0x31,0x80,0x1F,0x00,0x00,0x00,
    0x00,0x00,0x00,0x00,0x00,0x00,0x00,0x00,0x00,0x00,0x00,0x00,0x00,0x00,0x00,0x00,
    0x00,0x00,0x0D,0x80,0x0D,0x80,0x00,0x00,0x1F,0x80,0x30,0xC0,0x20,0xC0,0x60,0x60,
    0x60,0x60,0x60,0x60,0x60,0x60,0x60,0x60,0x60,0xC0,0x31,0x80,0x1F,0x00,0x00,0x00,
    0x00,0x00,0x00,0x00,0x00,0x00,0x00,0x00,0x00,0x00,0x00,0x00,0x00,0x00,0x00,0x00,
    0x00,0x00,0x00,0x00,0x00,0x00,0x00,0x00,0x00,0x00,0x00,0x00,0x00,0x00,0x00,0x00,
    0x32,0x00,0x1C,0x00,0x1C,0x00,0x36,0x00,0x22,0x00,0x00,0x00,0x00,0x00,0x00,0x00,
    0x00,0x00,0x00,0x00,0x00,0x00,0x00,0x00,0x00,0x00,0x00,0x00,0x00,0x00,0x00,0x00,
    0x00,0x00,0x00,0x00,0x00,0x00,0x00,0x00,0x1F,0xE0,0x30,0xC0,0x20,0xC0,0x61,0x60,
    0x63,0x60,0x66,0x60,0x6C,0x60,0x68,0x60,0x70,0xC0,0x31,0x80,0x7F,0x00,0x00,0x00,
    0x00,0x00,0x00,0x00,0x00,0x00,0x00,0x00,0x00,0x00,0x00,0x00,0x00,0x00,0x00,0x00,
    0x00,0x00,0x0E,0x00,0x03,0x00,0x00,0x00,0x78,0xF0,0x30,0x40,0x30,0x40,0x30,0xC0,
    0x30,0xC0,0x30,0xC0,0x30,0xC0,0x31,0xC0,0x31,0x40,0x33,0xC0,0x1E,0xE0,0x00,0x00,
    0x00,0x00,0x00,0x00,0x00,0x00,0x00,0x00,0x00,0x00,0x00,0x00,0x00,0x00,0x00,0x00,
    0x01,0x00,0x03,0x00,0x06,0x00,0x00,0x00,0x78,0xF0,0x30,0x40,0x30,0x40,0x30,0xC0,
    0x30,0xC0,0x30,0xC0,0x30,0xC0,0x31,0xC0,0x31,0x40,0x33,0xC0,0x1E,0xE0,0x00,0x00,
    0x00,0x00,0x00,0x00,0x00,0x00,0x00,0x00,0x00,0x00,0x00,0x00,0x00,0x00,0x00,0x00,
    0x02,0x00,0x07,0x00,0x09,0x80,0x00,0x00,0x78,0xF0,0x30,0x40,0x30,0x40,0x30,0xC0,
    0x30,0xC0,0x30,0xC0,0x30,0xC0,0x31,0xC0,0x31,0x40,0x33,0xC0,0x1E,0xE0,0x00,0x00,
    0x00,0x00,0x00,0x00,0x00,0x00,0x00,0x00,0x00,0x00,0x00,0x00,0x00,0x00,0x00,0x00,
    0x00,0x00,0x0D,0x80,0x0D,0x80,0x00,0x00,0x78,0xF0,0x30,0x40,0x30,0x40,0x30,0xC0,
    0x30,0xC0,0x30,0xC0,0x30,0xC0,0x31,0xC0,0x31,0x40,0x33,0xC0,0x1E,0xE0,0x00,0x00,
    0x00,0x00,0x00,0x00,0x00,0x00,0x00,0x00,0x00,0x00,0x00,0x00,0x00,0x00,0x00,0x00,
    0x00,0x00,0x03,0x00,0x06,0x00,0x00,0x00,0xF9,0xE0,0x30,0xC0,0x30,0x80,0x19,0x00,
    0x1B,0x00,0x0E,0x00,0x0E,0x00,0x04,0x00,0x04,0x00,0x0C,0x00,0x1F,0x00,0x00,0x00,
    0x00,0x00,0x00,0x00,0x00,0x00,0x00,0x00,0x00,0x00,0x00,0x00,0x00,0x00,0x00,0x00,
    0x00,0x00,0x00,0x00,0x00,0x00,0x00,0x00,0x7C,0x00,0x10,0x00,0x3F,0x00,0x33,0x80,
    0x31,0x80,0x31,0x80,0x31,0x80,0x33,0x80,0x3E,0x00,0x30,0x00,0x7C,0x00,0x00,0x00,
    0x00,0x00,0x00,0x00,0x00,0x00,0x00,0x00,0x00,0x00,0x00,0x00,0x00,0x00,0x00,0x00,
    0x00,0x00,0x00,0x00,0x00,0x00,0x1F,0x00,0x31,0x80,0x31,0x80,0x31,0x00,0x22,0x00,
    0x24,0x00,0x26,0x00,0x27,0x00,0x21,0x80,0x60,0xC0,0x6C,0x80,0x6F,0x80,0x60,0x00,
    0xC0,0x00,0xC0,0x00,0x00,0x00,0x00,0x00,0x00,0x00,0x00,0x00,0x00,0x00,0x00,0x00,
    0x00,0x00,0x00,0x00,0x00,0x00,0x18,0x00,0x18,0x00,0x04,0x00,0x00,0x00,0x3F,0x00,
    0x23,0x00,0x63,0x00,0x67,0x00,0x47,0x00,0x47,0x00,0x6F,0x00,0x3B,0x80,0x00,0x00,
    0x00,0x00,0x00,0x00,0x00,0x00,0x00,0x00,0x00,0x00,0x00,0x00,0x00,0x00,0x00,0x00,
    0x00,0x00,0x00,0x00,0x00,0x00,0x06,0x00,0x0C,0x00,0x18,0x00,0x00,0x00,0x3F,0x00,
    0x23,0x00,0x63,0x00,0x67,0x00,0x47,0x00,0x47,0x00,0x6F,0x00,0x3B,0x80,0x00,0x00,
    0x00,0x00,0x00,0x00,0x00,0x00,0x00,0x00,0x00,0x00,0x00,0x00,0x00,0x00,0x00,0x00,
    0x00,0x00,0x00,0x00,0x00,0x00,0x0C,0x00,0x1E,0x00,0x32,0x00,0x00,0x00,0x3F,0x00,
    0x23,0x00,0x63,0x00,0x67,0x00,0x47,0x00,0x47,0x00,0x6F,0x00,0x3B,0x80,0x00,0x00,
    0x00,0x00,0x00,0x00,0x00,0x00,0x00,0x00,0x00,0x00,0x00,0x00,0x00,0x00,0x00,0x00,
    0x00,0x00,0x00,0x00,0x00,0x00,0x00,0x00,0x3E,0x00,0x2E,0x00,0x00,0x00,0x3F,0x00,
    0x23,0x00,0x63,0x00,0x67,0x00,0x47,0x00,0x47,0x00,0x6F,0x00,0x3B,0x80,0x00,0x00,
    0x00,0x00,0x00,0x00,0x00,0x00,0x00,0x00,0x00,0x00,0x00,0x00,0x00,0x00,0x00,0x00,
    0x00,0x00,0x00,0x00,0x00,0x00,0x36,0x00,0x36,0x00,0x00,0x00,0x00,0x00,0x3F,0x00,
    0x23,0x00,0x63,0x00,0x67,0x00,0x47,0x00,0x47,0x00,0x6F,0x00,0x3B,0x80,0x00,0x00,
    0x00,0x00,0x00,0x00,0x00,0x00,0x00,0x00,0x00,0x00,0x00,0x00,0x00,0x00,0x00,0x00,
    0x00,0x00,0x00,0x00,0x00,0x00,0x1C,0x00,0x16,0x00,0x1C,0x00,0x00,0x00,0x3F,0x00,
    0x23,0x00,0x63,0x00,0x67,0x00,0x47,0x00,0x47,0x00,0x6F,0x00,0x3B,0x80,0x00,0x00,
    0x00,0x00,0x00,0x00,0x00,0x00,0x00,0x00,0x00,0x00,0x00,0x00,0x00,0x00,0x00,0x00,
    0x00,0x00,0x00,0x00,0x00,0x00,0x00,0x00,0x00,0x00,0x00,0x00,0x00,0x00,0x3F,0xE0,
    0x23,0x30,0x62,0x30,0x62,0xE0,0x47,0x80,0x46,0x00,0x6F,0x30,0x39,0xE0,0x00,0x00,
    0x00,0x00,0x00,0x00,0x00,0x00,0x00,0x00,0x00,0x00,0x00,0x00,0x00,0x00,0x00,0x00,
    0x00,0x00,0x00,0x1E,0x26,0x66,0x40,0x40,0x40,0x62,0x7C,0x18,0x18,0x0C,0x38,0x00,
    0x00,0x00,0x00,0x00,0x00,0x00,0x00,0x10,0x18,0x0C,0x00,0x3C,0x66,0x66,0x6C,0x70,
    0x60,0x62,0x3C,0x00,0x00,0x00,0x00,0x00,0x00,0x00,0x00,0x00,0x00,0x00,0x00,0x04,
    0x0C,0x10,0x00,0x3C,0x66,0x66,0x6C,0x70,0x60,0x62,0x3C,0x00,0x00,0x00,0x00,0x00,
    0x00,0x00,0x00,0x00,0x00,0x00,0x00,0x18,0x1C,0x22,0x00,0x3C,0x66,0x66,0x6C,0x70,
    0x60,0x62,0x3C,0x00,0x00,0x00,0x00,0x00,0x00,0x00,0x00,0x00,0x00,0x00,0x00,0x36,
    0x36,0x00,0x00,0x3C,0x66,0x66,0x6C,0x70,0x60,0x62,0x3C,0x00,0x00,0x00,0x00,0x00,
    0x00,0x00,0x00,0x00,0x00,0x00,0x00,0xC0,0x60,0x20,0x00,0xE0,0x20,0x20,0x20,0x60,
    0x60,0x60,0x30,0x00,0x00,0x00,0x00,0x00,0x00,0x00,0x00,0x00,0x00,0x00,0x00,0x30,
    0x60,0x40,0x00,0xE0,0x20,0x20,0x20,0x60,0x60,0x60,0x30,0x00,0x00,0x00,0x00,0x00,
    0x00,0x00,0x00,0x00,0x00,0x00,0x00,0x60,0xF0,0x90,0x00,0xE0,0x20,0x20,0x20,0x60,
    0x60,0x60,0x30,0x00,0x00,0x00,0x00,0x00,0x00,0x00,0x00,0x00,0x00,0x00,0x00,0x98,
    0x98,0x00,0x00,0xE0,0x20,0x20,0x20,0x60,0x60,0x60,0x30,0x00,0x00,0x00,0x00,0x00,
    0x00,0x00,0x00,0x00,0x00,0x00,0x00,0x00,0x00,0x00,0x00,0x00,0x00,0x00,0x1B,0x00,
    0x0E,0x00,0x1E,0x00,0x02,0x00,0x3F,0x00,0x67,0x00,0x63,0x00,0x63,0x00,0x43,0x00,
    0x63,0x00,0x66,0x00,0x3C,0x00,0x00,0x00,0x00,0x00,0x00,0x00,0x00,0x00,0x00,0x00,
    0x00,0x00,0x00,0x00,0x00,0x00,0x00,0x00,0x00,0x00,0x00,0x00,0x00,0x00,0x00,0x00,
    0x1C,0x00,0x2E,0x00,0x00,0x00,0xE7,0x00,0x2B,0x00,0x2B,0x00,0x7B,0x00,0x73,0x00,
    0x73,0x00,0x73,0x00,0x63,0x80,0x00,0x00,0x00,0x00,0x00,0x00,0x00,0x00,0x00,0x00,
    0x00,0x00,0x00,0x00,0x00,0x00,0x00,0x00,0x00,0x00,0x00,0x00,0x00,0x00,0x10,0x00,
    0x18,0x00,0x0C,0x00,0x00,0x00,0x3E,0x00,0x63,0x00,0x63,0x00,0x63,0x00,0x43,0x00,
    0x63,0x00,0x66,0x00,0x3C,0x00,0x00,0x00,0x00,0x00,0x00,0x00,0x00,0x00,0x00,0x00,
    0x00,0x00,0x00,0x00,0x00,0x00,0x00,0x00,0x00,0x00,0x00,0x00,0x00,0x00,0x04,0x00,
    0x0C,0x00,0x18,0x00,0x00,0x00,0x3E,0x00,0x63,0x00,0x63,0x00,0x63,0x00,0x43,0x00,
    0x63,0x00,0x66,0x00,0x3C,0x00,0x00,0x00,0x00,0x00,0x00,0x00,0x00,0x00,0x00,0x00,
    0x00,0x00,0x00,0x00,0x00,0x00,0x00,0x00,0x00,0x00,0x00,0x00,0x00,0x00,0x0C,0x00,
    0x1C,0x00,0x22,0x00,0x00,0x00,0x3E,0x00,0x63,0x00,0x63,0x00,0x63,0x00,0x43,0x00,
    0x63,0x00,0x66,0x00,0x3C,0x00,0x00,0x00,0x00,0x00,0x00,0x00,0x00,0x00,0x00,0x00,
    0x00,0x00,0x00,0x00,0x00,0x00,0x00,0x00,0x00,0x00,0x00,0x00,0x00,0x00,0x00,0x00,
    0x3E,0x00,0x2E,0x00,0x00,0x00,0x3E,0x00,0x63,0x00,0x63,0x00,0x63,0x00,0x43,0x00,
    0x63,0x00,0x66,0x00,0x3C,0x00,0x00,0x00,0x00,0x00,0x00,0x00,0x00,0x00,0x00,0x00,
    0x00,0x00,0x00,0x00,0x00,0x00,0x00,0x00,0x00,0x00,0x00,0x00,0x00,0x00,0x36,0x00,
    0x36,0x00,0x00,0x00,0x00,0x00,0x3E,0x00,0x63,0x00,0x63,0x00,0x63,0x00,0x43,0x00,
    0x63,0x00,0x66,0x00,0x3C,0x00,0x00,0x00,0x00,0x00,0x00,0x00,0x00,0x00,0x00,0x00,
    0x00,0x00,0x00,0x00,0x00,0x00,0x00,0x00,0x00,0x00,0x00,0x00,0x00,0x00,0x00,0x00,
    0x00,0x00,0x00,0x00,0x00,0x00,0x0C,0x00,0x0C,0x00,0x00,0x00,0x7F,0x00,0x00,0x00,
    0x0C,0x00,0x0C,0x00,0x00,0x00,0x00,0x00,0x00,0x00,0x00,0x00,0x00,0x00,0x00,0x00,
    0x00,0x00,0x00,0x00,0x00,0x00,0x00,0x00,0x00,0x00,0x00,0x00,0x00,0x00,0x00,0x00,
    0x00,0x00,0x00,0x00,0x00,0x00,0x3F,0x00,0x67,0x00,0x67,0x00,0x6F,0x00,0x5B,0x00,
    0x73,0x00,0x66,0x00,0x7C,0x00,0x00,0x00,0x00,0x00,0x00,0x00,0x00,0x00,0x00,0x00,
    0x00,0x00,0x00,0x00,0x00,0x00,0x00,0x00,0x00,0x00,0x00,0x00,0x00,0x00,0x10,0x00,
    0x18,0x00,0x04,0x00,0x00,0x00,0xE3,0x00,0x23,0x00,0x23,0x00,0x27,0x00,0x67,0x00,
    0x6F,0x00,0x6B,0x00,0x3B,0x80,0x00,0x00,0x00,0x00,0x00,0x00,0x00,0x00,0x00,0x00,
    0x00,0x00,0x00,0x00,0x00,0x00,0x00,0x00,0x00,0x00,0x00,0x00,0x00,0x00,0x06,0x00,
    0x0C,0x00,0x18,0x00,0x00,0x00,0xE3,0x00,0x23,0x00,0x23,0x00,0x27,0x00,0x67,0x00,
    0x6F,0x00,0x6B,0x00,0x3B,0x80,0x00,0x00,0x00,0x00,0x00,0x00,0x00,0x00,0x00,0x00,
    0x00,0x00,0x00,0x00,0x00,0x00,0x00,0x00,0x00,0x00,0x00,0x00,0x00,0x00,0x0C,0x00,
    0x1C,0x00,0x22,0x00,0x00,0x00,0xE3,0x00,0x23,0x00,0x23,0x00,0x27,0x00,0x67,0x00,
    0x6F,0x00,0x6B,0x00,0x3B,0x80,0x00,0x00,0x00,0x00,0x00,0x00,0x00,0x00,0x00,0x00,
    0x00,0x00,0x00,0x00,0x00,0x00,0x00,0x00,0x00,0x00,0x00,0x00,0x00,0x00,0x36,0x00,
    0x36,0x00,0x00,0x00,0x00,0x00,0xE3,0x00,0x23,0x00,0x23,0x00,0x27,0x00,0x67,0x00,
    0x6F,0x00,0x6B,0x00,0x3B,0x80,0x00,0x00,0x00,0x00,0x00,0x00,0x00,0x00,0x00,0x00,
    0x00,0x00,0x00,0x00,0x00,0x00,0x00,0x00,0x00,0x00,0x00,0x00,0x00,0x00,0x04,0x00,
    0x0C,0x00,0x10,0x00,0x00,0x00,0xE3,0x00,0x23,0x00,0x23,0x00,0x22,0x00,0x22,0x00,
    0x34,0x00,0x34,0x00,0x1C,0x00,0x08,0x00,0x50,0x00,0xF0,0x00,0x00,0x00,0x00,0x00,
    0x00,0x00,0x00,0x00,0x00,0x00,0x00,0x00,0x00,0x00,0x00,0x00,0x00,0x00,0xE0,0x00,
    0x20,0x00,0x20,0x00,0x60,0x00,0x6F,0x00,0x6B,0x00,0x71,0x00,0x71,0x80,0x71,0x00,
    0x63,0x00,0x63,0x00,0x7E,0x00,0x60,0x00,0x60,0x00,0x70,0x00,0x00,0x00,0x00,0x00,
    0x00,0x00,0x00,0x00,0x00,0x00,0x00,0x00,0x00,0x00,0x00,0x00,0x00,0x00,0x36,0x00,
    0x36,0x00,0x00,0x00,0x00,0x00,0xE3,0x00,0x23,0x00,0x23,0x00,0x22,0x00,0x22,0x00,
    0x34,0x00,0x34,0x00,0x1C,0x00,0x08,0x00,0x50,0x00,0xF0,0x00,0x00,0x00,0x00,0x00,
    0x00,0x00,0x00,0x00,0x00,0x00,0x00,0x00,0x00,0x00,0x00,0x00,0x00,0x00,0x00,0x00,
    0x1F,0xFE,0x30,0xC2,0x20,0xC2,0x60,0x60,0x60,0x60,0x60,0x7C,0x60,0x60,0x60,0x60,
    0x60,0xC2,0x31,0xC2,0x1F,0xFE,0x00,0x00,0x00,0x00,0x00,0x00,0x00,0x00,0x00,0x00,
    0x00,0x00,0x00,0x00,0x00,0x00,0x00,0x00,0x00,0x00,0x00,0x00,0x00,0x00,0x00,0x00,
    0x00,0x00,0x00,0x00,0x00,0x00,0x3C,0xF0,0x63,0x98,0x63,0x10,0x63,0x70,0x43,0xC0,
    0x63,0x00,0x67,0x90,0x3C,0xF0,0x00,0x00,0x00,0x00,0x00,0x00,0x00,0x00,0x00,0x00,
    0x00,0x00,0x00,0x00,0x22,0x1E,0x0C,0x00,0x3E,0x63,0x63,0x60,0x38,0x1C,0x06,0x03,
    0x63,0x66,0x7C,0x00,0x00,0x00,0x00,0x00,0x00,0x00,0x00,0x00,0x00,0x00,0x00,0x24,
    0x3C,0x18,0x00,0x3C,0x66,0x60,0x38,0x1C,0x04,0xC4,0x78,0x00,0x00,0x00,0x00,0x00,
    0x00,0x00,0x00,0x00,0x00,0x00,0x00,0x00,0x00,0x00,0x19,0x00,0x1B,0x00,0x00,0x00,
    0xF9,0xE0,0x30,0xC0,0x30,0x80,0x19,0x00,0x1B,0x00,0x0E,0x00,0x0E,0x00,0x04,0x00,
    0x04,0x00,0x0C,0x00,0x1F,0x00,0x00,0x00,0x00,0x00,0x00,0x00,0x00,0x00,0x00,0x00,
    0x00,0x00,0x00,0x00,0x00,0x00,0x00,0x00,0x11,0x00,0x0E,0x00,0x0C,0x00,0x00,0x00,
    0x3F,0x80,0x61,0x80,0x63,0x00,0x03,0x00,0x06,0x00,0x0C,0x00,0x18,0x00,0x18,0x00,
    0x30,0x80,0x60,0x80,0x7F,0x80,0x00,0x00,0x00,0x00,0x00,0x00,0x00,0x00,0x00,0x00,
    0x00,0x00,0x00,0x00,0x00,0x00,0x00,0x26,0x3C,0x18,0x00,0x7E,0x46,0x4C,0x18,0x10,
    0x32,0x62,0x7E,0x00,0x00,0x00,0x00,0x00,0x00,0x00,0x00,0x00,0x00,0x00,0x00,0x00,
    0x00,0x00,0x00,0x00,0x00,0x00,0xFF,0x00,0x00,0x00,0x00,0x00,0x00,0x00,0x00,0x00,
    0x00,0x00,0x00,0x00,0x00,0x00,0x00,0x00,0x00,0x00,0x00,0x00,0x00,0x00,0x00,0x00,
    0x00,0x00,0x00,0x00,0x00,0x00,0x00,0x00,0x00,0x00,0x00,0x00,0xFF,0xFF,0x00,0x00,
    0x00,0x00,0x00,0x00,0x00,0x00,0x00,0x00,0x00,0x00,0x00,0x00,0x00,0x00,0x00,0x00,
    0x00,0x00,0x00,0x00,0x00,0x00,0x00,0x30,0x20,0x70,0x70,0x00,0x00,0x00,0x00,0x00,
    0x00,0x00,0x00,0x00,0x00,0x00,0x00,0x00,0x00,0x00,0x00,0x00,0x00,0x00,0x00,0x70,
    0x70,0x20,0x60,0x00,0x00,0x00,0x00,0x00,0x00,0x00,0x00,0x00,0x00,0x00,0x00,0x00,
    0x00,0x00,0x00,0x00,0x00,0x00,0x00,0x32,0x24,0x7E,0x76,0x00,0x00,0x00,0x00,0x00,
    0x00,0x00,0x00,0x00,0x00,0x00,0x00,0x00,0x00,0x00,0x00,0x00,0x00,0x00,0x00,0x7E,
    0x7E,0x24,0x6C,0x00,0x00,0x00,0x00,0x00,0x00,0x00,0x00,0x00,0x00,0x00,0x00,0x00,
    0x00,0x00,0x00,0x00,0x00,0x00,0x00,0x00,0x00,0x00,0x00,0x00,0x00,0x30,0x78,0x30,
    0x00,0x00,0x00,0x00,0x00,0x00,0x00,0x00,0x00,0x00,0x00,0x00,0x00,0x00,0x00,0x00,
    0x00,0x00,0x00,0x00,0x00,0x00,0x00,0x00,0x00,0x00,0x00,0x00,0x00,0x00,0x00,0x00,
    0x00,0x00,0x00,0x00,0x00,0x00,0x00,0x00,0x00,0x00,0x73,0x8C,0x71,0x8C,0x00,0x00,
    0x00,0x00,0x00,0x00,0x00,0x00,0x00,0x00,0x00,0x00,0x00,0x00,0x00,0x00,0x00,0x00,
    0x00,0x00,0x00,0x00,0x00,0x00,0x00,0x00,0x70,0x20,0x30,0x40,0x30,0xC0,0x30,0x80,
    0x21,0xBC,0x21,0x64,0x72,0x0C,0x06,0x1C,0x04,0x06,0x0C,0x6C,0x08,0x78,0x00,0x00,
    0x00,0x00,0x00,0x00,0x00,0x00,0x00,0x00,0x00,0x00,0x00,0x00,0x00,0x00,0x00,0x00,
    0x00,0x00,0x00,0x00,0x00,0x00,0x00,0x00,0x78,0x10,0x4C,0x20,0x4C,0x60,0x08,0x40,
    0x10,0xDC,0x24,0xB6,0x7D,0x04,0x03,0x0E,0x02,0x02,0x06,0x26,0x04,0x3C,0x00,0x00,
    0x00,0x00,0x00,0x00,0x00,0x00,0x00,0x00,0x00,0x00,0x00,0x00,0x00,0x00,0x00,0x00,
    0x00,0x00,0x00,0x00,0x00,0x00,0x00,0x00,0x70,0x60,0x30,0x40,0x30,0xC0,0x30,0x80,
    0x31,0x3C,0x23,0x64,0x72,0x64,0x06,0x3C,0x04,0x44,0x08,0x44,0x18,0x7C,0x00,0x00,
    0x00,0x00,0x00,0x00,0x00,0x00,0x00,0x00,0x00,0x00,0x00,0x00,0x00,0x00,0x00,0x00,
    0x00,0x00,0x00,0x00,0x00,0x00,0x00,0x00,0x38,0x30,0x6C,0x20,0x4C,0x40,0x18,0xC0,
    0x0C,0xBC,0x4D,0xA6,0x79,0x34,0x02,0x3E,0x06,0x66,0x04,0x66,0x0C,0x3C,0x00,0x00,
    0x00,0x00,0x00,0x00,0x00,0x00,0x00,0x00,0x00,0x00,0x00,0x00,0x00,0x00,0x00,0x00,
    0x00,0x00,0x00,0x00,0x00,0x00,0x00,0x00,0x7C,0x20,0x40,0x60,0x40,0x40,0x7C,0xC0,
    0x0C,0xBC,0x4D,0x64,0x7B,0x24,0x02,0x7C,0x06,0x46,0x0C,0x46,0x08,0x7C,0x00,0x00,
    0x00,0x00,0x00,0x00,0x00,0x00,0x00,0x00,0x00,0x00,0x00,0x00,0x00,0x00,0x00,0x00,
    0x00,0x00,0x00,0x00,0x00,0x00,0x00,0x00,0x7C,0x60,0x4C,0x40,0x08,0x80,0x19,0x80,
    0x11,0x7C,0x33,0x4C,0x36,0x6C,0x04,0x78,0x0C,0xCC,0x08,0xCC,0x18,0x78,0x00,0x00,
    0x00,0x00,0x00,0x00,0x00,0x00,0x00,0x00,
};
const FontGlyph FONT_LIT_24_ITAL_GLYPHS[187] PROGMEM = {
    {3, 0},
    {5, 24},
    {6, 48},
    {11, 72},
    {8, 120},
    {13, 144},
    {12, 192},
    {4, 240},
    {5, 264},
    {5, 288},
    {8, 312},
    {9, 336},
    {5, 384},
    {6, 408},
    {5, 432},
    {7, 456},
    {9, 480},
    {6, 528},
    {8, 552},
    {8, 576},
    {9, 600},
    {8, 648},
    {9, 672},
    {8, 720},
    {9, 744},
    {8, 792},
    {5, 816},
    {5, 840},
    {9, 864},
    {9, 912},
    {9, 960},
    {8, 1008},
    {14, 1032},
    {11, 1080},
    {10, 1128},
    {10, 1176},
    {12, 1224},
    {9, 1272},
    {9, 1320},
    {10, 1368},
    {12, 1416},
    {6, 1464},
    {6, 1488},
    {11, 1512},
    {9, 1560},
    {15, 1608},
    {12, 1656},
    {11, 1704},
    {9, 1752},
    {11, 1800},
    {11, 1848},
    {8, 1896},
    {10, 1920},
    {12, 1968},
    {11, 2016},
    {16, 2064},
    {11, 2112},
    {11, 2160},
    {10, 2208},
    {5, 2256},
    {7, 2280},
    {5, 2304},
    {9, 2328},
    {8, 2376},
    {8, 2400},
    {9, 2424},
    {9, 2472},
    {8, 2520},
    {9, 2544},
    {8, 2592},
    {6, 2616},
    {9, 2640},
    {9, 2688},
    {5, 2736},
    {5, 2760},
    {9, 2784},
    {5, 2832},
    {14, 2856},
    {10, 2904},
    {9, 2952},
    {9, 3000},
    {9, 3048},
    {7, 3096},
    {7, 3120},
    {6, 3144},
    {9, 3168},
    {9, 3216},
    {13, 3264},
    {8, 3312},
    {9, 3336},
    {8, 3384},
    {6, 3408},
    {6, 3432},
    {6, 3456},
    {9, 3480},
    {5, 3528},
    {6, 3552},
    {6, 3576},
    {5, 3600},
    {15, 3624},
    {15, 3672},
    {15, 3720},
    {11, 3768},
    {11, 3816},
    {11, 3864},
    {11, 3912},
    {11, 3960},
    {11, 4008},
    {15, 4056},
    {10, 4104},
    {9, 4152},
    {9, 4200},
    {9, 4248},
    {9, 4296},
    {6, 4344},
    {6, 4368},
    {6, 4392},
    {6, 4416},
    {12, 4440},
    {12, 4488},
    {11, 4536},
    {11, 4584},
    {11, 4632},
    {11, 4680},
    {11, 4728},
    {9, 4776},
    {11, 4824},
    {12, 4872},
    {12, 4920},
    {12, 4968},
    {12, 5016},
    {11, 5064},
    {10, 5112},
    {10, 5160},
    {9, 5208},
    {9, 5256},
    {9, 5304},
    {9, 5352},
    {9, 5400},
    {9, 5448},
    {12, 5496},
    {8, 5544},
    {8, 5568},
    {8, 5592},
    {8, 5616},
    {8, 5640},
    {5, 5664},
    {5, 5688},
    {5, 5712},
    {5, 5736},
    {9, 5760},
    {10, 5808},
    {9, 5856},
    {9, 5904},
    {9, 5952},
    {9, 6000},
    {9, 6048},
    {9, 6096},
    {9, 6144},
    {9, 6192},
    {9, 6240},
    {9, 6288},
    {9, 6336},
    {9, 6384},
    {9, 6432},
    {9, 6480},
    {16, 6528},
    {13, 6576},
    {8, 6624},
    {7, 6648},
    {11, 6672},
    {10, 6720},
    {8, 6768},
    {8, 6792},
    {16, 6816},
    {4, 6864},
    {4, 6888},
    {7, 6912},
    {7, 6936},
    {6, 6960},
    {15, 6984},
    {15, 7032},
    {16, 7080},
    {15, 7128},
    {16, 7176},
    {15, 7224},
    {14, 7272},
};
const UiFont FONT_LIT_24_ITAL = {24, FONT_LIT_24_ITAL_GLYPHS, FONT_LIT_24_ITAL_BITS};

const uint8_t FONT_LIT_32_REG_BITS[] PROGMEM = {
    0x00,0x00,0x00,0x00,0x00,0x00,0x00,0x00,0x00,0x00,0x00,0x00,0x00,0x00,0x00,0x00,
    0x00,0x00,0x00,0x00,0x00,0x00,0x00,0x00,0x00,0x00,0x00,0x00,0x00,0x00,0x00,0x00,
    0x00,0x00,0x00,0x00,0x00,0x00,0x00,0x00,0x00,0x00,0x38,0x38,0x38,0x38,0x38,0x30,
    0x30,0x10,0x10,0x10,0x10,0x00,0x38,0x38,0x38,0x00,0x00,0x00,0x00,0x00,0x00,0x00,
    0x00,0x00,0x00,0x00,0x00,0x00,0x00,0x00,0x00,0x6C,0x6C,0x6C,0x6C,0x6C,0x00,0x00,
    0x00,0x00,0x00,0x00,0x00,0x00,0x00,0x00,0x00,0x00,0x00,0x00,0x00,0x00,0x00,0x00,
    0x00,0x00,0x00,0x00,0x00,0x00,0x00,0x00,0x00,0x00,0x00,0x00,0x00,0x00,0x00,0x00,
    0x00,0x00,0x00,0x00,0x00,0x00,0x00,0x00,0x00,0x00,0x04,0x20,0x04,0x60,0x0C,0x60,
    0x3F,0xF8,0x0C,0x60,0x08,0x40,0x08,0x40,0x08,0x40,0x7F,0xF8,0x18,0xC0,0x18,0xC0,
    0x10,0x80,0x00,0x00,0x00,0x00,0x00,0x00,0x00,0x00,0x00,0x00,0x00,0x00,0x00,0x00,
    0x00,0x00,0x00,0x00,0x00,0x00,0x00,0x00,0x00,0x00,0x00,0x00,0x00,0x00,0x00,0x00,
    0x02,0x00,0x02,0x00,0x0F,0xA0,0x1E,0xF0,0x32,0x70,0x32,0x30,0x3A,0x00,0x3E,0x00,
    0x1F,0x00,0x0F,0xC0,0x03,0xE0,0x02,0x70,0x22,0x70,0x62,0x30,0x72,0x70,0x3E,0xE0,
    0x2F,0xC0,0x02,0x00,0x02,0x00,0x00,0x00,0x00,0x00,0x00,0x00,0x00,0x00,0x00,0x00,
    0x00,0x00,0x00,0x00,0x00,0x00,0x00,0x00,0x00,0x00,0x00,0x00,0x00,0x00,0x00,0x00,
    0x00,0x00,0x00,0x00,0x00,0x00,0x00,0x00,0x00,0x00,0x00,0x00,0x00,0x00,0x00,0x00,
    0x00,0x00,0x00,0x00,0x3E,0x08,0x00,0x77,0x18,0x00,0x63,0x30,0x00,0x63,0x30,0x00,
    0x63,0x60,0x00,0x77,0x40,0x00,0x3E,0xDF,0x00,0x00,0xBB,0x80,0x01,0xB1,0x80,0x03,
    0x31,0x80,0x02,0x31,0x80,0x06,0x3B,0x80,0x04,0x1F,0x00,0x00,0x00,0x00,0x00,0x00,
    0x00,0x00,0x00,0x00,0x00,0x00,0x00,0x00,0x00,0x00,0x00,0x00,0x00,0x00,0x00,0x00,
    0x00,0x00,0x00,0x00,0x00,0x00,0x00,0x00,0x00,0x00,0x00,0x00,0x00,0x00,0x00,0x00,
    0x00,0x00,0x00,0x00,0x00,0x00,0x00,0x00,0x00,0x00,0x00,0x00,0x00,0x00,0x1F,0x80,
    0x00,0x3D,0xC0,0x00,0x30,0x40,0x00,0x30,0x40,0x00,0x38,0xC7,0x00,0x1D,0x0F,0x00,
    0x1F,0x1B,0x00,0x37,0x90,0x00,0x73,0x90,0x00,0x61,0xF0,0x00,0x60,0xF0,0x00,0x60,
    0x70,0x00,0x70,0x78,0x00,0x3C,0xFF,0x00,0x1F,0xCF,0x00,0x00,0x00,0x00,0x00,0x00,
    0x00,0x00,0x00,0x00,0x00,0x00,0x00,0x00,0x00,0x00,0x00,0x00,0x00,0x00,0x00,0x00,
    0x00,0x00,0x00,0x00,0x00,0x00,0x00,0x00,0x00,0x60,0x60,0x60,0x60,0x60,0x00,0x00,
    0x00,0x00,0x00,0x00,0x00,0x00,0x00,0x00,0x00,0x00,0x00,0x00,0x00,0x00,0x00,0x00,
    0x00,0x00,0x00,0x00,0x00,0x00,0x00,0x00,0x06,0x04,0x0C,0x0C,0x18,0x18,0x38,0x38,
    0x30,0x30,0x30,0x30,0x30,0x38,0x38,0x18,0x18,0x1C,0x0C,0x04,0x06,0x00,0x00,0x00,
    0x00,0x00,0x00,0x00,0x00,0x00,0x00,0x00,0xC0,0x60,0x60,0x70,0x30,0x30,0x38,0x18,
    0x18,0x18,0x18,0x18,0x18,0x18,0x38,0x30,0x30,0x30,0x60,0x60,0xC0,0x00,0x00,0x00,
    0x00,0x00,0x00,0x00,0x00,0x00,0x00,0x00,0x00,0x00,0x00,0x00,0x00,0x00,0x00,0x00,
    0x00,0x00,0x0C,0x00,0x0C,0x00,0x7B,0x00,0x3E,0x00,0x3E,0x00,0x7B,0x00,0x0D,0x00,
    0x08,0x00,0x00,0x00,0x00,0x00,0x00,0x00,0x00,0x00,0x00,0x00,0x00,0x00,0x00,0x00,
    0x00,0x00,0x00,0x00,0x00,0x00,0x00,0x00,0x00,0x00,0x00,0x00,0x00,0x00,0x00,0x00,
    0x00,0x00,0x00,0x00,0x00,0x00,0x00,0x00,0x00,0x00,0x00,0x00,0x00,0x00,0x00,0x00,
    0x00,0x00,0x00,0x00,0x00,0x00,0x00,0x00,0x00,0x00,0x00,0x00,0x02,0x00,0x02,0x00,
    0x02,0x00,0x02,0x00,0x3F,0xE0,0x06,0x00,0x02,0x00,0x02,0x00,0x02,0x00,0x00,0x00,
    0x00,0x00,0x00,0x00,0x00,0x00,0x00,0x00,0x00,0x00,0x00,0x00,0x00,0x00,0x00,0x00,
    0x00,0x00,0x00,0x00,0x00,0x00,0x00,0x00,0x00,0x00,0x00,0x00,0x00,0x00,0x00,0x00,
    0x00,0x00,0x00,0x00,0x00,0x00,0x38,0x38,0x38,0x18,0x18,0x30,0x00,0x00,0x00,0x00,
    0x00,0x00,0x00,0x00,0x00,0x00,0x00,0x00,0x00,0x00,0x00,0x00,0x00,0x00,0x00,0x00,
    0x00,0x00,0x7E,0x00,0x00,0x00,0x00,0x00,0x00,0x00,0x00,0x00,0x00,0x00,0x00,0x00,
    0x00,0x00,0x00,0x00,0x00,0x00,0x00,0x00,0x00,0x00,0x00,0x00,0x00,0x00,0x00,0x00,
    0x00,0x00,0x00,0x00,0x00,0x00,0x38,0x38,0x38,0x00,0x00,0x00,0x00,0x00,0x00,0x00,
    0x00,0x00,0x00,0x00,0x00,0x00,0x00,0x00,0x00,0x00,0x00,0x00,0x00,0x00,0x01,0x00,
    0x01,0x00,0x03,0x00,0x03,0x00,0x02,0x00,0x06,0x00,0x06,0x00,0x04,0x00,0x0C,0x00,
    0x0C,0x00,0x08,0x00,0x18,0x00,0x18,0x00,0x10,0x00,0x30,0x00,0x30,0x00,0x60,0x00,
    0x60,0x00,0x40,0x00,0xC0,0x00,0x00,0x00,0x00,0x00,0x00,0x00,0x00,0x00,0x00,0x00,
    0x00,0x00,0x00,0x00,0x00,0x00,0x00,0x00,0x00,0x00,0x00,0x00,0x00,0x00,0x00,0x00,
    0x00,0x00,0x00,0x00,0x0F,0x80,0x1D,0xC0,0x30,0x60,0x30,0x70,0x70,0x70,0x60,0x30,
    0x60,0x30,0x60,0x30,0x60,0x30,0x60,0x30,0x70,0x70,0x70,0x60,0x38,0x60,0x1D,0xC0,
    0x0F,0x80,0x00,0x00,0x00,0x00,0x00,0x00,0x00,0x00,0x00,0x00,0x00,0x00,0x00,0x00,
    0x00,0x00,0x00,0x00,0x00,0x00,0x00,0x00,0x00,0x00,0x00,0x00,0x00,0x00,0x00,0x00,
    0x00,0x00,0x00,0x00,0x7C,0x00,0x7C,0x00,0x0C,0x00,0x0C,0x00,0x0C,0x00,0x0C,0x00,
    0x0C,0x00,0x0C,0x00,0x0C,0x00,0x0C,0x00,0x0C,0x00,0x0C,0x00,0x0C,0x00,0x1E,0x00,
    0x7F,0x00,0x00,0x00,0x00,0x00,0x00,0x00,0x00,0x00,0x00,0x00,0x00,0x00,0x00,0x00,
    0x00,0x00,0x00,0x00,0x00,0x00,0x00,0x00,0x00,0x00,0x00,0x00,0x00,0x00,0x00,0x00,
    0x00,0x00,0x00,0x00,0x1F,0x00,0x73,0x80,0x61,0xC0,0x60,0xC0,0x20,0xC0,0x01,0xC0,
    0x01,0x80,0x03,0x80,0x03,0x00,0x06,0x00,0x0C,0x00,0x18,0x40,0x30,0xC0,0x7F,0xC0,
    0x7F,0xC0,0x00,0x00,0x00,0x00,0x00,0x00,0x00,0x00,0x00,0x00,0x00,0x00,0x00,0x00,
    0x00,0x00,0x00,0x00,0x00,0x00,0x00,0x00,0x00,0x00,0x00,0x00,0x00,0x00,0x00,0x00,
    0x00,0x00,0x00,0x00,0x1F,0x80,0x3B,0xC0,0x70,0xC0,0x70,0xC0,0x20,0xC0,0x01,0xC0,
    0x03,0x80,0x07,0x00,0x03,0xC0,0x00,0xC0,0x00,0xC0,0x00,0xC0,0x61,0xC0,0x7B,0x80,
    0x1F,0x00,0x00,0x00,0x00,0x00,0x00,0x00,0x00,0x00,0x00,0x00,0x00,0x00,0x00,0x00,
    0x00,0x00,0x00,0x00,0x00,0x00,0x00,0x00,0x00,0x00,0x00,0x00,0x00,0x00,0x00,0x00,
    0x00,0x00,0x00,0x00,0x01,0x80,0x03,0x80,0x07,0x80,0x0F,0x80,0x0D,0x80,0x19,0x80,
    0x31,0x80,0x31,0x80,0x61,0x80,0xC1,0x80,0xFF,0xE0,0x03,0x80,0x01,0x80,0x03,0xC0,
    0x0F,0xE0,0x00,0x00,0x00,0x00,0x00,0x00,0x00,0x00,0x00,0x00,0x00,0x00,0x00,0x00,
    0x00,0x00,0x00,0x00,0x00,0x00,0x00,0x00,0x00,0x00,0x00,0x00,0x00,0x00,0x00,0x00,
    0x00,0x00,0x00,0x00,0x3F,0xC0,0x3F,0xC0,0x30,0x00,0x30,0x00,0x20,0x00,0x3F,0x00,
    0x33,0x80,0x01,0xC0,0x00,0xC0,0x00,0xC0,0x00,0xC0,0x00,0xC0,0x41,0xC0,0x7B,0x80,
    0x3F,0x00,0x00,0x00,0x00,0x00,0x00,0x00,0x00,0x00,0x00,0x00,0x00,0x00,0x00,0x00,
    0x00,0x00,0x00,0x00,0x00,0x00,0x00,0x00,0x00,0x00,0x00,0x00,0x00,0x00,0x00,0x00,
    0x00,0x00,0x00,0x00,0x07,0xC0,0x1E,0xE0,0x38,0xE0,0x30,0x40,0x70,0x00,0x6F,0x80,
    0x79,0xC0,0x70,0xE0,0x60,0x60,0x60,0x60,0x60,0x60,0x70,0x60,0x30,0xE0,0x3D,0xC0,
    0x1F,0x80,0x00,0x00,0x00,0x00,0x00,0x00,0x00,0x00,0x00,0x00,0x00,0x00,0x00,0x00,
    0x00,0x00,0x00,0x00,0x00,0x00,0x00,0x00,0x00,0x00,0x00,0x00,0x00,0x00,0x00,0x00,
    0x00,0x00,0x00,0x00,0xFF,0xC0,0xFF,0xC0,0xC1,0x80,0x83,0x00,0x03,0x00,0x06,0x00,
    0x06,0x00,0x0C,0x00,0x0C,0x00,0x0C,0x00,0x1C,0x00,0x1C,0x00,0x18,0x00,0x18,0x00,
    0x18,0x00,0x00,0x00,0x00,0x00,0x00,0x00,0x00,0x00,0x00,0x00,0x00,0x00,0x00,0x00,
    0x00,0x00,0x00,0x00,0x00,0x00,0x00,0x00,0x00,0x00,0x00,0x00,0x00,0x00,0x00,0x00,
    0x00,0x00,0x00,0x00,0x0F,0x80,0x1D,0xE0,0x30,0xE0,0x30,0x60,0x38,0x60,0x3C,0xC0,
    0x1F,0x80,0x0F,0xC0,0x39,0xE0,0x70,0xE0,0x60,0x60,0x60,0x60,0x70,0xE0,0x3D,0xC0,
    0x1F,0x80,0x00,0x00,0x00,0x00,0x00,0x00,0x00,0x00,0x00,0x00,0x00,0x00,0x00,0x00,
    0x00,0x00,0x00,0x00,0x00,0x00,0x00,0x00,0x00,0x00,0x00,0x00,0x00,0x00,0x00,0x00,
    0x00,0x00,0x00,0x00,0x1F,0x80,0x39,0xC0,0x70,0xC0,0x60,0x60,0x60,0x60,0x60,0x60,
    0x70,0xE0,0x39,0xE0,0x3F,0xE0,0x00,0x60,0x00,0xE0,0x00,0xC0,0x01,0xC0,0x7B,0x80,
    0x3F,0x00,0x00,0x00,0x00,0x00,0x00,0x00,0x00,0x00,0x00,0x00,0x00,0x00,0x00,0x00,
    0x00,0x00,0x00,0x00,0x00,0x00,0x00,0x00,0x00,0x00,0x00,0x00,0x00,0x00,0x38,0x38,
    0x38,0x00,0x00,0x00,0x00,0x00,0x38,0x38,0x38,0x00,0x00,0x00,0x00,0x00,0x00,0x00,
    0x00,0x00,0x00,0x00,0x00,0x00,0x00,0x00,0x00,0x00,0x00,0x00,0x00,0x00,0x38,0x38,
    0x38,0x00,0x00,0x00,0x00,0x00,0x38,0x38,0x38,0x18,0x18,0x30,0x00,0x00,0x00,0x00,
    0x00,0x00,0x00,0x00,0x00,0x00,0x00,0x00,0x00,0x00,0x00,0x00,0x00,0x00,0x00,0x00,
    0x00,0x00,0x00,0x00,0x00,0x00,0x00,0x00,0x00,0x00,0x00,0x00,0x01,0xC0,0x03,0x80,
    0x0E,0x00,0x38,0x00,0x70,0x00,0x70,0x00,0x3C,0x00,0x0E,0x00,0x03,0x80,0x01,0xC0,
    0x00,0x00,0x00,0x00,0x00,0x00,0x00,0x00,0x00,0x00,0x00,0x00,0x00,0x00,0x00,0x00,
    0x00,0x00,0x00,0x00,0x00,0x00,0x00,0x00,0x00,0x00,0x00,0x00,0x00,0x00,0x00,0x00,
    0x00,0x00,0x00,0x00,0x00,0x00,0x00,0x00,0x00,0x00,0x00,0x00,0x00,0x00,0x00,0x00,
    0x3F,0xE0,0x00,0x00,0x00,0x00,0x00,0x00,0x3F,0xE0,0x00,0x00,0x00,0x00,0x00,0x00,
    0x00,0x00,0x00,0x00,0x00,0x00,0x00,0x00,0x00,0x00,0x00,0x00,0x00,0x00,0x00,0x00,
    0x00,0x00,0x00,0x00,0x00,0x00,0x00,0x00,0x00,0x00,0x00,0x00,0x00,0x00,0x00,0x00,
    0x00,0x00,0x00,0x00,0x00,0x00,0x00,0x00,0x00,0x00,0x00,0x00,0x38,0x00,0x1C,0x00,
    0x07,0x00,0x01,0xC0,0x00,0xE0,0x00,0xE0,0x01,0xC0,0x07,0x00,0x1C,0x00,0x38,0x00,
    0x00,0x00,0x00,0x00,0x00,0x00,0x00,0x00,0x00,0x00,0x00,0x00,0x00,0x00,0x00,0x00,
    0x00,0x00,0x00,0x00,0x00,0x00,0x00,0x00,0x00,0x00,0x00,0x00,0x00,0x00,0x00,0x00,
    0x00,0x00,0x00,0x00,0x1F,0x00,0x77,0x80,0x61,0x80,0x61,0x80,0x03,0x80,0x07,0x00,
    0x0F,0x00,0x0E,0x00,0x0C,0x00,0x08,0x00,0x08,0x00,0x00,0x00,0x1C,0x00,0x1C,0x00,
    0x1C,0x00,0x00,0x00,0x00,0x00,0x00,0x00,0x00,0x00,0x00,0x00,0x00,0x00,0x00,0x00,
    0x00,0x00,0x00,0x00,0x00,0x00,0x00,0x00,0x00,0x00,0x00,0x00,0x00,0x00,0x00,0x00,
    0x00,0x00,0x00,0x00,0x00,0x00,0x00,0x00,0x00,0x00,0x00,0x00,0x00,0x00,0x00,0x00,
    0x00,0x00,0x00,0x00,0x00,0x00,0x00,0x07,0xF0,0x00,0x1F,0x3C,0x00,0x38,0x06,0x00,
    0x33,0xF3,0x00,0x67,0x33,0x00,0x4E,0x31,0x00,0x4C,0x31,0x00,0x4C,0x31,0x00,0x4C,
    0x73,0x00,0x4C,0x53,0x00,0x6E,0xDE,0x00,0x67,0x9C,0x00,0x30,0x00,0x00,0x1C,0x18,
    0x00,0x0F,0xF0,0x00,0x00,0x00,0x00,0x00,0x00,0x00,0x00,0x00,0x00,0x00,0x00,0x00,
    0x00,0x00,0x00,0x00,0x00,0x00,0x00,0x00,0x00,0x00,0x00,0x00,0x00,0x00,0x00,0x00,
    0x00,0x00,0x00,0x00,0x01,0xC0,0x01,0xC0,0x03,0xE0,0x03,0xE0,0x02,0x60,0x06,0x70,
    0x06,0x70,0x04,0x30,0x0C,0x38,0x0F,0xF8,0x18,0x18,0x18,0x1C,0x18,0x1C,0x38,0x1E,
    0x7C,0x3E,0x00,0x00,0x00,0x00,0x00,0x00,0x00,0x00,0x00,0x00,0x00,0x00,0x00,0x00,
    0x00,0x00,0x00,0x00,0x00,0x00,0x00,0x00,0x00,0x00,0x00,0x00,0x00,0x00,0x00,0x00,
    0x00,0x00,0x00,0x00,0x7F,0xC0,0x3D,0xE0,0x18,0x70,0x18,0x30,0x18,0x30,0x18,0x70,
    0x18,0xE0,0x1F,0xC0,0x1C,0xF0,0x18,0x38,0x18,0x18,0x18,0x18,0x18,0x38,0x3C,0xF0,
    0x7F,0xE0,0x00,0x00,0x00,0x00,0x00,0x00,0x00,0x00,0x00,0x00,0x00,0x00,0x00,0x00,
    0x00,0x00,0x00,0x00,0x00,0x00,0x00,0x00,0x00,0x00,0x00,0x00,0x00,0x00,0x00,0x00,
    0x00,0x00,0x00,0x00,0x07,0xD8,0x1E,0xF8,0x38,0x38,0x30,0x18,0x70,0x08,0x60,0x00,
    0x60,0x00,0x60,0x00,0x60,0x00,0x70,0x00,0x70,0x00,0x30,0x08,0x38,0x18,0x1E,0x70,
    0x07,0xE0,0x00,0x00,0x00,0x00,0x00,0x00,0x00,0x00,0x00,0x00,0x00,0x00,0x00,0x00,
    0x00,0x00,0x00,0x00,0x00,0x00,0x00,0x00,0x00,0x00,0x00,0x00,0x00,0x00,0x00,0x00,
    0x00,0x00,0x00,0x00,0x7F,0xE0,0x3C,0xF8,0x18,0x1C,0x18,0x0C,0x18,0x0E,0x18,0x06,
    0x18,0x06,0x18,0x06,0x18,0x06,0x18,0x0E,0x18,0x0E,0x18,0x0C,0x18,0x18,0x3C,0xF0,
    0x7F,0xC0,0x00,0x00,0x00,0x00,0x00,0x00,0x00,0x00,0x00,0x00,0x00,0x00,0x00,0x00,
    0x00,0x00,0x00,0x00,0x00,0x00,0x00,0x00,0x00,0x00,0x00,0x00,0x00,0x00,0x00,0x00,
    0x00,0x00,0x00,0x00,0x7F,0xE0,0x3C,0xF0,0x18,0x30,0x18,0x30,0x18,0x00,0x18,0x40,
    0x18,0xC0,0x1F,0xC0,0x1C,0xC0,0x18,0x40,0x18,0x00,0x18,0x10,0x18,0x10,0x18,0x70,
    0x7F,0xF0,0x00,0x00,0x00,0x00,0x00,0x00,0x00,0x00,0x00,0x00,0x00,0x00,0x00,0x00,
    0x00,0x00,0x00,0x00,0x00,0x00,0x00,0x00,0x00,0x00,0x00,0x00,0x00,0x00,0x00,0x00,
    0x00,0x00,0x00,0x00,0x7F,0xE0,0x38,0xE0,0x18,0x20,0x18,0x30,0x18,0x00,0x18,0xC0,
    0x18,0xC0,0x1F,0xC0,0x19,0xC0,0x18,0xC0,0x18,0x00,0x18,0x00,0x18,0x00,0x3C,0x00,
    0x7E,0x00,0x00,0x00,0x00,0x00,0x00,0x00,0x00,0x00,0x00,0x00,0x00,0x00,0x00,0x00,
    0x00,0x00,0x00,0x00,0x00,0x00,0x00,0x00,0x00,0x00,0x00,0x00,0x00,0x00,0x00,0x00,
    0x00,0x00,0x00,0x00,0x07,0xD8,0x1E,0xF8,0x38,0x38,0x30,0x18,0x70,0x08,0x60,0x00,
    0x60,0x00,0x60,0x00,0x60,0x7E,0x60,0x1C,0x70,0x18,0x30,0x18,0x38,0x18,0x1E,0xF8,
    0x07,0xE8,0x00,0x00,0x00,0x00,0x00,0x00,0x00,0x00,0x00,0x00,0x00,0x00,0x00,0x00,
    0x00,0x00,0x00,0x00,0x00,0x00,0x00,0x00,0x00,0x00,0x00,0x00,0x00,0x00,0x00,0x00,
    0x00,0x00,0x00,0x00,0x00,0x00,0x00,0x00,0x00,0x00,0x00,0x00,0x00,0x00,0x7E,0x3F,
    0x00,0x3C,0x1E,0x00,0x18,0x0C,0x00,0x18,0x0C,0x00,0x18,0x0C,0x00,0x18,0x0C,0x00,
    0x18,0x0C,0x00,0x1F,0xFC,0x00,0x18,0x0C,0x00,0x18,0x0C,0x00,0x18,0x0C,0x00,0x18,
    0x0C,0x00,0x18,0x0C,0x00,0x38,0x0E,0x00,0x7E,0x3F,0x00,0x00,0x00,0x00,0x00,0x00,
    0x00,0x00,0x00,0x00,0x00,0x00,0x00,0x00,0x00,0x00,0x00,0x00,0x00,0x00,0x00,0x00,
    0x00,0x00,0x00,0x00,0x00,0x00,0x00,0x00,0x00,0x00,0x00,0x00,0x00,0x00,0x00,0x00,
    0x00,0x00,0x00,0x00,0x7E,0x00,0x38,0x00,0x18,0x00,0x18,0x00,0x18,0x00,0x18,0x00,
    0x18,0x00,0x18,0x00,0x18,0x00,0x18,0x00,0x18,0x00,0x18,0x00,0x18,0x00,0x38,0x00,
    0x7E,0x00,0x00,0x00,0x00,0x00,0x00,0x00,0x00,0x00,0x00,0x00,0x00,0x00,0x00,0x00,
    0x00,0x00,0x00,0x00,0x00,0x00,0x00,0x00,0x00,0x00,0x00,0x00,0x00,0x00,0x00,0x00,
    0x00,0x00,0x00,0x00,0x07,0xE0,0x03,0xC0,0x01,0x80,0x01,0x80,0x01,0x80,0x01,0x80,
    0x01,0x80,0x01,0x80,0x01,0x80,0x01,0x80,0x01,0x80,0x71,0x80,0x71,0x80,0x77,0x00,
    0x3E,0x00,0x00,0x00,0x00,0x00,0x00,0x00,0x00,0x00,0x00,0x00,0x00,0x00,0x00,0x00,
    0x00,0x00,0x00,0x00,0x00,0x00,0x00,0x00,0x00,0x00,0x00,0x00,0x00,0x00,0x00,0x00,
    0x00,0x00,0x00,0x00,0x7E,0x7C,0x38,0x38,0x18,0x30,0x18,0x60,0x18,0xC0,0x19,0x80,
    0x1B,0x00,0x1F,0x80,0x1D,0x80,0x19,0xC0,0x18,0xE0,0x18,0xE0,0x18,0x70,0x3C,0x3A,
    0x7E,0x1E,0x00,0x00,0x00,0x00,0x00,0x00,0x00,0x00,0x00,0x00,0x00,0x00,0x00,0x00,
    0x00,0x00,0x00,0x00,0x00,0x00,0x00,0x00,0x00,0x00,0x00,0x00,0x00,0x00,0x00,0x00,
    0x00,0x00,0x00,0x00,0x7E,0x00,0x38,0x00,0x18,0x00,0x18,0x00,0x18,0x00,0x18,0x00,
    0x18,0x00,0x18,0x00,0x18,0x00,0x18,0x00,0x18,0x10,0x18,0x30,0x18,0x30,0x38,0x70,
    0x7F,0xF0,0x00,0x00,0x00,0x00,0x00,0x00,0x00,0x00,0x00,0x00,0x00,0x00,0x00,0x00,
    0x00,0x00,0x00,0x00,0x00,0x00,0x00,0x00,0x00,0x00,0x00,0x00,0x00,0x00,0x00,0x00,
    0x00,0x00,0x00,0x00,0x00,0x00,0x00,0x00,0x00,0x00,0x00,0x00,0x00,0x00,0x3E,0x07,
    0xE0,0x3E,0x07,0xC0,0x1E,0x07,0x80,0x17,0x0D,0x80,0x17,0x0D,0x80,0x17,0x0D,0x80,
    0x13,0x99,0x80,0x13,0x99,0x80,0x11,0xB1,0x80,0x11,0xF1,0x80,0x11,0xF1,0x80,0x10,
    0xE1,0x80,0x10,0xE1,0x80,0x30,0x01,0xC0,0x7C,0x07,0xE0,0x00,0x00,0x00,0x00,0x00,
    0x00,0x00,0x00,0x00,0x00,0x00,0x00,0x00,0x00,0x00,0x00,0x00,0x00,0x00,0x00,0x00,
    0x00,0x00,0x00,0x00,0x00,0x00,0x00,0x00,0x00,0x00,0x00,0x00,0x00,0x00,0x00,0x00,
    0x00,0x00,0x00,0x00,0x00,0x00,0x00,0x00,0x00,0x00,0x00,0x00,0x00,0x00,0x7C,0x1F,
    0x00,0x3E,0x0C,0x00,0x1E,0x04,0x00,0x17,0x04,0x00,0x17,0x04,0x00,0x13,0x84,0x00,
    0x11,0xC4,0x00,0x11,0xC4,0x00,0x10,0xE4,0x00,0x10,0xE4,0x00,0x10,0x74,0x00,0x10,
    0x3C,0x00,0x10,0x3C,0x00,0x30,0x1C,0x00,0x7C,0x0C,0x00,0x00,0x00,0x00,0x00,0x00,
    0x00,0x00,0x00,0x00,0x00,0x00,0x00,0x00,0x00,0x00,0x00,0x00,0x00,0x00,0x00,0x00,
    0x00,0x00,0x00,0x00,0x00,0x00,0x00,0x00,0x00,0x00,0x00,0x00,0x00,0x00,0x00,0x00,
    0x00,0x00,0x00,0x00,0x07,0xE0,0x1E,0x78,0x38,0x1C,0x30,0x0C,0x70,0x0E,0x60,0x0E,
    0x60,0x06,0x60,0x06,0x60,0x06,0x70,0x06,0x70,0x0E,0x30,0x0C,0x38,0x1C,0x1E,0x78,
    0x07,0xE0,0x00,0x00,0x00,0x00,0x00,0x00,0x00,0x00,0x00,0x00,0x00,0x00,0x00,0x00,
    0x00,0x00,0x00,0x00,0x00,0x00,0x00,0x00,0x00,0x00,0x00,0x00,0x00,0x00,0x00,0x00,
    0x00,0x00,0x00,0x00,0x7F,0xC0,0x39,0xE0,0x18,0x70,0x18,0x30,0x18,0x30,0x18,0x30,
    0x18,0x70,0x18,0xE0,0x1F,0xC0,0x18,0x00,0x18,0x00,0x18,0x00,0x18,0x00,0x38,0x00,
    0x7E,0x00,0x00,0x00,0x00,0x00,0x00,0x00,0x00,0x00,0x00,0x00,0x00,0x00,0x00,0x00,
    0x00,0x00,0x00,0x00,0x00,0x00,0x00,0x00,0x00,0x00,0x00,0x00,0x00,0x00,0x00,0x00,
    0x00,0x00,0x00,0x00,0x07,0xE0,0x1E,0x78,0x38,0x1C,0x30,0x0C,0x70,0x0E,0x60,0x06,
    0x60,0x06,0x60,0x06,0x60,0x06,0x7F,0x8E,0x7D,0xCE,0x38,0xEC,0x38,0x7C,0x1F,0x78,
    0x07,0xF0,0x00,0x38,0x00,0x1C,0x00,0x1F,0x00,0x0F,0x00,0x00,0x00,0x00,0x00,0x00,
    0x00,0x00,0x00,0x00,0x00,0x00,0x00,0x00,0x00,0x00,0x00,0x00,0x00,0x00,0x00,0x00,
    0x00,0x00,0x00,0x00,0x7F,0xC0,0x39,0xE0,0x18,0x70,0x18,0x30,0x18,0x30,0x18,0x70,
    0x18,0xE0,0x1F,0xC0,0x19,0xC0,0x18,0xC0,0x18,0xE0,0x18,0x60,0x18,0x70,0x3C,0x38,
    0x7E,0x3C,0x00,0x00,0x00,0x00,0x00,0x00,0x00,0x00,0x00,0x00,0x00,0x00,0x00,0x00,
    0x00,0x00,0x00,0x00,0x00,0x00,0x00,0x00,0x00,0x00,0x00,0x00,0x00,0x00,0x00,0x00,
    0x00,0x00,0x00,0x00,0x0F,0xA0,0x1D,0xF0,0x38,0x70,0x30,0x30,0x38,0x00,0x3C,0x00,
    0x1F,0x00,0x0F,0xC0,0x01,0xF0,0x00,0x70,0x20,0x30,0x60,0x30,0x70,0x70,0x3C,0xE0,
    0x2F,0xC0,0x00,0x00,0x00,0x00,0x00,0x00,0x00,0x00,0x00,0x00,0x00,0x00,0x00,0x00,
    0x00,0x00,0x00,0x00,0x00,0x00,0x00,0x00,0x00,0x00,0x00,0x00,0x00,0x00,0x00,0x00,
    0x00,0x00,0x00,0x00,0x7F,0xFC,0x73,0xBC,0x63,0x0C,0x43,0x04,0x43,0x04,0x03,0x00,
    0x03,0x00,0x03,0x00,0x03,0x00,0x03,0x00,0x03,0x00,0x03,0x00,0x03,0x00,0x07,0x80,
    0x0F,0xE0,0x00,0x00,0x00,0x00,0x00,0x00,0x00,0x00,0x00,0x00,0x00,0x00,0x00,0x00,
    0x00,0x00,0x00,0x00,0x00,0x00,0x00,0x00,0x00,0x00,0x00,0x00,0x00,0x00,0x00,0x00,
    0x00,0x00,0x00,0x00,0x00,0x00,0x00,0x00,0x00,0x00,0x00,0x00,0x00,0x00,0x7E,0x1F,
    0x00,0x38,0x0C,0x00,0x18,0x04,0x00,0x18,0x04,0x00,0x18,0x04,0x00,0x18,0x04,0x00,
    0x18,0x04,0x00,0x18,0x04,0x00,0x18,0x04,0x00,0x18,0x04,0x00,0x18,0x04,0x00,0x18,
    0x0C,0x00,0x1C,0x08,0x00,0x0F,0x38,0x00,0x07,0xE0,0x00,0x00,0x00,0x00,0x00,0x00,
    0x00,0x00,0x00,0x00,0x00,0x00,0x00,0x00,0x00,0x00,0x00,0x00,0x00,0x00,0x00,0x00,
    0x00,0x00,0x00,0x00,0x00,0x00,0x00,0x00,0x00,0x00,0x00,0x00,0x00,0x00,0x00,0x00,
    0x00,0x00,0x00,0x00,0x7E,0x1E,0x3C,0x0E,0x1C,0x0C,0x1C,0x0C,0x0C,0x0C,0x0E,0x18,
    0x0E,0x18,0x06,0x10,0x07,0x30,0x07,0x30,0x03,0x20,0x03,0xE0,0x03,0xE0,0x01,0xC0,
    0x01,0xC0,0x00,0x00,0x00,0x00,0x00,0x00,0x00,0x00,0x00,0x00,0x00,0x00,0x00,0x00,
    0x00,0x00,0x00,0x00,0x00,0x00,0x00,0x00,0x00,0x00,0x00,0x00,0x00,0x00,0x00,0x00,
    0x00,0x00,0x00,0x00,0x00,0x00,0x00,0x00,0x00,0x00,0x00,0x00,0x00,0x00,0x7E,0x1C,
    0x3E,0x3C,0x1C,0x1C,0x1C,0x3C,0x18,0x1C,0x3E,0x18,0x1C,0x36,0x18,0x0C,0x26,0x10,
    0x0E,0x66,0x30,0x0E,0x67,0x30,0x0E,0x63,0x30,0x06,0x43,0x20,0x06,0xC3,0x60,0x07,
    0xC3,0xE0,0x03,0xC1,0xE0,0x03,0x81,0xC0,0x03,0x81,0xC0,0x00,0x00,0x00,0x00,0x00,
    0x00,0x00,0x00,0x00,0x00,0x00,0x00,0x00,0x00,0x00,0x00,0x00,0x00,0x00,0x00,0x00,
    0x00,0x00,0x00,0x00,0x00,0x00,0x00,0x00,0x00,0x00,0x00,0x00,0x00,0x00,0x00,0x00,
    0x00,0x00,0x00,0x00,0x7E,0x7E,0x3C,0x38,0x1C,0x30,0x0C,0x60,0x0E,0x60,0x07,0xC0,
    0x03,0x80,0x03,0x80,0x03,0xC0,0x06,0xC0,0x06,0xE0,0x0C,0x70,0x18,0x38,0x38,0x3C,
    0x7C,0x7E,0x00,0x00,0x00,0x00,0x00,0x00,0x00,0x00,0x00,0x00,0x00,0x00,0x00,0x00,
    0x00,0x00,0x00,0x00,0x00,0x00,0x00,0x00,0x00,0x00,0x00,0x00,0x00,0x00,0x00,0x00,
    0x00,0x00,0x00,0x00,0x7E,0x3E,0x3C,0x1C,0x1C,0x18,0x0C,0x30,0x0E,0x30,0x07,0x60,
    0x07,0x60,0x03,0xC0,0x01,0x80,0x01,0x80,0x01,0x80,0x01,0x80,0x01,0x80,0x01,0x80,
    0x07,0xE0,0x00,0x00,0x00,0x00,0x00,0x00,0x00,0x00,0x00,0x00,0x00,0x00,0x00,0x00,
    0x00,0x00,0x00,0x00,0x00,0x00,0x00,0x00,0x00,0x00,0x00,0x00,0x00,0x00,0x00,0x00,
    0x00,0x00,0x00,0x00,0x3F,0xF8,0x38,0x38,0x30,0x70,0x30,0x70,0x00,0xE0,0x01,0xC0,
    0x01,0xC0,0x03,0x80,0x07,0x00,0x0E,0x00,0x0E,0x00,0x1C,0x08,0x38,0x18,0x38,0x38,
    0x7F,0xF8,0x00,0x00,0x00,0x00,0x00,0x00,0x00,0x00,0x00,0x00,0x00,0x00,0x00,0x00,
    0x00,0x00,0x00,0x00,0x00,0x00,0x00,0x00,0x3C,0x38,0x30,0x30,0x30,0x30,0x30,0x30,
    0x30,0x30,0x30,0x30,0x30,0x30,0x30,0x30,0x30,0x30,0x30,0x30,0x38,0x3C,0x00,0x00,
    0x00,0x00,0x00,0x00,0x00,0x00,0x00,0x00,0x00,0x00,0x00,0x00,0x00,0x00,0x40,0x00,
    0x40,0x00,0x60,0x00,0x60,0x00,0x20,0x00,0x30,0x00,0x30,0x00,0x10,0x00,0x18,0x00,
    0x18,0x00,0x08,0x00,0x0C,0x00,0x0C,0x00,0x04,0x00,0x06,0x00,0x06,0x00,0x03,0x00,
    0x03,0x00,0x01,0x00,0x01,0x80,0x00,0x00,0x00,0x00,0x00,0x00,0x00,0x00,0x00,0x00,
    0x00,0x00,0x00,0x00,0x00,0x00,0x00,0x00,0x78,0x18,0x18,0x18,0x18,0x18,0x18,0x18,
    0x18,0x18,0x18,0x18,0x18,0x18,0x18,0x18,0x18,0x18,0x18,0x18,0x18,0x78,0x00,0x00,
    0x00,0x00,0x00,0x00,0x00,0x00,0x00,0x00,0x00,0x00,0x00,0x00,0x00,0x00,0x00,0x00,
    0x00,0x00,0x00,0x00,0x06,0x00,0x07,0x00,0x0D,0x00,0x19,0x80,0x10,0xC0,0x30,0xC0,
    0x60,0x60,0x40,0x20,0x00,0x00,0x00,0x00,0x00,0x00,0x00,0x00,0x00,0x00,0x00,0x00,
    0x00,0x00,0x00,0x00,0x00,0x00,0x00,0x00,0x00,0x00,0x00,0x00,0x00,0x00,0x00,0x00,
    0x00,0x00,0x00,0x00,0x00,0x00,0x00,0x00,0x00,0x00,0x00,0x00,0x00,0x00,0x00,0x00,
    0x00,0x00,0x00,0x00,0x00,0x00,0x00,0x00,0x00,0x00,0x00,0x00,0x00,0x00,0x00,0x00,
    0x00,0x00,0x00,0x00,0x00,0x00,0x00,0x00,0x00,0x00,0x00,0x00,0x00,0x00,0x00,0x00,
    0x00,0x00,0x00,0x00,0xFF,0xC0,0x00,0x00,0x00,0x00,0x00,0x00,0x00,0x00,0x00,0x00,
    0x00,0x00,0x00,0x00,0x00,0x00,0x00,0x00,0x00,0x00,0x00,0x00,0x00,0x00,0x00,0x00,
    0x00,0x00,0x18,0x00,0x1C,0x00,0x0C,0x00,0x06,0x00,0x00,0x00,0x00,0x00,0x00,0x00,
    0x00,0x00,0x00,0x00,0x00,0x00,0x00,0x00,0x00,0x00,0x00,0x00,0x00,0x00,0x00,0x00,
    0x00,0x00,0x00,0x00,0x00,0x00,0x00,0x00,0x00,0x00,0x00,0x00,0x00,0x00,0x00,0x00,
    0x00,0x00,0x00,0x00,0x00,0x00,0x00,0x00,0x00,0x00,0x00,0x00,0x00,0x00,0x00,0x00,
    0x00,0x00,0x00,0x00,0x00,0x00,0x00,0x00,0x00,0x00,0x00,0x00,0x3F,0x00,0x77,0x80,
    0x61,0x80,0x61,0x80,0x01,0x80,0x1F,0x80,0x7B,0x80,0x61,0x80,0x63,0x80,0x77,0xE0,
    0x3D,0xE0,0x00,0x00,0x00,0x00,0x00,0x00,0x00,0x00,0x00,0x00,0x00,0x00,0x00,0x00,
    0x00,0x00,0x00,0x00,0x00,0x00,0x00,0x00,0x00,0x00,0x00,0x00,0x00,0x00,0x00,0x00,
    0x00,0x00,0xF0,0x00,0x70,0x00,0x30,0x00,0x30,0x00,0x30,0x00,0x37,0xC0,0x3E,0xE0,
    0x38,0x70,0x30,0x70,0x30,0x30,0x30,0x30,0x30,0x30,0x30,0x70,0x30,0x60,0x3D,0xE0,
    0x3F,0xC0,0x00,0x00,0x00,0x00,0x00,0x00,0x00,0x00,0x00,0x00,0x00,0x00,0x00,0x00,
    0x00,0x00,0x00,0x00,0x00,0x00,0x00,0x00,0x00,0x00,0x00,0x00,0x00,0x00,0x00,0x00,
    0x00,0x00,0x00,0x00,0x00,0x00,0x00,0x00,0x00,0x00,0x00,0x00,0x0F,0x80,0x3D,0xC0,
    0x30,0xC0,0x70,0xC0,0x60,0x00,0x60,0x00,0x60,0x00,0x70,0x00,0x70,0x00,0x3D,0xC0,
    0x1F,0x80,0x00,0x00,0x00,0x00,0x00,0x00,0x00,0x00,0x00,0x00,0x00,0x00,0x00,0x00,
    0x00,0x00,0x00,0x00,0x00,0x00,0x00,0x00,0x00,0x00,0x00,0x00,0x00,0x00,0x00,0x00,
    0x00,0x00,0x01,0xE0,0x00,0xE0,0x00,0x60,0x00,0x60,0x00,0x60,0x0F,0xE0,0x3D,0xE0,
    0x30,0x60,0x70,0x60,0x60,0x60,0x60,0x60,0x60,0x60,0x70,0x60,0x70,0xE0,0x3D,0xE0,
    0x1F,0x78,0x00,0x00,0x00,0x00,0x00,0x00,0x00,0x00,0x00,0x00,0x00,0x00,0x00,0x00,
    0x00,0x00,0x00,0x00,0x00,0x00,0x00,0x00,0x00,0x00,0x00,0x00,0x00,0x00,0x00,0x00,
    0x00,0x00,0x00,0x00,0x00,0x00,0x00,0x00,0x00,0x00,0x00,0x00,0x1F,0x80,0x3B,0xC0,
    0x30,0xC0,0x60,0xC0,0x7F,0xC0,0x70,0x00,0x60,0x00,0x70,0x00,0x70,0x40,0x3D,0xC0,
    0x1F,0x80,0x00,0x00,0x00,0x00,0x00,0x00,0x00,0x00,0x00,0x00,0x00,0x00,0x00,0x00,
    0x00,0x00,0x00,0x00,0x00,0x00,0x00,0x00,0x00,0x0F,0x1D,0x19,0x18,0x18,0x7F,0x38,
    0x18,0x18,0x18,0x18,0x18,0x18,0x18,0x3C,0x7E,0x00,0x00,0x00,0x00,0x00,0x00,0x00,
    0x00,0x00,0x00,0x00,0x00,0x00,0x00,0x00,0x00,0x00,0x00,0x00,0x00,0x00,0x00,0x00,
    0x00,0x00,0x00,0x00,0x00,0x00,0x00,0x00,0x00,0x00,0x00,0x70,0x1F,0xF0,0x3F,0x80,
    0x30,0xC0,0x30,0xC0,0x30,0xC0,0x39,0xC0,0x1F,0x80,0x38,0x00,0x30,0x00,0x3F,0xC0,
    0x1F,0xE0,0x30,0xE0,0x60,0x60,0x60,0x60,0x79,0xC0,0x3F,0x80,0x00,0x00,0x00,0x00,
    0x00,0x00,0x00,0x00,0x00,0x00,0x00,0x00,0x00,0x00,0x00,0x00,0x00,0x00,0x00,0x00,
    0x00,0x00,0x78,0x00,0x38,0x00,0x18,0x00,0x18,0x00,0x18,0x00,0x1B,0xC0,0x1E,0xE0,
    0x1C,0x60,0x18,0x60,0x18,0x60,0x18,0x60,0x18,0x60,0x18,0x60,0x18,0x60,0x38,0x70,
    0x7C,0xF8,0x00,0x00,0x00,0x00,0x00,0x00,0x00,0x00,0x00,0x00,0x00,0x00,0x00,0x00,
    0x00,0x00,0x00,0x00,0x00,0x00,0x00,0x00,0x00,0x30,0x30,0x30,0x00,0x00,0x70,0x70,
    0x30,0x30,0x30,0x30,0x30,0x30,0x30,0x38,0x7E,0x00,0x00,0x00,0x00,0x00,0x00,0x00,
    0x00,0x00,0x00,0x00,0x00,0x00,0x00,0x00,0x00,0x38,0x38,0x38,0x00,0x00,0x78,0x38,
    0x18,0x18,0x18,0x18,0x18,0x18,0x18,0x18,0x18,0x18,0x38,0x30,0x60,0x00,0x00,0x00,
    0x00,0x00,0x00,0x00,0x00,0x00,0x00,0x00,0x00,0x00,0x00,0x00,0x00,0x00,0x00,0x00,
    0x00,0x00,0x78,0x00,0x38,0x00,0x18,0x00,0x18,0x00,0x18,0x00,0x19,0xF0,0x18,0xE0,
    0x19,0xC0,0x1B,0x00,0x1E,0x00,0x1F,0x00,0x1B,0x80,0x19,0xC0,0x18,0xC0,0x3C,0xF8,
    0x7C,0x78,0x00,0x00,0x00,0x00,0x00,0x00,0x00,0x00,0x00,0x00,0x00,0x00,0x00,0x00,
    0x00,0x00,0x00,0x00,0x00,0x00,0x00,0x00,0x00,0x78,0x38,0x18,0x18,0x18,0x18,0x18,
    0x18,0x18,0x18,0x18,0x18,0x18,0x18,0x3C,0x7E,0x00,0x00,0x00,0x00,0x00,0x00,0x00,
    0x00,0x00,0x00,0x00,0x00,0x00,0x00,0x00,0x00,0x00,0x00,0x00,0x00,0x00,0x00,0x00,
    0x00,0x00,0x00,0x00,0x00,0x00,0x00,0x00,0x00,0x00,0x00,0x00,0x00,0x00,0x00,0x00,
    0x00,0x00,0x00,0x00,0x00,0x00,0x00,0x00,0x00,0x00,0x7B,0xCF,0x00,0x3E,0xFB,0x80,
    0x1C,0x71,0x80,0x18,0x61,0x80,0x18,0x61,0x80,0x18,0x61,0x80,0x18,0x61,0x80,0x18,
    0x61,0x80,0x18,0x61,0x80,0x38,0x71,0xC0,0x7C,0xFB,0xE0,0x00,0x00,0x00,0x00,0x00,
    0x00,0x00,0x00,0x00,0x00,0x00,0x00,0x00,0x00,0x00,0x00,0x00,0x00,0x00,0x00,0x00,
    0x00,0x00,0x00,0x00,0x00,0x00,0x00,0x00,0x00,0x00,0x00,0x00,0x00,0x00,0x00,0x00,
    0x00,0x00,0x00,0x00,0x00,0x00,0x00,0x00,0x00,0x00,0x00,0x00,0x7B,0xC0,0x3E,0xE0,
    0x1C,0x60,0x18,0x60,0x18,0x60,0x18,0x60,0x18,0x60,0x18,0x60,0x18,0x60,0x38,0x70,
    0x7C,0xF8,0x00,0x00,0x00,0x00,0x00,0x00,0x00,0x00,0x00,0x00,0x00,0x00,0x00,0x00,
    0x00,0x00,0x00,0x00,0x00,0x00,0x00,0x00,0x00,0x00,0x00,0x00,0x00,0x00,0x00,0x00,
    0x00,0x00,0x00,0x00,0x00,0x00,0x00,0x00,0x00,0x00,0x00,0x00,0x0F,0x80,0x3B,0xC0,
    0x30,0xE0,0x70,0xE0,0x60,0x60,0x60,0x60,0x60,0x60,0x70,0x60,0x70,0xE0,0x3D,0xC0,
    0x1F,0x80,0x00,0x00,0x00,0x00,0x00,0x00,0x00,0x00,0x00,0x00,0x00,0x00,0x00,0x00,
    0x00,0x00,0x00,0x00,0x00,0x00,0x00,0x00,0x00,0x00,0x00,0x00,0x00,0x00,0x00,0x00,
    0x00,0x00,0x00,0x00,0x00,0x00,0x00,0x00,0x00,0x00,0x00,0x00,0x7B,0xC0,0x3E,0xE0,
    0x1C,0x70,0x18,0x30,0x18,0x30,0x18,0x30,0x18,0x30,0x18,0x30,0x18,0x70,0x1E,0xE0,
    0x1F,0xC0,0x18,0x00,0x18,0x00,0x18,0x00,0x3C,0x00,0x7E,0x00,0x00,0x00,0x00,0x00,
    0x00,0x00,0x00,0x00,0x00,0x00,0x00,0x00,0x00,0x00,0x00,0x00,0x00,0x00,0x00,0x00,
    0x00,0x00,0x00,0x00,0x00,0x00,0x00,0x00,0x00,0x00,0x00,0x00,0x0F,0xE0,0x3D,0xE0,
    0x30,0x60,0x70,0x60,0x60,0x60,0x60,0x60,0x60,0x60,0x70,0x60,0x70,0xE0,0x39,0xE0,
    0x1F,0x60,0x00,0x60,0x00,0x60,0x00,0x60,0x00,0xF0,0x01,0xF8,0x00,0x00,0x00,0x00,
    0x00,0x00,0x00,0x00,0x00,0x00,0x00,0x00,0x00,0x00,0x00,0x00,0x00,0x00,0x00,0x00,
    0x00,0x00,0x00,0x00,0x00,0x00,0x00,0x00,0x00,0x00,0x00,0x00,0x7B,0x80,0x7F,0xC0,
    0x1D,0xC0,0x19,0x80,0x18,0x00,0x18,0x00,0x18,0x00,0x18,0x00,0x18,0x00,0x38,0x00,
    0x7E,0x00,0x00,0x00,0x00,0x00,0x00,0x00,0x00,0x00,0x00,0x00,0x00,0x00,0x00,0x00,
    0x00,0x00,0x00,0x00,0x00,0x00,0x00,0x00,0x00,0x00,0x00,0x00,0x00,0x00,0x00,0x00,
    0x00,0x00,0x00,0x00,0x00,0x00,0x00,0x00,0x00,0x00,0x00,0x00,0x3F,0x80,0x7F,0x80,
    0x61,0x80,0x70,0x00,0x7C,0x00,0x3F,0x00,0x07,0x80,0x41,0x80,0x61,0x80,0x77,0x80,
    0x7F,0x00,0x00,0x00,0x00,0x00,0x00,0x00,0x00,0x00,0x00,0x00,0x00,0x00,0x00,0x00,
    0x00,0x00,0x00,0x00,0x00,0x00,0x00,0x00,0x00,0x00,0x08,0x08,0x18,0x18,0x7F,0x38,
    0x18,0x18,0x18,0x18,0x18,0x18,0x18,0x1D,0x0F,0x00,0x00,0x00,0x00,0x00,0x00,0x00,
    0x00,0x00,0x00,0x00,0x00,0x00,0x00,0x00,0x00,0x00,0x00,0x00,0x00,0x00,0x00,0x00,
    0x00,0x00,0x00,0x00,0x00,0x00,0x00,0x00,0x00,0x00,0x00,0x00,0xF1,0xE0,0x70,0xE0,
    0x30,0x60,0x30,0x60,0x30,0x60,0x30,0x60,0x30,0x60,0x30,0x60,0x30,0xE0,0x3D,0xE0,
    0x1F,0x78,0x00,0x00,0x00,0x00,0x00,0x00,0x00,0x00,0x00,0x00,0x00,0x00,0x00,0x00,
    0x00,0x00,0x00,0x00,0x00,0x00,0x00,0x00,0x00,0x00,0x00,0x00,0x00,0x00,0x00,0x00,
    0x00,0x00,0x00,0x00,0x00,0x00,0x00,0x00,0x00,0x00,0x00,0x00,0xF9,0xF0,0x70,0xE0,
    0x70,0xC0,0x30,0xC0,0x38,0x80,0x39,0x80,0x19,0x80,0x1D,0x00,0x0F,0x00,0x0E,0x00,
    0x0E,0x00,0x00,0x00,0x00,0x00,0x00,0x00,0x00,0x00,0x00,0x00,0x00,0x00,0x00,0x00,
    0x00,0x00,0x00,0x00,0x00,0x00,0x00,0x00,0x00,0x00,0x00,0x00,0x00,0x00,0x00,0x00,
    0x00,0x00,0x00,0x00,0x00,0x00,0x00,0x00,0x00,0x00,0x00,0x00,0x00,0x00,0x00,0x00,
    0x00,0x00,0x00,0x00,0x00,0x00,0x00,0x00,0x00,0x00,0xF8,0xC7,0xC0,0x71,0xE3,0x00,
    0x71,0xE3,0x00,0x31,0xE3,0x00,0x31,0x72,0x00,0x3B,0x76,0x00,0x1B,0x36,0x00,0x1A,
    0x34,0x00,0x1E,0x3C,0x00,0x1E,0x1C,0x00,0x0E,0x1C,0x00,0x00,0x00,0x00,0x00,0x00,
    0x00,0x00,0x00,0x00,0x00,0x00,0x00,0x00,0x00,0x00,0x00,0x00,0x00,0x00,0x00,0x00,
    0x00,0x00,0x00,0x00,0x00,0x00,0x00,0x00,0x00,0x00,0x00,0x00,0x00,0x00,0x00,0x00,
    0x00,0x00,0x00,0x00,0x00,0x00,0x00,0x00,0x00,0x00,0x00,0x00,0x7E,0xF0,0x38,0xE0,
    0x1C,0xC0,0x0F,0x80,0x07,0x00,0x03,0x00,0x07,0x80,0x0D,0xC0,0x18,0xE0,0x38,0xF0,
    0x7D,0xF0,0x00,0x00,0x00,0x00,0x00,0x00,0x00,0x00,0x00,0x00,0x00,0x00,0x00,0x00,
    0x00,0x00,0x00,0x00,0x00,0x00,0x00,0x00,0x00,0x00,0x00,0x00,0x00,0x00,0x00,0x00,
    0x00,0x00,0x00,0x00,0x00,0x00,0x00,0x00,0x00,0x00,0x00,0x00,0x7E,0xF0,0x38,0x30,
    0x18,0x20,0x1C,0x60,0x0C,0x40,0x0E,0xC0,0x0E,0xC0,0x06,0x80,0x07,0x80,0x03,0x00,
    0x03,0x00,0x03,0x00,0x06,0x00,0x66,0x00,0x6C,0x00,0x78,0x00,0x00,0x00,0x00,0x00,
    0x00,0x00,0x00,0x00,0x00,0x00,0x00,0x00,0x00,0x00,0x00,0x00,0x00,0x00,0x00,0x00,
    0x00,0x00,0x00,0x00,0x00,0x00,0x00,0x00,0x00,0x00,0x00,0x00,0x7F,0xC0,0x73,0x80,
    0x63,0x80,0x47,0x00,0x06,0x00,0x0E,0x00,0x1C,0x00,0x18,0xC0,0x30,0xC0,0x71,0xC0,
    0x7F,0xC0,0x00,0x00,0x00,0x00,0x00,0x00,0x00,0x00,0x00,0x00,0x00,0x00,0x00,0x00,
    0x00,0x00,0x00,0x00,0x00,0x00,0x00,0x00,0x0E,0x1C,0x18,0x18,0x18,0x18,0x18,0x18,
    0x18,0x38,0x70,0x38,0x18,0x18,0x18,0x18,0x18,0x18,0x18,0x18,0x1C,0x0E,0x00,0x00,
    0x00,0x00,0x00,0x00,0x00,0x00,0x00,0x00,0x00,0x00,0x00,0x00,0x00,0x00,0x08,0x00,
    0x08,0x00,0x08,0x00,0x08,0x00,0x08,0x00,0x08,0x00,0x08,0x00,0x08,0x00,0x08,0x00,
    0x08,0x00,0x08,0x00,0x08,0x00,0x08,0x00,0x08,0x00,0x08,0x00,0x08,0x00,0x08,0x00,
    0x08,0x00,0x08,0x00,0x08,0x00,0x00,0x00,0x00,0x00,0x00,0x00,0x00,0x00,0x00,0x00,
    0x00,0x00,0x00,0x00,0x00,0x00,0x00,0x00,0x70,0x38,0x18,0x18,0x18,0x18,0x18,0x18,
    0x18,0x1C,0x0E,0x1C,0x18,0x18,0x18,0x18,0x18,0x18,0x18,0x18,0x38,0x70,0x00,0x00,
    0x00,0x00,0x00,0x00,0x00,0x00,0x00,0x00,0x00,0x00,0x00,0x00,0x00,0x00,0x00,0x00,
    0x00,0x00,0x00,0x00,0x00,0x00,0x00,0x00,0x00,0x00,0x00,0x00,0x00,0x00,0x00,0x00,
    0x00,0x00,0x00,0x00,0x3E,0x60,0x6F,0xC0,0x00,0x00,0x00,0x00,0x00,0x00,0x00,0x00,
    0x00,0x00,0x00,0x00,0x00,0x00,0x00,0x00,0x00,0x00,0x00,0x00,0x00,0x00,0x00,0x00,
    0x00,0x00,0x00,0x00,0x00,0x00,0x00,0x00,0x38,0x6C,0x44,0x6C,0x78,0x00,0x00,0x00,
    0x00,0x00,0x00,0x00,0x00,0x00,0x00,0x00,0x00,0x00,0x00,0x00,0x00,0x00,0x00,0x00,
    0x00,0x00,0x00,0x00,0x00,0x00,0x00,0x00,0x3E,0x67,0x63,0x03,0x06,0x0C,0x19,0x3F,
    0x7F,0x00,0x00,0x00,0x00,0x00,0x00,0x00,0x00,0x00,0x00,0x00,0x00,0x00,0x00,0x00,
    0x00,0x00,0x00,0x00,0x00,0x00,0x00,0x00,0x00,0x00,0x00,0x00,0x00,0x00,0x00,0x00,
    0x3E,0x00,0x67,0x00,0x63,0x00,0x06,0x00,0x1E,0x00,0x07,0x00,0x03,0x00,0x67,0x00,
    0x3E,0x00,0x00,0x00,0x00,0x00,0x00,0x00,0x00,0x00,0x00,0x00,0x00,0x00,0x00,0x00,
    0x00,0x00,0x00,0x00,0x00,0x00,0x00,0x00,0x00,0x00,0x00,0x00,0x00,0x00,0x00,0x00,
    0x00,0x00,0x00,0x00,0x00,0x00,0x00,0x38,0x78,0x18,0x18,0x18,0x18,0x18,0x18,0x18,
    0x7E,0x00,0x00,0x00,0x00,0x00,0x00,0x00,0x00,0x00,0x00,0x00,0x00,0x00,0x00,0x00,
    0x00,0x00,0x00,0x00,0x00,0x00,0x00,0x00,0x00,0x00,0x00,0x00,0x00,0x00,0x00,0x00,
    0x00,0x00,0x00,0x00,0x00,0x00,0x00,0x00,0x00,0x00,0x00,0x00,0x00,0x00,0x78,0x06,
    0x00,0x38,0x06,0x00,0x18,0x0C,0x00,0x18,0x08,0x00,0x18,0x18,0x00,0x18,0x30,0xC0,
    0x18,0x31,0xC0,0x18,0x63,0xC0,0x3C,0x42,0xC0,0x7E,0xC4,0xC0,0x00,0x8C,0xC0,0x01,
    0x88,0xC0,0x03,0x1F,0xE0,0x03,0x00,0xC0,0x06,0x00,0xC0,0x00,0x00,0x00,0x00,0x00,
    0x00,0x00,0x00,0x00,0x00,0x00,0x00,0x00,0x00,0x00,0x00,0x00,0x00,0x00,0x00,0x00,
    0x00,0x00,0x00,0x00,0x00,0x00,0x00,0x00,0x00,0x00,0x00,0x00,0x00,0x00,0x00,0x00,
    0x00,0x00,0x00,0x00,0x00,0x00,0x00,0x00,0x00,0x00,0x00,0x00,0x00,0x00,0x78,0x04,
    0x00,0x18,0x0C,0x00,0x18,0x08,0x00,0x18,0x18,0x00,0x18,0x37,0xC0,0x18,0x3E,0xE0,
    0x18,0x6C,0x60,0x18,0x6C,0x60,0x7E,0xC0,0xE0,0x7E,0x80,0xC0,0x01,0x81,0x80,0x01,
    0x03,0x20,0x03,0x06,0x20,0x02,0x0F,0xE0,0x06,0x00,0x00,0x00,0x00,0x00,0x00,0x00,
    0x00,0x00,0x00,0x00,0x00,0x00,0x00,0x00,0x00,0x00,0x00,0x00,0x00,0x00,0x00,0x00,
    0x00,0x00,0x00,0x00,0x00,0x00,0x00,0x00,0x00,0x00,0x00,0x00,0x00,0x00,0x00,0x00,
    0x00,0x00,0x00,0x00,0x00,0x00,0x00,0x00,0x00,0x00,0x00,0x00,0x00,0x00,0x3E,0x06,
    0x00,0x77,0x06,0x00,0x63,0x0C,0x00,0x03,0x08,0x00,0x0E,0x18,0x00,0x0E,0x10,0xC0,
    0x03,0x31,0xC0,0x03,0x21,0xC0,0x67,0x62,0xC0,0x3E,0xC6,0xC0,0x00,0xC4,0xC0,0x01,
    0x88,0xC0,0x01,0x9F,0xF0,0x03,0x00,0xC0,0x03,0x00,0xC0,0x00,0x00,0x00,0x00,0x00,
    0x00,0x00,0x00,0x00,0x00,0x00,0x00,0x00,0x00,0x00,0x00,0x00,0x00,0x00,0x00,0x00,
    0x00,0x00,0x00,0x00,0x00,0x00,0x00,0x00,0x00,0x00,0x00,0x00,0x03,0x80,0x01,0xC0,
    0x00,0x40,0x00,0x00,0x01,0xC0,0x01,0xC0,0x03,0xE0,0x03,0x60,0x02,0x60,0x06,0x70,
    0x06,0x70,0x06,0x30,0x0C,0x38,0x0F,0xF8,0x0C,0x1C,0x18,0x1C,0x18,0x1C,0x38,0x1E,
    0x7E,0x3E,0x00,0x00,0x00,0x00,0x00,0x00,0x00,0x00,0x00,0x00,0x00,0x00,0x00,0x00,
    0x00,0x00,0x00,0x00,0x00,0x00,0x00,0x00,0x00,0x00,0x00,0x00,0x00,0xE0,0x01,0xC0,
    0x01,0x00,0x00,0x00,0x01,0xC0,0x01,0xC0,0x03,0xE0,0x03,0xE0,0x02,0x60,0x06,0x70,
    0x06,0x70,0x04,0x30,0x0C,0x38,0x0F,0xF8,0x18,0x18,0x18,0x1C,0x18,0x1C,0x38,0x1E,
    0x7C,0x3E,0x00,0x00,0x00,0x00,0x00,0x00,0x00,0x00,0x00,0x00,0x00,0x00,0x00,0x00,
    0x00,0x00,0x00,0x00,0x00,0x00,0x00,0x00,0x00,0x00,0x00,0x80,0x01,0xC0,0x03,0xE0,
    0x06,0x30,0x00,0x00,0x01,0xC0,0x01,0xC0,0x03,0xE0,0x03,0xE0,0x02,0x60,0x06,0x70,
    0x06,0x70,0x04,0x30,0x0C,0x38,0x0F,0xF8,0x18,0x18,0x18,0x1C,0x18,0x1C,0x38,0x1E,
    0x7C,0x3E,0x00,0x00,0x00,0x00,0x00,0x00,0x00,0x00,0x00,0x00,0x00,0x00,0x00,0x00,
    0x00,0x00,0x00,0x00,0x00,0x00,0x00,0x00,0x00,0x00,0x00,0x00,0x03,0x90,0x07,0xF0,
    0x04,0xE0,0x00,0x00,0x01,0xC0,0x01,0xC0,0x03,0xE0,0x03,0xE0,0x02,0x60,0x06,0x70,
    0x06,0x70,0x04,0x30,0x0C,0x38,0x0F,0xF8,0x18,0x18,0x18,0x1C,0x18,0x1C,0x38,0x1E,
    0x7C,0x3E,0x00,0x00,0x00,0x00,0x00,0x00,0x00,0x00,0x00,0x00,0x00,0x00,0x00,0x00,
    0x00,0x00,0x00,0x00,0x00,0x00,0x00,0x00,0x00,0x00,0x00,0x00,0x06,0x30,0x06,0x30,
    0x06,0x30,0x00,0x00,0x01,0xC0,0x03,0xE0,0x03,0xE0,0x02,0xE0,0x06,0x70,0x06,0x70,
    0x06,0x70,0x0C,0x38,0x0C,0x38,0x0F,0xF8,0x18,0x1C,0x18,0x1C,0x18,0x1C,0x38,0x1E,
    0x7C,0x3E,0x00,0x00,0x00,0x00,0x00,0x00,0x00,0x00,0x00,0x00,0x00,0x00,0x00,0x00,
    0x00,0x00,0x00,0x00,0x00,0x00,0x00,0x00,0x00,0x00,0x03,0xE0,0x02,0x20,0x03,0x60,
    0x01,0xC0,0x00,0x00,0x01,0xC0,0x03,0xE0,0x03,0xE0,0x03,0xE0,0x06,0x70,0x06,0x70,
    0x06,0x70,0x0C,0x38,0x0C,0x38,0x0F,0xF8,0x18,0x1C,0x18,0x1C,0x18,0x0C,0x38,0x0E,
    0x7C,0x3E,0x00,0x00,0x00,0x00,0x00,0x00,0x00,0x00,0x00,0x00,0x00,0x00,0x00,0x00,
    0x00,0x00,0x00,0x00,0x00,0x00,0x00,0x00,0x00,0x00,0x00,0x00,0x00,0x00,0x00,0x00,
    0x00,0x00,0x00,0x00,0x00,0x00,0x00,0x00,0x00,0x00,0x00,0x00,0x00,0x00,0x01,0xFF,
    0xE0,0x00,0xDC,0xF0,0x00,0x98,0x30,0x01,0x98,0x30,0x01,0x18,0x00,0x03,0x18,0x40,
    0x02,0x18,0xC0,0x07,0xFF,0xC0,0x06,0x1C,0xC0,0x0C,0x18,0x40,0x0C,0x18,0x00,0x18,
    0x18,0x10,0x18,0x18,0x30,0x38,0x18,0x70,0x7C,0x7F,0xF0,0x00,0x00,0x00,0x00,0x00,
    0x00,0x00,0x00,0x00,0x00,0x00,0x00,0x00,0x00,0x00,0x00,0x00,0x00,0x00,0x00,0x00,
    0x00,0x00,0x00,0x00,0x00,0x00,0x00,0x00,0x00,0x00,0x00,0x00,0x00,0x00,0x00,0x00,
    0x00,0x00,0x00,0x00,0x07,0xF8,0x1E,0x78,0x38,0x18,0x30,0x08,0x70,0x0C,0x60,0x00,
    0x60,0x00,0x60,0x00,0x60,0x00,0x70,0x00,0x70,0x00,0x30,0x00,0x38,0x0C,0x1F,0x78,
    0x07,0xE0,0x03,0x00,0x03,0xC0,0x00,0xC0,0x07,0xC0,0x00,0x00,0x00,0x00,0x00,0x00,
    0x00,0x00,0x00,0x00,0x00,0x00,0x00,0x00,0x00,0x00,0x00,0x00,0x0E,0x00,0x07,0x00,
    0x01,0x80,0x00,0x00,0x7F,0xE0,0x3C,0xF0,0x18,0x30,0x18,0x30,0x18,0x00,0x18,0x40,
    0x18,0xC0,0x1F,0xC0,0x1C,0xC0,0x18,0x40,0x18,0x00,0x18,0x10,0x18,0x10,0x18,0x70,
    0x7F,0xF0,0x00,0x00,0x00,0x00,0x00,0x00,0x00,0x00,0x00,0x00,0x00,0x00,0x00,0x00,
    0x00,0x00,0x00,0x00,0x00,0x00,0x00,0x00,0x00,0x00,0x00,0x80,0x03,0x80,0x07,0x80,
    0x04,0x00,0x00,0x00,0x7F,0xE0,0x3C,0xF0,0x18,0x30,0x18,0x30,0x18,0x00,0x18,0x40,
    0x18,0xC0,0x1F,0xC0,0x1C,0xC0,0x18,0x40,0x18,0x00,0x18,0x10,0x18,0x10,0x18,0x70,
    0x7F,0xF0,0x00,0x00,0x00,0x00,0x00,0x00,0x00,0x00,0x00,0x00,0x00,0x00,0x00,0x00,
    0x00,0x00,0x00,0x00,0x00,0x00,0x00,0x00,0x00,0x00,0x02,0x00,0x07,0x00,0x0F,0x80,
    0x18,0xC0,0x00,0x00,0x7F,0xE0,0x3C,0xF0,0x18,0x30,0x18,0x30,0x18,0x00,0x18,0x40,
    0x18,0xC0,0x1F,0xC0,0x1C,0xC0,0x18,0x40,0x18,0x00,0x18,0x10,0x18,0x10,0x18,0x70,
    0x7F,0xF0,0x00,0x00,0x00,0x00,0x00,0x00,0x00,0x00,0x00,0x00,0x00,0x00,0x00,0x00,
    0x00,0x00,0x00,0x00,0x00,0x00,0x00,0x00,0x00,0x00,0x00,0x00,0x1C,0xC0,0x1C,0xC0,
    0x1C,0xC0,0x00,0x00,0x7F,0xE0,0x3C,0xF0,0x18,0x30,0x18,0x30,0x18,0x00,0x18,0x40,
    0x18,0xC0,0x1F,0xC0,0x1C,0xC0,0x18,0x40,0x18,0x00,0x18,0x10,0x18,0x10,0x18,0x70,
    0x7F,0xF0,0x00,0x00,0x00,0x00,0x00,0x00,0x00,0x00,0x00,0x00,0x00,0x00,0x00,0x00,
    0x00,0x00,0x00,0x00,0x00,0x00,0x00,0x00,0x00,0x00,0x20,0x00,0x70,0x00,0x38,0x00,
    0x0C,0x00,0x00,0x00,0x7E,0x00,0x38,0x00,0x18,0x00,0x18,0x00,0x18,0x00,0x18,0x00,
    0x18,0x00,0x18,0x00,0x18,0x00,0x18,0x00,0x18,0x00,0x18,0x00,0x18,0x00,0x38,0x00,
    0x7E,0x00,0x00,0x00,0x00,0x00,0x00,0x00,0x00,0x00,0x00,0x00,0x00,0x00,0x00,0x00,
    0x00,0x00,0x00,0x00,0x00,0x00,0x00,0x00,0x00,0x00,0x04,0x00,0x0E,0x00,0x1C,0x00,
    0x30,0x00,0x00,0x00,0x7E,0x00,0x38,0x00,0x18,0x00,0x18,0x00,0x18,0x00,0x18,0x00,
    0x18,0x00,0x18,0x00,0x18,0x00,0x18,0x00,0x18,0x00,0x18,0x00,0x18,0x00,0x38,0x00,
    0x7E,0x00,0x00,0x00,0x00,0x00,0x00,0x00,0x00,0x00,0x00,0x00,0x00,0x00,0x00,0x00,
    0x00,0x00,0x00,0x00,0x00,0x00,0x00,0x00,0x00,0x00,0x18,0x00,0x3C,0x00,0x7E,0x00,
    0x42,0x00,0x00,0x00,0x7E,0x00,0x38,0x00,0x18,0x00,0x18,0x00,0x18,0x00,0x18,0x00,
    0x18,0x00,0x18,0x00,0x18,0x00,0x18,0x00,0x18,0x00,0x18,0x00,0x18,0x00,0x38,0x00,
    0x7E,0x00,0x00,0x00,0x00,0x00,0x00,0x00,0x00,0x00,0x00,0x00,0x00,0x00,0x00,0x00,
    0x00,0x00,0x00,0x00,0x00,0x00,0x00,0x00,0x00,0x00,0x00,0x00,0x73,0x00,0x73,0x00,
    0x73,0x00,0x00,0x00,0x3F,0x00,0x1C,0x00,0x0C,0x00,0x0C,0x00,0x0C,0x00,0x0C,0x00,
    0x0C,0x00,0x0C,0x00,0x0C,0x00,0x0C,0x00,0x0C,0x00,0x0C,0x00,0x0C,0x00,0x1C,0x00,
    0x3F,0x00,0x00,0x00,0x00,0x00,0x00,0x00,0x00,0x00,0x00,0x00,0x00,0x00,0x00,0x00,
    0x00,0x00,0x00,0x00,0x00,0x00,0x00,0x00,0x00,0x00,0x00,0x00,0x00,0x00,0x00,0x00,
    0x00,0x00,0x00,0x00,0x7F,0xE0,0x3C,0xF8,0x18,0x1C,0x18,0x0C,0x18,0x0E,0x18,0x06,
    0x18,0x06,0xFF,0x86,0x1C,0x06,0x18,0x0E,0x18,0x0E,0x18,0x0C,0x18,0x18,0x3C,0xF0,
    0x7F,0xC0,0x00,0x00,0x00,0x00,0x00,0x00,0x00,0x00,0x00,0x00,0x00,0x00,0x00,0x00,
    0x00,0x00,0x00,0x00,0x00,0x00,0x00,0x00,0x00,0x00,0x00,0x00,0x00,0x00,0x00,0x00,
    0x00,0x00,0x07,0x90,0x00,0x07,0xF0,0x00,0x00,0xE0,0x00,0x00,0x00,0x00,0x7C,0x1F,
    0x00,0x3E,0x0C,0x00,0x1E,0x04,0x00,0x17,0x04,0x00,0x17,0x04,0x00,0x13,0x84,0x00,
    0x11,0xC4,0x00,0x11,0xC4,0x00,0x10,0xE4,0x00,0x10,0xE4,0x00,0x10,0x74,0x00,0x10,
    0x3C,0x00,0x10,0x3C,0x00,0x30,0x1C,0x00,0x7C,0x0C,0x00,0x00,0x00,0x00,0x00,0x00,
    0x00,0x00,0x00,0x00,0x00,0x00,0x00,0x00,0x00,0x00,0x00,0x00,0x00,0x00,0x00,0x00,
    0x00,0x00,0x00,0x00,0x00,0x00,0x00,0x00,0x00,0x00,0x02,0x00,0x07,0x00,0x03,0x80,
    0x00,0xC0,0x00,0x00,0x07,0xE0,0x1E,0x78,0x38,0x1C,0x30,0x0C,0x70,0x0E,0x60,0x0E,
    0x60,0x06,0x60,0x06,0x60,0x06,0x70,0x06,0x70,0x0E,0x30,0x0C,0x38,0x1C,0x1E,0x78,
    0x07,0xE0,0x00,0x00,0x00,0x00,0x00,0x00,0x00,0x00,0x00,0x00,0x00,0x00,0x00,0x00,
    0x00,0x00,0x00,0x00,0x00,0x00,0x00,0x00,0x00,0x00,0x00,0x60,0x00,0xE0,0x01,0xC0,
    0x03,0x00,0x00,0x00,0x07,0xE0,0x1E,0x78,0x38,0x1C,0x30,0x0C,0x70,0x0E,0x60,0x0E,
    0x60,0x06,0x60,0x06,0x60,0x06,0x70,0x06,0x70,0x0E,0x30,0x0C,0x38,0x1C,0x1E,0x78,
    0x07,0xE0,0x00,0x00,0x00,0x00,0x00,0x00,0x00,0x00,0x00,0x00,0x00,0x00,0x00,0x00,
    0x00,0x00,0x00,0x00,0x00,0x00,0x00,0x00,0x00,0x00,0x01,0x80,0x03,0xC0,0x07,0xE0,
    0x04,0x30,0x00,0x00,0x07,0xE0,0x1E,0x78,0x38,0x1C,0x30,0x0C,0x70,0x0E,0x60,0x0E,
    0x60,0x06,0x60,0x06,0x60,0x06,0x70,0x06,0x70,0x0E,0x30,0x0C,0x38,0x1C,0x1E,0x78,
    0x07,0xE0,0x00,0x00,0x00,0x00,0x00,0x00,0x00,0x00,0x00,0x00,0x00,0x00,0x00,0x00,
    0x00,0x00,0x00,0x00,0x00,0x00,0x00,0x00,0x00,0x00,0x00,0x00,0x07,0x00,0x07,0xF0,
    0x00,0xE0,0x00,0x00,0x07,0xE0,0x1E,0x78,0x38,0x1C,0x30,0x0C,0x70,0x0E,0x60,0x0E,
    0x60,0x06,0x60,0x06,0x60,0x06,0x70,0x06,0x70,0x0E,0x30,0x0C,0x38,0x1C,0x1E,0x78,
    0x07,0xE0,0x00,0x00,0x00,0x00,0x00,0x00,0x00,0x00,0x00,0x00,0x00,0x00,0x00,0x00,
    0x00,0x00,0x00,0x00,0x00,0x00,0x00,0x00,0x00,0x00,0x06,0x60,0x06,0x60,0x06,0x60,
    0x00,0x00,0x00,0x00,0x07,0xE0,0x1E,0x78,0x38,0x1C,0x30,0x0C,0x70,0x0E,0x60,0x0E,
    0x60,0x06,0x60,0x06,0x60,0x06,0x70,0x06,0x70,0x0E,0x30,0x0C,0x38,0x1C,0x1E,0x78,
    0x07,0xE0,0x00,0x00,0x00,0x00,0x00,0x00,0x00,0x00,0x00,0x00,0x00,0x00,0x00,0x00,
    0x00,0x00,0x00,0x00,0x00,0x00,0x00,0x00,0x00,0x00,0x00,0x00,0x00,0x00,0x00,0x00,
    0x00,0x00,0x00,0x00,0x00,0x00,0x00,0x00,0x00,0x00,0x00,0x00,0x00,0x00,0x30,0xC0,
    0x19,0x80,0x0F,0x00,0x06,0x00,0x0F,0x00,0x19,0x80,0x30,0xC0,0x00,0x00,0x00,0x00,
    0x00,0x00,0x00,0x00,0x00,0x00,0x00,0x00,0x00,0x00,0x00,0x00,0x00,0x00,0x00,0x00,
    0x00,0x00,0x00,0x00,0x00,0x00,0x00,0x00,0x00,0x00,0x00,0x00,0x00,0x00,0x00,0x00,
    0x00,0x00,0x00,0x00,0x07,0xF6,0x1E,0x7C,0x38,0x1C,0x30,0x3C,0x70,0x3E,0x60,0x6E,
    0x60,0xC6,0x61,0x86,0x63,0x06,0x76,0x06,0x7C,0x0E,0x3C,0x0C,0x38,0x18,0x3F,0x78,
    0x67,0xE0,0x00,0x00,0x00,0x00,0x00,0x00,0x00,0x00,0x00,0x00,0x00,0x00,0x00,0x00,
    0x00,0x00,0x00,0x00,0x00,0x00,0x00,0x00,0x00,0x00,0x00,0x00,0x00,0x00,0x00,0x03,
    0x00,0x00,0x03,0x80,0x00,0x01,0xC0,0x00,0x00,0x60,0x00,0x00,0x00,0x00,0x7E,0x1F,
    0x00,0x38,0x0C,0x00,0x18,0x04,0x00,0x18,0x04,0x00,0x18,0x04,0x00,0x18,0x04,0x00,
    0x18,0x04,0x00,0x18,0x04,0x00,0x18,0x04,0x00,0x18,0x04,0x00,0x18,0x04,0x00,0x18,
    0x0C,0x00,0x1C,0x08,0x00,0x0F,0x38,0x00,0x07,0xE0,0x00,0x00,0x00,0x00,0x00,0x00,
    0x00,0x00,0x00,0x00,0x00,0x00,0x00,0x00,0x00,0x00,0x00,0x00,0x00,0x00,0x00,0x00,
    0x00,0x00,0x00,0x00,0x00,0x00,0x00,0x00,0x00,0x00,0x00,0x00,0x00,0x00,0x00,0x00,
    0x60,0x00,0x00,0xE0,0x00,0x01,0xC0,0x00,0x01,0x00,0x00,0x00,0x00,0x00,0x7E,0x1F,
    0x00,0x38,0x0C,0x00,0x18,0x04,0x00,0x18,0x04,0x00,0x18,0x04,0x00,0x18,0x04,0x00,
    0x18,0x04,0x00,0x18,0x04,0x00,0x18,0x04,0x00,0x18,0x04,0x00,0x18,0x04,0x00,0x18,
    0x0C,0x00,0x1C,0x08,0x00,0x0F,0x38,0x00,0x07,0xE0,0x00,0x00,0x00,0x00,0x00,0x00,
    0x00,0x00,0x00,0x00,0x00,0x00,0x00,0x00,0x00,0x00,0x00,0x00,0x00,0x00,0x00,0x00,
    0x00,0x00,0x00,0x00,0x00,0x00,0x00,0x00,0x00,0x00,0x00,0x00,0x00,0x00,0x00,0x00,
    0xC0,0x00,0x01,0xE0,0x00,0x03,0xF0,0x00,0x06,0x10,0x00,0x00,0x00,0x00,0x7E,0x1F,
    0x00,0x38,0x0C,0x00,0x18,0x04,0x00,0x18,0x04,0x00,0x18,0x04,0x00,0x18,0x04,0x00,
    0x18,0x04,0x00,0x18,0x04,0x00,0x18,0x04,0x00,0x18,0x04,0x00,0x18,0x04,0x00,0x18,
    0x0C,0x00,0x1C,0x08,0x00,0x0F,0x38,0x00,0x07,0xE0,0x00,0x00,0x00,0x00,0x00,0x00,
    0x00,0x00,0x00,0x00,0x00,0x00,0x00,0x00,0x00,0x00,0x00,0x00,0x00,0x00,0x00,0x00,
    0x00,0x00,0x00,0x00,0x00,0x00,0x00,0x00,0x00,0x00,0x00,0x00,0x00,0x00,0x00,0x03,
    0x30,0x00,0x03,0x30,0x00,0x03,0x30,0x00,0x00,0x00,0x00,0x00,0x00,0x00,0x7E,0x1F,
    0x00,0x38,0x0C,0x00,0x18,0x04,0x00,0x18,0x04,0x00,0x18,0x04,0x00,0x18,0x04,0x00,
    0x18,0x04,0x00,0x18,0x04,0x00,0x18,0x04,0x00,0x18,0x04,0x00,0x18,0x04,0x00,0x18,
    0x0C,0x00,0x1C,0x08,0x00,0x0F,0x38,0x00,0x07,0xE0,0x00,0x00,0x00,0x00,0x00,0x00,
    0x00,0x00,0x00,0x00,0x00,0x00,0x00,0x00,0x00,0x00,0x00,0x00,0x00,0x00,0x00,0x00,
    0x00,0x00,0x00,0x00,0x00,0x00,0x00,0x00,0x00,0x00,0x00,0x20,0x00,0xE0,0x01,0xE0,
    0x01,0x00,0x00,0x00,0x7E,0x3E,0x3C,0x1C,0x1C,0x18,0x0C,0x30,0x0E,0x30,0x07,0x60,
    0x07,0x60,0x03,0xC0,0x01,0x80,0x01,0x80,0x01,0x80,0x01,0x80,0x01,0x80,0x01,0x80,
    0x07,0xE0,0x00,0x00,0x00,0x00,0x00,0x00,0x00,0x00,0x00,0x00,0x00,0x00,0x00,0x00,
    0x00,0x00,0x00,0x00,0x00,0x00,0x00,0x00,0x00,0x00,0x00,0x00,0x00,0x00,0x00,0x00,
    0x00,0x00,0x00,0x00,0x7E,0x00,0x38,0x00,0x18,0x00,0x1F,0xC0,0x18,0xE0,0x18,0x70,
    0x18,0x30,0x18,0x30,0x18,0x30,0x18,0x70,0x18,0xE0,0x1F,0xC0,0x18,0x00,0x18,0x00,
    0x7E,0x00,0x00,0x00,0x00,0x00,0x00,0x00,0x00,0x00,0x00,0x00,0x00,0x00,0x00,0x00,
    0x00,0x00,0x00,0x00,0x00,0x00,0x00,0x00,0x00,0x00,0x00,0x00,0x00,0x00,0x00,0x00,
    0x00,0x00,0x07,0xE0,0x0E,0xF0,0x1C,0x30,0x18,0x30,0x18,0x60,0x18,0xC0,0x79,0xC0,
    0x19,0x80,0x19,0xC0,0x19,0xF0,0x18,0xF8,0x18,0x3C,0x1A,0x0C,0x1B,0x0C,0x3B,0xDC,
    0x7B,0xF8,0x00,0x00,0x00,0x00,0x00,0x00,0x00,0x00,0x00,0x00,0x00,0x00,0x00,0x00,
    0x00,0x00,0x00,0x00,0x00,0x00,0x00,0x00,0x00,0x00,0x00,0x00,0x00,0x00,0x00,0x00,
    0x00,0x00,0x18,0x00,0x18,0x00,0x0C,0x00,0x06,0x00,0x00,0x00,0x3F,0x00,0x77,0x80,
    0x61,0x80,0x61,0x80,0x01,0x80,0x1F,0x80,0x7B,0x80,0x61,0x80,0x63,0x80,0x77,0xE0,
    0x3D,0xE0,0x00,0x00,0x00,0x00,0x00,0x00,0x00,0x00,0x00,0x00,0x00,0x00,0x00,0x00,
    0x00,0x00,0x00,0x00,0x00,0x00,0x00,0x00,0x00,0x00,0x00,0x00,0x00,0x00,0x00,0x00,
    0x00,0x00,0x02,0x00,0x06,0x00,0x0C,0x00,0x08,0x00,0x00,0x00,0x3F,0x00,0x77,0x80,
    0x61,0x80,0x61,0x80,0x01,0x80,0x1F,0x80,0x79,0x80,0x61,0x80,0x63,0x80,0x77,0xE0,
    0x3D,0xE0,0x00,0x00,0x00,0x00,0x00,0x00,0x00,0x00,0x00,0x00,0x00,0x00,0x00,0x00,
    0x00,0x00,0x00,0x00,0x00,0x00,0x00,0x00,0x00,0x00,0x00,0x00,0x00,0x00,0x00,0x00,
    0x00,0x00,0x0C,0x00,0x1E,0x00,0x3B,0x00,0x21,0x00,0x00,0x00,0x3F,0x00,0x77,0x80,
    0x61,0x80,0x61,0x80,0x01,0x80,0x1F,0x80,0x7B,0x80,0x61,0x80,0x63,0x80,0x77,0xE0,
    0x3D,0xE0,0x00,0x00,0x00,0x00,0x00,0x00,0x00,0x00,0x00,0x00,0x00,0x00,0x00,0x00,
    0x00,0x00,0x00,0x00,0x00,0x00,0x00,0x00,0x00,0x00,0x00,0x00,0x00,0x00,0x00,0x00,
    0x00,0x00,0x18,0x00,0x3F,0x00,0x07,0x00,0x00,0x00,0x00,0x00,0x3F,0x00,0x77,0x80,
    0x61,0x80,0x61,0x80,0x01,0x80,0x1F,0x80,0x7B,0x80,0x61,0x80,0x63,0x80,0x77,0xE0,
    0x3D,0xE0,0x00,0x00,0x00,0x00,0x00,0x00,0x00,0x00,0x00,0x00,0x00,0x00,0x00,0x00,
    0x00,0x00,0x00,0x00,0x00,0x00,0x00,0x00,0x00,0x00,0x00,0x00,0x00,0x00,0x00,0x00,
    0x00,0x00,0x33,0x00,0x33,0x00,0x33,0x00,0x00,0x00,0x00,0x00,0x3F,0x00,0x77,0x80,
    0x61,0x80,0x61,0x80,0x01,0x80,0x1F,0x80,0x7B,0x80,0x61,0x80,0x63,0x80,0x77,0xE0,
    0x3D,0xE0,0x00,0x00,0x00,0x00,0x00,0x00,0x00,0x00,0x00,0x00,0x00,0x00,0x00,0x00,
    0x00,0x00,0x00,0x00,0x00,0x00,0x00,0x00,0x00,0x00,0x00,0x00,0x00,0x00,0x00,0x00,
    0x1E,0x00,0x1E,0x00,0x12,0x00,0x1E,0x00,0x00,0x00,0x00,0x00,0x3F,0x00,0x77,0x80,
    0x71,0x80,0x61,0x80,0x01,0x80,0x1F,0x80,0x7B,0x80,0x61,0x80,0x63,0x80,0x77,0xE0,
    0x3D,0xE0,0x00,0x00,0x00,0x00,0x00,0x00,0x00,0x00,0x00,0x00,0x00,0x00,0x00,0x00,
    0x00,0x00,0x00,0x00,0x00,0x00,0x00,0x00,0x00,0x00,0x00,0x00,0x00,0x00,0x00,0x00,
    0x00,0x00,0x00,0x00,0x00,0x00,0x00,0x00,0x00,0x00,0x00,0x00,0x00,0x00,0x00,0x00,
    0x00,0x00,0x00,0x00,0x00,0x00,0x00,0x00,0x00,0x00,0x3F,0x3E,0x00,0x77,0xEF,0x00,
    0x71,0xC3,0x00,0x21,0x83,0x00,0x01,0xFF,0x00,0x1F,0xC0,0x00,0x7D,0x80,0x00,0x71,
    0xC0,0x00,0x61,0xC0,0x00,0x77,0xF7,0x00,0x3E,0x7E,0x00,0x00,0x00,0x00,0x00,0x00,
    0x00,0x00,0x00,0x00,0x00,0x00,0x00,0x00,0x00,0x00,0x00,0x00,0x00,0x00,0x00,0x00,
    0x00,0x00,0x00,0x00,0x00,0x00,0x00,0x00,0x00,0x00,0x00,0x00,0x00,0x00,0x00,0x00,
    0x00,0x00,0x00,0x00,0x00,0x00,0x00,0x00,0x00,0x00,0x00,0x00,0x0F,0x80,0x3D,0xC0,
    0x30,0xC0,0x70,0xC0,0x60,0x00,0x60,0x00,0x60,0x00,0x70,0x00,0x70,0x00,0x3D,0xC0,
    0x1F,0x80,0x0C,0x00,0x07,0x00,0x03,0x00,0x0F,0x00,0x00,0x00,0x00,0x00,0x00,0x00,
    0x00,0x00,0x00,0x00,0x00,0x00,0x00,0x00,0x00,0x00,0x00,0x00,0x00,0x00,0x00,0x00,
    0x00,0x00,0x08,0x00,0x0C,0x00,0x06,0x00,0x02,0x00,0x00,0x00,0x1F,0x80,0x3B,0xC0,
    0x30,0xC0,0x60,0xC0,0x7F,0xC0,0x60,0x00,0x60,0x00,0x70,0x00,0x70,0x40,0x3D,0xC0,
    0x1F,0x80,0x00,0x00,0x00,0x00,0x00,0x00,0x00,0x00,0x00,0x00,0x00,0x00,0x00,0x00,
    0x00,0x00,0x00,0x00,0x00,0x00,0x00,0x00,0x00,0x00,0x00,0x00,0x00,0x00,0x00,0x00,
    0x00,0x00,0x03,0x00,0x07,0x00,0x06,0x00,0x0C,0x00,0x00,0x00,0x1F,0x80,0x3B,0xC0,
    0x30,0xC0,0x60,0xC0,0x7F,0xC0,0x60,0x00,0x60,0x00,0x70,0x00,0x70,0x40,0x3D,0xC0,
    0x1F,0x80,0x00,0x00,0x00,0x00,0x00,0x00,0x00,0x00,0x00,0x00,0x00,0x00,0x00,0x00,
    0x00,0x00,0x00,0x00,0x00,0x00,0x00,0x00,0x00,0x00,0x00,0x00,0x00,0x00,0x00,0x00,
    0x00,0x00,0x06,0x00,0x0F,0x00,0x1B,0x80,0x10,0x80,0x00,0x00,0x1F,0x80,0x3B,0xC0,
    0x30,0xC0,0x60,0xC0,0x7F,0xC0,0x70,0x00,0x60,0x00,0x70,0x00,0x70,0x40,0x3D,0xC0,
    0x1F,0x80,0x00,0x00,0x00,0x00,0x00,0x00,0x00,0x00,0x00,0x00,0x00,0x00,0x00,0x00,
    0x00,0x00,0x00,0x00,0x00,0x00,0x00,0x00,0x00,0x00,0x00,0x00,0x00,0x00,0x00,0x00,
    0x00,0x00,0x19,0x80,0x19,0x80,0x19,0x80,0x00,0x00,0x00,0x00,0x1F,0x80,0x3B,0xC0,
    0x30,0xC0,0x60,0xC0,0x7F,0xC0,0x70,0x00,0x60,0x00,0x70,0x00,0x70,0x40,0x3D,0xC0,
    0x1F,0x80,0x00,0x00,0x00,0x00,0x00,0x00,0x00,0x00,0x00,0x00,0x00,0x00,0x00,0x00,
    0x00,0x00,0x00,0x00,0x00,0x00,0x00,0x00,0x00,0x60,0x70,0x38,0x08,0x00,0x78,0x38,
    0x18,0x18,0x18,0x18,0x18,0x18,0x18,0x3C,0x7E,0x00,0x00,0x00,0x00,0x00,0x00,0x00,
    0x00,0x00,0x00,0x00,0x00,0x00,0x00,0x00,0x00,0x0C,0x1C,0x30,0x20,0x00,0x78,0x38,
    0x18,0x18,0x18,0x18,0x18,0x18,0x18,0x3C,0x7E,0x00,0x00,0x00,0x00,0x00,0x00,0x00,
    0x00,0x00,0x00,0x00,0x00,0x00,0x00,0x00,0x00,0x30,0x78,0xCC,0x84,0x00,0x78,0x38,
    0x18,0x18,0x18,0x18,0x18,0x18,0x18,0x3C,0x7E,0x00,0x00,0x00,0x00,0x00,0x00,0x00,
    0x00,0x00,0x00,0x00,0x00,0x00,0x00,0x00,0x00,0xC6,0xC6,0xC6,0x00,0x00,0x78,0x38,
    0x18,0x18,0x18,0x18,0x18,0x18,0x18,0x3C,0x7E,0x00,0x00,0x00,0x00,0x00,0x00,0x00,
    0x00,0x00,0x00,0x00,0x00,0x00,0x00,0x00,0x00,0x00,0x00,0x00,0x00,0x00,0x00,0x00,
    0x00,0x00,0x1E,0xC0,0x07,0x80,0x07,0xC0,0x04,0xC0,0x00,0xE0,0x1F,0x60,0x3D,0xE0,
    0x70,0xE0,0x70,0x60,0x60,0x60,0x60,0x60,0x60,0x60,0x70,0x60,0x70,0xC0,0x3D,0xC0,
    0x1F,0x00,0x00,0x00,0x00,0x00,0x00,0x00,0x00,0x00,0x00,0x00,0x00,0x00,0x00,0x00,
    0x00,0x00,0x00,0x00,0x00,0x00,0x00,0x00,0x00,0x00,0x00,0x00,0x00,0x00,0x00,0x00,
    0x00,0x00,0x06,0x40,0x0F,0xC0,0x09,0x80,0x00,0x00,0x00,0x00,0x7B,0xC0,0x3E,0xE0,
    0x1C,0x60,0x18,0x60,0x18,0x60,0x18,0x60,0x18,0x60,0x18,0x60,0x18,0x60,0x38,0x70,
    0x7C,0xF8,0x00,0x00,0x00,0x00,0x00,0x00,0x00,0x00,0x00,0x00,0x00,0x00,0x00,0x00,
    0x00,0x00,0x00,0x00,0x00,0x00,0x00,0x00,0x00,0x00,0x00,0x00,0x00,0x00,0x00,0x00,
    0x00,0x00,0x0C,0x00,0x0C,0x00,0x06,0x00,0x03,0x00,0x00,0x00,0x0F,0x80,0x3B,0xC0,
    0x30,0xE0,0x70,0xE0,0x60,0x60,0x60,0x60,0x60,0x60,0x70,0x60,0x70,0xE0,0x3D,0xC0,
    0x1F,0x80,0x00,0x00,0x00,0x00,0x00,0x00,0x00,0x00,0x00,0x00,0x00,0x00,0x00,0x00,
    0x00,0x00,0x00,0x00,0x00,0x00,0x00,0x00,0x00,0x00,0x00,0x00,0x00,0x00,0x00,0x00,
    0x00,0x00,0x03,0x00,0x03,0x00,0x06,0x00,0x04,0x00,0x00,0x00,0x0F,0x80,0x3B,0xC0,
    0x30,0xE0,0x70,0xE0,0x60,0x60,0x60,0x60,0x60,0x60,0x70,0x60,0x70,0xE0,0x3D,0xC0,
    0x1F,0x80,0x00,0x00,0x00,0x00,0x00,0x00,0x00,0x00,0x00,0x00,0x00,0x00,0x00,0x00,
    0x00,0x00,0x00,0x00,0x00,0x00,0x00,0x00,0x00,0x00,0x00,0x00,0x00,0x00,0x00,0x00,
    0x00,0x00,0x06,0x00,0x0F,0x00,0x0D,0x80,0x10,0x80,0x00,0x00,0x0F,0x80,0x3B,0xC0,
    0x30,0xE0,0x70,0xE0,0x60,0x60,0x60,0x60,0x60,0x60,0x70,0x60,0x70,0xE0,0x3D,0xC0,
    0x1F,0x80,0x00,0x00,0x00,0x00,0x00,0x00,0x00,0x00,0x00,0x00,0x00,0x00,0x00,0x00,
    0x00,0x00,0x00,0x00,0x00,0x00,0x00,0x00,0x00,0x00,0x00,0x00,0x00,0x00,0x00,0x00,
    0x00,0x00,0x0C,0x00,0x1F,0x80,0x03,0x80,0x00,0x00,0x00,0x00,0x0F,0x80,0x3B,0xC0,
    0x30,0xE0,0x70,0xE0,0x60,0x60,0x60,0x60,0x60,0x60,0x70,0x60,0x70,0xE0,0x3D,0xC0,
    0x1F,0x80,0x00,0x00,0x00,0x00,0x00,0x00,0x00,0x00,0x00,0x00,0x00,0x00,0x00,0x00,
    0x00,0x00,0x00,0x00,0x00,0x00,0x00,0x00,0x00,0x00,0x00,0x00,0x00,0x00,0x00,0x00,
    0x00,0x00,0x19,0x80,0x19,0x80,0x19,0x80,0x00,0x00,0x00,0x00,0x0F,0x80,0x3B,0xC0,
    0x30,0xE0,0x70,0xE0,0x60,0x60,0x60,0x60,0x60,0x60,0x70,0x60,0x70,0xE0,0x3D,0xC0,
    0x1F,0x80,0x00,0x00,0x00,0x00,0x00,0x00,0x00,0x00,0x00,0x00,0x00,0x00,0x00,0x00,
    0x00,0x00,0x00,0x00,0x00,0x00,0x00,0x00,0x00,0x00,0x00,0x00,0x00,0x00,0x00,0x00,
    0x00,0x00,0x00,0x00,0x00,0x00,0x00,0x00,0x00,0x00,0x00,0x00,0x07,0x00,0x07,0x00,
    0x07,0x00,0x00,0x00,0x3F,0xE0,0x00,0x00,0x00,0x00,0x07,0x00,0x07,0x00,0x07,0x00,
    0x00,0x00,0x00,0x00,0x00,0x00,0x00,0x00,0x00,0x00,0x00,0x00,0x00,0x00,0x00,0x00,
    0x00,0x00,0x00,0x00,0x00,0x00,0x00,0x00,0x00,0x00,0x00,0x00,0x00,0x00,0x00,0x00,
    0x00,0x00,0x00,0x00,0x00,0x00,0x00,0x00,0x00,0x00,0x00,0x00,0x0F,0xE0,0x3B,0xC0,
    0x31,0xE0,0x71,0xE0,0x63,0x60,0x66,0x60,0x6C,0x60,0x78,0x60,0x70,0xE0,0x7D,0xC0,
    0xDF,0x80,0x00,0x00,0x00,0x00,0x00,0x00,0x00,0x00,0x00,0x00,0x00,0x00,0x00,0x00,
    0x00,0x00,0x00,0x00,0x00,0x00,0x00,0x00,0x00,0x00,0x00,0x00,0x00,0x00,0x00,0x00,
    0x00,0x00,0x0C,0x00,0x0E,0x00,0x06,0x00,0x03,0x00,0x00,0x00,0x70,0xE0,0xF1,0xE0,
    0x30,0x60,0x30,0x60,0x30,0x60,0x30,0x60,0x30,0x60,0x30,0x60,0x30,0xE0,0x3D,0xE0,
    0x1F,0x78,0x00,0x00,0x00,0x00,0x00,0x00,0x00,0x00,0x00,0x00,0x00,0x00,0x00,0x00,
    0x00,0x00,0x00,0x00,0x00,0x00,0x00,0x00,0x00,0x00,0x00,0x00,0x00,0x00,0x00,0x00,
    0x00,0x00,0x01,0x80,0x03,0x80,0x07,0x00,0x04,0x00,0x00,0x00,0x70,0xE0,0xF1,0xE0,
    0x30,0x60,0x30,0x60,0x30,0x60,0x30,0x60,0x30,0x60,0x30,0x60,0x30,0xE0,0x3D,0xE0,
    0x1F,0x78,0x00,0x00,0x00,0x00,0x00,0x00,0x00,0x00,0x00,0x00,0x00,0x00,0x00,0x00,
    0x00,0x00,0x00,0x00,0x00,0x00,0x00,0x00,0x00,0x00,0x00,0x00,0x00,0x00,0x00,0x00,
    0x00,0x00,0x06,0x00,0x0F,0x00,0x0D,0x80,0x18,0x80,0x00,0x00,0x70,0xE0,0xF1,0xE0,
    0x30,0x60,0x30,0x60,0x30,0x60,0x30,0x60,0x30,0x60,0x30,0x60,0x30,0xE0,0x3D,0xE0,
    0x1F,0x78,0x00,0x00,0x00,0x00,0x00,0x00,0x00,0x00,0x00,0x00,0x00,0x00,0x00,0x00,
    0x00,0x00,0x00,0x00,0x00,0x00,0x00,0x00,0x00,0x00,0x00,0x00,0x00,0x00,0x00,0x00,
    0x00,0x00,0x19,0x80,0x19,0x80,0x19,0x80,0x00,0x00,0x00,0x00,0xF1,0xE0,0x70,0xE0,
    0x30,0x60,0x30,0x60,0x30,0x60,0x30,0x60,0x30,0x60,0x30,0x60,0x30,0xE0,0x3D,0xE0,
    0x1F,0x78,0x00,0x00,0x00,0x00,0x00,0x00,0x00,0x00,0x00,0x00,0x00,0x00,0x00,0x00,
    0x00,0x00,0x00,0x00,0x00,0x00,0x00,0x00,0x00,0x00,0x00,0x00,0x00,0x00,0x00,0x00,
    0x00,0x00,0x00,0x80,0x01,0x80,0x03,0x00,0x02,0x00,0x00,0x00,0x7E,0xF0,0x38,0x70,
    0x18,0x60,0x1C,0x60,0x0C,0x40,0x0C,0xC0,0x0E,0xC0,0x07,0x80,0x07,0x80,0x03,0x00,
    0x03,0x00,0x03,0x00,0x06,0x00,0x66,0x00,0x6C,0x00,0x78,0x00,0x00,0x00,0x00,0x00,
    0x00,0x00,0x00,0x00,0x00,0x00,0x00,0x00,0x00,0x00,0x00,0x00,0x00,0x00,0x00,0x00,
    0x00,0x00,0x78,0x00,0x38,0x00,0x18,0x00,0x18,0x00,0x18,0x00,0x1B,0xC0,0x1E,0xE0,
    0x1C,0x70,0x18,0x30,0x18,0x30,0x18,0x30,0x18,0x30,0x18,0x30,0x18,0x70,0x1E,0xE0,
    0x1F,0xC0,0x18,0x00,0x18,0x00,0x18,0x00,0x3C,0x00,0x7E,0x00,0x00,0x00,0x00,0x00,
    0x00,0x00,0x00,0x00,0x00,0x00,0x00,0x00,0x00,0x00,0x00,0x00,0x00,0x00,0x00,0x00,
    0x00,0x00,0x0C,0x60,0x0C,0x60,0x0C,0x60,0x00,0x00,0x00,0x00,0x7C,0x70,0x38,0x30,
    0x38,0x20,0x18,0x20,0x1C,0x40,0x0C,0x40,0x0C,0xC0,0x0F,0x80,0x07,0x80,0x07,0x00,
    0x07,0x00,0x07,0x00,0x06,0x00,0x6E,0x00,0x6C,0x00,0x78,0x00,0x00,0x00,0x00,0x00,
    0x00,0x00,0x00,0x00,0x00,0x00,0x00,0x00,0x00,0x00,0x00,0x00,0x00,0x00,0x00,0x00,
    0x00,0x00,0x00,0x00,0x00,0x00,0x00,0x00,0x00,0x00,0x00,0x00,0x00,0x00,0x07,0xE7,
    0xF8,0x1E,0x7E,0x38,0x38,0x1E,0x18,0x30,0x0E,0x08,0x70,0x0E,0x00,0x60,0x0E,0x30,
    0x60,0x06,0x30,0x60,0x07,0xF0,0x60,0x06,0x30,0x70,0x06,0x30,0x70,0x0E,0x00,0x30,
    0x0E,0x0C,0x38,0x1E,0x0C,0x1E,0x3E,0x1C,0x07,0xE7,0xFC,0x00,0x00,0x00,0x00,0x00,
    0x00,0x00,0x00,0x00,0x00,0x00,0x00,0x00,0x00,0x00,0x00,0x00,0x00,0x00,0x00,0x00,
    0x00,0x00,0x00,0x00,0x00,0x00,0x00,0x00,0x00,0x00,0x00,0x00,0x00,0x00,0x00,0x00,
    0x00,0x00,0x00,0x00,0x00,0x00,0x00,0x00,0x00,0x00,0x00,0x00,0x00,0x00,0x00,0x00,
    0x00,0x00,0x00,0x00,0x00,0x00,0x00,0x00,0x00,0x00,0x0F,0x9F,0x80,0x3B,0xFB,0xC0,
    0x30,0xF0,0xC0,0x60,0xF0,0xC0,0x60,0x7F,0xC0,0x60,0x70,0x00,0x60,0x60,0x00,0x70,
    0x70,0x00,0x70,0xF0,0x40,0x3D,0xFD,0xC0,0x1F,0x9F,0x80,0x00,0x00,0x00,0x00,0x00,
    0x00,0x00,0x00,0x00,0x00,0x00,0x00,0x00,0x00,0x00,0x00,0x00,0x00,0x00,0x00,0x00,
    0x00,0x00,0x00,0x00,0x00,0x00,0x00,0x00,0x00,0x00,0x18,0x40,0x0D,0xC0,0x07,0x80,
    0x03,0x00,0x00,0x00,0x0F,0xA0,0x1D,0xF0,0x38,0x70,0x30,0x30,0x38,0x00,0x3C,0x00,
    0x1F,0x00,0x0F,0xC0,0x01,0xF0,0x00,0x70,0x20,0x30,0x60,0x30,0x70,0x70,0x3C,0xE0,
    0x2F,0xC0,0x00,0x00,0x00,0x00,0x00,0x00,0x00,0x00,0x00,0x00,0x00,0x00,0x00,0x00,
    0x00,0x00,0x00,0x00,0x00,0x00,0x00,0x00,0x00,0x00,0x00,0x00,0x00,0x00,0x00,0x00,
    0x21,0x00,0x33,0x00,0x1E,0x00,0x1C,0x00,0x08,0x00,0x00,0x00,0x3F,0x80,0x7F,0x80,
    0x61,0x80,0x70,0x00,0x7C,0x00,0x3F,0x00,0x07,0x80,0x41,0x80,0x61,0x80,0x77,0x80,
    0x7F,0x00,0x00,0x00,0x00,0x00,0x00,0x00,0x00,0x00,0x00,0x00,0x00,0x00,0x00,0x00,
    0x00,0x00,0x00,0x00,0x00,0x00,0x00,0x00,0x00,0x00,0x00,0x00,0x06,0x30,0x06,0x30,
    0x06,0x30,0x00,0x00,0x7E,0x3E,0x3C,0x1C,0x1C,0x18,0x0C,0x30,0x0E,0x30,0x06,0x60,
    0x07,0x60,0x03,0xC0,0x01,0x80,0x01,0x80,0x01,0x80,0x01,0x80,0x01,0x80,0x01,0x80,
    0x07,0xE0,0x00,0x00,0x00,0x00,0x00,0x00,0x00,0x00,0x00,0x00,0x00,0x00,0x00,0x00,
    0x00,0x00,0x00,0x00,0x00,0x00,0x00,0x00,0x00,0x00,0x08,0x60,0x0E,0xC0,0x07,0x80,
    0x03,0x00,0x00,0x00,0x3F,0xF8,0x38,0x38,0x30,0x70,0x30,0x70,0x00,0xE0,0x01,0xC0,
    0x01,0xC0,0x03,0x80,0x07,0x00,0x0E,0x00,0x0E,0x00,0x1C,0x08,0x38,0x18,0x38,0x38,
    0x7F,0xF8,0x00,0x00,0x00,0x00,0x00,0x00,0x00,0x00,0x00,0x00,0x00,0x00,0x00,0x00,
    0x00,0x00,0x00,0x00,0x00,0x00,0x00,0x00,0x00,0x00,0x00,0x00,0x00,0x00,0x00,0x00,
    0x21,0x00,0x33,0x00,0x1E,0x00,0x0E,0x00,0x04,0x00,0x00,0x00,0x7F,0xC0,0x73,0x80,
    0x63,0x80,0x47,0x00,0x06,0x00,0x0E,0x00,0x1C,0x00,0x18,0xC0,0x30,0xC0,0x71,0xC0,
    0x7F,0xC0,0x00,0x00,0x00,0x00,0x00,0x00,0x00,0x00,0x00,0x00,0x00,0x00,0x00,0x00,
    0x00,0x00,0x00,0x00,0x00,0x00,0x00,0x00,0x00,0x00,0x00,0x00,0x00,0x00,0x00,0x00,
    0x00,0x00,0x00,0x00,0x00,0x00,0x00,0x00,0x00,0x00,0x00,0x00,0x00,0x00,0x00,0x00,
    0x00,0x00,0x00,0x00,0x00,0x00,0x7F,0xC0,0x00,0x00,0x00,0x00,0x00,0x00,0x00,0x00,
    0x00,0x00,0x00,0x00,0x00,0x00,0x00,0x00,0x00,0x00,0x00,0x00,0x00,0x00,0x00,0x00,
    0x00,0x00,0x00,0x00,0x00,0x00,0x00,0x00,0x00,0x00,0x00,0x00,0x00,0x00,0x00,0x00,
    0x00,0x00,0x00,0x00,0x00,0x00,0x00,0x00,0x00,0x00,0x00,0x00,0x00,0x00,0x00,0x00,
    0x00,0x00,0x00,0x00,0x00,0x00,0x00,0x00,0x00,0x00,0x00,0x00,0x00,0x00,0x00,0x00,
    0x00,0x00,0x00,0x00,0x00,0x00,0x00,0x00,0x00,0x7F,0xFF,0xF8,0x00,0x00,0x00,0x00,
    0x00,0x00,0x00,0x00,0x00,0x00,0x00,0x00,0x00,0x00,0x00,0x00,0x00,0x00,0x00,0x00,
    0x00,0x00,0x00,0x00,0x00,0x00,0x00,0x00,0x00,0x00,0x00,0x00,0x00,0x00,0x00,0x00,
    0x00,0x00,0x00,0x00,0x00,0x00,0x00,0x00,0x08,0x10,0x30,0x38,0x38,0x38,0x00,0x00,
    0x00,0x00,0x00,0x00,0x00,0x00,0x00,0x00,0x00,0x00,0x00,0x00,0x00,0x00,0x00,0x00,
    0x00,0x00,0x00,0x00,0x00,0x00,0x00,0x00,0x00,0x38,0x38,0x38,0x18,0x10,0x20,0x00,
    0x00,0x00,0x00,0x00,0x00,0x00,0x00,0x00,0x00,0x00,0x00,0x00,0x00,0x00,0x00,0x00,
    0x00,0x00,0x00,0x00,0x00,0x00,0x00,0x00,0x00,0x00,0x00,0x00,0x00,0x00,0x00,0x00,
    0x08,0x80,0x11,0x00,0x33,0x00,0x3B,0x80,0x3B,0x80,0x3B,0x80,0x00,0x00,0x00,0x00,
    0x00,0x00,0x00,0x00,0x00,0x00,0x00,0x00,0x00,0x00,0x00,0x00,0x00,0x00,0x00,0x00,
    0x00,0x00,0x00,0x00,0x00,0x00,0x00,0x00,0x00,0x00,0x00,0x00,0x00,0x00,0x00,0x00,
    0x00,0x00,0x00,0x00,0x00,0x00,0x00,0x00,0x00,0x00,0x00,0x00,0x00,0x00,0x00,0x00,
    0x00,0x00,0x3B,0x80,0x3B,0x80,0x3B,0x80,0x19,0x80,0x11,0x00,0x22,0x00,0x00,0x00,
    0x00,0x00,0x00,0x00,0x00,0x00,0x00,0x00,0x00,0x00,0x00,0x00,0x00,0x00,0x00,0x00,
    0x00,0x00,0x00,0x00,0x00,0x00,0x00,0x00,0x00,0x00,0x00,0x00,0x00,0x00,0x00,0x00,
    0x00,0x00,0x00,0x00,0x00,0x00,0x00,0x00,0x00,0x00,0x00,0x00,0x00,0x00,0x00,0x00,
    0x00,0x3C,0x3C,0x3C,0x3C,0x00,0x00,0x00,0x00,0x00,0x00,0x00,0x00,0x00,0x00,0x00,
    0x00,0x00,0x00,0x00,0x00,0x00,0x00,0x00,0x00,0x00,0x00,0x00,0x00,0x00,0x00,0x00,
    0x00,0x00,0x00,0x00,0x00,0x00,0x00,0x00,0x00,0x00,0x00,0x00,0x00,0x00,0x00,0x00,
    0x00,0x00,0x00,0x00,0x00,0x00,0x00,0x00,0x00,0x00,0x00,0x00,0x00,0x00,0x00,0x00,
    0x00,0x00,0x00,0x00,0x00,0x00,0x00,0x00,0x00,0x00,0x00,0x00,0x00,0x00,0x00,0x00,
    0x00,0x00,0x70,0xE1,0xC0,0x70,0xE1,0xC0,0x70,0xE1,0xC0,0x00,0x00,0x00,0x00,0x00,
    0x00,0x00,0x00,0x00,0x00,0x00,0x00,0x00,0x00,0x00,0x00,0x00,0x00,0x00,0x00,0x00,
    0x00,0x00,0x00,0x00,0x00,0x00,0x00,0x00,0x00,0x00,0x00,0x00,0x00,0x00,0x00,0x00,
    0x00,0x00,0x00,0x00,0x00,0x00,0x00,0x00,0x00,0x00,0x00,0x00,0x00,0x00,0x78,0x04,
    0x00,0x78,0x0C,0x00,0x18,0x08,0x00,0x18,0x18,0x00,0x18,0x10,0x00,0x18,0x37,0xC0,
    0x18,0x6E,0xE0,0x18,0x6C,0x60,0x7E,0xC0,0xE0,0x7E,0xC1,0x80,0x01,0x81,0xE0,0x01,
    0x00,0x60,0x03,0x00,0x60,0x02,0x0F,0xE0,0x06,0x07,0xC0,0x00,0x00,0x00,0x00,0x00,
    0x00,0x00,0x00,0x00,0x00,0x00,0x00,0x00,0x00,0x00,0x00,0x00,0x00,0x00,0x00,0x00,
    0x00,0x00,0x00,0x00,0x00,0x00,0x00,0x00,0x00,0x00,0x00,0x00,0x00,0x00,0x00,0x00,
    0x00,0x00,0x00,0x00,0x00,0x00,0x00,0x00,0x00,0x00,0x00,0x00,0x00,0x00,0x3E,0x03,
    0x00,0x77,0x02,0x00,0x63,0x06,0x00,0x03,0x0C,0x00,0x06,0x0C,0x00,0x0C,0x1B,0xE0,
    0x18,0x1F,0x70,0x33,0x32,0x30,0x7F,0x20,0x30,0x3F,0x60,0xE0,0x00,0xC0,0x70,0x00,
    0xC0,0x30,0x01,0x80,0x30,0x01,0x87,0x70,0x03,0x03,0xE0,0x00,0x00,0x00,0x00,0x00,
    0x00,0x00,0x00,0x00,0x00,0x00,0x00,0x00,0x00,0x00,0x00,0x00,0x00,0x00,0x00,0x00,
    0x00,0x00,0x00,0x00,0x00,0x00,0x00,0x00,0x00,0x00,0x00,0x00,0x00,0x00,0x00,0x00,
    0x00,0x00,0x00,0x00,0x00,0x00,0x00,0x00,0x00,0x00,0x00,0x00,0x00,0x00,0x78,0x06,
    0x00,0x78,0x04,0x00,0x18,0x0C,0x00,0x18,0x18,0x00,0x18,0x10,0x00,0x18,0x37,0xC0,
    0x18,0x2E,0xE0,0x18,0x6C,0x60,0x3C,0x4E,0x60,0x7E,0xC7,0xC0,0x01,0x87,0xE0,0x01,
    0x0C,0x70,0x03,0x0C,0x30,0x02,0x0F,0x70,0x06,0x07,0xE0,0x00,0x00,0x00,0x00,0x00,
    0x00,0x00,0x00,0x00,0x00,0x00,0x00,0x00,0x00,0x00,0x00,0x00,0x00,0x00,0x00,0x00,
    0x00,0x00,0x00,0x00,0x00,0x00,0x00,0x00,0x00,0x00,0x00,0x00,0x00,0x00,0x00,0x00,
    0x00,0x00,0x00,0x00,0x00,0x00,0x00,0x00,0x00,0x00,0x00,0x00,0x00,0x00,0x3E,0x07,
    0x00,0x77,0x06,0x00,0x63,0x0C,0x00,0x07,0x0C,0x00,0x1C,0x18,0x00,0x07,0x1B,0xE0,
    0x03,0x37,0x70,0x03,0x66,0x30,0x67,0x67,0x70,0x3E,0xC3,0xE0,0x00,0xC3,0xE0,0x01,
    0x8E,0x70,0x01,0x0C,0x30,0x03,0x0F,0x70,0x06,0x07,0xE0,0x00,0x00,0x00,0x00,0x00,
    0x00,0x00,0x00,0x00,0x00,0x00,0x00,0x00,0x00,0x00,0x00,0x00,0x00,0x00,0x00,0x00,
    0x00,0x00,0x00,0x00,0x00,0x00,0x00,0x00,0x00,0x00,0x00,0x00,0x00,0x00,0x00,0x00,
    0x00,0x00,0x00,0x00,0x00,0x00,0x00,0x00,0x00,0x00,0x00,0x00,0x00,0x00,0x3F,0x07,
    0x00,0x20,0x06,0x00,0x20,0x0C,0x00,0x60,0x0C,0x00,0x7E,0x18,0x00,0x2F,0x1B,0xE0,
    0x03,0x37,0x70,0x03,0x66,0x30,0x67,0x67,0x70,0x3E,0xC3,0xE0,0x00,0xC3,0xE0,0x01,
    0x8E,0x70,0x03,0x0C,0x30,0x03,0x0F,0x70,0x06,0x07,0xE0,0x00,0x00,0x00,0x00,0x00,
    0x00,0x00,0x00,0x00,0x00,0x00,0x00,0x00,0x00,0x00,0x00,0x00,0x00,0x00,0x00,0x00,
    0x00,0x00,0x00,0x00,0x00,0x00,0x00,0x00,0x00,0x00,0x00,0x00,0x00,0x00,0x00,0x00,
    0x00,0x00,0x00,0x00,0x00,0x00,0x00,0x00,0x00,0x00,0x00,0x00,0x00,0x00,0xFE,0x18,
    0x00,0xC6,0x10,0x00,0x8C,0x30,0x00,0x0C,0x20,0x00,0x18,0x60,0x00,0x18,0xDF,0x80,
    0x38,0xB9,0xC0,0x31,0xB0,0xC0,0x31,0x39,0xC0,0x33,0x1F,0x80,0x06,0x1F,0xC0,0x06,
    0x31,0xC0,0x0C,0x30,0xC0,0x0C,0x3D,0xC0,0x18,0x1F,0x80,0x00,0x00,0x00,0x00,0x00,
    0x00,0x00,0x00,0x00,0x00,0x00,0x00,0x00,0x00,0x00,0x00,0x00,0x00,0x00,0x00,0x00,
};
const FontGlyph FONT_LIT_32_REG_GLYPHS[187] PROGMEM = {
    {4, 0},
    {7, 32},
    {8, 64},
    {14, 96},
    {12, 160},
    {18, 224},
    {17, 320},
    {5, 416},
    {7, 448},
    {7, 480},
    {9, 512},
    {12, 576},
    {7, 640},
    {7, 672},
    {7, 704},
    {9, 736},
    {12, 800},
    {9, 864},
    {11, 928},
    {11, 992},
    {12, 1056},
    {11, 1120},
    {11, 1184},
    {11, 1248},
    {12, 1312},
    {11, 1376},
    {7, 1440},
    {7, 1472},
    {12, 1504},
    {12, 1568},
    {12, 1632},
    {11, 1696},
    {18, 1760},
    {15, 1856},
    {14, 1920},
    {15, 1984},
    {16, 2048},
    {13, 2112},
    {13, 2176},
    {16, 2240},
    {18, 2304},
    {9, 2400},
    {12, 2464},
    {16, 2528},
    {13, 2592},
    {21, 2656},
    {18, 2752},
    {16, 2848},
    {13, 2912},
    {16, 2976},
    {15, 3040},
    {13, 3104},
    {15, 3168},
    {17, 3232},
    {15, 3328},
    {23, 3392},
    {15, 3488},
    {15, 3552},
    {14, 3616},
    {7, 3680},
    {9, 3712},
    {7, 3776},
    {12, 3808},
    {10, 3872},
    {10, 3936},
    {11, 4000},
    {13, 4064},
    {10, 4128},
    {13, 4192},
    {11, 4256},
    {8, 4320},
    {12, 4352},
    {14, 4416},
    {7, 4480},
    {6, 4512},
    {13, 4544},
    {7, 4608},
    {20, 4640},
    {14, 4736},
    {12, 4800},
    {13, 4864},
    {13, 4928},
    {10, 4992},
    {9, 5056},
    {8, 5120},
    {13, 5152},
    {12, 5216},
    {18, 5280},
    {12, 5376},
    {12, 5440},
    {10, 5504},
    {8, 5568},
    {9, 5600},
    {8, 5664},
    {12, 5696},
    {7, 5760},
    {8, 5792},
    {9, 5824},
    {7, 5888},
    {19, 5920},
    {20, 6016},
    {20, 6112},
    {15, 6208},
    {15, 6272},
    {15, 6336},
    {15, 6400},
    {15, 6464},
    {15, 6528},
    {21, 6592},
    {15, 6688},
    {13, 6752},
    {13, 6816},
    {13, 6880},
    {13, 6944},
    {9, 7008},
    {9, 7072},
    {9, 7136},
    {9, 7200},
    {16, 7264},
    {18, 7328},
    {16, 7424},
    {16, 7488},
    {16, 7552},
    {16, 7616},
    {16, 7680},
    {12, 7744},
    {16, 7808},
    {17, 7872},
    {17, 7968},
    {17, 8064},
    {17, 8160},
    {15, 8256},
    {13, 8320},
    {14, 8384},
    {11, 8448},
    {11, 8512},
    {11, 8576},
    {11, 8640},
    {11, 8704},
    {11, 8768},
    {17, 8832},
    {10, 8928},
    {11, 8992},
    {11, 9056},
    {11, 9120},
    {11, 9184},
    {7, 9248},
    {7, 9280},
    {7, 9312},
    {7, 9344},
    {12, 9376},
    {14, 9440},
    {12, 9504},
    {12, 9568},
    {12, 9632},
    {12, 9696},
    {12, 9760},
    {12, 9824},
    {12, 9888},
    {13, 9952},
    {13, 10016},
    {13, 10080},
    {13, 10144},
    {12, 10208},
    {13, 10272},
    {12, 10336},
    {23, 10400},
    {19, 10496},
    {13, 10592},
    {9, 10656},
    {15, 10720},
    {14, 10784},
    {10, 10848},
    {10, 10912},
    {21, 10976},
    {7, 11072},
    {7, 11104},
    {11, 11136},
    {11, 11200},
    {8, 11264},
    {19, 11296},
    {20, 11392},
    {21, 11488},
    {20, 11584},
    {21, 11680},
    {20, 11776},
    {19, 11872},
};
const UiFont FONT_LIT_32_REG = {32, FONT_LIT_32_REG_GLYPHS, FONT_LIT_32_REG_BITS};

const uint8_t FONT_LIT_32_BOLD_BITS[] PROGMEM = {
    0x00,0x00,0x00,0x00,0x00,0x00,0x00,0x00,0x00,0x00,0x00,0x00,0x00,0x00,0x00,0x00,
    0x00,0x00,0x00,0x00,0x00,0x00,0x00,0x00,0x00,0x00,0x00,0x00,0x00,0x00,0x00,0x00,
    0x00,0x00,0x00,0x00,0x00,0x00,0x00,0x00,0x00,0x00,0x38,0x3C,0x3C,0x3C,0x38,0x38,
    0x18,0x18,0x18,0x18,0x18,0x00,0x38,0x3C,0x38,0x00,0x00,0x00,0x00,0x00,0x00,0x00,
    0x00,0x00,0x00,0x00,0x00,0x00,0x00,0x00,0x00,0x00,0x00,0x00,0x00,0x00,0x00,0x00,
    0x00,0x00,0x77,0x00,0x77,0x00,0x77,0x00,0x76,0x00,0x22,0x00,0x00,0x00,0x00,0x00,
    0x00,0x00,0x00,0x00,0x00,0x00,0x00,0x00,0x00,0x00,0x00,0x00,0x00,0x00,0x00,0x00,
    0x00,0x00,0x00,0x00,0x00,0x00,0x00,0x00,0x00,0x00,0x00,0x00,0x00,0x00,0x00,0x00,
    0x00,0x00,0x00,0x00,0x00,0x00,0x00,0x00,0x00,0x00,0x00,0x00,0x00,0x00,0x00,0x00,
    0x00,0x00,0x00,0x00,0x00,0x00,0x00,0x00,0x00,0x00,0x0E,0x70,0x0E,0x70,0x0E,0x60,
    0x7F,0xFC,0x7F,0xFC,0x0C,0x60,0x1C,0xE0,0x7F,0xF8,0xFF,0xF8,0x18,0xC0,0x18,0xC0,
    0x18,0xC0,0x00,0x00,0x00,0x00,0x00,0x00,0x00,0x00,0x00,0x00,0x00,0x00,0x00,0x00,
    0x00,0x00,0x00,0x00,0x00,0x00,0x00,0x00,0x00,0x00,0x00,0x00,0x00,0x00,0x00,0x00,
    0x06,0x00,0x06,0x00,0x1F,0xE0,0x3F,0xE0,0x78,0xF0,0x78,0x70,0x78,0x20,0x7E,0x00,
    0x7F,0x80,0x3F,0xE0,0x0F,0xF0,0x01,0xF0,0x60,0xF0,0x60,0xF0,0x78,0xF0,0x7F,0xE0,
    0x6F,0xC0,0x06,0x00,0x06,0x00,0x00,0x00,0x00,0x00,0x00,0x00,0x00,0x00,0x00,0x00,
    0x00,0x00,0x00,0x00,0x00,0x00,0x00,0x00,0x00,0x00,0x00,0x00,0x00,0x00,0x00,0x00,
    0x00,0x00,0x00,0x00,0x00,0x00,0x00,0x00,0x00,0x00,0x00,0x00,0x00,0x00,0x00,0x00,
    0x00,0x00,0x00,0x00,0x3F,0x0E,0x00,0x7F,0x9C,0x00,0x73,0x9C,0x00,0x73,0xB8,0x00,
    0x73,0xB8,0x00,0x7F,0x70,0x00,0x3E,0xFF,0xC0,0x00,0xFF,0xE0,0x01,0xDC,0xE0,0x01,
    0xDC,0xE0,0x03,0x9C,0xE0,0x03,0x8F,0xC0,0x07,0x07,0x80,0x00,0x00,0x00,0x00,0x00,
    0x00,0x00,0x00,0x00,0x00,0x00,0x00,0x00,0x00,0x00,0x00,0x00,0x00,0x00,0x00,0x00,
    0x00,0x00,0x00,0x00,0x00,0x00,0x00,0x00,0x00,0x00,0x00,0x00,0x00,0x00,0x00,0x00,
    0x00,0x00,0x00,0x00,0x00,0x00,0x00,0x00,0x00,0x00,0x00,0x00,0x00,0x00,0x0F,0xC0,
    0x00,0x1F,0xE0,0x00,0x3C,0xE0,0x00,0x38,0x60,0x00,0x3C,0xE7,0x80,0x1E,0xCF,0x80,
    0x0F,0x8F,0x80,0x1F,0x99,0x80,0x3F,0xD8,0x00,0x7B,0xF0,0x00,0x79,0xF0,0x00,0x78,
    0xF8,0x00,0x7C,0x7C,0x80,0x3F,0xFF,0x80,0x1F,0x8F,0x00,0x00,0x00,0x00,0x00,0x00,
    0x00,0x00,0x00,0x00,0x00,0x00,0x00,0x00,0x00,0x00,0x00,0x00,0x00,0x00,0x00,0x00,
    0x00,0x00,0x00,0x00,0x00,0x00,0x00,0x00,0x00,0x70,0x70,0x70,0x60,0x60,0x00,0x00,
    0x00,0x00,0x00,0x00,0x00,0x00,0x00,0x00,0x00,0x00,0x00,0x00,0x00,0x00,0x00,0x00,
    0x00,0x00,0x00,0x00,0x00,0x00,0x00,0x00,0x06,0x0E,0x1C,0x1C,0x3C,0x38,0x78,0x78,
    0x78,0x78,0x78,0x78,0x78,0x78,0x78,0x38,0x3C,0x1C,0x1C,0x0E,0x06,0x00,0x00,0x00,
    0x00,0x00,0x00,0x00,0x00,0x00,0x00,0x00,0x60,0x70,0x70,0x38,0x38,0x3C,0x3C,0x1C,
    0x1E,0x1E,0x1E,0x1E,0x1E,0x1C,0x3C,0x3C,0x38,0x38,0x70,0x70,0xE0,0x00,0x00,0x00,
    0x00,0x00,0x00,0x00,0x00,0x00,0x00,0x00,0x00,0x00,0x00,0x00,0x00,0x00,0x00,0x00,
    0x0C,0x00,0x0C,0x00,0x6F,0x80,0x7F,0x80,0x1E,0x00,0x7F,0x00,0x6F,0x00,0x0C,0x00,
    0x00,0x00,0x00,0x00,0x00,0x00,0x00,0x00,0x00,0x00,0x00,0x00,0x00,0x00,0x00,0x00,
    0x00,0x00,0x00,0x00,0x00,0x00,0x00,0x00,0x00,0x00,0x00,0x00,0x00,0x00,0x00,0x00,
    0x00,0x00,0x00,0x00,0x00,0x00,0x00,0x00,0x00,0x00,0x00,0x00,0x00,0x00,0x00,0x00,
    0x00,0x00,0x00,0x00,0x00,0x00,0x00,0x00,0x00,0x00,0x00,0x00,0x06,0x00,0x06,0x00,
    0x06,0x00,0x3F,0xE0,0x3F,0xE0,0x06,0x00,0x06,0x00,0x06,0x00,0x06,0x00,0x00,0x00,
    0x00,0x00,0x00,0x00,0x00,0x00,0x00,0x00,0x00,0x00,0x00,0x00,0x00,0x00,0x00,0x00,
    0x00,0x00,0x00,0x00,0x00,0x00,0x00,0x00,0x00,0x00,0x00,0x00,0x00,0x00,0x00,0x00,
    0x00,0x00,0x00,0x00,0x00,0x00,0x70,0x78,0x78,0x30,0x30,0x60,0x00,0x00,0x00,0x00,
    0x00,0x00,0x00,0x00,0x00,0x00,0x00,0x00,0x00,0x00,0x00,0x00,0x00,0x00,0x00,0x00,
    0x00,0x00,0x7E,0x7E,0x00,0x00,0x00,0x00,0x00,0x00,0x00,0x00,0x00,0x00,0x00,0x00,
    0x00,0x00,0x00,0x00,0x00,0x00,0x00,0x00,0x00,0x00,0x00,0x00,0x00,0x00,0x00,0x00,
    0x00,0x00,0x00,0x00,0x00,0x70,0x78,0x78,0x70,0x00,0x00,0x00,0x00,0x00,0x00,0x00,
    0x00,0x00,0x00,0x00,0x00,0x00,0x00,0x00,0x00,0x00,0x00,0x00,0x00,0x00,0x00,0x00,
    0x01,0xC0,0x03,0x80,0x03,0x80,0x03,0x80,0x07,0x00,0x07,0x00,0x06,0x00,0x0E,0x00,
    0x0E,0x00,0x0C,0x00,0x1C,0x00,0x1C,0x00,0x38,0x00,0x38,0x00,0x30,0x00,0x70,0x00,
    0x70,0x00,0x60,0x00,0xE0,0x00,0x00,0x00,0x00,0x00,0x00,0x00,0x00,0x00,0x00,0x00,
    0x00,0x00,0x00,0x00,0x00,0x00,0x00,0x00,0x00,0x00,0x00,0x00,0x00,0x00,0x00,0x00,
    0x00,0x00,0x00,0x00,0x0F,0xC0,0x1F,0xE0,0x3C,0xF0,0x38,0xF0,0x78,0x70,0x78,0x78,
    0x78,0x78,0x78,0x78,0x78,0x78,0x78,0x78,0x78,0x70,0x78,0xF0,0x3C,0xE0,0x1F,0xE0,
    0x0F,0x80,0x00,0x00,0x00,0x00,0x00,0x00,0x00,0x00,0x00,0x00,0x00,0x00,0x00,0x00,
    0x00,0x00,0x00,0x00,0x00,0x00,0x00,0x00,0x00,0x00,0x00,0x00,0x00,0x00,0x00,0x00,
    0x00,0x00,0x00,0x00,0x3E,0x00,0x7E,0x00,0x7E,0x00,0x1E,0x00,0x1E,0x00,0x1E,0x00,
    0x1E,0x00,0x1E,0x00,0x1E,0x00,0x1E,0x00,0x1E,0x00,0x1E,0x00,0x1E,0x00,0x7F,0x80,
    0x7F,0x80,0x00,0x00,0x00,0x00,0x00,0x00,0x00,0x00,0x00,0x00,0x00,0x00,0x00,0x00,
    0x00,0x00,0x00,0x00,0x00,0x00,0x00,0x00,0x00,0x00,0x00,0x00,0x00,0x00,0x00,0x00,
    0x00,0x00,0x00,0x00,0x1F,0x80,0x3F,0xC0,0x71,0xE0,0x79,0xE0,0x71,0xE0,0x01,0xE0,
    0x01,0xE0,0x03,0xC0,0x07,0x80,0x0F,0x00,0x0E,0x60,0x1C,0x60,0x3C,0xE0,0x7F,0xE0,
    0x7F,0xE0,0x00,0x00,0x00,0x00,0x00,0x00,0x00,0x00,0x00,0x00,0x00,0x00,0x00,0x00,
    0x00,0x00,0x00,0x00,0x00,0x00,0x00,0x00,0x00,0x00,0x00,0x00,0x00,0x00,0x00,0x00,
    0x00,0x00,0x00,0x00,0x1F,0x80,0x3F,0xC0,0x71,0xE0,0x79,0xE0,0x71,0xE0,0x01,0xE0,
    0x07,0xC0,0x0F,0x80,0x0F,0xC0,0x01,0xE0,0x01,0xE0,0x01,0xE0,0x61,0xE0,0x7F,0xC0,
    0x3F,0x80,0x00,0x00,0x00,0x00,0x00,0x00,0x00,0x00,0x00,0x00,0x00,0x00,0x00,0x00,
    0x00,0x00,0x00,0x00,0x00,0x00,0x00,0x00,0x00,0x00,0x00,0x00,0x00,0x00,0x00,0x00,
    0x00,0x00,0x00,0x00,0x00,0x40,0x01,0xE0,0x03,0xE0,0x07,0xE0,0x0F,0xE0,0x0D,0xE0,
    0x19,0xE0,0x39,0xE0,0x31,0xE0,0x71,0xE0,0x7F,0xF8,0x7F,0xF8,0x01,0xE0,0x07,0xF0,
    0x07,0xF0,0x00,0x00,0x00,0x00,0x00,0x00,0x00,0x00,0x00,0x00,0x00,0x00,0x00,0x00,
    0x00,0x00,0x00,0x00,0x00,0x00,0x00,0x00,0x00,0x00,0x00,0x00,0x00,0x00,0x00,0x00,
    0x00,0x00,0x00,0x00,0x7F,0xC0,0x7F,0xC0,0x7F,0xC0,0x70,0x00,0x60,0x00,0x7F,0x00,
    0x7F,0xC0,0x63,0xC0,0x01,0xE0,0x01,0xE0,0x01,0xE0,0x01,0xC0,0xE3,0xC0,0xFF,0x80,
    0x3F,0x00,0x00,0x00,0x00,0x00,0x00,0x00,0x00,0x00,0x00,0x00,0x00,0x00,0x00,0x00,
    0x00,0x00,0x00,0x00,0x00,0x00,0x00,0x00,0x00,0x00,0x00,0x00,0x00,0x00,0x00,0x00,
    0x00,0x00,0x00,0x00,0x07,0xE0,0x1F,0xF0,0x3C,0x70,0x38,0x70,0x78,0x00,0x7B,0xC0,
    0x7F,0xE0,0x7C,0xF0,0x78,0xF0,0x78,0xF0,0x78,0xF0,0x78,0xF0,0x38,0xF0,0x3F,0xE0,
    0x0F,0xC0,0x00,0x00,0x00,0x00,0x00,0x00,0x00,0x00,0x00,0x00,0x00,0x00,0x00,0x00,
    0x00,0x00,0x00,0x00,0x00,0x00,0x00,0x00,0x00,0x00,0x00,0x00,0x00,0x00,0x00,0x00,
    0x00,0x00,0x00,0x00,0xFF,0xE0,0xFF,0xE0,0xE1,0xC0,0xC1,0xC0,0x03,0x80,0x07,0x00,
    0x0F,0x00,0x0F,0x00,0x0E,0x00,0x1E,0x00,0x1E,0x00,0x1E,0x00,0x1E,0x00,0x1E,0x00,
    0x00,0x00,0x00,0x00,0x00,0x00,0x00,0x00,0x00,0x00,0x00,0x00,0x00,0x00,0x00,0x00,
    0x00,0x00,0x00,0x00,0x00,0x00,0x00,0x00,0x00,0x00,0x00,0x00,0x00,0x00,0x00,0x00,
    0x00,0x00,0x00,0x00,0x0F,0xC0,0x3F,0xE0,0x3C,0xF0,0x78,0x70,0x7C,0x70,0x3E,0xE0,
    0x1F,0xC0,0x0F,0xE0,0x3F,0xF0,0x78,0xF0,0x78,0x70,0x78,0x70,0x78,0xF0,0x3F,0xE0,
    0x1F,0xC0,0x00,0x00,0x00,0x00,0x00,0x00,0x00,0x00,0x00,0x00,0x00,0x00,0x00,0x00,
    0x00,0x00,0x00,0x00,0x00,0x00,0x00,0x00,0x00,0x00,0x00,0x00,0x00,0x00,0x00,0x00,
    0x00,0x00,0x00,0x00,0x0F,0x80,0x3F,0xE0,0x78,0xE0,0x78,0xF0,0x78,0xF0,0x78,0xF0,
    0x78,0xF0,0x79,0xF0,0x3F,0xF0,0x1F,0xF0,0x00,0xF0,0x00,0xE0,0x21,0xE0,0x7F,0xC0,
    0x3F,0x80,0x00,0x00,0x00,0x00,0x00,0x00,0x00,0x00,0x00,0x00,0x00,0x00,0x00,0x00,
    0x00,0x00,0x00,0x00,0x00,0x00,0x00,0x00,0x00,0x00,0x00,0x00,0x00,0x00,0x70,0x78,
    0x78,0x70,0x00,0x00,0x00,0x70,0x78,0x78,0x70,0x00,0x00,0x00,0x00,0x00,0x00,0x00,
    0x00,0x00,0x00,0x00,0x00,0x00,0x00,0x00,0x00,0x00,0x00,0x00,0x00,0x00,0x70,0x78,
    0x78,0x70,0x00,0x00,0x00,0x00,0x70,0x78,0x78,0x30,0x30,0x60,0x00,0x00,0x00,0x00,
    0x00,0x00,0x00,0x00,0x00,0x00,0x00,0x00,0x00,0x00,0x00,0x00,0x00,0x00,0x00,0x00,
    0x00,0x00,0x00,0x00,0x00,0x00,0x00,0x00,0x00,0x00,0x00,0x00,0x00,0xC0,0x01,0xE0,
    0x07,0x80,0x1F,0x00,0x3C,0x00,0x3C,0x00,0x1F,0x00,0x07,0x80,0x03,0xE0,0x00,0xC0,
    0x00,0x00,0x00,0x00,0x00,0x00,0x00,0x00,0x00,0x00,0x00,0x00,0x00,0x00,0x00,0x00,
    0x00,0x00,0x00,0x00,0x00,0x00,0x00,0x00,0x00,0x00,0x00,0x00,0x00,0x00,0x00,0x00,
    0x00,0x00,0x00,0x00,0x00,0x00,0x00,0x00,0x00,0x00,0x00,0x00,0x00,0x00,0x00,0x00,
    0x3F,0xE0,0x3F,0xE0,0x00,0x00,0x00,0x00,0x3F,0xE0,0x3F,0xE0,0x00,0x00,0x00,0x00,
    0x00,0x00,0x00,0x00,0x00,0x00,0x00,0x00,0x00,0x00,0x00,0x00,0x00,0x00,0x00,0x00,
    0x00,0x00,0x00,0x00,0x00,0x00,0x00,0x00,0x00,0x00,0x00,0x00,0x00,0x00,0x00,0x00,
    0x00,0x00,0x00,0x00,0x00,0x00,0x00,0x00,0x00,0x00,0x00,0x00,0x18,0x00,0x3C,0x00,
    0x0F,0x00,0x07,0xC0,0x01,0xE0,0x01,0xE0,0x07,0xC0,0x0F,0x00,0x3E,0x00,0x18,0x00,
    0x00,0x00,0x00,0x00,0x00,0x00,0x00,0x00,0x00,0x00,0x00,0x00,0x00,0x00,0x00,0x00,
    0x00,0x00,0x00,0x00,0x00,0x00,0x00,0x00,0x00,0x00,0x00,0x00,0x00,0x00,0x00,0x00,
    0x00,0x00,0x00,0x00,0x1F,0x80,0x3F,0xC0,0x73,0xE0,0x79,0xE0,0x73,0xE0,0x03,0xC0,
    0x07,0x80,0x0F,0x00,0x0E,0x00,0x0C,0x00,0x04,0x00,0x00,0x00,0x0E,0x00,0x1E,0x00,
    0x0E,0x00,0x00,0x00,0x00,0x00,0x00,0x00,0x00,0x00,0x00,0x00,0x00,0x00,0x00,0x00,
    0x00,0x00,0x00,0x00,0x00,0x00,0x00,0x00,0x00,0x00,0x00,0x00,0x00,0x00,0x00,0x00,
    0x00,0x00,0x00,0x00,0x00,0x00,0x00,0x00,0x00,0x00,0x00,0x00,0x00,0x00,0x00,0x00,
    0x00,0x00,0x00,0x00,0x00,0x00,0x00,0x01,0xFC,0x00,0x07,0xFF,0x00,0x0F,0x07,0xC0,
    0x1C,0x01,0xC0,0x39,0xF0,0xE0,0x33,0xFE,0x60,0x77,0x8E,0x60,0x67,0x1C,0x60,0x67,
    0x1C,0xE0,0x67,0x3C,0xE0,0x67,0xEF,0xC0,0x73,0xCF,0x80,0x70,0x00,0x00,0x38,0x04,
    0x00,0x3C,0x1C,0x00,0x1F,0xFC,0x00,0x07,0xF0,0x00,0x00,0x00,0x00,0x00,0x00,0x00,
    0x00,0x00,0x00,0x00,0x00,0x00,0x00,0x00,0x00,0x00,0x00,0x00,0x00,0x00,0x00,0x00,
    0x00,0x00,0x00,0x00,0x03,0xE0,0x03,0xF0,0x03,0xF0,0x07,0xF0,0x07,0x78,0x06,0x78,
    0x0E,0x78,0x0C,0x3C,0x0C,0x3C,0x1F,0xFC,0x1F,0xFE,0x18,0x1E,0x38,0x1F,0x7C,0x3F,
    0x7C,0x3F,0x00,0x00,0x00,0x00,0x00,0x00,0x00,0x00,0x00,0x00,0x00,0x00,0x00,0x00,
    0x00,0x00,0x00,0x00,0x00,0x00,0x00,0x00,0x00,0x00,0x00,0x00,0x00,0x00,0x00,0x00,
    0x00,0x00,0x00,0x00,0x7F,0xF0,0x3F,0xF8,0x1E,0x7C,0x1E,0x3C,0x1E,0x3C,0x1E,0x78,
    0x1F,0xF0,0x1F,0xF8,0x1E,0x7C,0x1E,0x3C,0x1E,0x3C,0x1E,0x3C,0x1E,0x7C,0x3F,0xF8,
    0x7F,0xF0,0x00,0x00,0x00,0x00,0x00,0x00,0x00,0x00,0x00,0x00,0x00,0x00,0x00,0x00,
    0x00,0x00,0x00,0x00,0x00,0x00,0x00,0x00,0x00,0x00,0x00,0x00,0x00,0x00,0x00,0x00,
    0x00,0x00,0x00,0x00,0x07,0xF8,0x1F,0xF8,0x3C,0x3C,0x3C,0x1C,0x78,0x0C,0x78,0x00,
    0x78,0x00,0x78,0x00,0x78,0x00,0x78,0x00,0x78,0x00,0x3C,0x08,0x3E,0x1C,0x1F,0xF8,
    0x07,0xF0,0x00,0x00,0x00,0x00,0x00,0x00,0x00,0x00,0x00,0x00,0x00,0x00,0x00,0x00,
    0x00,0x00,0x00,0x00,0x00,0x00,0x00,0x00,0x00,0x00,0x00,0x00,0x00,0x00,0x00,0x00,
    0x00,0x00,0x00,0x00,0x7F,0xF0,0x3F,0xFC,0x1E,0x3E,0x1E,0x1E,0x1E,0x0F,0x1E,0x0F,
    0x1E,0x0F,0x1E,0x0F,0x1E,0x0F,0x1E,0x0F,0x1E,0x0F,0x1E,0x1E,0x1E,0x3C,0x3F,0xF8,
    0x7F,0xF0,0x00,0x00,0x00,0x00,0x00,0x00,0x00,0x00,0x00,0x00,0x00,0x00,0x00,0x00,
    0x00,0x00,0x00,0x00,0x00,0x00,0x00,0x00,0x00,0x00,0x00,0x00,0x00,0x00,0x00,0x00,
    0x00,0x00,0x00,0x00,0x7F,0xF8,0x3F,0xF8,0x1E,0x38,0x1E,0x18,0x1E,0x18,0x1E,0x60,
    0x1E,0x60,0x1F,0xE0,0x1F,0xE0,0x1E,0x60,0x1E,0x00,0x1E,0x1C,0x1E,0x18,0x3F,0xF8,
    0x7F,0xF8,0x00,0x00,0x00,0x00,0x00,0x00,0x00,0x00,0x00,0x00,0x00,0x00,0x00,0x00,
    0x00,0x00,0x00,0x00,0x00,0x00,0x00,0x00,0x00,0x00,0x00,0x00,0x00,0x00,0x00,0x00,
    0x00,0x00,0x00,0x00,0x7F,0xF0,0x7F,0xF0,0x3C,0x30,0x3C,0x38,0x3C,0x10,0x3C,0x40,
    0x3C,0xC0,0x3F,0xC0,0x3F,0xC0,0x3C,0xC0,0x3C,0xC0,0x3C,0x00,0x3C,0x00,0x7F,0x00,
    0x7F,0x00,0x00,0x00,0x00,0x00,0x00,0x00,0x00,0x00,0x00,0x00,0x00,0x00,0x00,0x00,
    0x00,0x00,0x00,0x00,0x00,0x00,0x00,0x00,0x00,0x00,0x00,0x00,0x00,0x00,0x00,0x00,
    0x00,0x00,0x00,0x00,0x07,0xEC,0x1F,0xFC,0x3E,0x3C,0x3C,0x1C,0x78,0x0E,0x78,0x04,
    0x78,0x00,0x78,0x00,0x78,0x3F,0x78,0x3F,0x78,0x1E,0x3C,0x1E,0x3E,0x1E,0x1F,0xFE,
    0x07,0xEE,0x00,0x00,0x00,0x00,0x00,0x00,0x00,0x00,0x00,0x00,0x00,0x00,0x00,0x00,
    0x00,0x00,0x00,0x00,0x00,0x00,0x00,0x00,0x00,0x00,0x00,0x00,0x00,0x00,0x00,0x00,
    0x00,0x00,0x00,0x00,0x00,0x00,0x00,0x00,0x00,0x00,0x00,0x00,0x00,0x00,0x7F,0x3F,
    0x80,0x7F,0x3F,0x80,0x3C,0x1E,0x00,0x3C,0x1E,0x00,0x3C,0x1E,0x00,0x3C,0x1E,0x00,
    0x3C,0x1E,0x00,0x3F,0xFE,0x00,0x3F,0xFE,0x00,0x3C,0x1E,0x00,0x3C,0x1E,0x00,0x3C,
    0x1E,0x00,0x3C,0x1E,0x00,0x7F,0x3F,0x80,0x7F,0x3F,0x80,0x00,0x00,0x00,0x00,0x00,
    0x00,0x00,0x00,0x00,0x00,0x00,0x00,0x00,0x00,0x00,0x00,0x00,0x00,0x00,0x00,0x00,
    0x00,0x00,0x00,0x00,0x00,0x00,0x00,0x00,0x00,0x00,0x00,0x00,0x00,0x00,0x00,0x00,
    0x00,0x00,0x00,0x00,0x7F,0x00,0x7F,0x00,0x3C,0x00,0x3C,0x00,0x3C,0x00,0x3C,0x00,
    0x3C,0x00,0x3C,0x00,0x3C,0x00,0x3C,0x00,0x3C,0x00,0x3C,0x00,0x3C,0x00,0x7F,0x00,
    0x7F,0x00,0x00,0x00,0x00,0x00,0x00,0x00,0x00,0x00,0x00,0x00,0x00,0x00,0x00,0x00,
    0x00,0x00,0x00,0x00,0x00,0x00,0x00,0x00,0x00,0x00,0x00,0x00,0x00,0x00,0x00,0x00,
    0x00,0x00,0x00,0x00,0x07,0xF0,0x07,0xF0,0x01,0xE0,0x01,0xE0,0x01,0xE0,0x01,0xE0,
    0x01,0xE0,0x01,0xE0,0x01,0xE0,0x01,0xE0,0x79,0xE0,0x79,0xE0,0x73,0xC0,0x7F,0xC0,
    0x1F,0x00,0x00,0x00,0x00,0x00,0x00,0x00,0x00,0x00,0x00,0x00,0x00,0x00,0x00,0x00,
    0x00,0x00,0x00,0x00,0x00,0x00,0x00,0x00,0x00,0x00,0x00,0x00,0x00,0x00,0x00,0x00,
    0x00,0x00,0x00,0x00,0x7F,0x3E,0x7F,0x3E,0x3C,0x18,0x3C,0x30,0x3C,0x70,0x3C,0xE0,
    0x3D,0xC0,0x3F,0xE0,0x3F,0xE0,0x3E,0xF0,0x3C,0xF8,0x3C,0x78,0x3C,0x3C,0x7F,0x3F,
    0x7F,0x1F,0x00,0x00,0x00,0x00,0x00,0x00,0x00,0x00,0x00,0x00,0x00,0x00,0x00,0x00,
    0x00,0x00,0x00,0x00,0x00,0x00,0x00,0x00,0x00,0x00,0x00,0x00,0x00,0x00,0x00,0x00,
    0x00,0x00,0x00,0x00,0x7F,0x00,0x7F,0x00,0x3C,0x00,0x3C,0x00,0x3C,0x00,0x3C,0x00,
    0x3C,0x00,0x3C,0x00,0x3C,0x00,0x3C,0x00,0x3C,0x18,0x3C,0x38,0x3C,0x38,0x7F,0xF8,
    0x7F,0xF8,0x00,0x00,0x00,0x00,0x00,0x00,0x00,0x00,0x00,0x00,0x00,0x00,0x00,0x00,
    0x00,0x00,0x00,0x00,0x00,0x00,0x00,0x00,0x00,0x00,0x00,0x00,0x00,0x00,0x00,0x00,
    0x00,0x00,0x00,0x00,0x00,0x00,0x00,0x00,0x00,0x00,0x00,0x00,0x00,0x00,0x7E,0x07,
    0xE0,0x7F,0x07,0xE0,0x1F,0x07,0xC0,0x1F,0x0F,0xC0,0x1F,0x8F,0xC0,0x1F,0x9F,0xC0,
    0x1B,0x9B,0xC0,0x1B,0xFB,0xC0,0x19,0xFB,0xC0,0x19,0xF3,0xC0,0x19,0xF3,0xC0,0x18,
    0xE3,0xC0,0x18,0xE3,0xC0,0x7C,0x07,0xF0,0x7C,0x07,0xF0,0x00,0x00,0x00,0x00,0x00,
    0x00,0x00,0x00,0x00,0x00,0x00,0x00,0x00,0x00,0x00,0x00,0x00,0x00,0x00,0x00,0x00,
    0x00,0x00,0x00,0x00,0x00,0x00,0x00,0x00,0x00,0x00,0x00,0x00,0x00,0x00,0x00,0x00,
    0x00,0x00,0x00,0x00,0x00,0x00,0x00,0x00,0x00,0x00,0x00,0x00,0x00,0x00,0x7C,0x1F,
    0x00,0x7E,0x1F,0x00,0x1F,0x06,0x00,0x1F,0x06,0x00,0x1F,0x86,0x00,0x1F,0xC6,0x00,
    0x1B,0xC6,0x00,0x19,0xE6,0x00,0x19,0xF6,0x00,0x18,0xF6,0x00,0x18,0xFE,0x00,0x18,
    0x7E,0x00,0x18,0x3E,0x00,0x7C,0x3E,0x00,0x7C,0x1E,0x00,0x00,0x00,0x00,0x00,0x00,
    0x00,0x00,0x00,0x00,0x00,0x00,0x00,0x00,0x00,0x00,0x00,0x00,0x00,0x00,0x00,0x00,
    0x00,0x00,0x00,0x00,0x00,0x00,0x00,0x00,0x00,0x00,0x00,0x00,0x00,0x00,0x00,0x00,
    0x00,0x00,0x00,0x00,0x07,0xF0,0x1F,0xF8,0x3C,0x3C,0x38,0x1E,0x78,0x1E,0x78,0x0F,
    0x78,0x0F,0x78,0x0F,0x78,0x0F,0x78,0x0E,0x78,0x1E,0x3C,0x1E,0x3E,0x3C,0x1F,0xF8,
    0x07,0xF0,0x00,0x00,0x00,0x00,0x00,0x00,0x00,0x00,0x00,0x00,0x00,0x00,0x00,0x00,
    0x00,0x00,0x00,0x00,0x00,0x00,0x00,0x00,0x00,0x00,0x00,0x00,0x00,0x00,0x00,0x00,
    0x00,0x00,0x00,0x00,0x7F,0xE0,0x7F,0xF0,0x3C,0x78,0x3C,0x78,0x3C,0x78,0x3C,0x78,
    0x3C,0x78,0x3C,0xF0,0x3F,0xF0,0x3F,0xC0,0x3C,0x00,0x3C,0x00,0x3C,0x00,0x7F,0x00,
    0x7F,0x00,0x00,0x00,0x00,0x00,0x00,0x00,0x00,0x00,0x00,0x00,0x00,0x00,0x00,0x00,
    0x00,0x00,0x00,0x00,0x00,0x00,0x00,0x00,0x00,0x00,0x00,0x00,0x00,0x00,0x00,0x00,
    0x00,0x00,0x00,0x00,0x00,0x00,0x00,0x00,0x00,0x00,0x00,0x00,0x00,0x00,0x07,0xF0,
    0x00,0x1F,0xF8,0x00,0x3C,0x3C,0x00,0x38,0x1E,0x00,0x78,0x1E,0x00,0x78,0x0F,0x00,
    0x78,0x0F,0x00,0x78,0x0F,0x00,0x78,0x0F,0x00,0x7F,0x8E,0x00,0x7F,0xDE,0x00,0x3C,
    0xFE,0x00,0x3C,0xFC,0x00,0x1F,0xF8,0x00,0x07,0xF8,0x00,0x00,0x3E,0x00,0x00,0x1F,
    0x80,0x00,0x0F,0x80,0x00,0x00,0x00,0x00,0x00,0x00,0x00,0x00,0x00,0x00,0x00,0x00,
    0x00,0x00,0x00,0x00,0x00,0x00,0x00,0x00,0x00,0x00,0x00,0x00,0x00,0x00,0x00,0x00,
    0x00,0x00,0x00,0x00,0x7F,0xE0,0x7F,0xF0,0x3C,0x78,0x3C,0x78,0x3C,0x78,0x3C,0x70,
    0x3F,0xE0,0x3F,0xC0,0x3D,0xE0,0x3C,0xF0,0x3C,0xF0,0x3C,0xF8,0x3C,0x78,0x7F,0x7E,
    0x7F,0x3E,0x00,0x00,0x00,0x00,0x00,0x00,0x00,0x00,0x00,0x00,0x00,0x00,0x00,0x00,
    0x00,0x00,0x00,0x00,0x00,0x00,0x00,0x00,0x00,0x00,0x00,0x00,0x00,0x00,0x00,0x00,
    0x00,0x00,0x00,0x00,0x1F,0xE0,0x3F,0xE0,0x78,0xF0,0x78,0x70,0x78,0x20,0x7E,0x00,
    0x7F,0xC0,0x3F,0xE0,0x0F,0xF0,0x03,0xF0,0x60,0xF0,0x60,0xF0,0x70,0xF0,0x7F,0xE0,
    0x6F,0xC0,0x00,0x00,0x00,0x00,0x00,0x00,0x00,0x00,0x00,0x00,0x00,0x00,0x00,0x00,
    0x00,0x00,0x00,0x00,0x00,0x00,0x00,0x00,0x00,0x00,0x00,0x00,0x00,0x00,0x00,0x00,
    0x00,0x00,0x00,0x00,0x7F,0xFE,0x7F,0xFE,0x73,0xCE,0x63,0xC6,0x63,0xC6,0x03,0xC0,
    0x03,0xC0,0x03,0xC0,0x03,0xC0,0x03,0xC0,0x03,0xC0,0x03,0xC0,0x03,0xC0,0x0F,0xF0,
    0x0F,0xF0,0x00,0x00,0x00,0x00,0x00,0x00,0x00,0x00,0x00,0x00,0x00,0x00,0x00,0x00,
    0x00,0x00,0x00,0x00,0x00,0x00,0x00,0x00,0x00,0x00,0x00,0x00,0x00,0x00,0x00,0x00,
    0x00,0x00,0x00,0x00,0x7F,0x1F,0x7F,0x1F,0x3C,0x0C,0x3C,0x0C,0x3C,0x0C,0x3C,0x0C,
    0x3C,0x0C,0x3C,0x0C,0x3C,0x0C,0x3C,0x0C,0x3C,0x0C,0x1E,0x1C,0x1F,0x3C,0x0F,0xF8,
    0x07,0xF0,0x00,0x00,0x00,0x00,0x00,0x00,0x00,0x00,0x00,0x00,0x00,0x00,0x00,0x00,
    0x00,0x00,0x00,0x00,0x00,0x00,0x00,0x00,0x00,0x00,0x00,0x00,0x00,0x00,0x00,0x00,
    0x00,0x00,0x00,0x00,0x7F,0x1F,0x7F,0x1F,0x3E,0x0E,0x1E,0x0C,0x1E,0x0C,0x0F,0x1C,
    0x0F,0x18,0x0F,0x18,0x07,0x38,0x07,0xB0,0x07,0xB0,0x03,0xF0,0x03,0xE0,0x03,0xE0,
    0x01,0xE0,0x00,0x00,0x00,0x00,0x00,0x00,0x00,0x00,0x00,0x00,0x00,0x00,0x00,0x00,
    0x00,0x00,0x00,0x00,0x00,0x00,0x00,0x00,0x00,0x00,0x00,0x00,0x00,0x00,0x00,0x00,
    0x00,0x00,0x00,0x00,0x00,0x00,0x00,0x00,0x00,0x00,0x00,0x00,0x00,0x00,0x7F,0x1E,
    0x3E,0x7F,0x1E,0x3E,0x1E,0x3E,0x1C,0x1E,0x3F,0x1C,0x1E,0x3F,0x1C,0x1E,0x3F,0x18,
    0x0E,0x37,0x18,0x0F,0x77,0xB8,0x0F,0x67,0xB8,0x0F,0x67,0xB0,0x0F,0xE3,0xF0,0x07,
    0xE3,0xF0,0x07,0xC3,0xF0,0x07,0xC3,0xE0,0x07,0xC1,0xE0,0x00,0x00,0x00,0x00,0x00,
    0x00,0x00,0x00,0x00,0x00,0x00,0x00,0x00,0x00,0x00,0x00,0x00,0x00,0x00,0x00,0x00,
    0x00,0x00,0x00,0x00,0x00,0x00,0x00,0x00,0x00,0x00,0x00,0x00,0x00,0x00,0x00,0x00,
    0x00,0x00,0x00,0x00,0x7F,0x3F,0x7F,0x3F,0x1E,0x1C,0x0F,0x38,0x0F,0x70,0x07,0xE0,
    0x03,0xC0,0x01,0xE0,0x03,0xE0,0x07,0xF0,0x06,0x78,0x0E,0x78,0x1C,0x3C,0x7E,0x7F,
    0x7E,0x7F,0x00,0x00,0x00,0x00,0x00,0x00,0x00,0x00,0x00,0x00,0x00,0x00,0x00,0x00,
    0x00,0x00,0x00,0x00,0x00,0x00,0x00,0x00,0x00,0x00,0x00,0x00,0x00,0x00,0x00,0x00,
    0x00,0x00,0x00,0x00,0x7F,0x3F,0x7F,0x1F,0x1E,0x0C,0x1E,0x1C,0x0F,0x18,0x07,0xB8,
    0x07,0xB0,0x03,0xF0,0x03,0xE0,0x01,0xE0,0x01,0xE0,0x01,0xE0,0x01,0xE0,0x07,0xF0,
    0x07,0xF0,0x00,0x00,0x00,0x00,0x00,0x00,0x00,0x00,0x00,0x00,0x00,0x00,0x00,0x00,
    0x00,0x00,0x00,0x00,0x00,0x00,0x00,0x00,0x00,0x00,0x00,0x00,0x00,0x00,0x00,0x00,
    0x00,0x00,0x00,0x00,0x7F,0xF8,0x7F,0xF8,0x70,0xF8,0x70,0xF0,0x61,0xE0,0x03,0xC0,
    0x07,0xC0,0x07,0x80,0x0F,0x00,0x1F,0x00,0x3E,0x18,0x3C,0x18,0x7C,0x38,0xFF,0xF8,
    0xFF,0xF8,0x00,0x00,0x00,0x00,0x00,0x00,0x00,0x00,0x00,0x00,0x00,0x00,0x00,0x00,
    0x00,0x00,0x00,0x00,0x00,0x00,0x00,0x00,0x3E,0x3E,0x3C,0x3C,0x3C,0x3C,0x3C,0x3C,
    0x3C,0x3C,0x3C,0x3C,0x3C,0x3C,0x3C,0x3C,0x3C,0x3C,0x3C,0x3C,0x3E,0x3E,0x00,0x00,
    0x00,0x00,0x00,0x00,0x00,0x00,0x00,0x00,0x00,0x00,0x00,0x00,0x00,0x00,0x00,0x00,
    0xE0,0x00,0x60,0x00,0x70,0x00,0x70,0x00,0x30,0x00,0x38,0x00,0x38,0x00,0x1C,0x00,
    0x1C,0x00,0x1C,0x00,0x0E,0x00,0x0E,0x00,0x06,0x00,0x07,0x00,0x07,0x00,0x03,0x80,
    0x03,0x80,0x03,0x80,0x01,0xC0,0x00,0x00,0x00,0x00,0x00,0x00,0x00,0x00,0x00,0x00,
    0x00,0x00,0x00,0x00,0x00,0x00,0x00,0x00,0x7E,0x7E,0x1E,0x1E,0x1E,0x1E,0x1E,0x1E,
    0x1E,0x1E,0x1E,0x1E,0x1E,0x1E,0x1E,0x1E,0x1E,0x1E,0x1E,0x1E,0x7E,0x7E,0x00,0x00,
    0x00,0x00,0x00,0x00,0x00,0x00,0x00,0x00,0x00,0x00,0x00,0x00,0x00,0x00,0x00,0x00,
    0x00,0x00,0x00,0x00,0x07,0x00,0x0F,0x00,0x1F,0x80,0x1F,0xC0,0x39,0xC0,0x78,0xE0,
    0x70,0xF0,0x20,0x60,0x00,0x00,0x00,0x00,0x00,0x00,0x00,0x00,0x00,0x00,0x00,0x00,
    0x00,0x00,0x00,0x00,0x00,0x00,0x00,0x00,0x00,0x00,0x00,0x00,0x00,0x00,0x00,0x00,
    0x00,0x00,0x00,0x00,0x00,0x00,0x00,0x00,0x00,0x00,0x00,0x00,0x00,0x00,0x00,0x00,
    0x00,0x00,0x00,0x00,0x00,0x00,0x00,0x00,0x00,0x00,0x00,0x00,0x00,0x00,0x00,0x00,
    0x00,0x00,0x00,0x00,0x00,0x00,0x00,0x00,0x00,0x00,0x00,0x00,0x00,0x00,0x00,0x00,
    0x00,0x00,0xFF,0xC0,0xFF,0xC0,0x00,0x00,0x00,0x00,0x00,0x00,0x00,0x00,0x00,0x00,
    0x00,0x00,0x00,0x00,0x00,0x00,0x00,0x00,0x00,0x00,0x00,0x00,0x00,0x00,0x00,0x00,
    0x30,0x00,0x38,0x00,0x3C,0x00,0x0E,0x00,0x04,0x00,0x00,0x00,0x00,0x00,0x00,0x00,
    0x00,0x00,0x00,0x00,0x00,0x00,0x00,0x00,0x00,0x00,0x00,0x00,0x00,0x00,0x00,0x00,
    0x00,0x00,0x00,0x00,0x00,0x00,0x00,0x00,0x00,0x00,0x00,0x00,0x00,0x00,0x00,0x00,
    0x00,0x00,0x00,0x00,0x00,0x00,0x00,0x00,0x00,0x00,0x00,0x00,0x00,0x00,0x00,0x00,
    0x00,0x00,0x00,0x00,0x00,0x00,0x00,0x00,0x00,0x00,0x00,0x00,0x1F,0x80,0x7F,0xC0,
    0x71,0xE0,0x71,0xE0,0x1F,0xE0,0x3F,0xE0,0x79,0xE0,0x79,0xE0,0x79,0xE0,0x7F,0xF0,
    0x3C,0xF0,0x00,0x00,0x00,0x00,0x00,0x00,0x00,0x00,0x00,0x00,0x00,0x00,0x00,0x00,
    0x00,0x00,0x00,0x00,0x00,0x00,0x00,0x00,0x00,0x00,0x00,0x00,0x00,0x00,0x00,0x00,
    0x00,0x00,0xFC,0x00,0xFC,0x00,0x3C,0x00,0x3C,0x00,0x3C,0x00,0x3D,0xE0,0x3F,0xF0,
    0x3C,0x78,0x3C,0x78,0x3C,0x78,0x3C,0x78,0x3C,0x78,0x3C,0x78,0x3C,0x70,0x3F,0xF0,
    0x3F,0xE0,0x00,0x00,0x00,0x00,0x00,0x00,0x00,0x00,0x00,0x00,0x00,0x00,0x00,0x00,
    0x00,0x00,0x00,0x00,0x00,0x00,0x00,0x00,0x00,0x00,0x00,0x00,0x00,0x00,0x00,0x00,
    0x00,0x00,0x00,0x00,0x00,0x00,0x00,0x00,0x00,0x00,0x00,0x00,0x0F,0xC0,0x3F,0xE0,
    0x38,0xE0,0x79,0xE0,0x78,0xC0,0x78,0x00,0x78,0x00,0x78,0x00,0x7C,0xE0,0x3F,0xE0,
    0x1F,0x80,0x00,0x00,0x00,0x00,0x00,0x00,0x00,0x00,0x00,0x00,0x00,0x00,0x00,0x00,
    0x00,0x00,0x00,0x00,0x00,0x00,0x00,0x00,0x00,0x00,0x00,0x00,0x00,0x00,0x00,0x00,
    0x00,0x00,0x01,0xF0,0x01,0xF0,0x00,0xF0,0x00,0xF0,0x00,0xF0,0x1F,0xF0,0x3F,0xF0,
    0x38,0xF0,0x78,0xF0,0x78,0xF0,0x78,0xF0,0x78,0xF0,0x78,0xF0,0x78,0xF0,0x3F,0xF8,
    0x1F,0x7C,0x00,0x00,0x00,0x00,0x00,0x00,0x00,0x00,0x00,0x00,0x00,0x00,0x00,0x00,
    0x00,0x00,0x00,0x00,0x00,0x00,0x00,0x00,0x00,0x00,0x00,0x00,0x00,0x00,0x00,0x00,
    0x00,0x00,0x00,0x00,0x00,0x00,0x00,0x00,0x00,0x00,0x00,0x00,0x0F,0xC0,0x3F,0xE0,
    0x38,0xE0,0x78,0xF0,0x7F,0xF0,0x7F,0xE0,0x78,0x00,0x78,0x00,0x7C,0x60,0x3F,0xF0,
    0x0F,0xC0,0x00,0x00,0x00,0x00,0x00,0x00,0x00,0x00,0x00,0x00,0x00,0x00,0x00,0x00,
    0x00,0x00,0x00,0x00,0x00,0x00,0x00,0x00,0x00,0x00,0x00,0x00,0x00,0x00,0x00,0x00,
    0x00,0x00,0x0F,0x80,0x1F,0x80,0x1C,0x80,0x3C,0x80,0x3C,0x00,0x7F,0x80,0x7F,0x80,
    0x3C,0x00,0x3C,0x00,0x3C,0x00,0x3C,0x00,0x3C,0x00,0x3C,0x00,0x3C,0x00,0x7F,0x00,
    0x7F,0x00,0x00,0x00,0x00,0x00,0x00,0x00,0x00,0x00,0x00,0x00,0x00,0x00,0x00,0x00,
    0x00,0x00,0x00,0x00,0x00,0x00,0x00,0x00,0x00,0x00,0x00,0x00,0x00,0x00,0x00,0x00,
    0x00,0x00,0x00,0x00,0x00,0x00,0x00,0x00,0x00,0x18,0x00,0x38,0x0F,0xF8,0x3F,0xE0,
    0x3D,0xE0,0x78,0xF0,0x78,0xF0,0x3D,0xE0,0x3F,0xE0,0x3F,0x80,0x38,0x00,0x3F,0xF0,
    0x1F,0xF8,0x78,0x78,0x78,0x78,0x78,0x78,0x7F,0xF0,0x3F,0xE0,0x00,0x00,0x00,0x00,
    0x00,0x00,0x00,0x00,0x00,0x00,0x00,0x00,0x00,0x00,0x00,0x00,0x00,0x00,0x00,0x00,
    0x00,0x00,0x7C,0x00,0x7C,0x00,0x3C,0x00,0x3C,0x00,0x3C,0x00,0x3D,0xF0,0x3F,0xF8,
    0x3E,0x78,0x3C,0x78,0x3C,0x78,0x3C,0x78,0x3C,0x78,0x3C,0x78,0x3C,0x78,0x7E,0xFC,
    0x7E,0xFC,0x00,0x00,0x00,0x00,0x00,0x00,0x00,0x00,0x00,0x00,0x00,0x00,0x00,0x00,
    0x00,0x00,0x00,0x00,0x00,0x00,0x00,0x00,0x00,0x38,0x3C,0x38,0x00,0x00,0x7C,0x7C,
    0x3C,0x3C,0x3C,0x3C,0x3C,0x3C,0x3C,0x7E,0x7E,0x00,0x00,0x00,0x00,0x00,0x00,0x00,
    0x00,0x00,0x00,0x00,0x00,0x00,0x00,0x00,0x00,0x78,0x78,0x78,0x00,0x00,0xF8,0xF8,
    0x78,0x78,0x78,0x78,0x78,0x78,0x78,0x78,0x78,0x78,0x70,0xF0,0xE0,0x00,0x00,0x00,
    0x00,0x00,0x00,0x00,0x00,0x00,0x00,0x00,0x00,0x00,0x00,0x00,0x00,0x00,0x00,0x00,
    0x00,0x00,0x7C,0x00,0x7C,0x00,0x3C,0x00,0x3C,0x00,0x3C,0x00,0x3C,0xFC,0x3C,0xF8,
    0x3C,0x60,0x3C,0xC0,0x3F,0x80,0x3F,0xC0,0x3D,0xE0,0x3C,0xF0,0x3C,0xF0,0x7E,0x7C,
    0x7E,0x3C,0x00,0x00,0x00,0x00,0x00,0x00,0x00,0x00,0x00,0x00,0x00,0x00,0x00,0x00,
    0x00,0x00,0x00,0x00,0x00,0x00,0x00,0x00,0x00,0x7C,0x7C,0x3C,0x3C,0x3C,0x3C,0x3C,
    0x3C,0x3C,0x3C,0x3C,0x3C,0x3C,0x3C,0x7E,0x7E,0x00,0x00,0x00,0x00,0x00,0x00,0x00,
    0x00,0x00,0x00,0x00,0x00,0x00,0x00,0x00,0x00,0x00,0x00,0x00,0x00,0x00,0x00,0x00,
    0x00,0x00,0x00,0x00,0x00,0x00,0x00,0x00,0x00,0x00,0x00,0x00,0x00,0x00,0x00,0x00,
    0x00,0x00,0x00,0x00,0x00,0x00,0x00,0x00,0x00,0x00,0x7D,0xF7,0xC0,0x7F,0xFF,0xE0,
    0x3E,0x79,0xE0,0x3C,0x79,0xE0,0x3C,0x79,0xE0,0x3C,0x79,0xE0,0x3C,0x79,0xE0,0x3C,
    0x79,0xE0,0x3C,0x79,0xE0,0x7E,0xF9,0xF8,0x7E,0xF9,0xF8,0x00,0x00,0x00,0x00,0x00,
    0x00,0x00,0x00,0x00,0x00,0x00,0x00,0x00,0x00,0x00,0x00,0x00,0x00,0x00,0x00,0x00,
    0x00,0x00,0x00,0x00,0x00,0x00,0x00,0x00,0x00,0x00,0x00,0x00,0x00,0x00,0x00,0x00,
    0x00,0x00,0x00,0x00,0x00,0x00,0x00,0x00,0x00,0x00,0x00,0x00,0x7D,0xF0,0x7F,0xF8,
    0x3E,0x78,0x3C,0x78,0x3C,0x78,0x3C,0x78,0x3C,0x78,0x3C,0x78,0x3C,0x78,0x7E,0xFC,
    0x7E,0xFC,0x00,0x00,0x00,0x00,0x00,0x00,0x00,0x00,0x00,0x00,0x00,0x00,0x00,0x00,
    0x00,0x00,0x00,0x00,0x00,0x00,0x00,0x00,0x00,0x00,0x00,0x00,0x00,0x00,0x00,0x00,
    0x00,0x00,0x00,0x00,0x00,0x00,0x00,0x00,0x00,0x00,0x00,0x00,0x0F,0xC0,0x3F,0xE0,
    0x38,0xF0,0x78,0x70,0x78,0x78,0x78,0x78,0x78,0x78,0x78,0x70,0x7C,0xF0,0x3F,0xE0,
    0x1F,0xC0,0x00,0x00,0x00,0x00,0x00,0x00,0x00,0x00,0x00,0x00,0x00,0x00,0x00,0x00,
    0x00,0x00,0x00,0x00,0x00,0x00,0x00,0x00,0x00,0x00,0x00,0x00,0x00,0x00,0x00,0x00,
    0x00,0x00,0x00,0x00,0x00,0x00,0x00,0x00,0x00,0x00,0x00,0x00,0x7D,0xF0,0x7F,0xF8,
    0x3E,0x78,0x3C,0x3C,0x3C,0x3C,0x3C,0x3C,0x3C,0x3C,0x3C,0x38,0x3E,0x78,0x3F,0xF0,
    0x3F,0xE0,0x3C,0x00,0x3C,0x00,0x3C,0x00,0x7F,0x00,0x7F,0x00,0x00,0x00,0x00,0x00,
    0x00,0x00,0x00,0x00,0x00,0x00,0x00,0x00,0x00,0x00,0x00,0x00,0x00,0x00,0x00,0x00,
    0x00,0x00,0x00,0x00,0x00,0x00,0x00,0x00,0x00,0x00,0x00,0x00,0x1F,0xF0,0x3F,0xF0,
    0x38,0xF0,0x78,0xF0,0x78,0xF0,0x78,0xF0,0x78,0xF0,0x78,0xF0,0x78,0xF0,0x3F,0xF0,
    0x1F,0xF0,0x00,0xF0,0x00,0xF0,0x00,0xF0,0x01,0xF8,0x01,0xF8,0x00,0x00,0x00,0x00,
    0x00,0x00,0x00,0x00,0x00,0x00,0x00,0x00,0x00,0x00,0x00,0x00,0x00,0x00,0x00,0x00,
    0x00,0x00,0x00,0x00,0x00,0x00,0x00,0x00,0x00,0x00,0x00,0x00,0x7D,0xE0,0x7F,0xE0,
    0x3E,0xE0,0x3C,0xE0,0x3C,0x00,0x3C,0x00,0x3C,0x00,0x3C,0x00,0x3C,0x00,0x7F,0x00,
    0x7F,0x00,0x00,0x00,0x00,0x00,0x00,0x00,0x00,0x00,0x00,0x00,0x00,0x00,0x00,0x00,
    0x00,0x00,0x00,0x00,0x00,0x00,0x00,0x00,0x00,0x00,0x00,0x00,0x00,0x00,0x00,0x00,
    0x00,0x00,0x00,0x00,0x00,0x00,0x00,0x00,0x00,0x00,0x00,0x00,0x3F,0xC0,0x7F,0xC0,
    0x71,0xC0,0x71,0xC0,0x7F,0x00,0x3F,0x80,0x0F,0xC0,0x61,0xC0,0x71,0xC0,0x7F,0x80,
    0x7F,0x00,0x00,0x00,0x00,0x00,0x00,0x00,0x00,0x00,0x00,0x00,0x00,0x00,0x00,0x00,
    0x00,0x00,0x00,0x00,0x00,0x00,0x00,0x00,0x00,0x00,0x00,0x00,0x00,0x00,0x00,0x00,
    0x00,0x00,0x00,0x00,0x0C,0x00,0x1C,0x00,0x1C,0x00,0x1C,0x00,0x7F,0x80,0x7F,0x80,
    0x3C,0x00,0x3C,0x00,0x3C,0x00,0x3C,0x00,0x3C,0x00,0x3C,0x00,0x3C,0x00,0x1F,0x80,
    0x0F,0x80,0x00,0x00,0x00,0x00,0x00,0x00,0x00,0x00,0x00,0x00,0x00,0x00,0x00,0x00,
    0x00,0x00,0x00,0x00,0x00,0x00,0x00,0x00,0x00,0x00,0x00,0x00,0x00,0x00,0x00,0x00,
    0x00,0x00,0x00,0x00,0x00,0x00,0x00,0x00,0x00,0x00,0x00,0x00,0xFC,0xF8,0xFC,0xF8,
    0x3C,0x78,0x3C,0x78,0x3C,0x78,0x3C,0x78,0x3C,0x78,0x3C,0x78,0x3F,0xF8,0x3F,0xFC,
    0x1F,0x7C,0x00,0x00,0x00,0x00,0x00,0x00,0x00,0x00,0x00,0x00,0x00,0x00,0x00,0x00,
    0x00,0x00,0x00,0x00,0x00,0x00,0x00,0x00,0x00,0x00,0x00,0x00,0x00,0x00,0x00,0x00,
    0x00,0x00,0x00,0x00,0x00,0x00,0x00,0x00,0x00,0x00,0x00,0x00,0xFC,0xF8,0xFC,0xF0,
    0x78,0x60,0x78,0xE0,0x3C,0xC0,0x3C,0xC0,0x1D,0xC0,0x1F,0x80,0x1F,0x80,0x0F,0x80,
    0x0F,0x00,0x00,0x00,0x00,0x00,0x00,0x00,0x00,0x00,0x00,0x00,0x00,0x00,0x00,0x00,
    0x00,0x00,0x00,0x00,0x00,0x00,0x00,0x00,0x00,0x00,0x00,0x00,0x00,0x00,0x00,0x00,
    0x00,0x00,0x00,0x00,0x00,0x00,0x00,0x00,0x00,0x00,0x00,0x00,0x00,0x00,0x00,0x00,
    0x00,0x00,0x00,0x00,0x00,0x00,0x00,0x00,0x00,0x00,0xFC,0xF3,0xE0,0xFC,0xF3,0xC0,
    0x79,0xF9,0x80,0x39,0xF9,0x80,0x3D,0xBB,0x00,0x3D,0xBB,0x00,0x3D,0xBF,0x00,0x1F,
    0x3F,0x00,0x1F,0x1E,0x00,0x1F,0x1E,0x00,0x0F,0x1E,0x00,0x00,0x00,0x00,0x00,0x00,
    0x00,0x00,0x00,0x00,0x00,0x00,0x00,0x00,0x00,0x00,0x00,0x00,0x00,0x00,0x00,0x00,
    0x00,0x00,0x00,0x00,0x00,0x00,0x00,0x00,0x00,0x00,0x00,0x00,0x00,0x00,0x00,0x00,
    0x00,0x00,0x00,0x00,0x00,0x00,0x00,0x00,0x00,0x00,0x00,0x00,0x7E,0xF8,0x7E,0xF8,
    0x3E,0x60,0x1F,0xC0,0x0F,0xC0,0x07,0x80,0x07,0xC0,0x0D,0xE0,0x1C,0xE0,0x7D,0xF8,
    0x7D,0xF8,0x00,0x00,0x00,0x00,0x00,0x00,0x00,0x00,0x00,0x00,0x00,0x00,0x00,0x00,
    0x00,0x00,0x00,0x00,0x00,0x00,0x00,0x00,0x00,0x00,0x00,0x00,0x00,0x00,0x00,0x00,
    0x00,0x00,0x00,0x00,0x00,0x00,0x00,0x00,0x00,0x00,0x00,0x00,0x7F,0x78,0x7E,0x78,
    0x3C,0x30,0x1E,0x30,0x1E,0x60,0x0F,0x60,0x0F,0x60,0x07,0xC0,0x07,0xC0,0x03,0x80,
    0x03,0x80,0x03,0x00,0x73,0x00,0x77,0x00,0x7E,0x00,0x3C,0x00,0x00,0x00,0x00,0x00,
    0x00,0x00,0x00,0x00,0x00,0x00,0x00,0x00,0x00,0x00,0x00,0x00,0x00,0x00,0x00,0x00,
    0x00,0x00,0x00,0x00,0x00,0x00,0x00,0x00,0x00,0x00,0x00,0x00,0x7F,0xE0,0x7F,0xE0,
    0x73,0xC0,0x63,0xC0,0x47,0x80,0x0F,0x00,0x1E,0x00,0x3E,0x60,0x3C,0x60,0x7F,0xE0,
    0x7F,0xE0,0x00,0x00,0x00,0x00,0x00,0x00,0x00,0x00,0x00,0x00,0x00,0x00,0x00,0x00,
    0x00,0x00,0x00,0x00,0x00,0x00,0x00,0x00,0x1E,0x3E,0x3C,0x3C,0x3C,0x3C,0x3C,0x3C,
    0x3C,0x38,0xF0,0xF8,0x3C,0x3C,0x3C,0x3C,0x3C,0x3C,0x3C,0x3C,0x3E,0x1E,0x00,0x00,
    0x00,0x00,0x00,0x00,0x00,0x00,0x00,0x00,0x00,0x00,0x00,0x00,0x00,0x00,0x00,0x00,
    0x18,0x00,0x18,0x00,0x18,0x00,0x18,0x00,0x18,0x00,0x18,0x00,0x18,0x00,0x18,0x00,
    0x18,0x00,0x18,0x00,0x18,0x00,0x18,0x00,0x18,0x00,0x18,0x00,0x18,0x00,0x18,0x00,
    0x18,0x00,0x18,0x00,0x18,0x00,0x00,0x00,0x00,0x00,0x00,0x00,0x00,0x00,0x00,0x00,
    0x00,0x00,0x00,0x00,0x00,0x00,0x00,0x00,0xF8,0x78,0x3C,0x3C,0x3C,0x3C,0x3C,0x3C,
    0x3C,0x3C,0x1E,0x1E,0x3C,0x3C,0x3C,0x3C,0x3C,0x3C,0x3C,0x3C,0x78,0xF8,0x00,0x00,
    0x00,0x00,0x00,0x00,0x00,0x00,0x00,0x00,0x00,0x00,0x00,0x00,0x00,0x00,0x00,0x00,
    0x00,0x00,0x00,0x00,0x00,0x00,0x00,0x00,0x00,0x00,0x00,0x00,0x00,0x00,0x00,0x00,
    0x00,0x00,0x3C,0x60,0x7F,0xE0,0x63,0xC0,0x00,0x00,0x00,0x00,0x00,0x00,0x00,0x00,
    0x00,0x00,0x00,0x00,0x00,0x00,0x00,0x00,0x00,0x00,0x00,0x00,0x00,0x00,0x00,0x00,
    0x00,0x00,0x00,0x00,0x00,0x00,0x00,0x00,0x00,0x3C,0x7E,0x66,0x7E,0x3C,0x00,0x00,
    0x00,0x00,0x00,0x00,0x00,0x00,0x00,0x00,0x00,0x00,0x00,0x00,0x00,0x00,0x00,0x00,
    0x00,0x00,0x00,0x00,0x00,0x00,0x00,0x00,0x00,0x00,0x00,0x00,0x00,0x00,0x00,0x00,
    0x3F,0x00,0x7F,0x80,0x73,0x80,0x23,0x80,0x07,0x00,0x0E,0x00,0x39,0x80,0x7F,0x80,
    0x7F,0x80,0x00,0x00,0x00,0x00,0x00,0x00,0x00,0x00,0x00,0x00,0x00,0x00,0x00,0x00,
    0x00,0x00,0x00,0x00,0x00,0x00,0x00,0x00,0x00,0x00,0x00,0x00,0x00,0x00,0x00,0x00,
    0x00,0x00,0x00,0x00,0x00,0x00,0x00,0x00,0x00,0x00,0x00,0x00,0x00,0x00,0x00,0x00,
    0x3E,0x00,0x7F,0x00,0x77,0x00,0x07,0x00,0x0C,0x00,0x0F,0x00,0x07,0x00,0x7F,0x00,
    0x3E,0x00,0x00,0x00,0x00,0x00,0x00,0x00,0x00,0x00,0x00,0x00,0x00,0x00,0x00,0x00,
    0x00,0x00,0x00,0x00,0x00,0x00,0x00,0x00,0x00,0x00,0x00,0x00,0x00,0x00,0x00,0x00,
    0x00,0x00,0x00,0x00,0x00,0x00,0x00,0x7C,0x7C,0x1C,0x1C,0x1C,0x1C,0x1C,0x1C,0x7E,
    0x7E,0x00,0x00,0x00,0x00,0x00,0x00,0x00,0x00,0x00,0x00,0x00,0x00,0x00,0x00,0x00,
    0x00,0x00,0x00,0x00,0x00,0x00,0x00,0x00,0x00,0x00,0x00,0x00,0x00,0x00,0x00,0x00,
    0x00,0x00,0x00,0x00,0x00,0x00,0x00,0x00,0x00,0x00,0x00,0x00,0x00,0x00,0x7C,0x03,
    0x80,0x7C,0x07,0x00,0x1C,0x06,0x00,0x1C,0x0E,0x00,0x1C,0x1C,0x00,0x1C,0x1C,0x70,
    0x1C,0x38,0xF0,0x1C,0x31,0xF0,0x7E,0x71,0xF0,0x7E,0x63,0x70,0x00,0xE6,0x70,0x01,
    0xCF,0xF8,0x01,0x8F,0xF8,0x03,0x80,0x70,0x03,0x00,0x70,0x00,0x00,0x00,0x00,0x00,
    0x00,0x00,0x00,0x00,0x00,0x00,0x00,0x00,0x00,0x00,0x00,0x00,0x00,0x00,0x00,0x00,
    0x00,0x00,0x00,0x00,0x00,0x00,0x00,0x00,0x00,0x00,0x00,0x00,0x00,0x00,0x00,0x00,
    0x00,0x00,0x00,0x00,0x00,0x00,0x00,0x00,0x00,0x00,0x00,0x00,0x00,0x00,0x7C,0x07,
    0x00,0x7C,0x07,0x00,0x1C,0x0E,0x00,0x1C,0x0C,0x00,0x1C,0x1C,0x00,0x1C,0x19,0xF8,
    0x1C,0x3B,0xFC,0x1C,0x33,0x1C,0x3E,0x73,0x1C,0x7E,0x60,0x38,0x00,0xE0,0x70,0x00,
    0xC0,0xE0,0x01,0xC1,0xCC,0x01,0x83,0xFC,0x03,0x03,0xFC,0x03,0x00,0x00,0x00,0x00,
    0x00,0x00,0x00,0x00,0x00,0x00,0x00,0x00,0x00,0x00,0x00,0x00,0x00,0x00,0x00,0x00,
    0x00,0x00,0x00,0x00,0x00,0x00,0x00,0x00,0x00,0x00,0x00,0x00,0x00,0x00,0x00,0x00,
    0x00,0x00,0x00,0x00,0x00,0x00,0x00,0x00,0x00,0x00,0x00,0x00,0x00,0x00,0x3E,0x01,
    0xC0,0x7F,0x03,0x80,0x67,0x07,0x00,0x67,0x07,0x00,0x1E,0x0E,0x00,0x1E,0x1C,0x38,
    0x07,0x1C,0x78,0x67,0x38,0xF8,0x7F,0x39,0xB8,0x3E,0x71,0xB8,0x00,0xE3,0x38,0x00,
    0xE7,0xFC,0x01,0xC7,0xFC,0x01,0xC0,0x38,0x03,0x80,0x38,0x00,0x00,0x00,0x00,0x00,
    0x00,0x00,0x00,0x00,0x00,0x00,0x00,0x00,0x00,0x00,0x00,0x00,0x00,0x00,0x00,0x00,
    0x00,0x00,0x00,0x00,0x00,0x00,0x00,0x00,0x00,0x00,0x07,0x00,0x07,0xC0,0x03,0xE0,
    0x00,0x60,0x00,0x00,0x03,0xE0,0x03,0xF0,0x03,0xF0,0x07,0xF0,0x07,0x78,0x06,0x78,
    0x0E,0x78,0x0C,0x3C,0x0C,0x3C,0x1F,0xFC,0x1F,0xFE,0x18,0x1E,0x38,0x1F,0x7C,0x3F,
    0x7C,0x3F,0x00,0x00,0x00,0x00,0x00,0x00,0x00,0x00,0x00,0x00,0x00,0x00,0x00,0x00,
    0x00,0x00,0x00,0x00,0x00,0x00,0x00,0x00,0x00,0x00,0x00,0x70,0x00,0xF0,0x01,0xE0,
    0x03,0x80,0x00,0x00,0x03,0xE0,0x03,0xF0,0x03,0xF0,0x07,0xF0,0x07,0x78,0x06,0x78,
    0x0E,0x78,0x0C,0x3C,0x0C,0x3C,0x1F,0xFC,0x1F,0xFE,0x18,0x1E,0x38,0x1F,0x7C,0x3F,
    0x7C,0x3F,0x00,0x00,0x00,0x00,0x00,0x00,0x00,0x00,0x00,0x00,0x00,0x00,0x00,0x00,
    0x00,0x00,0x00,0x00,0x00,0x00,0x00,0x00,0x00,0x00,0x01,0xE0,0x03,0xF0,0x07,0xF8,
    0x06,0x18,0x00,0x00,0x03,0xE0,0x03,0xF0,0x03,0xF0,0x07,0xF0,0x07,0x78,0x06,0x78,
    0x0E,0x78,0x0C,0x3C,0x0C,0x3C,0x1F,0xFC,0x1F,0xFE,0x18,0x1E,0x38,0x1F,0x7C,0x3F,
    0x7C,0x3F,0x00,0x00,0x00,0x00,0x00,0x00,0x00,0x00,0x00,0x00,0x00,0x00,0x00,0x00,
    0x00,0x00,0x00,0x00,0x00,0x00,0x00,0x00,0x00,0x00,0x00,0x00,0x07,0xF8,0x07,0xF8,
    0x04,0xF0,0x00,0x00,0x03,0xE0,0x03,0xF0,0x03,0xF0,0x07,0xF0,0x07,0x78,0x06,0x78,
    0x0E,0x78,0x0C,0x3C,0x0C,0x3C,0x1F,0xFC,0x1F,0xFE,0x18,0x1E,0x38,0x1F,0x7C,0x3F,
    0x7C,0x3F,0x00,0x00,0x00,0x00,0x00,0x00,0x00,0x00,0x00,0x00,0x00,0x00,0x00,0x00,
    0x00,0x00,0x00,0x00,0x00,0x00,0x00,0x00,0x00,0x00,0x00,0x00,0x07,0x38,0x0F,0x78,
    0x07,0x38,0x00,0x00,0x03,0xE0,0x03,0xE0,0x03,0xF0,0x07,0xF0,0x07,0xF8,0x06,0x78,
    0x0E,0x78,0x0C,0x3C,0x0C,0x3C,0x1F,0xFC,0x1F,0xFE,0x18,0x1E,0x38,0x1F,0x7C,0x3F,
    0x7C,0x3F,0x00,0x00,0x00,0x00,0x00,0x00,0x00,0x00,0x00,0x00,0x00,0x00,0x00,0x00,
    0x00,0x00,0x00,0x00,0x00,0x00,0x00,0x00,0x00,0x00,0x01,0xE0,0x03,0x30,0x03,0x30,
    0x01,0xE0,0x00,0x00,0x01,0xE0,0x03,0xE0,0x03,0xF0,0x03,0xF0,0x07,0x78,0x06,0x78,
    0x06,0x78,0x0E,0x3C,0x0C,0x3C,0x0F,0xFC,0x1F,0xFE,0x1C,0x1E,0x38,0x1E,0x7C,0x3F,
    0x7C,0x3F,0x00,0x00,0x00,0x00,0x00,0x00,0x00,0x00,0x00,0x00,0x00,0x00,0x00,0x00,
    0x00,0x00,0x00,0x00,0x00,0x00,0x00,0x00,0x00,0x00,0x00,0x00,0x00,0x00,0x00,0x00,
    0x00,0x00,0x00,0x00,0x00,0x00,0x00,0x00,0x00,0x00,0x00,0x00,0x00,0x00,0x03,0xFF,
    0xF8,0x01,0xFF,0xF8,0x00,0xDE,0x1C,0x01,0xDE,0x1C,0x01,0x9E,0x00,0x03,0x9E,0x20,
    0x03,0x1E,0x60,0x07,0xFF,0xE0,0x07,0xFF,0xE0,0x0E,0x1E,0x60,0x0E,0x1E,0x0C,0x1C,
    0x1E,0x0C,0x1C,0x1E,0x1C,0x7E,0x3F,0xFC,0x7E,0x3F,0xFC,0x00,0x00,0x00,0x00,0x00,
    0x00,0x00,0x00,0x00,0x00,0x00,0x00,0x00,0x00,0x00,0x00,0x00,0x00,0x00,0x00,0x00,
    0x00,0x00,0x00,0x00,0x00,0x00,0x00,0x00,0x00,0x00,0x00,0x00,0x00,0x00,0x00,0x00,
    0x00,0x00,0x00,0x00,0x07,0xEC,0x1F,0xFC,0x3C,0x3C,0x38,0x1C,0x78,0x0C,0x78,0x00,
    0x78,0x00,0x78,0x00,0x78,0x00,0x78,0x00,0x7C,0x00,0x3E,0x0C,0x1F,0xFC,0x0F,0xF8,
    0x03,0xE0,0x01,0xC0,0x01,0xE0,0x02,0xE0,0x03,0xE0,0x00,0x00,0x00,0x00,0x00,0x00,
    0x00,0x00,0x00,0x00,0x00,0x00,0x00,0x00,0x00,0x00,0x0E,0x00,0x0F,0x00,0x07,0x80,
    0x01,0x80,0x00,0x00,0x7F,0xF8,0x3F,0xF8,0x1E,0x38,0x1E,0x18,0x1E,0x18,0x1E,0x60,
    0x1E,0x60,0x1F,0xE0,0x1F,0xE0,0x1E,0x60,0x1E,0x00,0x1E,0x1C,0x1E,0x18,0x3F,0xF8,
    0x7F,0xF8,0x00,0x00,0x00,0x00,0x00,0x00,0x00,0x00,0x00,0x00,0x00,0x00,0x00,0x00,
    0x00,0x00,0x00,0x00,0x00,0x00,0x00,0x00,0x00,0x00,0x00,0xC0,0x01,0xE0,0x03,0xC0,
    0x07,0x00,0x00,0x00,0x7F,0xF8,0x3F,0xF8,0x1E,0x38,0x1E,0x18,0x1E,0x18,0x1E,0x60,
    0x1E,0x60,0x1F,0xE0,0x1F,0xE0,0x1E,0x60,0x1E,0x00,0x1E,0x1C,0x1E,0x18,0x3F,0xF8,
    0x7F,0xF8,0x00,0x00,0x00,0x00,0x00,0x00,0x00,0x00,0x00,0x00,0x00,0x00,0x00,0x00,
    0x00,0x00,0x00,0x00,0x00,0x00,0x00,0x00,0x00,0x00,0x03,0x80,0x07,0xC0,0x0F,0xE0,
    0x0C,0x60,0x00,0x00,0x7F,0xF8,0x3F,0xF8,0x1E,0x38,0x1E,0x18,0x1E,0x18,0x1E,0x60,
    0x1E,0x60,0x1F,0xE0,0x1F,0xE0,0x1E,0x60,0x1E,0x00,0x1E,0x1C,0x1E,0x18,0x3F,0xF8,
    0x7F,0xF8,0x00,0x00,0x00,0x00,0x00,0x00,0x00,0x00,0x00,0x00,0x00,0x00,0x00,0x00,
    0x00,0x00,0x00,0x00,0x00,0x00,0x00,0x00,0x00,0x00,0x00,0x00,0x1C,0xE0,0x1E,0xF0,
    0x1C,0xE0,0x00,0x00,0x7F,0xF8,0x3F,0xF8,0x1E,0x38,0x1E,0x18,0x1E,0x18,0x1E,0x60,
    0x1E,0x60,0x1F,0xE0,0x1F,0xE0,0x1E,0x60,0x1E,0x00,0x1E,0x1C,0x1E,0x18,0x3F,0xF8,
    0x7F,0xF8,0x00,0x00,0x00,0x00,0x00,0x00,0x00,0x00,0x00,0x00,0x00,0x00,0x00,0x00,
    0x00,0x00,0x00,0x00,0x00,0x00,0x00,0x00,0x00,0x00,0x70,0x00,0x78,0x00,0x3C,0x00,
    0x0C,0x00,0x00,0x00,0x7F,0x00,0x7F,0x00,0x3C,0x00,0x3C,0x00,0x3C,0x00,0x3C,0x00,
    0x3C,0x00,0x3C,0x00,0x3C,0x00,0x3C,0x00,0x3C,0x00,0x3C,0x00,0x3C,0x00,0x7F,0x00,
    0x7F,0x00,0x00,0x00,0x00,0x00,0x00,0x00,0x00,0x00,0x00,0x00,0x00,0x00,0x00,0x00,
    0x00,0x00,0x00,0x00,0x00,0x00,0x00,0x00,0x00,0x00,0x07,0x00,0x0F,0x00,0x1E,0x00,
    0x38,0x00,0x00,0x00,0x7F,0x00,0x7F,0x00,0x3C,0x00,0x3C,0x00,0x3C,0x00,0x3C,0x00,
    0x3C,0x00,0x3C,0x00,0x3C,0x00,0x3C,0x00,0x3C,0x00,0x3C,0x00,0x3C,0x00,0x7F,0x00,
    0x7F,0x00,0x00,0x00,0x00,0x00,0x00,0x00,0x00,0x00,0x00,0x00,0x00,0x00,0x00,0x00,
    0x00,0x00,0x00,0x00,0x00,0x00,0x00,0x00,0x00,0x00,0x1C,0x00,0x3E,0x00,0x7F,0x00,
    0x43,0x00,0x00,0x00,0x7F,0x00,0x7F,0x00,0x3C,0x00,0x3C,0x00,0x3C,0x00,0x3C,0x00,
    0x3C,0x00,0x3C,0x00,0x3C,0x00,0x3C,0x00,0x3C,0x00,0x3C,0x00,0x3C,0x00,0x7F,0x00,
    0x7F,0x00,0x00,0x00,0x00,0x00,0x00,0x00,0x00,0x00,0x00,0x00,0x00,0x00,0x00,0x00,
    0x00,0x00,0x00,0x00,0x00,0x00,0x00,0x00,0x00,0x00,0x00,0x00,0x73,0x80,0x7B,0x80,
    0x73,0x80,0x00,0x00,0x3F,0x80,0x3F,0x80,0x1E,0x00,0x1E,0x00,0x1E,0x00,0x1E,0x00,
    0x1E,0x00,0x1E,0x00,0x1E,0x00,0x1E,0x00,0x1E,0x00,0x1E,0x00,0x1E,0x00,0x3F,0x80,
    0x3F,0x80,0x00,0x00,0x00,0x00,0x00,0x00,0x00,0x00,0x00,0x00,0x00,0x00,0x00,0x00,
    0x00,0x00,0x00,0x00,0x00,0x00,0x00,0x00,0x00,0x00,0x00,0x00,0x00,0x00,0x00,0x00,
    0x00,0x00,0x00,0x00,0x7F,0xF0,0x3F,0xFC,0x1E,0x3E,0x1E,0x1E,0x1E,0x0F,0x1E,0x0F,
    0x7F,0xCF,0x7F,0xCF,0x1E,0x0F,0x1E,0x0F,0x1E,0x0F,0x1E,0x1E,0x1E,0x3C,0x3F,0xF8,
    0x7F,0xF0,0x00,0x00,0x00,0x00,0x00,0x00,0x00,0x00,0x00,0x00,0x00,0x00,0x00,0x00,
    0x00,0x00,0x00,0x00,0x00,0x00,0x00,0x00,0x00,0x00,0x00,0x00,0x00,0x00,0x00,0x00,
    0x00,0x00,0x07,0xF8,0x00,0x07,0xF8,0x00,0x04,0xF0,0x00,0x00,0x00,0x00,0x7C,0x1F,
    0x00,0x7E,0x1F,0x00,0x1F,0x06,0x00,0x1F,0x06,0x00,0x1F,0x86,0x00,0x1F,0xC6,0x00,
    0x1B,0xC6,0x00,0x19,0xE6,0x00,0x19,0xF6,0x00,0x18,0xF6,0x00,0x18,0xFE,0x00,0x18,
    0x7E,0x00,0x18,0x3E,0x00,0x7C,0x3E,0x00,0x7C,0x1E,0x00,0x00,0x00,0x00,0x00,0x00,
    0x00,0x00,0x00,0x00,0x00,0x00,0x00,0x00,0x00,0x00,0x00,0x00,0x00,0x00,0x00,0x00,
    0x00,0x00,0x00,0x00,0x00,0x00,0x00,0x00,0x02,0x00,0x07,0x00,0x07,0x80,0x03,0xC0,
    0x00,0xE0,0x00,0x00,0x07,0xF0,0x1F,0xF8,0x3C,0x3C,0x38,0x1E,0x78,0x1E,0x78,0x0F,
    0x78,0x0F,0x78,0x0F,0x78,0x0F,0x78,0x0E,0x78,0x1E,0x3C,0x1E,0x3E,0x3C,0x1F,0xF8,
    0x07,0xF0,0x00,0x00,0x00,0x00,0x00,0x00,0x00,0x00,0x00,0x00,0x00,0x00,0x00,0x00,
    0x00,0x00,0x00,0x00,0x00,0x00,0x00,0x00,0x00,0x00,0x00,0x70,0x00,0xF0,0x03,0xE0,
    0x03,0x00,0x00,0x00,0x07,0xF0,0x1F,0xF8,0x3C,0x3C,0x38,0x1E,0x78,0x1E,0x78,0x0F,
    0x78,0x0F,0x78,0x0F,0x78,0x0F,0x78,0x0E,0x78,0x1E,0x3C,0x1E,0x3E,0x3C,0x1F,0xF8,
    0x07,0xF0,0x00,0x00,0x00,0x00,0x00,0x00,0x00,0x00,0x00,0x00,0x00,0x00,0x00,0x00,
    0x00,0x00,0x00,0x00,0x00,0x00,0x00,0x00,0x01,0xC0,0x03,0xC0,0x07,0xE0,0x07,0x70,
    0x04,0x30,0x00,0x00,0x07,0xF0,0x1F,0xF8,0x3C,0x3C,0x38,0x1E,0x78,0x1E,0x78,0x0F,
    0x78,0x0F,0x78,0x0F,0x78,0x0F,0x78,0x0E,0x78,0x1E,0x3C,0x1E,0x3E,0x3C,0x1F,0xF8,
    0x07,0xF0,0x00,0x00,0x00,0x00,0x00,0x00,0x00,0x00,0x00,0x00,0x00,0x00,0x00,0x00,
    0x00,0x00,0x00,0x00,0x00,0x00,0x00,0x00,0x00,0x00,0x00,0x00,0x07,0xF0,0x0F,0xF0,
    0x0D,0xE0,0x00,0x00,0x07,0xF0,0x1F,0xF8,0x3C,0x3C,0x38,0x1E,0x78,0x1E,0x78,0x0F,
    0x78,0x0F,0x78,0x0F,0x78,0x0F,0x78,0x0E,0x78,0x1E,0x3C,0x1E,0x3E,0x3C,0x1F,0xF8,
    0x07,0xF0,0x00,0x00,0x00,0x00,0x00,0x00,0x00,0x00,0x00,0x00,0x00,0x00,0x00,0x00,
    0x00,0x00,0x00,0x00,0x00,0x00,0x00,0x00,0x00,0x00,0x0E,0x70,0x0F,0x78,0x0E,0x70,
    0x00,0x00,0x00,0x00,0x07,0xF0,0x1F,0xF8,0x3C,0x3C,0x38,0x1E,0x78,0x1E,0x78,0x0F,
    0x78,0x0F,0x78,0x0F,0x78,0x0F,0x78,0x0E,0x78,0x1E,0x3C,0x1E,0x3E,0x3C,0x1F,0xF8,
    0x07,0xF0,0x00,0x00,0x00,0x00,0x00,0x00,0x00,0x00,0x00,0x00,0x00,0x00,0x00,0x00,
    0x00,0x00,0x00,0x00,0x00,0x00,0x00,0x00,0x00,0x00,0x00,0x00,0x00,0x00,0x00,0x00,
    0x00,0x00,0x00,0x00,0x00,0x00,0x00,0x00,0x00,0x00,0x00,0x00,0x00,0x00,0x19,0xC0,
    0x3F,0xC0,0x1F,0x80,0x0F,0x00,0x1F,0x80,0x3F,0xC0,0x39,0xC0,0x10,0x80,0x00,0x00,
    0x00,0x00,0x00,0x00,0x00,0x00,0x00,0x00,0x00,0x00,0x00,0x00,0x00,0x00,0x00,0x00,
    0x00,0x00,0x00,0x00,0x00,0x00,0x00,0x00,0x00,0x00,0x00,0x00,0x00,0x00,0x00,0x00,
    0x00,0x00,0x00,0x00,0x07,0xF7,0x0F,0xFE,0x1C,0x3E,0x38,0x3E,0x78,0x7E,0x78,0x7F,
    0x78,0xEF,0x79,0xCF,0x7B,0x8F,0x7F,0x0E,0x7E,0x1E,0x3C,0x1E,0x3E,0x3C,0x3F,0xF8,
    0x77,0xE0,0x00,0x00,0x00,0x00,0x00,0x00,0x00,0x00,0x00,0x00,0x00,0x00,0x00,0x00,
    0x00,0x00,0x00,0x00,0x00,0x00,0x00,0x00,0x00,0x00,0x03,0x80,0x03,0xC0,0x01,0xE0,
    0x00,0x60,0x00,0x00,0x7F,0x1F,0x7F,0x1F,0x3C,0x0C,0x3C,0x0C,0x3C,0x0C,0x3C,0x0C,
    0x3C,0x0C,0x3C,0x0C,0x3C,0x0C,0x3C,0x0C,0x3C,0x0C,0x1E,0x1C,0x1F,0x3C,0x0F,0xF8,
    0x07,0xF0,0x00,0x00,0x00,0x00,0x00,0x00,0x00,0x00,0x00,0x00,0x00,0x00,0x00,0x00,
    0x00,0x00,0x00,0x00,0x00,0x00,0x00,0x00,0x00,0x00,0x00,0x70,0x00,0xF0,0x01,0xE0,
    0x01,0x80,0x00,0x00,0x7F,0x1F,0x7F,0x1F,0x3C,0x0C,0x3C,0x0C,0x3C,0x0C,0x3C,0x0C,
    0x3C,0x0C,0x3C,0x0C,0x3C,0x0C,0x3C,0x0C,0x3C,0x0C,0x1E,0x1C,0x1F,0x3C,0x0F,0xF8,
    0x07,0xF0,0x00,0x00,0x00,0x00,0x00,0x00,0x00,0x00,0x00,0x00,0x00,0x00,0x00,0x00,
    0x00,0x00,0x00,0x00,0x00,0x00,0x00,0x00,0x00,0xC0,0x01,0xE0,0x03,0xE0,0x07,0xB0,
    0x06,0x10,0x00,0x00,0x7F,0x1F,0x7F,0x1F,0x3C,0x0C,0x3C,0x0C,0x3C,0x0C,0x3C,0x0C,
    0x3C,0x0C,0x3C,0x0C,0x3C,0x0C,0x3C,0x0C,0x3C,0x0C,0x1E,0x1C,0x1F,0x3C,0x0F,0xF8,
    0x07,0xF0,0x00,0x00,0x00,0x00,0x00,0x00,0x00,0x00,0x00,0x00,0x00,0x00,0x00,0x00,
    0x00,0x00,0x00,0x00,0x00,0x00,0x00,0x00,0x00,0x00,0x07,0x38,0x07,0xF8,0x07,0x38,
    0x00,0x00,0x00,0x00,0x7F,0x1F,0x7F,0x1F,0x3C,0x0C,0x3C,0x0C,0x3C,0x0C,0x3C,0x0C,
    0x3C,0x0C,0x3C,0x0C,0x3C,0x0C,0x3C,0x0C,0x3C,0x0C,0x1E,0x1C,0x1F,0x3C,0x0F,0xF8,
    0x07,0xF0,0x00,0x00,0x00,0x00,0x00,0x00,0x00,0x00,0x00,0x00,0x00,0x00,0x00,0x00,
    0x00,0x00,0x00,0x00,0x00,0x00,0x00,0x00,0x00,0x00,0x00,0x30,0x00,0xF0,0x01,0xE0,
    0x01,0x80,0x00,0x00,0x7F,0x3F,0x7F,0x1F,0x1E,0x0C,0x1E,0x1C,0x0F,0x18,0x07,0xB8,
    0x07,0xB0,0x03,0xF0,0x03,0xE0,0x01,0xE0,0x01,0xE0,0x01,0xE0,0x01,0xE0,0x07,0xF0,
    0x07,0xF0,0x00,0x00,0x00,0x00,0x00,0x00,0x00,0x00,0x00,0x00,0x00,0x00,0x00,0x00,
    0x00,0x00,0x00,0x00,0x00,0x00,0x00,0x00,0x00,0x00,0x00,0x00,0x00,0x00,0x00,0x00,
    0x00,0x00,0x00,0x00,0x7F,0x00,0x7F,0x00,0x3C,0x00,0x3C,0x00,0x3F,0xF0,0x3F,0xF8,
    0x3C,0x7C,0x3C,0x3C,0x3C,0x3C,0x3C,0x78,0x3F,0xF0,0x3F,0xE0,0x3C,0x00,0x7F,0x00,
    0x7F,0x00,0x00,0x00,0x00,0x00,0x00,0x00,0x00,0x00,0x00,0x00,0x00,0x00,0x00,0x00,
    0x00,0x00,0x00,0x00,0x00,0x00,0x00,0x00,0x00,0x00,0x00,0x00,0x00,0x00,0x00,0x00,
    0x00,0x00,0x07,0xF0,0x1F,0xF8,0x3C,0x78,0x3C,0x78,0x3C,0x70,0x7C,0x60,0xFC,0xC0,
    0x3C,0xC0,0x3D,0xE0,0x3D,0xF8,0x3C,0xFE,0x3C,0x3E,0x3F,0x0E,0x3F,0x8E,0xFF,0xFC,
    0xFF,0xF8,0x00,0x00,0x00,0x00,0x00,0x00,0x00,0x00,0x00,0x00,0x00,0x00,0x00,0x00,
    0x00,0x00,0x00,0x00,0x00,0x00,0x00,0x00,0x00,0x00,0x00,0x00,0x00,0x00,0x00,0x00,
    0x1C,0x00,0x1C,0x00,0x0E,0x00,0x06,0x00,0x02,0x00,0x00,0x00,0x1F,0x80,0x7F,0xC0,
    0x71,0xE0,0x71,0xE0,0x1F,0xE0,0x3F,0xE0,0x79,0xE0,0x79,0xE0,0x7B,0xE0,0x7F,0xF0,
    0x3C,0xF0,0x00,0x00,0x00,0x00,0x00,0x00,0x00,0x00,0x00,0x00,0x00,0x00,0x00,0x00,
    0x00,0x00,0x00,0x00,0x00,0x00,0x00,0x00,0x00,0x00,0x00,0x00,0x00,0x00,0x00,0x00,
    0x01,0x80,0x03,0x80,0x07,0x80,0x06,0x00,0x04,0x00,0x00,0x00,0x1F,0x80,0x7F,0xC0,
    0x71,0xE0,0x71,0xE0,0x1F,0xE0,0x3F,0xE0,0x79,0xE0,0x79,0xE0,0x79,0xE0,0x7F,0xF0,
    0x3C,0xF0,0x00,0x00,0x00,0x00,0x00,0x00,0x00,0x00,0x00,0x00,0x00,0x00,0x00,0x00,
    0x00,0x00,0x00,0x00,0x00,0x00,0x00,0x00,0x00,0x00,0x00,0x00,0x00,0x00,0x00,0x00,
    0x06,0x00,0x0F,0x00,0x1F,0x80,0x19,0xC0,0x10,0xC0,0x00,0x00,0x1F,0x80,0x7F,0xC0,
    0x71,0xE0,0x71,0xE0,0x1F,0xE0,0x3F,0xE0,0x79,0xE0,0x79,0xE0,0x79,0xE0,0x7F,0xF0,
    0x3C,0xF0,0x00,0x00,0x00,0x00,0x00,0x00,0x00,0x00,0x00,0x00,0x00,0x00,0x00,0x00,
    0x00,0x00,0x00,0x00,0x00,0x00,0x00,0x00,0x00,0x00,0x00,0x00,0x00,0x00,0x00,0x00,
    0x00,0x00,0x1F,0xC0,0x3F,0xC0,0x37,0x80,0x00,0x00,0x00,0x00,0x1F,0x80,0x7F,0xC0,
    0x71,0xE0,0x71,0xE0,0x1F,0xE0,0x3F,0xE0,0x79,0xE0,0x79,0xE0,0x79,0xE0,0x7F,0xF0,
    0x3C,0xF0,0x00,0x00,0x00,0x00,0x00,0x00,0x00,0x00,0x00,0x00,0x00,0x00,0x00,0x00,
    0x00,0x00,0x00,0x00,0x00,0x00,0x00,0x00,0x00,0x00,0x00,0x00,0x00,0x00,0x00,0x00,
    0x00,0x00,0x39,0xC0,0x3D,0xE0,0x39,0xC0,0x00,0x00,0x00,0x00,0x1F,0x80,0x7F,0xC0,
    0x71,0xE0,0x71,0xE0,0x1F,0xE0,0x3F,0xE0,0x79,0xE0,0x79,0xE0,0x79,0xE0,0x7F,0xF0,
    0x3C,0xF0,0x00,0x00,0x00,0x00,0x00,0x00,0x00,0x00,0x00,0x00,0x00,0x00,0x00,0x00,
    0x00,0x00,0x00,0x00,0x00,0x00,0x00,0x00,0x00,0x00,0x00,0x00,0x00,0x00,0x00,0x00,
    0x0F,0x00,0x19,0x80,0x19,0x80,0x1B,0x80,0x0F,0x00,0x00,0x00,0x1F,0x80,0x7F,0xC0,
    0x71,0xE0,0x71,0xE0,0x1F,0xE0,0x3F,0xE0,0x79,0xE0,0x79,0xE0,0x79,0xE0,0x7F,0xF0,
    0x3C,0xF0,0x00,0x00,0x00,0x00,0x00,0x00,0x00,0x00,0x00,0x00,0x00,0x00,0x00,0x00,
    0x00,0x00,0x00,0x00,0x00,0x00,0x00,0x00,0x00,0x00,0x00,0x00,0x00,0x00,0x00,0x00,
    0x00,0x00,0x00,0x00,0x00,0x00,0x00,0x00,0x00,0x00,0x00,0x00,0x00,0x00,0x00,0x00,
    0x00,0x00,0x00,0x00,0x00,0x00,0x00,0x00,0x00,0x00,0x1F,0x3F,0x00,0x7F,0xFF,0x80,
    0x71,0xE3,0x80,0x71,0xE3,0xC0,0x1F,0xFF,0xC0,0x3F,0xFF,0x80,0x79,0xE0,0x00,0x79,
    0xE0,0x00,0x79,0xF1,0x80,0x7F,0xFF,0xC0,0x3E,0x7F,0x00,0x00,0x00,0x00,0x00,0x00,
    0x00,0x00,0x00,0x00,0x00,0x00,0x00,0x00,0x00,0x00,0x00,0x00,0x00,0x00,0x00,0x00,
    0x00,0x00,0x00,0x00,0x00,0x00,0x00,0x00,0x00,0x00,0x00,0x00,0x00,0x00,0x00,0x00,
    0x00,0x00,0x00,0x00,0x00,0x00,0x00,0x00,0x00,0x00,0x00,0x00,0x0F,0xC0,0x3F,0xE0,
    0x38,0xE0,0x79,0xE0,0x78,0xC0,0x78,0x00,0x78,0x00,0x78,0x00,0x7C,0x60,0x3F,0xE0,
    0x1F,0xC0,0x06,0x00,0x07,0x80,0x01,0x80,0x0F,0x80,0x0F,0x00,0x00,0x00,0x00,0x00,
    0x00,0x00,0x00,0x00,0x00,0x00,0x00,0x00,0x00,0x00,0x00,0x00,0x00,0x00,0x00,0x00,
    0x0C,0x00,0x0E,0x00,0x0E,0x00,0x07,0x00,0x01,0x00,0x00,0x00,0x0F,0xC0,0x3F,0xE0,
    0x38,0xF0,0x78,0xF0,0x7F,0xF0,0x7F,0xE0,0x78,0x00,0x78,0x00,0x7C,0x60,0x3F,0xF0,
    0x0F,0xC0,0x00,0x00,0x00,0x00,0x00,0x00,0x00,0x00,0x00,0x00,0x00,0x00,0x00,0x00,
    0x00,0x00,0x00,0x00,0x00,0x00,0x00,0x00,0x00,0x00,0x00,0x00,0x00,0x00,0x00,0x00,
    0x01,0x80,0x03,0xC0,0x03,0x80,0x07,0x00,0x04,0x00,0x00,0x00,0x0F,0xC0,0x3F,0xE0,
    0x38,0xF0,0x78,0xF0,0x7F,0xF0,0x7F,0xE0,0x78,0x00,0x78,0x00,0x7C,0x60,0x3F,0xF0,
    0x0F,0xC0,0x00,0x00,0x00,0x00,0x00,0x00,0x00,0x00,0x00,0x00,0x00,0x00,0x00,0x00,
    0x00,0x00,0x00,0x00,0x00,0x00,0x00,0x00,0x00,0x00,0x00,0x00,0x00,0x00,0x00,0x00,
    0x07,0x00,0x0F,0x80,0x0F,0x80,0x1D,0xC0,0x10,0x40,0x00,0x00,0x0F,0xC0,0x3F,0xE0,
    0x38,0xE0,0x78,0xF0,0x7F,0xF0,0x7F,0xE0,0x78,0x00,0x78,0x00,0x7C,0x60,0x3F,0xF0,
    0x0F,0xC0,0x00,0x00,0x00,0x00,0x00,0x00,0x00,0x00,0x00,0x00,0x00,0x00,0x00,0x00,
    0x00,0x00,0x00,0x00,0x00,0x00,0x00,0x00,0x00,0x00,0x00,0x00,0x00,0x00,0x00,0x00,
    0x00,0x00,0x1C,0xE0,0x3D,0xE0,0x1C,0xE0,0x00,0x00,0x00,0x00,0x0F,0xC0,0x3F,0xE0,
    0x38,0xE0,0x78,0xF0,0x7F,0xF0,0x7F,0xE0,0x78,0x00,0x78,0x00,0x7C,0x60,0x3F,0xF0,
    0x0F,0xC0,0x00,0x00,0x00,0x00,0x00,0x00,0x00,0x00,0x00,0x00,0x00,0x00,0x00,0x00,
    0x00,0x00,0x00,0x00,0x00,0x00,0x00,0x00,0x60,0xF0,0x70,0x38,0x08,0x00,0x7C,0x7C,
    0x3C,0x3C,0x3C,0x3C,0x3C,0x3C,0x3C,0x7E,0x7E,0x00,0x00,0x00,0x00,0x00,0x00,0x00,
    0x00,0x00,0x00,0x00,0x00,0x00,0x00,0x00,0x0C,0x1C,0x3C,0x30,0x20,0x00,0x7C,0x7C,
    0x3C,0x3C,0x3C,0x3C,0x3C,0x3C,0x3C,0x7E,0x7E,0x00,0x00,0x00,0x00,0x00,0x00,0x00,
    0x00,0x00,0x00,0x00,0x00,0x00,0x00,0x00,0x38,0x78,0x7C,0xCE,0x82,0x00,0x7C,0x7C,
    0x3C,0x3C,0x3C,0x3C,0x3C,0x3C,0x3C,0x7E,0x7E,0x00,0x00,0x00,0x00,0x00,0x00,0x00,
    0x00,0x00,0x00,0x00,0x00,0x00,0x00,0x00,0x00,0xCE,0xEF,0xCE,0x00,0x00,0x7C,0x7C,
    0x3C,0x3C,0x3C,0x3C,0x3C,0x3C,0x3C,0x7E,0x7E,0x00,0x00,0x00,0x00,0x00,0x00,0x00,
    0x00,0x00,0x00,0x00,0x00,0x00,0x00,0x00,0x00,0x00,0x00,0x00,0x00,0x00,0x00,0x00,
    0x00,0x40,0x1F,0xE0,0x1F,0x80,0x0F,0xC0,0x0D,0xE0,0x00,0xE0,0x1F,0xF0,0x3F,0xF0,
    0x78,0xF0,0x78,0xF0,0x78,0xF0,0x78,0xF0,0x78,0xF0,0x78,0xF0,0x78,0xE0,0x3F,0xC0,
    0x1F,0x80,0x00,0x00,0x00,0x00,0x00,0x00,0x00,0x00,0x00,0x00,0x00,0x00,0x00,0x00,
    0x00,0x00,0x00,0x00,0x00,0x00,0x00,0x00,0x00,0x00,0x00,0x00,0x00,0x00,0x00,0x00,
    0x00,0x00,0x0F,0xB0,0x0F,0xE0,0x09,0xE0,0x00,0x00,0x00,0x00,0x7D,0xF0,0x7F,0xF8,
    0x3E,0x78,0x3C,0x78,0x3C,0x78,0x3C,0x78,0x3C,0x78,0x3C,0x78,0x3C,0x78,0x7E,0xFC,
    0x7E,0xFC,0x00,0x00,0x00,0x00,0x00,0x00,0x00,0x00,0x00,0x00,0x00,0x00,0x00,0x00,
    0x00,0x00,0x00,0x00,0x00,0x00,0x00,0x00,0x00,0x00,0x00,0x00,0x00,0x00,0x00,0x00,
    0x0C,0x00,0x0E,0x00,0x0F,0x00,0x03,0x00,0x01,0x00,0x00,0x00,0x0F,0xC0,0x3F,0xE0,
    0x38,0xF0,0x78,0x70,0x78,0x78,0x78,0x78,0x78,0x78,0x78,0x70,0x7C,0xF0,0x3F,0xE0,
    0x1F,0xC0,0x00,0x00,0x00,0x00,0x00,0x00,0x00,0x00,0x00,0x00,0x00,0x00,0x00,0x00,
    0x00,0x00,0x00,0x00,0x00,0x00,0x00,0x00,0x00,0x00,0x00,0x00,0x00,0x00,0x00,0x00,
    0x01,0x80,0x01,0xC0,0x03,0x80,0x07,0x00,0x06,0x00,0x00,0x00,0x0F,0xC0,0x3F,0xE0,
    0x38,0xF0,0x78,0x70,0x78,0x78,0x78,0x78,0x78,0x78,0x78,0x70,0x7C,0xF0,0x3F,0xE0,
    0x1F,0xC0,0x00,0x00,0x00,0x00,0x00,0x00,0x00,0x00,0x00,0x00,0x00,0x00,0x00,0x00,
    0x00,0x00,0x00,0x00,0x00,0x00,0x00,0x00,0x00,0x00,0x00,0x00,0x00,0x00,0x00,0x00,
    0x07,0x00,0x07,0x80,0x0F,0xC0,0x1C,0xC0,0x18,0x40,0x00,0x00,0x0F,0xC0,0x3F,0xE0,
    0x38,0xF0,0x78,0x70,0x78,0x78,0x78,0x78,0x78,0x78,0x78,0x70,0x7C,0xF0,0x3F,0xE0,
    0x1F,0xC0,0x00,0x00,0x00,0x00,0x00,0x00,0x00,0x00,0x00,0x00,0x00,0x00,0x00,0x00,
    0x00,0x00,0x00,0x00,0x00,0x00,0x00,0x00,0x00,0x00,0x00,0x00,0x00,0x00,0x00,0x00,
    0x00,0x00,0x0F,0xE0,0x1F,0xC0,0x13,0xC0,0x00,0x00,0x00,0x00,0x0F,0xC0,0x3F,0xE0,
    0x38,0xF0,0x78,0x70,0x78,0x78,0x78,0x78,0x78,0x78,0x78,0x70,0x7C,0xF0,0x3F,0xE0,
    0x1F,0xC0,0x00,0x00,0x00,0x00,0x00,0x00,0x00,0x00,0x00,0x00,0x00,0x00,0x00,0x00,
    0x00,0x00,0x00,0x00,0x00,0x00,0x00,0x00,0x00,0x00,0x00,0x00,0x00,0x00,0x00,0x00,
    0x00,0x00,0x1C,0xE0,0x3D,0xE0,0x1C,0xE0,0x00,0x00,0x00,0x00,0x0F,0xC0,0x3F,0xE0,
    0x38,0xF0,0x78,0x70,0x78,0x78,0x78,0x78,0x78,0x78,0x78,0x70,0x7C,0xF0,0x3F,0xE0,
    0x1F,0xC0,0x00,0x00,0x00,0x00,0x00,0x00,0x00,0x00,0x00,0x00,0x00,0x00,0x00,0x00,
    0x00,0x00,0x00,0x00,0x00,0x00,0x00,0x00,0x00,0x00,0x00,0x00,0x00,0x00,0x00,0x00,
    0x00,0x00,0x00,0x00,0x00,0x00,0x00,0x00,0x00,0x00,0x07,0x00,0x07,0x80,0x07,0x00,
    0x00,0x00,0x00,0x00,0x3F,0xE0,0x3F,0xE0,0x00,0x00,0x07,0x00,0x07,0x80,0x07,0x00,
    0x00,0x00,0x00,0x00,0x00,0x00,0x00,0x00,0x00,0x00,0x00,0x00,0x00,0x00,0x00,0x00,
    0x00,0x00,0x00,0x00,0x00,0x00,0x00,0x00,0x00,0x00,0x00,0x00,0x00,0x00,0x00,0x00,
    0x00,0x00,0x00,0x00,0x00,0x00,0x00,0x00,0x00,0x00,0x00,0x00,0x0F,0xF0,0x3F,0xF0,
    0x38,0xF0,0x79,0xF0,0x7B,0xF8,0x7B,0x78,0x7E,0x78,0x7C,0x70,0x7C,0xF0,0x3F,0xE0,
    0x7F,0xC0,0x00,0x00,0x00,0x00,0x00,0x00,0x00,0x00,0x00,0x00,0x00,0x00,0x00,0x00,
    0x00,0x00,0x00,0x00,0x00,0x00,0x00,0x00,0x00,0x00,0x00,0x00,0x00,0x00,0x00,0x00,
    0x0C,0x00,0x0E,0x00,0x0F,0x00,0x03,0x80,0x01,0x00,0x00,0x00,0xFC,0xF8,0xFC,0xF8,
    0x3C,0x78,0x3C,0x78,0x3C,0x78,0x3C,0x78,0x3C,0x78,0x3C,0x78,0x3F,0xF8,0x3F,0xFC,
    0x1F,0x7C,0x00,0x00,0x00,0x00,0x00,0x00,0x00,0x00,0x00,0x00,0x00,0x00,0x00,0x00,
    0x00,0x00,0x00,0x00,0x00,0x00,0x00,0x00,0x00,0x00,0x00,0x00,0x00,0x00,0x00,0x00,
    0x01,0xC0,0x01,0xC0,0x03,0x80,0x07,0x00,0x02,0x00,0x00,0x00,0xFC,0xF8,0xFC,0xF8,
    0x3C,0x78,0x3C,0x78,0x3C,0x78,0x3C,0x78,0x3C,0x78,0x3C,0x78,0x3F,0xF8,0x3F,0xFC,
    0x1F,0x7C,0x00,0x00,0x00,0x00,0x00,0x00,0x00,0x00,0x00,0x00,0x00,0x00,0x00,0x00,
    0x00,0x00,0x00,0x00,0x00,0x00,0x00,0x00,0x00,0x00,0x00,0x00,0x00,0x00,0x00,0x00,
    0x03,0x00,0x07,0x80,0x0F,0xC0,0x1C,0xE0,0x18,0x40,0x00,0x00,0xFC,0xF8,0xFC,0xF8,
    0x3C,0x78,0x3C,0x78,0x3C,0x78,0x3C,0x78,0x3C,0x78,0x3C,0x78,0x3F,0xF8,0x3F,0xFC,
    0x1F,0x7C,0x00,0x00,0x00,0x00,0x00,0x00,0x00,0x00,0x00,0x00,0x00,0x00,0x00,0x00,
    0x00,0x00,0x00,0x00,0x00,0x00,0x00,0x00,0x00,0x00,0x00,0x00,0x00,0x00,0x00,0x00,
    0x00,0x00,0x1C,0xE0,0x3D,0xE0,0x1C,0xE0,0x00,0x00,0x00,0x00,0xFD,0xF8,0xFD,0xF8,
    0x3C,0x78,0x3C,0x78,0x3C,0x78,0x3C,0x78,0x3C,0x78,0x3C,0x78,0x3F,0xF8,0x3F,0xFC,
    0x1F,0x7C,0x00,0x00,0x00,0x00,0x00,0x00,0x00,0x00,0x00,0x00,0x00,0x00,0x00,0x00,
    0x00,0x00,0x00,0x00,0x00,0x00,0x00,0x00,0x00,0x00,0x00,0x00,0x00,0x00,0x00,0x00,
    0x00,0x40,0x00,0xE0,0x01,0xC0,0x03,0x80,0x03,0x00,0x00,0x00,0x7F,0x78,0x7E,0x78,
    0x3C,0x30,0x1E,0x30,0x1E,0x60,0x0F,0x60,0x0F,0x60,0x07,0xC0,0x07,0xC0,0x03,0x80,
    0x03,0x80,0x03,0x00,0x73,0x00,0x77,0x00,0x7E,0x00,0x3C,0x00,0x00,0x00,0x00,0x00,
    0x00,0x00,0x00,0x00,0x00,0x00,0x00,0x00,0x00,0x00,0x00,0x00,0x00,0x00,0x00,0x00,
    0x00,0x00,0x7C,0x00,0x7C,0x00,0x3C,0x00,0x3C,0x00,0x3C,0x00,0x3D,0xF0,0x3F,0xF8,
    0x3E,0x78,0x3C,0x3C,0x3C,0x3C,0x3C,0x3C,0x3C,0x3C,0x3C,0x38,0x3C,0x78,0x3F,0xF0,
    0x3F,0xE0,0x3C,0x00,0x3C,0x00,0x3C,0x00,0x7F,0x00,0x7F,0x00,0x00,0x00,0x00,0x00,
    0x00,0x00,0x00,0x00,0x00,0x00,0x00,0x00,0x00,0x00,0x00,0x00,0x00,0x00,0x00,0x00,
    0x00,0x00,0x0E,0x70,0x1E,0xF0,0x0E,0x70,0x00,0x00,0x00,0x00,0x7E,0x78,0x7E,0x78,
    0x3C,0x30,0x1C,0x30,0x1E,0x60,0x0E,0x60,0x0F,0xE0,0x0F,0xC0,0x07,0xC0,0x07,0x80,
    0x03,0x80,0x03,0x00,0x77,0x00,0x77,0x00,0x7E,0x00,0x3C,0x00,0x00,0x00,0x00,0x00,
    0x00,0x00,0x00,0x00,0x00,0x00,0x00,0x00,0x00,0x00,0x00,0x00,0x00,0x00,0x00,0x00,
    0x00,0x00,0x00,0x00,0x00,0x00,0x00,0x00,0x00,0x00,0x00,0x00,0x00,0x00,0x07,0xEF,
    0xFC,0x1F,0xFF,0xFC,0x3C,0x3F,0x1C,0x38,0x1F,0x0C,0x78,0x1F,0x00,0x78,0x0F,0x30,
    0x78,0x0F,0xF0,0x78,0x0F,0xF0,0x78,0x0F,0x30,0x78,0x0F,0x20,0x78,0x1F,0x0C,0x3C,
    0x1F,0x0E,0x3C,0x3F,0x0C,0x1F,0xFF,0xFC,0x07,0xEF,0xFC,0x00,0x00,0x00,0x00,0x00,
    0x00,0x00,0x00,0x00,0x00,0x00,0x00,0x00,0x00,0x00,0x00,0x00,0x00,0x00,0x00,0x00,
    0x00,0x00,0x00,0x00,0x00,0x00,0x00,0x00,0x00,0x00,0x00,0x00,0x00,0x00,0x00,0x00,
    0x00,0x00,0x00,0x00,0x00,0x00,0x00,0x00,0x00,0x00,0x00,0x00,0x00,0x00,0x00,0x00,
    0x00,0x00,0x00,0x00,0x00,0x00,0x00,0x00,0x00,0x00,0x0F,0x8F,0xC0,0x3F,0xFF,0xE0,
    0x38,0xF8,0xE0,0x78,0x78,0xF0,0x78,0x7F,0xF0,0x78,0x7F,0xE0,0x78,0x78,0x00,0x78,
    0x78,0x00,0x7C,0xFC,0x60,0x3F,0xFF,0xF0,0x1F,0x8F,0xC0,0x00,0x00,0x00,0x00,0x00,
    0x00,0x00,0x00,0x00,0x00,0x00,0x00,0x00,0x00,0x00,0x00,0x00,0x00,0x00,0x00,0x00,
    0x00,0x00,0x00,0x00,0x00,0x00,0x00,0x00,0x10,0x40,0x18,0xC0,0x1F,0x80,0x0F,0x80,
    0x07,0x00,0x00,0x00,0x1F,0xE0,0x3F,0xE0,0x78,0xF0,0x78,0x70,0x78,0x20,0x7E,0x00,
    0x7F,0xC0,0x3F,0xE0,0x0F,0xF0,0x03,0xF0,0x60,0xF0,0x60,0xF0,0x70,0xF0,0x7F,0xE0,
    0x6F,0xC0,0x00,0x00,0x00,0x00,0x00,0x00,0x00,0x00,0x00,0x00,0x00,0x00,0x00,0x00,
    0x00,0x00,0x00,0x00,0x00,0x00,0x00,0x00,0x00,0x00,0x00,0x00,0x00,0x00,0x00,0x00,
    0x31,0x80,0x3B,0x00,0x1F,0x00,0x1E,0x00,0x04,0x00,0x00,0x00,0x3F,0xC0,0x7F,0xC0,
    0x71,0xC0,0x71,0xC0,0x7F,0x00,0x3F,0x80,0x0F,0xC0,0x61,0xC0,0x71,0xC0,0x7F,0x80,
    0x7F,0x00,0x00,0x00,0x00,0x00,0x00,0x00,0x00,0x00,0x00,0x00,0x00,0x00,0x00,0x00,
    0x00,0x00,0x00,0x00,0x00,0x00,0x00,0x00,0x00,0x00,0x00,0x00,0x07,0x38,0x07,0xBC,
    0x07,0x38,0x00,0x00,0x7F,0x3F,0x7F,0x1F,0x1E,0x0C,0x1E,0x1C,0x0F,0x18,0x07,0xB8,
    0x07,0xB0,0x03,0xF0,0x03,0xE0,0x01,0xE0,0x01,0xE0,0x01,0xE0,0x01,0xE0,0x07,0xF0,
    0x07,0xF0,0x00,0x00,0x00,0x00,0x00,0x00,0x00,0x00,0x00,0x00,0x00,0x00,0x00,0x00,
    0x00,0x00,0x00,0x00,0x00,0x00,0x00,0x00,0x00,0x00,0x1C,0xE0,0x0F,0xC0,0x07,0x80,
    0x03,0x00,0x00,0x00,0x7F,0xF8,0x7F,0xF8,0x70,0xF8,0x70,0xF0,0x61,0xE0,0x03,0xC0,
    0x07,0xC0,0x07,0x80,0x0F,0x00,0x1F,0x00,0x3E,0x18,0x3C,0x18,0x7C,0x38,0xFF,0xF8,
    0xFF,0xF8,0x00,0x00,0x00,0x00,0x00,0x00,0x00,0x00,0x00,0x00,0x00,0x00,0x00,0x00,
    0x00,0x00,0x00,0x00,0x00,0x00,0x00,0x00,0x00,0x00,0x00,0x00,0x00,0x00,0x00,0x00,
    0x30,0x40,0x39,0xC0,0x1F,0x80,0x0F,0x00,0x06,0x00,0x00,0x00,0x7F,0xE0,0x7F,0xE0,
    0x73,0xC0,0x63,0xC0,0x47,0x80,0x0F,0x00,0x1E,0x00,0x3E,0x60,0x3C,0x60,0x7F,0xE0,
    0x7F,0xE0,0x00,0x00,0x00,0x00,0x00,0x00,0x00,0x00,0x00,0x00,0x00,0x00,0x00,0x00,
    0x00,0x00,0x00,0x00,0x00,0x00,0x00,0x00,0x00,0x00,0x00,0x00,0x00,0x00,0x00,0x00,
    0x00,0x00,0x00,0x00,0x00,0x00,0x00,0x00,0x00,0x00,0x00,0x00,0x00,0x00,0x00,0x00,
    0x00,0x00,0x00,0x00,0x7F,0xC0,0x7F,0xC0,0x00,0x00,0x00,0x00,0x00,0x00,0x00,0x00,
    0x00,0x00,0x00,0x00,0x00,0x00,0x00,0x00,0x00,0x00,0x00,0x00,0x00,0x00,0x00,0x00,
    0x00,0x00,0x00,0x00,0x00,0x00,0x00,0x00,0x00,0x00,0x00,0x00,0x00,0x00,0x00,0x00,
    0x00,0x00,0x00,0x00,0x00,0x00,0x00,0x00,0x00,0x00,0x00,0x00,0x00,0x00,0x00,0x00,
    0x00,0x00,0x00,0x00,0x00,0x00,0x00,0x00,0x00,0x00,0x00,0x00,0x00,0x00,0x00,0x00,
    0x00,0x00,0x00,0x00,0x00,0x00,0x7F,0xFF,0xF8,0x7F,0xFF,0xF8,0x00,0x00,0x00,0x00,
    0x00,0x00,0x00,0x00,0x00,0x00,0x00,0x00,0x00,0x00,0x00,0x00,0x00,0x00,0x00,0x00,
    0x00,0x00,0x00,0x00,0x00,0x00,0x00,0x00,0x00,0x00,0x00,0x00,0x00,0x00,0x00,0x00,
    0x00,0x00,0x00,0x00,0x00,0x00,0x00,0x00,0x00,0x10,0x30,0x60,0x70,0x78,0x70,0x00,
    0x00,0x00,0x00,0x00,0x00,0x00,0x00,0x00,0x00,0x00,0x00,0x00,0x00,0x00,0x00,0x00,
    0x00,0x00,0x00,0x00,0x00,0x00,0x00,0x00,0x00,0x70,0x78,0x78,0x30,0x30,0x60,0x00,
    0x00,0x00,0x00,0x00,0x00,0x00,0x00,0x00,0x00,0x00,0x00,0x00,0x00,0x00,0x00,0x00,
    0x00,0x00,0x00,0x00,0x00,0x00,0x00,0x00,0x00,0x00,0x00,0x00,0x00,0x00,0x00,0x00,
    0x00,0x00,0x10,0x80,0x31,0x80,0x63,0x00,0x73,0x80,0x7B,0xC0,0x73,0x80,0x00,0x00,
    0x00,0x00,0x00,0x00,0x00,0x00,0x00,0x00,0x00,0x00,0x00,0x00,0x00,0x00,0x00,0x00,
    0x00,0x00,0x00,0x00,0x00,0x00,0x00,0x00,0x00,0x00,0x00,0x00,0x00,0x00,0x00,0x00,
    0x00,0x00,0x00,0x00,0x00,0x00,0x00,0x00,0x00,0x00,0x00,0x00,0x00,0x00,0x00,0x00,
    0x00,0x00,0x73,0x80,0x7B,0xC0,0x7B,0xC0,0x31,0x80,0x31,0x80,0x63,0x00,0x00,0x00,
    0x00,0x00,0x00,0x00,0x00,0x00,0x00,0x00,0x00,0x00,0x00,0x00,0x00,0x00,0x00,0x00,
    0x00,0x00,0x00,0x00,0x00,0x00,0x00,0x00,0x00,0x00,0x00,0x00,0x00,0x00,0x00,0x00,
    0x00,0x00,0x00,0x00,0x00,0x00,0x00,0x00,0x00,0x00,0x00,0x00,0x00,0x00,0x00,0x00,
    0x3C,0x7E,0x7E,0x7E,0x3C,0x00,0x00,0x00,0x00,0x00,0x00,0x00,0x00,0x00,0x00,0x00,
    0x00,0x00,0x00,0x00,0x00,0x00,0x00,0x00,0x00,0x00,0x00,0x00,0x00,0x00,0x00,0x00,
    0x00,0x00,0x00,0x00,0x00,0x00,0x00,0x00,0x00,0x00,0x00,0x00,0x00,0x00,0x00,0x00,
    0x00,0x00,0x00,0x00,0x00,0x00,0x00,0x00,0x00,0x00,0x00,0x00,0x00,0x00,0x00,0x00,
    0x00,0x00,0x00,0x00,0x00,0x00,0x00,0x00,0x00,0x00,0x00,0x00,0x00,0x00,0x00,0x70,
    0xE1,0xC0,0x78,0xF1,0xE0,0x78,0xF1,0xE0,0x70,0xE1,0xC0,0x00,0x00,0x00,0x00,0x00,
    0x00,0x00,0x00,0x00,0x00,0x00,0x00,0x00,0x00,0x00,0x00,0x00,0x00,0x00,0x00,0x00,
    0x00,0x00,0x00,0x00,0x00,0x00,0x00,0x00,0x00,0x00,0x00,0x00,0x00,0x00,0x00,0x00,
    0x00,0x00,0x00,0x00,0x00,0x00,0x00,0x00,0x00,0x00,0x00,0x00,0x00,0x00,0x7C,0x03,
    0x00,0x7C,0x07,0x00,0x1C,0x0E,0x00,0x1C,0x0C,0x00,0x1C,0x1C,0x00,0x1C,0x19,0xF8,
    0x1C,0x3B,0xFC,0x1C,0x33,0x1C,0x3C,0x73,0x1C,0x7E,0x60,0x78,0x00,0xE0,0xF8,0x01,
    0xC0,0x3C,0x01,0x82,0x1C,0x03,0x83,0xFC,0x03,0x01,0xF8,0x00,0x00,0x00,0x00,0x00,
    0x00,0x00,0x00,0x00,0x00,0x00,0x00,0x00,0x00,0x00,0x00,0x00,0x00,0x00,0x00,0x00,
    0x00,0x00,0x00,0x00,0x00,0x00,0x00,0x00,0x00,0x00,0x00,0x00,0x00,0x00,0x00,0x00,
    0x00,0x00,0x00,0x00,0x00,0x00,0x00,0x00,0x00,0x00,0x00,0x00,0x00,0x00,0x3F,0x01,
    0xC0,0x7F,0x81,0xC0,0x63,0x83,0x80,0x63,0x83,0x00,0x07,0x07,0x00,0x0E,0x06,0x7C,
    0x1C,0x8E,0xFE,0x39,0x9C,0xCE,0x7F,0x9C,0xCE,0x7F,0xB8,0x3C,0x00,0x38,0x3C,0x00,
    0x70,0x0E,0x00,0xE0,0x8E,0x00,0xE0,0xFE,0x01,0xC0,0x7C,0x00,0x00,0x00,0x00,0x00,
    0x00,0x00,0x00,0x00,0x00,0x00,0x00,0x00,0x00,0x00,0x00,0x00,0x00,0x00,0x00,0x00,
    0x00,0x00,0x00,0x00,0x00,0x00,0x00,0x00,0x00,0x00,0x00,0x00,0x00,0x00,0x00,0x00,
    0x00,0x00,0x00,0x00,0x00,0x00,0x00,0x00,0x00,0x00,0x00,0x00,0x00,0x00,0x7C,0x03,
    0x00,0x7C,0x07,0x00,0x1C,0x0E,0x00,0x1C,0x0C,0x00,0x1C,0x1C,0x00,0x1C,0x19,0xF0,
    0x1C,0x3B,0xF8,0x1C,0x33,0x18,0x7E,0x73,0xB8,0x7E,0xE1,0xF0,0x00,0xC1,0xF8,0x01,
    0xC3,0x3C,0x01,0x83,0x1C,0x03,0x83,0xF8,0x03,0x01,0xF0,0x00,0x00,0x00,0x00,0x00,
    0x00,0x00,0x00,0x00,0x00,0x00,0x00,0x00,0x00,0x00,0x00,0x00,0x00,0x00,0x00,0x00,
    0x00,0x00,0x00,0x00,0x00,0x00,0x00,0x00,0x00,0x00,0x00,0x00,0x00,0x00,0x00,0x00,
    0x00,0x00,0x00,0x00,0x00,0x00,0x00,0x00,0x00,0x00,0x00,0x00,0x00,0x00,0x3E,0x03,
    0x80,0x7F,0x03,0x00,0x67,0x07,0x00,0x67,0x0E,0x00,0x1C,0x0E,0x00,0x1F,0x1C,0xF8,
    0x07,0x19,0xFC,0x47,0x39,0x8C,0x7F,0x71,0xDC,0x3C,0x71,0xF8,0x00,0xE1,0xFC,0x01,
    0xC3,0x9E,0x01,0xC3,0x0E,0x03,0x83,0xFC,0x03,0x01,0xF8,0x00,0x00,0x00,0x00,0x00,
    0x00,0x00,0x00,0x00,0x00,0x00,0x00,0x00,0x00,0x00,0x00,0x00,0x00,0x00,0x00,0x00,
    0x00,0x00,0x00,0x00,0x00,0x00,0x00,0x00,0x00,0x00,0x00,0x00,0x00,0x00,0x00,0x00,
    0x00,0x00,0x00,0x00,0x00,0x00,0x00,0x00,0x00,0x00,0x00,0x00,0x00,0x00,0x7F,0x03,
    0x00,0x7E,0x07,0x00,0x60,0x0E,0x00,0x60,0x0E,0x00,0x7E,0x1C,0x00,0x4F,0x19,0xF0,
    0x07,0x3B,0xF8,0x4F,0x33,0x18,0xFE,0x73,0x98,0x3C,0xE1,0xF0,0x00,0xE1,0xFC,0x01,
    0xC3,0x3C,0x01,0xC3,0x1C,0x03,0x83,0xFC,0x03,0x81,0xF0,0x00,0x00,0x00,0x00,0x00,
    0x00,0x00,0x00,0x00,0x00,0x00,0x00,0x00,0x00,0x00,0x00,0x00,0x00,0x00,0x00,0x00,
    0x00,0x00,0x00,0x00,0x00,0x00,0x00,0x00,0x00,0x00,0x00,0x00,0x00,0x00,0x00,0x00,
    0x00,0x00,0x00,0x00,0x00,0x00,0x00,0x00,0x00,0x00,0x00,0x00,0x00,0x00,0xFF,0x0E,
    0x00,0xFF,0x0C,0x00,0xC6,0x1C,0x00,0x0C,0x18,0x00,0x1C,0x38,0x00,0x18,0x73,0xE0,
    0x38,0x67,0xF0,0x38,0xE6,0x30,0x38,0xC7,0x70,0x39,0xC7,0xE0,0x03,0x87,0xF0,0x03,
    0x8E,0x78,0x07,0x0C,0x38,0x0E,0x0F,0xF0,0x0E,0x07,0xE0,0x00,0x00,0x00,0x00,0x00,
    0x00,0x00,0x00,0x00,0x00,0x00,0x00,0x00,0x00,0x00,0x00,0x00,0x00,0x00,0x00,0x00,
};
const FontGlyph FONT_LIT_32_BOLD_GLYPHS[187] PROGMEM = {
    {4, 0},
    {7, 32},
    {9, 64},
    {15, 128},
    {12, 192},
    {19, 256},
    {18, 352},
    {5, 448},
    {8, 480},
    {8, 512},
    {9, 544},
    {12, 608},
    {7, 672},
    {7, 704},
    {7, 736},
    {10, 768},
    {13, 832},
    {9, 896},
    {11, 960},
    {12, 1024},
    {13, 1088},
    {11, 1152},
    {12, 1216},
    {11, 1280},
    {12, 1344},
    {12, 1408},
    {7, 1472},
    {7, 1504},
    {12, 1536},
    {12, 1600},
    {12, 1664},
    {12, 1728},
    {20, 1792},
    {16, 1888},
    {15, 1952},
    {15, 2016},
    {16, 2080},
    {14, 2144},
    {13, 2208},
    {16, 2272},
    {18, 2336},
    {9, 2432},
    {12, 2496},
    {16, 2560},
    {14, 2624},
    {21, 2688},
    {18, 2784},
    {16, 2880},
    {14, 2944},
    {17, 3008},
    {16, 3104},
    {13, 3168},
    {16, 3232},
    {16, 3296},
    {16, 3360},
    {23, 3424},
    {16, 3520},
    {16, 3584},
    {14, 3648},
    {7, 3712},
    {10, 3744},
    {7, 3808},
    {12, 3840},
    {10, 3904},
    {10, 3968},
    {12, 4032},
    {14, 4096},
    {11, 4160},
    {14, 4224},
    {12, 4288},
    {9, 4352},
    {13, 4416},
    {14, 4480},
    {8, 4544},
    {7, 4576},
    {14, 4608},
    {8, 4672},
    {21, 4704},
    {15, 4800},
    {13, 4864},
    {14, 4928},
    {13, 4992},
    {11, 5056},
    {10, 5120},
    {9, 5184},
    {14, 5248},
    {13, 5312},
    {19, 5376},
    {13, 5472},
    {13, 5536},
    {11, 5600},
    {8, 5664},
    {9, 5696},
    {8, 5760},
    {12, 5792},
    {8, 5856},
    {9, 5888},
    {9, 5952},
    {7, 6016},
    {21, 6048},
    {22, 6144},
    {22, 6240},
    {16, 6336},
    {16, 6400},
    {16, 6464},
    {16, 6528},
    {16, 6592},
    {16, 6656},
    {22, 6720},
    {15, 6816},
    {14, 6880},
    {14, 6944},
    {14, 7008},
    {14, 7072},
    {9, 7136},
    {9, 7200},
    {9, 7264},
    {9, 7328},
    {16, 7392},
    {18, 7456},
    {16, 7552},
    {16, 7616},
    {16, 7680},
    {16, 7744},
    {16, 7808},
    {12, 7872},
    {16, 7936},
    {16, 8000},
    {16, 8064},
    {16, 8128},
    {16, 8192},
    {16, 8256},
    {14, 8320},
    {16, 8384},
    {12, 8448},
    {12, 8512},
    {12, 8576},
    {12, 8640},
    {12, 8704},
    {12, 8768},
    {18, 8832},
    {11, 8928},
    {12, 8992},
    {12, 9056},
    {12, 9120},
    {12, 9184},
    {8, 9248},
    {8, 9280},
    {8, 9312},
    {8, 9344},
    {13, 9376},
    {15, 9440},
    {13, 9504},
    {13, 9568},
    {13, 9632},
    {13, 9696},
    {13, 9760},
    {12, 9824},
    {13, 9888},
    {14, 9952},
    {14, 10016},
    {14, 10080},
    {14, 10144},
    {13, 10208},
    {14, 10272},
    {13, 10336},
    {23, 10400},
    {20, 10496},
    {13, 10592},
    {10, 10656},
    {16, 10720},
    {14, 10784},
    {11, 10848},
    {10, 10912},
    {21, 10976},
    {6, 11072},
    {6, 11104},
    {11, 11136},
    {11, 11200},
    {8, 11264},
    {19, 11296},
    {22, 11392},
    {23, 11488},
    {22, 11584},
    {23, 11680},
    {22, 11776},
    {21, 11872},
};
const UiFont FONT_LIT_32_BOLD = {32, FONT_LIT_32_BOLD_GLYPHS, FONT_LIT_32_BOLD_BITS};

const uint8_t FONT_LIT_32_ITAL_BITS[] PROGMEM = {
    0x00,0x00,0x00,0x00,0x00,0x00,0x00,0x00,0x00,0x00,0x00,0x00,0x00,0x00,0x00,0x00,
    0x00,0x00,0x00,0x00,0x00,0x00,0x00,0x00,0x00,0x00,0x00,0x00,0x00,0x00,0x00,0x00,
    0x00,0x00,0x00,0x00,0x00,0x00,0x00,0x00,0x00,0x00,0x1C,0x1C,0x18,0x18,0x18,0x18,
    0x18,0x18,0x10,0x10,0x10,0x00,0x38,0x38,0x38,0x00,0x00,0x00,0x00,0x00,0x00,0x00,
    0x00,0x00,0x00,0x00,0x00,0x00,0x00,0x00,0x00,0x36,0x36,0x36,0x36,0x32,0x00,0x00,
    0x00,0x00,0x00,0x00,0x00,0x00,0x00,0x00,0x00,0x00,0x00,0x00,0x00,0x00,0x00,0x00,
    0x00,0x00,0x00,0x00,0x00,0x00,0x00,0x00,0x00,0x00,0x00,0x00,0x00,0x00,0x00,0x00,
    0x00,0x00,0x00,0x00,0x00,0x00,0x00,0x00,0x00,0x00,0x04,0x20,0x04,0x20,0x04,0x20,
    0x3F,0xFC,0x0C,0x60,0x0C,0x60,0x08,0x40,0x08,0x40,0x7F,0xF8,0x18,0xC0,0x18,0xC0,
    0x18,0xC0,0x00,0x00,0x00,0x00,0x00,0x00,0x00,0x00,0x00,0x00,0x00,0x00,0x00,0x00,
    0x00,0x00,0x00,0x00,0x00,0x00,0x00,0x00,0x00,0x00,0x00,0x00,0x00,0x00,0x00,0x00,
    0x06,0x00,0x06,0x00,0x1F,0x80,0x3F,0xC0,0x36,0xC0,0x65,0xC0,0x74,0x00,0x3C,0x00,
    0x3E,0x00,0x0F,0x00,0x07,0x80,0x05,0xC0,0x04,0xC0,0x74,0xC0,0x64,0xC0,0x77,0x80,
    0x3F,0x00,0x04,0x00,0x04,0x00,0x00,0x00,0x00,0x00,0x00,0x00,0x00,0x00,0x00,0x00,
    0x00,0x00,0x00,0x00,0x00,0x00,0x00,0x00,0x00,0x00,0x00,0x00,0x00,0x00,0x00,0x00,
    0x00,0x00,0x00,0x00,0x00,0x00,0x00,0x00,0x00,0x00,0x00,0x00,0x00,0x00,0x00,0x00,
    0x00,0x00,0x00,0x00,0x3C,0x18,0x00,0x76,0x18,0x00,0x66,0x30,0x00,0x63,0x20,0x00,
    0x62,0x60,0x00,0x66,0xC0,0x00,0x3C,0xDE,0x00,0x01,0xB3,0x00,0x01,0x33,0x00,0x03,
    0x33,0x00,0x06,0x33,0x00,0x06,0x3B,0x00,0x0C,0x1E,0x00,0x00,0x00,0x00,0x00,0x00,
    0x00,0x00,0x00,0x00,0x00,0x00,0x00,0x00,0x00,0x00,0x00,0x00,0x00,0x00,0x00,0x00,
    0x00,0x00,0x00,0x00,0x00,0x00,0x00,0x00,0x00,0x00,0x00,0x00,0x00,0x00,0x00,0x00,
    0x00,0x00,0x00,0x00,0x07,0xE0,0x1E,0xE0,0x38,0x70,0x30,0x60,0x30,0x00,0x30,0x06,
    0x3C,0x06,0x0F,0x3E,0x1C,0x30,0x30,0x30,0x70,0x30,0x70,0x30,0x70,0x30,0x3C,0xE0,
    0x1F,0xC0,0x00,0x00,0x00,0x00,0x00,0x00,0x00,0x00,0x00,0x00,0x00,0x00,0x00,0x00,
    0x00,0x00,0x00,0x00,0x00,0x00,0x00,0x00,0x00,0x30,0x30,0x30,0x30,0x30,0x00,0x00,
    0x00,0x00,0x00,0x00,0x00,0x00,0x00,0x00,0x00,0x00,0x00,0x00,0x00,0x00,0x00,0x00,
    0x00,0x00,0x00,0x00,0x00,0x00,0x00,0x00,0x06,0x04,0x0C,0x08,0x18,0x18,0x30,0x30,
    0x30,0x30,0x30,0x30,0x30,0x30,0x30,0x30,0x18,0x18,0x18,0x0C,0x0C,0x00,0x00,0x00,
    0x00,0x00,0x00,0x00,0x00,0x00,0x00,0x00,0x60,0x20,0x30,0x30,0x18,0x18,0x18,0x1C,
    0x1C,0x1C,0x1C,0x1C,0x1C,0x18,0x18,0x18,0x30,0x30,0x20,0x60,0x40,0x00,0x00,0x00,
    0x00,0x00,0x00,0x00,0x00,0x00,0x00,0x00,0x00,0x00,0x00,0x00,0x00,0x00,0x00,0x00,
    0x00,0x00,0x04,0x00,0x25,0x00,0x3F,0x80,0x0E,0x00,0x3F,0x00,0x2D,0x00,0x0C,0x00,
    0x00,0x00,0x00,0x00,0x00,0x00,0x00,0x00,0x00,0x00,0x00,0x00,0x00,0x00,0x00,0x00,
    0x00,0x00,0x00,0x00,0x00,0x00,0x00,0x00,0x00,0x00,0x00,0x00,0x00,0x00,0x00,0x00,
    0x00,0x00,0x00,0x00,0x00,0x00,0x00,0x00,0x00,0x00,0x00,0x00,0x00,0x00,0x00,0x00,
    0x00,0x00,0x00,0x00,0x00,0x00,0x00,0x00,0x00,0x00,0x00,0x00,0x02,0x00,0x06,0x00,
    0x06,0x00,0x06,0x00,0x3F,0xE0,0x06,0x00,0x06,0x00,0x06,0x00,0x06,0x00,0x02,0x00,
    0x00,0x00,0x00,0x00,0x00,0x00,0x00,0x00,0x00,0x00,0x00,0x00,0x00,0x00,0x00,0x00,
    0x00,0x00,0x00,0x00,0x00,0x00,0x00,0x00,0x00,0x00,0x00,0x00,0x00,0x00,0x00,0x00,
    0x00,0x00,0x00,0x00,0x00,0x00,0x38,0x38,0x18,0x18,0x10,0x20,0x00,0x00,0x00,0x00,
    0x00,0x00,0x00,0x00,0x00,0x00,0x00,0x00,0x00,0x00,0x00,0x00,0x00,0x00,0x00,0x00,
    0x00,0x00,0x7E,0x00,0x00,0x00,0x00,0x00,0x00,0x00,0x00,0x00,0x00,0x00,0x00,0x00,
    0x00,0x00,0x00,0x00,0x00,0x00,0x00,0x00,0x00,0x00,0x00,0x00,0x00,0x00,0x00,0x00,
    0x00,0x00,0x00,0x00,0x00,0x00,0x38,0x38,0x38,0x00,0x00,0x00,0x00,0x00,0x00,0x00,
    0x00,0x00,0x00,0x00,0x00,0x00,0x00,0x00,0x00,0x00,0x00,0x00,0x00,0x00,0x00,0x80,
    0x01,0x80,0x01,0x80,0x01,0x00,0x03,0x00,0x03,0x00,0x06,0x00,0x06,0x00,0x04,0x00,
    0x0C,0x00,0x0C,0x00,0x08,0x00,0x18,0x00,0x10,0x00,0x30,0x00,0x30,0x00,0x20,0x00,
    0x60,0x00,0x60,0x00,0xC0,0x00,0x00,0x00,0x00,0x00,0x00,0x00,0x00,0x00,0x00,0x00,
    0x00,0x00,0x00,0x00,0x00,0x00,0x00,0x00,0x00,0x00,0x00,0x00,0x00,0x00,0x00,0x00,
    0x00,0x00,0x00,0x00,0x0F,0x80,0x1D,0xC0,0x38,0x60,0x30,0x60,0x70,0x70,0x60,0x70,
    0x60,0x70,0x60,0x70,0x60,0x70,0x60,0x60,0x60,0x60,0x70,0x60,0x30,0xC0,0x39,0x80,
    0x1F,0x00,0x00,0x00,0x00,0x00,0x00,0x00,0x00,0x00,0x00,0x00,0x00,0x00,0x00,0x00,
    0x00,0x00,0x00,0x00,0x00,0x00,0x00,0x00,0x00,0x00,0x7C,0x7C,0x1C,0x1C,0x1C,0x1C,
    0x1C,0x18,0x18,0x18,0x18,0x18,0x18,0x18,0x7F,0x00,0x00,0x00,0x00,0x00,0x00,0x00,
    0x00,0x00,0x00,0x00,0x00,0x00,0x00,0x00,0x00,0x00,0x00,0x00,0x00,0x00,0x00,0x00,
    0x00,0x00,0x00,0x00,0x1F,0x00,0x73,0x80,0x61,0x80,0x61,0xC0,0x61,0xC0,0x01,0x80,
    0x01,0x80,0x03,0x00,0x07,0x00,0x06,0x00,0x0C,0x00,0x18,0x40,0x30,0xC0,0x7F,0xC0,
    0x7F,0xC0,0x00,0x00,0x00,0x00,0x00,0x00,0x00,0x00,0x00,0x00,0x00,0x00,0x00,0x00,
    0x00,0x00,0x00,0x00,0x00,0x00,0x00,0x00,0x00,0x00,0x00,0x00,0x00,0x00,0x00,0x00,
    0x00,0x00,0x00,0x00,0x1F,0x00,0x33,0x80,0x61,0xC0,0x70,0xC0,0x01,0xC0,0x01,0x80,
    0x07,0x00,0x0F,0x80,0x01,0xC0,0x00,0xC0,0x00,0xE0,0x60,0xC0,0x61,0xC0,0x77,0x80,
    0x3E,0x00,0x00,0x00,0x00,0x00,0x00,0x00,0x00,0x00,0x00,0x00,0x00,0x00,0x00,0x00,
    0x00,0x00,0x00,0x00,0x00,0x00,0x00,0x00,0x00,0x00,0x00,0x00,0x00,0x00,0x00,0x00,
    0x00,0x00,0x00,0x00,0x01,0xC0,0x03,0xC0,0x03,0xC0,0x07,0xC0,0x0D,0x80,0x0D,0x80,
    0x19,0x80,0x31,0x80,0x61,0x80,0x61,0x80,0xFF,0xE0,0x01,0x80,0x01,0x80,0x01,0x80,
    0x0F,0xE0,0x00,0x00,0x00,0x00,0x00,0x00,0x00,0x00,0x00,0x00,0x00,0x00,0x00,0x00,
    0x00,0x00,0x00,0x00,0x00,0x00,0x00,0x00,0x00,0x00,0x00,0x00,0x00,0x00,0x00,0x00,
    0x00,0x00,0x00,0x00,0x1F,0xC0,0x3F,0xC0,0x30,0x00,0x30,0x00,0x30,0x00,0x3F,0x80,
    0x33,0xC0,0x00,0xC0,0x00,0xC0,0x00,0xC0,0x00,0xC0,0x60,0xC0,0xE1,0xC0,0x77,0x80,
    0x3E,0x00,0x00,0x00,0x00,0x00,0x00,0x00,0x00,0x00,0x00,0x00,0x00,0x00,0x00,0x00,
    0x00,0x00,0x00,0x00,0x00,0x00,0x00,0x00,0x00,0x00,0x00,0x00,0x00,0x00,0x00,0x00,
    0x00,0x00,0x00,0x00,0x07,0xC0,0x0E,0xE0,0x18,0xE0,0x30,0x40,0x30,0x00,0x67,0x80,
    0x7D,0xC0,0x70,0xE0,0x60,0xE0,0x60,0xE0,0x60,0xE0,0x70,0xC0,0x30,0xC0,0x3B,0x80,
    0x1F,0x00,0x00,0x00,0x00,0x00,0x00,0x00,0x00,0x00,0x00,0x00,0x00,0x00,0x00,0x00,
    0x00,0x00,0x00,0x00,0x00,0x00,0x00,0x00,0x00,0x00,0x00,0x00,0x00,0x00,0x00,0x00,
    0x00,0x00,0x00,0x00,0x7F,0xE0,0x7F,0xE0,0x60,0x60,0x40,0xC0,0x00,0xC0,0x01,0x80,
    0x01,0x80,0x03,0x80,0x03,0x00,0x07,0x00,0x06,0x00,0x06,0x00,0x0E,0x00,0x0C,0x00,
    0x1C,0x00,0x00,0x00,0x00,0x00,0x00,0x00,0x00,0x00,0x00,0x00,0x00,0x00,0x00,0x00,
    0x00,0x00,0x00,0x00,0x00,0x00,0x00,0x00,0x00,0x00,0x00,0x00,0x00,0x00,0x00,0x00,
    0x00,0x00,0x00,0x00,0x0F,0x80,0x39,0xC0,0x30,0xC0,0x30,0xC0,0x30,0xC0,0x39,0x80,
    0x1F,0x00,0x1F,0x80,0x31,0xC0,0x60,0xE0,0x60,0xE0,0x60,0xE0,0x60,0xC0,0x39,0xC0,
    0x1F,0x00,0x00,0x00,0x00,0x00,0x00,0x00,0x00,0x00,0x00,0x00,0x00,0x00,0x00,0x00,
    0x00,0x00,0x00,0x00,0x00,0x00,0x00,0x00,0x00,0x00,0x00,0x00,0x00,0x00,0x00,0x00,
    0x00,0x00,0x00,0x00,0x0F,0x80,0x39,0xC0,0x30,0xC0,0x70,0xE0,0x60,0xE0,0x60,0x60,
    0x60,0xE0,0x73,0xE0,0x3E,0xE0,0x00,0xC0,0x00,0xC0,0x00,0xC0,0x41,0x80,0x77,0x80,
    0x3E,0x00,0x00,0x00,0x00,0x00,0x00,0x00,0x00,0x00,0x00,0x00,0x00,0x00,0x00,0x00,
    0x00,0x00,0x00,0x00,0x00,0x00,0x00,0x00,0x00,0x00,0x00,0x00,0x00,0x00,0x38,0x3C,
    0x38,0x00,0x00,0x00,0x00,0x00,0x38,0x38,0x38,0x00,0x00,0x00,0x00,0x00,0x00,0x00,
    0x00,0x00,0x00,0x00,0x00,0x00,0x00,0x00,0x00,0x00,0x00,0x00,0x00,0x00,0x18,0x3C,
    0x38,0x00,0x00,0x00,0x00,0x00,0x10,0x38,0x38,0x18,0x18,0x30,0x20,0x00,0x00,0x00,
    0x00,0x00,0x00,0x00,0x00,0x00,0x00,0x00,0x00,0x00,0x00,0x00,0x00,0x00,0x00,0x00,
    0x00,0x00,0x00,0x00,0x00,0x00,0x00,0x00,0x00,0x00,0x00,0x00,0x00,0xC0,0x03,0xC0,
    0x07,0x00,0x1C,0x00,0x30,0x00,0x30,0x00,0x1C,0x00,0x07,0x00,0x03,0x80,0x00,0xC0,
    0x00,0x00,0x00,0x00,0x00,0x00,0x00,0x00,0x00,0x00,0x00,0x00,0x00,0x00,0x00,0x00,
    0x00,0x00,0x00,0x00,0x00,0x00,0x00,0x00,0x00,0x00,0x00,0x00,0x00,0x00,0x00,0x00,
    0x00,0x00,0x00,0x00,0x00,0x00,0x00,0x00,0x00,0x00,0x00,0x00,0x00,0x00,0x00,0x00,
    0x3F,0xE0,0x00,0x00,0x00,0x00,0x00,0x00,0x3F,0xE0,0x00,0x00,0x00,0x00,0x00,0x00,
    0x00,0x00,0x00,0x00,0x00,0x00,0x00,0x00,0x00,0x00,0x00,0x00,0x00,0x00,0x00,0x00,
    0x00,0x00,0x00,0x00,0x00,0x00,0x00,0x00,0x00,0x00,0x00,0x00,0x00,0x00,0x00,0x00,
    0x00,0x00,0x00,0x00,0x00,0x00,0x00,0x00,0x00,0x00,0x00,0x00,0x38,0x00,0x1C,0x00,
    0x07,0x00,0x01,0x80,0x00,0xE0,0x00,0xE0,0x03,0x80,0x07,0x00,0x1C,0x00,0x30,0x00,
    0x00,0x00,0x00,0x00,0x00,0x00,0x00,0x00,0x00,0x00,0x00,0x00,0x00,0x00,0x00,0x00,
    0x00,0x00,0x00,0x00,0x00,0x00,0x00,0x00,0x00,0x00,0x00,0x00,0x00,0x00,0x00,0x00,
    0x00,0x00,0x00,0x00,0x1F,0x00,0x33,0x80,0x61,0xC0,0x71,0xC0,0x01,0xC0,0x03,0x80,
    0x0F,0x00,0x0E,0x00,0x08,0x00,0x0C,0x00,0x0C,0x00,0x00,0x00,0x0C,0x00,0x1E,0x00,
    0x0C,0x00,0x00,0x00,0x00,0x00,0x00,0x00,0x00,0x00,0x00,0x00,0x00,0x00,0x00,0x00,
    0x00,0x00,0x00,0x00,0x00,0x00,0x00,0x00,0x00,0x00,0x00,0x00,0x00,0x00,0x00,0x00,
    0x00,0x00,0x00,0x00,0x00,0x00,0x00,0x00,0x00,0x00,0x00,0x00,0x00,0x00,0x00,0x00,
    0x00,0x00,0x00,0x00,0x00,0x00,0x00,0x03,0xF8,0x00,0x0F,0x1E,0x00,0x18,0x03,0x00,
    0x31,0xF9,0x00,0x33,0xB9,0x80,0x27,0x19,0x80,0x66,0x39,0x80,0x66,0x39,0x80,0x66,
    0x39,0x80,0x66,0x79,0x80,0x27,0xDB,0x00,0x33,0x9E,0x00,0x18,0x00,0x00,0x0E,0x1C,
    0x00,0x07,0xF8,0x00,0x00,0x00,0x00,0x00,0x00,0x00,0x00,0x00,0x00,0x00,0x00,0x00,
    0x00,0x00,0x00,0x00,0x00,0x00,0x00,0x00,0x00,0x00,0x00,0x00,0x00,0x00,0x00,0x00,
    0x00,0x00,0x00,0x00,0x01,0x80,0x03,0xC0,0x03,0xC0,0x02,0xC0,0x06,0xC0,0x04,0xE0,
    0x0C,0x60,0x0C,0x60,0x08,0x60,0x1F,0xF0,0x18,0x70,0x10,0x30,0x30,0x38,0x30,0x38,
    0xF8,0x7E,0x00,0x00,0x00,0x00,0x00,0x00,0x00,0x00,0x00,0x00,0x00,0x00,0x00,0x00,
    0x00,0x00,0x00,0x00,0x00,0x00,0x00,0x00,0x00,0x00,0x00,0x00,0x00,0x00,0x00,0x00,
    0x00,0x00,0x00,0x00,0x3F,0xC0,0x1C,0xE0,0x1C,0x70,0x18,0x30,0x18,0x70,0x18,0x60,
    0x19,0xC0,0x1B,0xE0,0x18,0x70,0x18,0x30,0x18,0x38,0x18,0x38,0x18,0x30,0x18,0xE0,
    0x7F,0xC0,0x00,0x00,0x00,0x00,0x00,0x00,0x00,0x00,0x00,0x00,0x00,0x00,0x00,0x00,
    0x00,0x00,0x00,0x00,0x00,0x00,0x00,0x00,0x00,0x00,0x00,0x00,0x00,0x00,0x00,0x00,
    0x00,0x00,0x00,0x00,0x07,0xE0,0x0E,0x70,0x18,0x38,0x30,0x38,0x30,0x00,0x70,0x00,
    0x60,0x00,0x60,0x00,0x60,0x00,0x70,0x00,0x70,0x00,0x30,0x00,0x38,0x30,0x1E,0xE0,
    0x0F,0xC0,0x00,0x00,0x00,0x00,0x00,0x00,0x00,0x00,0x00,0x00,0x00,0x00,0x00,0x00,
    0x00,0x00,0x00,0x00,0x00,0x00,0x00,0x00,0x00,0x00,0x00,0x00,0x00,0x00,0x00,0x00,
    0x00,0x00,0x00,0x00,0x3F,0xE0,0x1C,0xF8,0x1C,0x1C,0x18,0x0C,0x18,0x0E,0x18,0x0E,
    0x18,0x0E,0x18,0x0E,0x18,0x0E,0x18,0x0C,0x18,0x0C,0x18,0x18,0x18,0x38,0x19,0xF0,
    0x7F,0xC0,0x00,0x00,0x00,0x00,0x00,0x00,0x00,0x00,0x00,0x00,0x00,0x00,0x00,0x00,
    0x00,0x00,0x00,0x00,0x00,0x00,0x00,0x00,0x00,0x00,0x00,0x00,0x00,0x00,0x00,0x00,
    0x00,0x00,0x00,0x00,0x7F,0xF0,0x1C,0x70,0x18,0x30,0x18,0x30,0x18,0x00,0x18,0x00,
    0x18,0x00,0x1F,0xC0,0x18,0x00,0x18,0x00,0x18,0x00,0x18,0x30,0x18,0x30,0x18,0x70,
    0x7F,0xE0,0x00,0x00,0x00,0x00,0x00,0x00,0x00,0x00,0x00,0x00,0x00,0x00,0x00,0x00,
    0x00,0x00,0x00,0x00,0x00,0x00,0x00,0x00,0x00,0x00,0x00,0x00,0x00,0x00,0x00,0x00,
    0x00,0x00,0x00,0x00,0x7F,0xF0,0x1C,0x70,0x18,0x30,0x18,0x30,0x18,0x00,0x18,0x00,
    0x18,0x00,0x1F,0xC0,0x18,0x00,0x18,0x00,0x18,0x00,0x18,0x00,0x18,0x00,0x18,0x00,
    0x7F,0x00,0x00,0x00,0x00,0x00,0x00,0x00,0x00,0x00,0x00,0x00,0x00,0x00,0x00,0x00,
    0x00,0x00,0x00,0x00,0x00,0x00,0x00,0x00,0x00,0x00,0x00,0x00,0x00,0x00,0x00,0x00,
    0x00,0x00,0x00,0x00,0x07,0xE0,0x0E,0x78,0x18,0x18,0x30,0x38,0x30,0x00,0x70,0x00,
    0x60,0x00,0x60,0x00,0x60,0x78,0x70,0x38,0x70,0x38,0x30,0x38,0x38,0x38,0x1E,0x70,
    0x07,0xE0,0x00,0x00,0x00,0x00,0x00,0x00,0x00,0x00,0x00,0x00,0x00,0x00,0x00,0x00,
    0x00,0x00,0x00,0x00,0x00,0x00,0x00,0x00,0x00,0x00,0x00,0x00,0x00,0x00,0x00,0x00,
    0x00,0x00,0x00,0x00,0x7E,0x3F,0x1C,0x1C,0x18,0x0C,0x18,0x0C,0x18,0x0C,0x18,0x0C,
    0x18,0x1C,0x1F,0xFC,0x18,0x1C,0x18,0x1C,0x18,0x1C,0x18,0x18,0x18,0x18,0x18,0x1C,
    0x7E,0x7E,0x00,0x00,0x00,0x00,0x00,0x00,0x00,0x00,0x00,0x00,0x00,0x00,0x00,0x00,
    0x00,0x00,0x00,0x00,0x00,0x00,0x00,0x00,0x00,0x00,0x3E,0x1C,0x18,0x18,0x18,0x18,
    0x18,0x18,0x18,0x18,0x18,0x18,0x18,0x18,0x7E,0x00,0x00,0x00,0x00,0x00,0x00,0x00,
    0x00,0x00,0x00,0x00,0x00,0x00,0x00,0x00,0x00,0x00,0x7E,0x1C,0x18,0x18,0x18,0x18,
    0x18,0x18,0x18,0x18,0x18,0x18,0x18,0x18,0x18,0x38,0x30,0x30,0x60,0x40,0x00,0x00,
    0x00,0x00,0x00,0x00,0x00,0x00,0x00,0x00,0x00,0x00,0x00,0x00,0x00,0x00,0x00,0x00,
    0x00,0x00,0x00,0x00,0x3E,0x7C,0x1C,0x38,0x18,0x30,0x18,0x60,0x18,0xC0,0x19,0x80,
    0x1B,0x00,0x1B,0x80,0x19,0xC0,0x18,0xC0,0x18,0xE0,0x18,0x60,0x18,0x60,0x3C,0x74,
    0x7E,0x3C,0x00,0x00,0x00,0x00,0x00,0x00,0x00,0x00,0x00,0x00,0x00,0x00,0x00,0x00,
    0x00,0x00,0x00,0x00,0x00,0x00,0x00,0x00,0x00,0x00,0x00,0x00,0x00,0x00,0x00,0x00,
    0x00,0x00,0x00,0x00,0x3F,0x00,0x1C,0x00,0x18,0x00,0x18,0x00,0x18,0x00,0x18,0x00,
    0x18,0x00,0x18,0x00,0x18,0x00,0x18,0x00,0x18,0x00,0x18,0x30,0x18,0x30,0x18,0x60,
    0x7F,0xE0,0x00,0x00,0x00,0x00,0x00,0x00,0x00,0x00,0x00,0x00,0x00,0x00,0x00,0x00,
    0x00,0x00,0x00,0x00,0x00,0x00,0x00,0x00,0x00,0x00,0x00,0x00,0x00,0x00,0x00,0x00,
    0x00,0x00,0x00,0x00,0x00,0x00,0x00,0x00,0x00,0x00,0x00,0x00,0x00,0x00,0x3E,0x03,
    0xE0,0x1E,0x03,0x80,0x1E,0x07,0x80,0x1F,0x07,0x80,0x1B,0x05,0x80,0x1B,0x0D,0x80,
    0x1B,0x0D,0x80,0x1B,0x89,0x80,0x19,0x99,0x80,0x19,0x99,0x80,0x19,0xD1,0x80,0x18,
    0xF1,0x80,0x10,0xF1,0x80,0x38,0xF1,0xC0,0x7C,0xE3,0xE0,0x00,0x00,0x00,0x00,0x00,
    0x00,0x00,0x00,0x00,0x00,0x00,0x00,0x00,0x00,0x00,0x00,0x00,0x00,0x00,0x00,0x00,
    0x00,0x00,0x00,0x00,0x00,0x00,0x00,0x00,0x00,0x00,0x00,0x00,0x00,0x00,0x00,0x00,
    0x00,0x00,0x00,0x00,0x3C,0x3F,0x1E,0x0C,0x1E,0x0C,0x1F,0x0C,0x1B,0x0C,0x1B,0x8C,
    0x19,0x8C,0x19,0xCC,0x18,0xCC,0x18,0xE8,0x18,0x68,0x18,0x78,0x18,0x38,0x18,0x38,
    0x7C,0x18,0x00,0x00,0x00,0x00,0x00,0x00,0x00,0x00,0x00,0x00,0x00,0x00,0x00,0x00,
    0x00,0x00,0x00,0x00,0x00,0x00,0x00,0x00,0x00,0x00,0x00,0x00,0x00,0x00,0x00,0x00,
    0x00,0x00,0x00,0x00,0x07,0xE0,0x0E,0x70,0x18,0x18,0x30,0x1C,0x30,0x0C,0x70,0x0C,
    0x60,0x0C,0x60,0x0C,0x60,0x0C,0x70,0x0C,0x70,0x1C,0x30,0x18,0x38,0x38,0x1E,0x70,
    0x07,0xC0,0x00,0x00,0x00,0x00,0x00,0x00,0x00,0x00,0x00,0x00,0x00,0x00,0x00,0x00,
    0x00,0x00,0x00,0x00,0x00,0x00,0x00,0x00,0x00,0x00,0x00,0x00,0x00,0x00,0x00,0x00,
    0x00,0x00,0x00,0x00,0x3F,0xC0,0x1C,0xE0,0x1C,0x70,0x18,0x30,0x18,0x30,0x18,0x30,
    0x18,0x70,0x18,0xE0,0x1B,0xC0,0x18,0x00,0x18,0x00,0x18,0x00,0x18,0x00,0x18,0x00,
    0x7F,0x00,0x00,0x00,0x00,0x00,0x00,0x00,0x00,0x00,0x00,0x00,0x00,0x00,0x00,0x00,
    0x00,0x00,0x00,0x00,0x00,0x00,0x00,0x00,0x00,0x00,0x00,0x00,0x00,0x00,0x00,0x00,
    0x00,0x00,0x00,0x00,0x07,0xE0,0x1E,0x70,0x18,0x18,0x30,0x1C,0x30,0x0C,0x70,0x0C,
    0x60,0x0C,0x60,0x0C,0x70,0x0C,0x70,0x0C,0x30,0x1C,0x38,0x18,0x1C,0x70,0x0F,0xE0,
    0x0F,0xC0,0x00,0xF6,0x00,0x3E,0x00,0x1E,0x00,0x00,0x00,0x00,0x00,0x00,0x00,0x00,
    0x00,0x00,0x00,0x00,0x00,0x00,0x00,0x00,0x00,0x00,0x00,0x00,0x00,0x00,0x00,0x00,
    0x00,0x00,0x00,0x00,0x3F,0xC0,0x1C,0xE0,0x1C,0x70,0x18,0x30,0x18,0x30,0x18,0x60,
    0x18,0xE0,0x1B,0x80,0x1B,0x80,0x19,0xC0,0x18,0xC0,0x18,0xE0,0x18,0xE0,0x3C,0x74,
    0x7E,0x3C,0x00,0x00,0x00,0x00,0x00,0x00,0x00,0x00,0x00,0x00,0x00,0x00,0x00,0x00,
    0x00,0x00,0x00,0x00,0x00,0x00,0x00,0x00,0x00,0x00,0x00,0x00,0x00,0x00,0x00,0x00,
    0x00,0x00,0x00,0x00,0x0F,0x80,0x39,0xC0,0x30,0xC0,0x61,0xC0,0x70,0x00,0x38,0x00,
    0x3E,0x00,0x0F,0x00,0x07,0x80,0x01,0xC0,0x00,0xC0,0x70,0xC0,0x60,0xC0,0x73,0x80,
    0x3F,0x00,0x00,0x00,0x00,0x00,0x00,0x00,0x00,0x00,0x00,0x00,0x00,0x00,0x00,0x00,
    0x00,0x00,0x00,0x00,0x00,0x00,0x00,0x00,0x00,0x00,0x00,0x00,0x00,0x00,0x00,0x00,
    0x00,0x00,0x00,0x00,0x7F,0xF8,0x63,0x38,0x63,0x18,0x43,0x08,0x03,0x00,0x03,0x00,
    0x03,0x00,0x03,0x00,0x03,0x00,0x03,0x00,0x03,0x00,0x03,0x00,0x03,0x00,0x07,0x00,
    0x1F,0xC0,0x00,0x00,0x00,0x00,0x00,0x00,0x00,0x00,0x00,0x00,0x00,0x00,0x00,0x00,
    0x00,0x00,0x00,0x00,0x00,0x00,0x00,0x00,0x00,0x00,0x00,0x00,0x00,0x00,0x00,0x00,
    0x00,0x00,0x00,0x00,0x7E,0x3E,0x18,0x1C,0x18,0x0C,0x18,0x1C,0x18,0x18,0x18,0x18,
    0x18,0x18,0x38,0x18,0x38,0x38,0x38,0x38,0x38,0x38,0x38,0x78,0x18,0x58,0x1D,0x98,
    0x0F,0x1E,0x00,0x00,0x00,0x00,0x00,0x00,0x00,0x00,0x00,0x00,0x00,0x00,0x00,0x00,
    0x00,0x00,0x00,0x00,0x00,0x00,0x00,0x00,0x00,0x00,0x00,0x00,0x00,0x00,0x00,0x00,
    0x00,0x00,0x00,0x00,0xFC,0x3C,0x38,0x18,0x38,0x18,0x18,0x18,0x18,0x30,0x1C,0x30,
    0x1C,0x20,0x0C,0x60,0x0C,0x60,0x0E,0x40,0x06,0xC0,0x06,0xC0,0x07,0x80,0x07,0x80,
    0x03,0x00,0x00,0x00,0x00,0x00,0x00,0x00,0x00,0x00,0x00,0x00,0x00,0x00,0x00,0x00,
    0x00,0x00,0x00,0x00,0x00,0x00,0x00,0x00,0x00,0x00,0x00,0x00,0x00,0x00,0x00,0x00,
    0x00,0x00,0x00,0x00,0x00,0x00,0x00,0x00,0x00,0x00,0x00,0x00,0x00,0x00,0xFC,0x70,
    0xF8,0x38,0x70,0x30,0x38,0x30,0x30,0x38,0x30,0x60,0x18,0x38,0x60,0x18,0x38,0x60,
    0x1C,0x78,0x40,0x1C,0x7C,0xC0,0x0C,0xDC,0xC0,0x0C,0xCC,0x80,0x0C,0x8D,0x80,0x0F,
    0x8F,0x80,0x07,0x8F,0x00,0x07,0x07,0x00,0x07,0x07,0x00,0x00,0x00,0x00,0x00,0x00,
    0x00,0x00,0x00,0x00,0x00,0x00,0x00,0x00,0x00,0x00,0x00,0x00,0x00,0x00,0x00,0x00,
    0x00,0x00,0x00,0x00,0x00,0x00,0x00,0x00,0x00,0x00,0x00,0x00,0x00,0x00,0x00,0x00,
    0x00,0x00,0x00,0x00,0x7E,0x7C,0x38,0x38,0x1C,0x30,0x0C,0x60,0x0E,0xC0,0x06,0xC0,
    0x07,0x80,0x03,0x80,0x03,0x80,0x07,0xC0,0x0C,0xE0,0x18,0x60,0x18,0x70,0x30,0x38,
    0xF8,0xFC,0x00,0x00,0x00,0x00,0x00,0x00,0x00,0x00,0x00,0x00,0x00,0x00,0x00,0x00,
    0x00,0x00,0x00,0x00,0x00,0x00,0x00,0x00,0x00,0x00,0x00,0x00,0x00,0x00,0x00,0x00,
    0x00,0x00,0x00,0x00,0xFC,0x7C,0x38,0x18,0x18,0x30,0x18,0x30,0x0C,0x60,0x0C,0x60,
    0x06,0xC0,0x07,0x80,0x03,0x80,0x03,0x00,0x03,0x00,0x03,0x00,0x03,0x00,0x03,0x00,
    0x0F,0xC0,0x00,0x00,0x00,0x00,0x00,0x00,0x00,0x00,0x00,0x00,0x00,0x00,0x00,0x00,
    0x00,0x00,0x00,0x00,0x00,0x00,0x00,0x00,0x00,0x00,0x00,0x00,0x00,0x00,0x00,0x00,
    0x00,0x00,0x00,0x00,0x3F,0xF0,0x38,0x70,0x30,0x60,0x20,0xE0,0x00,0xC0,0x01,0x80,
    0x03,0x80,0x03,0x00,0x06,0x00,0x0E,0x00,0x1C,0x00,0x18,0x10,0x38,0x30,0x70,0x70,
    0x7F,0xF0,0x00,0x00,0x00,0x00,0x00,0x00,0x00,0x00,0x00,0x00,0x00,0x00,0x00,0x00,
    0x00,0x00,0x00,0x00,0x00,0x00,0x00,0x00,0x1C,0x3C,0x38,0x30,0x30,0x30,0x30,0x30,
    0x30,0x30,0x30,0x30,0x30,0x30,0x30,0x30,0x30,0x30,0x30,0x30,0x30,0x3C,0x00,0x00,
    0x00,0x00,0x00,0x00,0x00,0x00,0x00,0x00,0x00,0x00,0x00,0x00,0x00,0x00,0x40,0x00,
    0x60,0x00,0x60,0x00,0x20,0x00,0x30,0x00,0x30,0x00,0x10,0x00,0x18,0x00,0x18,0x00,
    0x18,0x00,0x08,0x00,0x0C,0x00,0x0C,0x00,0x04,0x00,0x06,0x00,0x06,0x00,0x02,0x00,
    0x03,0x00,0x03,0x00,0x01,0x00,0x00,0x00,0x00,0x00,0x00,0x00,0x00,0x00,0x00,0x00,
    0x00,0x00,0x00,0x00,0x00,0x00,0x00,0x00,0x38,0x38,0x18,0x18,0x18,0x18,0x18,0x18,
    0x18,0x18,0x18,0x18,0x18,0x18,0x18,0x18,0x18,0x18,0x18,0x18,0x38,0xF8,0x00,0x00,
    0x00,0x00,0x00,0x00,0x00,0x00,0x00,0x00,0x00,0x00,0x00,0x00,0x00,0x00,0x00,0x00,
    0x00,0x00,0x00,0x00,0x03,0x00,0x07,0x00,0x0D,0x80,0x08,0x80,0x18,0xC0,0x30,0x60,
    0x60,0x60,0x20,0x20,0x00,0x00,0x00,0x00,0x00,0x00,0x00,0x00,0x00,0x00,0x00,0x00,
    0x00,0x00,0x00,0x00,0x00,0x00,0x00,0x00,0x00,0x00,0x00,0x00,0x00,0x00,0x00,0x00,
    0x00,0x00,0x00,0x00,0x00,0x00,0x00,0x00,0x00,0x00,0x00,0x00,0x00,0x00,0x00,0x00,
    0x00,0x00,0x00,0x00,0x00,0x00,0x00,0x00,0x00,0x00,0x00,0x00,0x00,0x00,0x00,0x00,
    0x00,0x00,0x00,0x00,0x00,0x00,0x00,0x00,0x00,0x00,0x00,0x00,0x00,0x00,0x00,0x00,
    0x00,0x00,0x00,0x00,0xFF,0xC0,0x00,0x00,0x00,0x00,0x00,0x00,0x00,0x00,0x00,0x00,
    0x00,0x00,0x00,0x00,0x00,0x00,0x00,0x00,0x00,0x00,0x00,0x00,0x00,0x00,0x00,0x00,
    0x00,0x00,0x18,0x00,0x1C,0x00,0x0E,0x00,0x02,0x00,0x00,0x00,0x00,0x00,0x00,0x00,
    0x00,0x00,0x00,0x00,0x00,0x00,0x00,0x00,0x00,0x00,0x00,0x00,0x00,0x00,0x00,0x00,
    0x00,0x00,0x00,0x00,0x00,0x00,0x00,0x00,0x00,0x00,0x00,0x00,0x00,0x00,0x00,0x00,
    0x00,0x00,0x00,0x00,0x00,0x00,0x00,0x00,0x00,0x00,0x00,0x00,0x00,0x00,0x00,0x00,
    0x00,0x00,0x00,0x00,0x00,0x00,0x00,0x00,0x00,0x00,0x00,0x00,0x0F,0xC0,0x39,0xC0,
    0x30,0xC0,0x70,0xC0,0x61,0xC0,0x61,0xC0,0x61,0xC0,0x63,0xC0,0x63,0xC0,0x76,0xD0,
    0x3C,0xE0,0x00,0x00,0x00,0x00,0x00,0x00,0x00,0x00,0x00,0x00,0x00,0x00,0x00,0x00,
    0x00,0x00,0x00,0x00,0x00,0x00,0x00,0x00,0x00,0x00,0x00,0x00,0x00,0x00,0x00,0x00,
    0x00,0x00,0xF0,0x00,0x30,0x00,0x30,0x00,0x30,0x00,0x30,0x00,0x33,0xC0,0x36,0xC0,
    0x3C,0x60,0x3C,0x60,0x38,0x60,0x38,0x60,0x38,0x60,0x30,0xE0,0x30,0xC0,0x3B,0x80,
    0x3F,0x00,0x00,0x00,0x00,0x00,0x00,0x00,0x00,0x00,0x00,0x00,0x00,0x00,0x00,0x00,
    0x00,0x00,0x00,0x00,0x00,0x00,0x00,0x00,0x00,0x00,0x00,0x00,0x00,0x00,0x00,0x00,
    0x00,0x00,0x00,0x00,0x00,0x00,0x00,0x00,0x00,0x00,0x00,0x00,0x0F,0x00,0x39,0x80,
    0x31,0x80,0x61,0x80,0x60,0x00,0x60,0x00,0x60,0x00,0x60,0x00,0x70,0x80,0x3B,0x80,
    0x1F,0x00,0x00,0x00,0x00,0x00,0x00,0x00,0x00,0x00,0x00,0x00,0x00,0x00,0x00,0x00,
    0x00,0x00,0x00,0x00,0x00,0x00,0x00,0x00,0x00,0x00,0x00,0x00,0x00,0x00,0x00,0x00,
    0x00,0x00,0x03,0xC0,0x00,0xC0,0x00,0xC0,0x00,0xC0,0x00,0xC0,0x0F,0xC0,0x39,0xC0,
    0x30,0xC0,0x70,0xC0,0x61,0xC0,0x61,0xC0,0x61,0xC0,0x63,0xC0,0x62,0xC0,0x76,0xD0,
    0x3C,0xE0,0x00,0x00,0x00,0x00,0x00,0x00,0x00,0x00,0x00,0x00,0x00,0x00,0x00,0x00,
    0x00,0x00,0x00,0x00,0x00,0x00,0x00,0x00,0x00,0x00,0x00,0x00,0x00,0x00,0x00,0x00,
    0x00,0x00,0x00,0x00,0x00,0x00,0x00,0x00,0x00,0x00,0x00,0x00,0x0F,0x00,0x3B,0x80,
    0x31,0x80,0x61,0x80,0x63,0x80,0x7E,0x00,0x78,0x00,0x60,0x00,0x70,0x00,0x3B,0x80,
    0x1F,0x00,0x00,0x00,0x00,0x00,0x00,0x00,0x00,0x00,0x00,0x00,0x00,0x00,0x00,0x00,
    0x00,0x00,0x00,0x00,0x00,0x00,0x00,0x00,0x00,0x0F,0x1D,0x18,0x18,0x18,0x7F,0x38,
    0x38,0x38,0x38,0x38,0x30,0x30,0x30,0x30,0x30,0x30,0x30,0x20,0xE0,0xC0,0x00,0x00,
    0x00,0x00,0x00,0x00,0x00,0x00,0x00,0x00,0x00,0x00,0x00,0x00,0x00,0x00,0x00,0x00,
    0x00,0x00,0x00,0x00,0x00,0x00,0x00,0x00,0x00,0x00,0x00,0x00,0x0F,0xC0,0x39,0xC0,
    0x30,0xC0,0x70,0xC0,0x61,0xC0,0x61,0xC0,0x61,0xC0,0x63,0xC0,0x63,0xC0,0x36,0xC0,
    0x3C,0xC0,0x00,0xC0,0x71,0x80,0x71,0x80,0x77,0x00,0x3E,0x00,0x00,0x00,0x00,0x00,
    0x00,0x00,0x00,0x00,0x00,0x00,0x00,0x00,0x00,0x00,0x00,0x00,0x00,0x00,0x00,0x00,
    0x00,0x00,0xF0,0x00,0x30,0x00,0x30,0x00,0x30,0x00,0x30,0x00,0x33,0xC0,0x32,0xC0,
    0x36,0xE0,0x34,0xE0,0x3C,0xC0,0x3C,0xC0,0x38,0xC0,0x38,0xC0,0x38,0xC0,0x30,0xD0,
    0x30,0xF0,0x00,0x00,0x00,0x00,0x00,0x00,0x00,0x00,0x00,0x00,0x00,0x00,0x00,0x00,
    0x00,0x00,0x00,0x00,0x00,0x00,0x00,0x00,0x00,0x38,0x38,0x30,0x00,0x00,0xF0,0x30,
    0x30,0x30,0x30,0x30,0x30,0x30,0x30,0x34,0x3C,0x00,0x00,0x00,0x00,0x00,0x00,0x00,
    0x00,0x00,0x00,0x00,0x00,0x00,0x00,0x00,0x00,0x30,0x38,0x30,0x00,0x00,0x70,0x78,
    0x38,0x38,0x38,0x38,0x30,0x30,0x30,0x30,0x30,0x30,0x30,0x20,0xE0,0xC0,0x00,0x00,
    0x00,0x00,0x00,0x00,0x00,0x00,0x00,0x00,0x00,0x00,0x00,0x00,0x00,0x00,0x00,0x00,
    0x00,0x00,0xF0,0x00,0x30,0x00,0x30,0x00,0x30,0x00,0x30,0x00,0x31,0xC0,0x31,0xC0,
    0x31,0xC0,0x33,0x80,0x3E,0x00,0x3E,0x00,0x36,0x00,0x33,0x00,0x33,0x80,0x31,0xE0,
    0x70,0xE0,0x00,0x00,0x00,0x00,0x00,0x00,0x00,0x00,0x00,0x00,0x00,0x00,0x00,0x00,
    0x00,0x00,0x00,0x00,0x00,0x00,0x00,0x00,0x00,0xF0,0x30,0x30,0x30,0x30,0x30,0x30,
    0x30,0x30,0x30,0x30,0x30,0x30,0x30,0x3C,0x38,0x00,0x00,0x00,0x00,0x00,0x00,0x00,
    0x00,0x00,0x00,0x00,0x00,0x00,0x00,0x00,0x00,0x00,0x00,0x00,0x00,0x00,0x00,0x00,
    0x00,0x00,0x00,0x00,0x00,0x00,0x00,0x00,0x00,0x00,0x00,0x00,0x00,0x00,0x00,0x00,
    0x00,0x00,0x00,0x00,0x00,0x00,0x00,0x00,0x00,0x00,0xF3,0xC7,0x00,0x36,0xCF,0x80,
    0x36,0xDB,0x80,0x34,0xD3,0x80,0x3C,0xD3,0x80,0x3C,0xF3,0x00,0x38,0xE3,0x00,0x38,
    0xE3,0x00,0x38,0xE3,0x00,0x30,0xC3,0x00,0x30,0xC3,0xC0,0x00,0x00,0x00,0x00,0x00,
    0x00,0x00,0x00,0x00,0x00,0x00,0x00,0x00,0x00,0x00,0x00,0x00,0x00,0x00,0x00,0x00,
    0x00,0x00,0x00,0x00,0x00,0x00,0x00,0x00,0x00,0x00,0x00,0x00,0x00,0x00,0x00,0x00,
    0x00,0x00,0x00,0x00,0x00,0x00,0x00,0x00,0x00,0x00,0x00,0x00,0xF1,0xC0,0x33,0xE0,
    0x36,0x60,0x34,0x60,0x34,0xE0,0x3C,0xE0,0x38,0xC0,0x38,0xC0,0x38,0xC0,0x30,0xD0,
    0x30,0xF0,0x00,0x00,0x00,0x00,0x00,0x00,0x00,0x00,0x00,0x00,0x00,0x00,0x00,0x00,
    0x00,0x00,0x00,0x00,0x00,0x00,0x00,0x00,0x00,0x00,0x00,0x00,0x00,0x00,0x00,0x00,
    0x00,0x00,0x00,0x00,0x00,0x00,0x00,0x00,0x00,0x00,0x00,0x00,0x1F,0x00,0x3B,0x80,
    0x30,0xC0,0x60,0xC0,0x60,0xC0,0x60,0xC0,0x60,0xC0,0x60,0xC0,0x71,0xC0,0x3B,0x80,
    0x1F,0x00,0x00,0x00,0x00,0x00,0x00,0x00,0x00,0x00,0x00,0x00,0x00,0x00,0x00,0x00,
    0x00,0x00,0x00,0x00,0x00,0x00,0x00,0x00,0x00,0x00,0x00,0x00,0x00,0x00,0x00,0x00,
    0x00,0x00,0x00,0x00,0x00,0x00,0x00,0x00,0x00,0x00,0x00,0x00,0xF3,0xC0,0x36,0xE0,
    0x34,0x60,0x3C,0x60,0x3C,0x60,0x38,0x60,0x38,0x60,0x38,0x60,0x30,0xC0,0x39,0xC0,
    0x3F,0x00,0x30,0x00,0x30,0x00,0x30,0x00,0x30,0x00,0x3C,0x00,0x00,0x00,0x00,0x00,
    0x00,0x00,0x00,0x00,0x00,0x00,0x00,0x00,0x00,0x00,0x00,0x00,0x00,0x00,0x00,0x00,
    0x00,0x00,0x00,0x00,0x00,0x00,0x00,0x00,0x00,0x00,0x00,0x00,0x0F,0xC0,0x39,0xC0,
    0x30,0xC0,0x70,0xC0,0x61,0xC0,0x61,0xC0,0x61,0xC0,0x63,0xC0,0x62,0xC0,0x76,0xC0,
    0x3C,0xC0,0x00,0xC0,0x00,0xC0,0x00,0xC0,0x00,0xE0,0x00,0xE0,0x00,0x00,0x00,0x00,
    0x00,0x00,0x00,0x00,0x00,0x00,0x00,0x00,0x00,0x00,0x00,0x00,0x00,0x00,0x00,0x00,
    0x00,0x00,0x00,0x00,0x00,0x00,0x00,0x00,0x00,0x00,0x00,0x00,0xF3,0x80,0xF7,0x80,
    0x34,0x80,0x3C,0x00,0x38,0x00,0x38,0x00,0x38,0x00,0x30,0x00,0x30,0x00,0x30,0x00,
    0x30,0x00,0x00,0x00,0x00,0x00,0x00,0x00,0x00,0x00,0x00,0x00,0x00,0x00,0x00,0x00,
    0x00,0x00,0x00,0x00,0x00,0x00,0x00,0x00,0x00,0x00,0x00,0x00,0x00,0x00,0x00,0x00,
    0x00,0x00,0x00,0x00,0x00,0x00,0x00,0x00,0x00,0x00,0x00,0x00,0x1F,0x00,0x33,0x00,
    0x63,0x00,0x70,0x00,0x38,0x00,0x1E,0x00,0x07,0x00,0x03,0x00,0x63,0x00,0x77,0x00,
    0x3E,0x00,0x00,0x00,0x00,0x00,0x00,0x00,0x00,0x00,0x00,0x00,0x00,0x00,0x00,0x00,
    0x00,0x00,0x00,0x00,0x00,0x00,0x00,0x00,0x00,0x00,0x10,0x18,0x18,0x38,0x7F,0x38,
    0x30,0x30,0x30,0x30,0x30,0x30,0x30,0x3B,0x1E,0x00,0x00,0x00,0x00,0x00,0x00,0x00,
    0x00,0x00,0x00,0x00,0x00,0x00,0x00,0x00,0x00,0x00,0x00,0x00,0x00,0x00,0x00,0x00,
    0x00,0x00,0x00,0x00,0x00,0x00,0x00,0x00,0x00,0x00,0x00,0x00,0x70,0xE0,0x38,0xE0,
    0x30,0xE0,0x31,0xC0,0x31,0xC0,0x31,0xC0,0x33,0xC0,0x33,0xC0,0x32,0xC0,0x3E,0xF0,
    0x3C,0x70,0x00,0x00,0x00,0x00,0x00,0x00,0x00,0x00,0x00,0x00,0x00,0x00,0x00,0x00,
    0x00,0x00,0x00,0x00,0x00,0x00,0x00,0x00,0x00,0x00,0x00,0x00,0x00,0x00,0x00,0x00,
    0x00,0x00,0x00,0x00,0x00,0x00,0x00,0x00,0x00,0x00,0x00,0x00,0xF1,0xC0,0xF1,0xC0,
    0x30,0xC0,0x30,0x40,0x30,0xC0,0x30,0xC0,0x30,0xC0,0x30,0x80,0x31,0x80,0x33,0x00,
    0x1E,0x00,0x00,0x00,0x00,0x00,0x00,0x00,0x00,0x00,0x00,0x00,0x00,0x00,0x00,0x00,
    0x00,0x00,0x00,0x00,0x00,0x00,0x00,0x00,0x00,0x00,0x00,0x00,0x00,0x00,0x00,0x00,
    0x00,0x00,0x00,0x00,0x00,0x00,0x00,0x00,0x00,0x00,0x00,0x00,0xF0,0xC6,0xF0,0xCF,
    0x30,0xC3,0x30,0xC3,0x30,0xC3,0x30,0xC2,0x31,0xC6,0x31,0x86,0x31,0x8C,0x3B,0xDC,
    0x1E,0xF0,0x00,0x00,0x00,0x00,0x00,0x00,0x00,0x00,0x00,0x00,0x00,0x00,0x00,0x00,
    0x00,0x00,0x00,0x00,0x00,0x00,0x00,0x00,0x00,0x00,0x00,0x00,0x00,0x00,0x00,0x00,
    0x00,0x00,0x00,0x00,0x00,0x00,0x00,0x00,0x00,0x00,0x00,0x00,0x70,0xC0,0x78,0xC0,
    0x18,0xC0,0x1D,0x80,0x0F,0x00,0x0E,0x00,0x1E,0x00,0x37,0x00,0x63,0x00,0x63,0xE0,
    0x61,0xE0,0x00,0x00,0x00,0x00,0x00,0x00,0x00,0x00,0x00,0x00,0x00,0x00,0x00,0x00,
    0x00,0x00,0x00,0x00,0x00,0x00,0x00,0x00,0x00,0x00,0x00,0x00,0x00,0x00,0x00,0x00,
    0x00,0x00,0x00,0x00,0x00,0x00,0x00,0x00,0x00,0x00,0x00,0x00,0xF0,0xC0,0xF1,0xE0,
    0x30,0xE0,0x30,0xC0,0x30,0xC0,0x30,0x80,0x31,0x80,0x39,0x80,0x1B,0x00,0x1F,0x00,
    0x0E,0x00,0x06,0x00,0x04,0x00,0x4C,0x00,0xE8,0x00,0x78,0x00,0x00,0x00,0x00,0x00,
    0x00,0x00,0x00,0x00,0x00,0x00,0x00,0x00,0x00,0x00,0x00,0x00,0x00,0x00,0x00,0x00,
    0x00,0x00,0x00,0x00,0x00,0x00,0x00,0x00,0x00,0x00,0x00,0x00,0x7F,0xC0,0x61,0x80,
    0x63,0x00,0x43,0x00,0x06,0x00,0x0C,0x00,0x18,0x00,0x18,0x80,0x30,0x80,0x71,0x80,
    0x7F,0x80,0x00,0x00,0x00,0x00,0x00,0x00,0x00,0x00,0x00,0x00,0x00,0x00,0x00,0x00,
    0x00,0x00,0x00,0x00,0x00,0x00,0x00,0x00,0x0E,0x1C,0x18,0x18,0x18,0x18,0x18,0x1C,
    0x18,0x18,0x70,0x38,0x18,0x18,0x18,0x18,0x18,0x18,0x18,0x38,0x18,0x1E,0x00,0x00,
    0x00,0x00,0x00,0x00,0x00,0x00,0x00,0x00,0x00,0x00,0x00,0x00,0x00,0x00,0x08,0x00,
    0x0C,0x00,0x0C,0x00,0x0C,0x00,0x08,0x00,0x08,0x00,0x08,0x00,0x08,0x00,0x08,0x00,
    0x08,0x00,0x08,0x00,0x08,0x00,0x08,0x00,0x08,0x00,0x18,0x00,0x18,0x00,0x18,0x00,
    0x18,0x00,0x18,0x00,0x18,0x00,0x00,0x00,0x00,0x00,0x00,0x00,0x00,0x00,0x00,0x00,
    0x00,0x00,0x00,0x00,0x00,0x00,0x00,0x00,0x78,0x18,0x1C,0x18,0x18,0x18,0x18,0x18,
    0x18,0x18,0x0E,0x1C,0x18,0x18,0x18,0x18,0x18,0x18,0x18,0x18,0x38,0x70,0x00,0x00,
    0x00,0x00,0x00,0x00,0x00,0x00,0x00,0x00,0x00,0x00,0x00,0x00,0x00,0x00,0x00,0x00,
    0x00,0x00,0x00,0x00,0x00,0x00,0x00,0x00,0x00,0x00,0x00,0x00,0x00,0x00,0x00,0x00,
    0x00,0x00,0x00,0x00,0x1F,0x30,0x37,0xE0,0x00,0x00,0x00,0x00,0x00,0x00,0x00,0x00,
    0x00,0x00,0x00,0x00,0x00,0x00,0x00,0x00,0x00,0x00,0x00,0x00,0x00,0x00,0x00,0x00,
    0x00,0x00,0x00,0x00,0x00,0x00,0x00,0x00,0x3C,0x6C,0x64,0x6C,0x3C,0x00,0x00,0x00,
    0x00,0x00,0x00,0x00,0x00,0x00,0x00,0x00,0x00,0x00,0x00,0x00,0x00,0x00,0x00,0x00,
    0x00,0x00,0x00,0x00,0x00,0x00,0x00,0x00,0x3E,0x67,0x63,0x02,0x06,0x0C,0x19,0x3F,
    0x7F,0x00,0x00,0x00,0x00,0x00,0x00,0x00,0x00,0x00,0x00,0x00,0x00,0x00,0x00,0x00,
    0x00,0x00,0x00,0x00,0x00,0x00,0x00,0x00,0x3E,0x63,0x63,0x06,0x1E,0x03,0x63,0x67,
    0x7C,0x00,0x00,0x00,0x00,0x00,0x00,0x00,0x00,0x00,0x00,0x00,0x00,0x00,0x00,0x00,
    0x00,0x00,0x00,0x00,0x00,0x00,0x00,0x38,0x78,0x18,0x18,0x18,0x18,0x10,0x10,0x30,
    0x7C,0x00,0x00,0x00,0x00,0x00,0x00,0x00,0x00,0x00,0x00,0x00,0x00,0x00,0x00,0x00,
    0x00,0x00,0x00,0x00,0x00,0x00,0x00,0x00,0x00,0x00,0x00,0x00,0x00,0x00,0x00,0x00,
    0x00,0x00,0x00,0x00,0x00,0x00,0x00,0x00,0x00,0x00,0x00,0x00,0x02,0x00,0x78,0x06,
    0x00,0x18,0x04,0x00,0x18,0x0C,0x00,0x18,0x18,0x00,0x18,0x18,0x00,0x18,0x30,0x80,
    0x18,0x31,0xC0,0x18,0x63,0xC0,0x38,0x46,0xC0,0x7C,0xC4,0x80,0x00,0x89,0x80,0x01,
    0x99,0x80,0x03,0x1F,0xE0,0x03,0x01,0x80,0x06,0x01,0x80,0x00,0x00,0x00,0x00,0x00,
    0x00,0x00,0x00,0x00,0x00,0x00,0x00,0x00,0x00,0x00,0x00,0x00,0x00,0x00,0x00,0x00,
    0x00,0x00,0x00,0x00,0x00,0x00,0x00,0x00,0x00,0x00,0x00,0x00,0x00,0x00,0x00,0x00,
    0x00,0x00,0x00,0x00,0x00,0x00,0x00,0x00,0x00,0x00,0x00,0x00,0x00,0x00,0x38,0x06,
    0x00,0x18,0x0C,0x00,0x18,0x0C,0x00,0x18,0x18,0x00,0x18,0x10,0x00,0x18,0x37,0xC0,
    0x18,0x2C,0xC0,0x18,0x6C,0x60,0x38,0xCC,0x60,0x7C,0xC0,0xC0,0x01,0x80,0xC0,0x01,
    0x01,0x80,0x03,0x03,0x20,0x06,0x06,0x60,0x06,0x0F,0xE0,0x00,0x00,0x00,0x00,0x00,
    0x00,0x00,0x00,0x00,0x00,0x00,0x00,0x00,0x00,0x00,0x00,0x00,0x00,0x00,0x00,0x00,
    0x00,0x00,0x00,0x00,0x00,0x00,0x00,0x00,0x00,0x00,0x00,0x00,0x00,0x00,0x00,0x00,
    0x00,0x00,0x00,0x00,0x00,0x00,0x00,0x00,0x00,0x00,0x00,0x00,0x00,0x00,0x1E,0x03,
    0x00,0x33,0x03,0x00,0x33,0x06,0x00,0x03,0x04,0x00,0x0E,0x0C,0x00,0x0F,0x08,0xC0,
    0x01,0x99,0xC0,0x23,0xB1,0xC0,0x73,0x32,0xC0,0x3E,0x66,0xC0,0x00,0x44,0xC0,0x00,
    0xC8,0xC0,0x00,0x9F,0xF0,0x01,0x80,0xC0,0x03,0x00,0xC0,0x00,0x00,0x00,0x00,0x00,
    0x00,0x00,0x00,0x00,0x00,0x00,0x00,0x00,0x00,0x00,0x00,0x00,0x00,0x00,0x00,0x00,
    0x00,0x00,0x00,0x00,0x00,0x00,0x00,0x00,0x00,0x00,0x00,0x00,0x07,0x00,0x03,0x80,
    0x00,0xC0,0x00,0x00,0x01,0x80,0x03,0xC0,0x03,0xC0,0x02,0xC0,0x06,0xC0,0x04,0xE0,
    0x0C,0x60,0x0C,0x60,0x08,0x60,0x1F,0xF0,0x18,0x70,0x10,0x30,0x30,0x38,0x30,0x38,
    0xF8,0x7E,0x00,0x00,0x00,0x00,0x00,0x00,0x00,0x00,0x00,0x00,0x00,0x00,0x00,0x00,
    0x00,0x00,0x00,0x00,0x00,0x00,0x00,0x00,0x00,0x00,0x00,0x40,0x00,0xE0,0x01,0xC0,
    0x03,0x00,0x00,0x00,0x01,0x80,0x03,0xC0,0x03,0xC0,0x02,0xC0,0x06,0xC0,0x04,0xE0,
    0x0C,0x60,0x0C,0x60,0x08,0x60,0x1F,0xF0,0x18,0x70,0x10,0x30,0x30,0x38,0x30,0x38,
    0xF8,0x7E,0x00,0x00,0x00,0x00,0x00,0x00,0x00,0x00,0x00,0x00,0x00,0x00,0x00,0x00,
    0x00,0x00,0x00,0x00,0x00,0x00,0x00,0x00,0x00,0x00,0x01,0x80,0x03,0xC0,0x07,0xE0,
    0x04,0x20,0x00,0x00,0x01,0x80,0x03,0xC0,0x03,0xC0,0x02,0xC0,0x06,0xC0,0x04,0xE0,
    0x0C,0x60,0x0C,0x60,0x08,0x60,0x1F,0xF0,0x18,0x70,0x10,0x30,0x30,0x38,0x30,0x38,
    0xF8,0x7E,0x00,0x00,0x00,0x00,0x00,0x00,0x00,0x00,0x00,0x00,0x00,0x00,0x00,0x00,
    0x00,0x00,0x00,0x00,0x00,0x00,0x00,0x00,0x00,0x00,0x00,0x00,0x07,0x00,0x07,0xE0,
    0x00,0xE0,0x00,0x00,0x01,0x80,0x03,0xC0,0x03,0xC0,0x02,0xC0,0x06,0xC0,0x04,0xE0,
    0x0C,0x60,0x0C,0x60,0x08,0x60,0x1F,0xF0,0x18,0x70,0x10,0x30,0x30,0x38,0x30,0x38,
    0xF8,0x7E,0x00,0x00,0x00,0x00,0x00,0x00,0x00,0x00,0x00,0x00,0x00,0x00,0x00,0x00,
    0x00,0x00,0x00,0x00,0x00,0x00,0x00,0x00,0x00,0x00,0x00,0x00,0x06,0x60,0x0E,0x70,
    0x06,0x60,0x00,0x00,0x01,0x80,0x03,0xC0,0x03,0xC0,0x02,0xC0,0x06,0xC0,0x04,0xE0,
    0x0C,0x60,0x0C,0x60,0x08,0x60,0x1F,0xF0,0x18,0x70,0x10,0x30,0x30,0x38,0x30,0x38,
    0xF8,0x7E,0x00,0x00,0x00,0x00,0x00,0x00,0x00,0x00,0x00,0x00,0x00,0x00,0x00,0x00,
    0x00,0x00,0x00,0x00,0x00,0x00,0x00,0x00,0x00,0x00,0x03,0xC0,0x02,0x40,0x02,0xC0,
    0x03,0xC0,0x00,0x00,0x01,0x80,0x03,0xC0,0x03,0xC0,0x02,0xC0,0x06,0xC0,0x04,0xE0,
    0x0C,0x60,0x0C,0x60,0x08,0x60,0x1F,0xF0,0x18,0x70,0x10,0x30,0x30,0x38,0x30,0x38,
    0xF8,0x7E,0x00,0x00,0x00,0x00,0x00,0x00,0x00,0x00,0x00,0x00,0x00,0x00,0x00,0x00,
    0x00,0x00,0x00,0x00,0x00,0x00,0x00,0x00,0x00,0x00,0x00,0x00,0x00,0x00,0x00,0x00,
    0x00,0x00,0x00,0x00,0x00,0x00,0x00,0x00,0x00,0x00,0x00,0x00,0x00,0x00,0x03,0xFF,
    0x00,0x03,0xC3,0x00,0x03,0xC1,0x80,0x06,0xC1,0x80,0x06,0xC0,0x00,0x04,0xE0,0x00,
    0x0C,0x60,0x00,0x0C,0x7F,0x00,0x08,0x70,0x00,0x1F,0xF0,0x00,0x18,0x70,0x00,0x10,
    0x30,0x60,0x30,0x30,0x60,0x30,0x38,0xC0,0xF8,0x7F,0xC0,0x00,0x00,0x00,0x00,0x00,
    0x00,0x00,0x00,0x00,0x00,0x00,0x00,0x00,0x00,0x00,0x00,0x00,0x00,0x00,0x00,0x00,
    0x00,0x00,0x00,0x00,0x00,0x00,0x00,0x00,0x00,0x00,0x00,0x00,0x00,0x00,0x00,0x00,
    0x00,0x00,0x00,0x00,0x07,0xE0,0x0E,0x70,0x18,0x38,0x30,0x38,0x30,0x00,0x70,0x00,
    0x60,0x00,0x60,0x00,0x60,0x00,0x70,0x00,0x70,0x00,0x30,0x00,0x38,0x30,0x1E,0xE0,
    0x07,0xC0,0x03,0x00,0x03,0x80,0x01,0x80,0x07,0x80,0x00,0x00,0x00,0x00,0x00,0x00,
    0x00,0x00,0x00,0x00,0x00,0x00,0x00,0x00,0x00,0x00,0x04,0x00,0x0E,0x00,0x07,0x00,
    0x01,0x80,0x00,0x00,0x7F,0xF0,0x1C,0x70,0x18,0x30,0x18,0x30,0x18,0x00,0x18,0x00,
    0x18,0x00,0x1F,0xC0,0x18,0x00,0x18,0x00,0x18,0x00,0x18,0x30,0x18,0x30,0x18,0x70,
    0x7F,0xE0,0x00,0x00,0x00,0x00,0x00,0x00,0x00,0x00,0x00,0x00,0x00,0x00,0x00,0x00,
    0x00,0x00,0x00,0x00,0x00,0x00,0x00,0x00,0x00,0x00,0x00,0x00,0x01,0xC0,0x03,0x80,
    0x02,0x00,0x00,0x00,0x7F,0xF0,0x1C,0x70,0x18,0x30,0x18,0x30,0x18,0x00,0x18,0x00,
    0x18,0x00,0x1F,0xC0,0x18,0x00,0x18,0x00,0x18,0x00,0x18,0x30,0x18,0x30,0x18,0x70,
    0x7F,0xE0,0x00,0x00,0x00,0x00,0x00,0x00,0x00,0x00,0x00,0x00,0x00,0x00,0x00,0x00,
    0x00,0x00,0x00,0x00,0x00,0x00,0x00,0x00,0x00,0x00,0x01,0x00,0x03,0x80,0x07,0xC0,
    0x08,0x60,0x00,0x00,0x7F,0xF0,0x1C,0x70,0x18,0x30,0x18,0x30,0x18,0x00,0x18,0x00,
    0x18,0x00,0x1F,0xC0,0x18,0x00,0x18,0x00,0x18,0x00,0x18,0x30,0x18,0x30,0x18,0x70,
    0x7F,0xE0,0x00,0x00,0x00,0x00,0x00,0x00,0x00,0x00,0x00,0x00,0x00,0x00,0x00,0x00,
    0x00,0x00,0x00,0x00,0x00,0x00,0x00,0x00,0x00,0x00,0x00,0x00,0x0C,0xC0,0x0E,0xE0,
    0x0C,0xC0,0x00,0x00,0x7F,0xF0,0x1C,0x70,0x18,0x30,0x18,0x30,0x18,0x00,0x18,0x00,
    0x18,0x00,0x1F,0xC0,0x18,0x00,0x18,0x00,0x18,0x00,0x18,0x30,0x18,0x30,0x18,0x70,
    0x7F,0xE0,0x00,0x00,0x00,0x00,0x00,0x00,0x00,0x00,0x00,0x00,0x00,0x00,0x00,0x00,
    0x00,0x00,0x00,0x00,0x00,0x20,0x30,0x38,0x0C,0x00,0x3E,0x1C,0x18,0x18,0x18,0x18,
    0x18,0x18,0x18,0x18,0x18,0x18,0x18,0x18,0x7E,0x00,0x00,0x00,0x00,0x00,0x00,0x00,
    0x00,0x00,0x00,0x00,0x00,0x02,0x06,0x0E,0x10,0x00,0x3E,0x1C,0x18,0x18,0x18,0x18,
    0x18,0x18,0x18,0x18,0x18,0x18,0x18,0x18,0x7E,0x00,0x00,0x00,0x00,0x00,0x00,0x00,
    0x00,0x00,0x00,0x00,0x00,0x08,0x1C,0x3E,0x63,0x00,0x3E,0x1C,0x18,0x18,0x18,0x18,
    0x18,0x18,0x18,0x18,0x18,0x18,0x18,0x18,0x7E,0x00,0x00,0x00,0x00,0x00,0x00,0x00,
    0x00,0x00,0x00,0x00,0x00,0x00,0x77,0x77,0x67,0x00,0x3E,0x1C,0x18,0x18,0x18,0x18,
    0x18,0x18,0x18,0x18,0x18,0x18,0x18,0x18,0x7E,0x00,0x00,0x00,0x00,0x00,0x00,0x00,
    0x00,0x00,0x00,0x00,0x00,0x00,0x00,0x00,0x00,0x00,0x00,0x00,0x00,0x00,0x00,0x00,
    0x00,0x00,0x00,0x00,0x3F,0xE0,0x1C,0xF8,0x1C,0x1C,0x1C,0x0C,0x18,0x0E,0x18,0x0E,
    0x18,0x0E,0x7F,0x8E,0x18,0x0E,0x18,0x0C,0x18,0x0C,0x18,0x18,0x18,0x38,0x19,0xF0,
    0x7F,0xC0,0x00,0x00,0x00,0x00,0x00,0x00,0x00,0x00,0x00,0x00,0x00,0x00,0x00,0x00,
    0x00,0x00,0x00,0x00,0x00,0x00,0x00,0x00,0x00,0x00,0x00,0x00,0x03,0x80,0x07,0xF0,
    0x00,0xE0,0x00,0x00,0x3C,0x3F,0x1E,0x0C,0x1E,0x0C,0x1F,0x0C,0x1B,0x0C,0x1B,0x8C,
    0x19,0x8C,0x19,0xCC,0x18,0xCC,0x18,0xE8,0x18,0x68,0x18,0x78,0x18,0x38,0x18,0x38,
    0x7C,0x18,0x00,0x00,0x00,0x00,0x00,0x00,0x00,0x00,0x00,0x00,0x00,0x00,0x00,0x00,
    0x00,0x00,0x00,0x00,0x00,0x00,0x00,0x00,0x00,0x00,0x02,0x00,0x07,0x00,0x03,0x80,
    0x00,0xC0,0x00,0x00,0x07,0xE0,0x0E,0x70,0x18,0x18,0x30,0x1C,0x30,0x0C,0x70,0x0C,
    0x60,0x0C,0x60,0x0C,0x60,0x0C,0x70,0x0C,0x70,0x1C,0x30,0x18,0x38,0x38,0x1E,0x70,
    0x07,0xC0,0x00,0x00,0x00,0x00,0x00,0x00,0x00,0x00,0x00,0x00,0x00,0x00,0x00,0x00,
    0x00,0x00,0x00,0x00,0x00,0x00,0x00,0x00,0x00,0x00,0x00,0x60,0x00,0xE0,0x01,0xC0,
    0x03,0x00,0x00,0x00,0x07,0xE0,0x0E,0x70,0x18,0x18,0x30,0x1C,0x30,0x0C,0x70,0x0C,
    0x60,0x0C,0x60,0x0C,0x60,0x0C,0x70,0x0C,0x70,0x1C,0x30,0x18,0x38,0x38,0x1E,0x70,
    0x07,0xC0,0x00,0x00,0x00,0x00,0x00,0x00,0x00,0x00,0x00,0x00,0x00,0x00,0x00,0x00,
    0x00,0x00,0x00,0x00,0x00,0x00,0x00,0x00,0x00,0x00,0x01,0x80,0x03,0xC0,0x07,0x60,
    0x04,0x20,0x00,0x00,0x07,0xE0,0x0E,0x70,0x18,0x18,0x30,0x1C,0x30,0x0C,0x70,0x0C,
    0x60,0x0C,0x60,0x0C,0x60,0x0C,0x70,0x0C,0x70,0x1C,0x30,0x18,0x38,0x38,0x1E,0x70,
    0x07,0xC0,0x00,0x00,0x00,0x00,0x00,0x00,0x00,0x00,0x00,0x00,0x00,0x00,0x00,0x00,
    0x00,0x00,0x00,0x00,0x00,0x00,0x00,0x00,0x00,0x00,0x00,0x00,0x03,0x00,0x07,0xE0,
    0x00,0xE0,0x00,0x00,0x07,0xE0,0x0E,0x70,0x18,0x18,0x30,0x1C,0x30,0x0C,0x70,0x0C,
    0x60,0x0C,0x60,0x0C,0x60,0x0C,0x70,0x0C,0x70,0x1C,0x30,0x18,0x38,0x38,0x1E,0x70,
    0x07,0xC0,0x00,0x00,0x00,0x00,0x00,0x00,0x00,0x00,0x00,0x00,0x00,0x00,0x00,0x00,
    0x00,0x00,0x00,0x00,0x00,0x00,0x00,0x00,0x00,0x00,0x06,0x60,0x07,0x70,0x06,0x60,
    0x00,0x00,0x00,0x00,0x07,0xE0,0x0E,0x70,0x18,0x18,0x30,0x1C,0x30,0x0C,0x70,0x0C,
    0x60,0x0C,0x60,0x0C,0x60,0x0C,0x70,0x0C,0x70,0x1C,0x30,0x18,0x38,0x38,0x1E,0x70,
    0x07,0xC0,0x00,0x00,0x00,0x00,0x00,0x00,0x00,0x00,0x00,0x00,0x00,0x00,0x00,0x00,
    0x00,0x00,0x00,0x00,0x00,0x00,0x00,0x00,0x00,0x00,0x00,0x00,0x00,0x00,0x00,0x00,
    0x00,0x00,0x00,0x00,0x00,0x00,0x00,0x00,0x00,0x00,0x00,0x00,0x00,0x00,0x30,0xC0,
    0x19,0x80,0x0F,0x00,0x06,0x00,0x0F,0x00,0x19,0x80,0x30,0xC0,0x00,0x00,0x00,0x00,
    0x00,0x00,0x00,0x00,0x00,0x00,0x00,0x00,0x00,0x00,0x00,0x00,0x00,0x00,0x00,0x00,
    0x00,0x00,0x00,0x00,0x00,0x00,0x00,0x00,0x00,0x00,0x00,0x00,0x00,0x00,0x00,0x00,
    0x00,0x00,0x00,0x00,0x07,0xEC,0x0E,0x7C,0x18,0x38,0x30,0x3C,0x30,0x7C,0x70,0xCC,
    0x60,0xCC,0x61,0x8C,0x63,0x0C,0x76,0x0C,0x74,0x1C,0x3C,0x18,0x38,0x38,0x3E,0x70,
    0x6F,0xC0,0x00,0x00,0x00,0x00,0x00,0x00,0x00,0x00,0x00,0x00,0x00,0x00,0x00,0x00,
    0x00,0x00,0x00,0x00,0x00,0x00,0x00,0x00,0x00,0x00,0x02,0x00,0x07,0x00,0x03,0x80,
    0x00,0xC0,0x00,0x00,0x7E,0x3E,0x18,0x1C,0x18,0x0C,0x18,0x1C,0x18,0x18,0x18,0x18,
    0x18,0x18,0x38,0x18,0x38,0x38,0x38,0x38,0x38,0x38,0x38,0x78,0x18,0x58,0x1D,0x98,
    0x0F,0x1E,0x00,0x00,0x00,0x00,0x00,0x00,0x00,0x00,0x00,0x00,0x00,0x00,0x00,0x00,
    0x00,0x00,0x00,0x00,0x00,0x00,0x00,0x00,0x00,0x00,0x00,0x60,0x00,0xE0,0x01,0xC0,
    0x01,0x00,0x00,0x00,0x7E,0x3E,0x18,0x1C,0x18,0x0C,0x18,0x1C,0x18,0x18,0x18,0x18,
    0x18,0x18,0x38,0x18,0x38,0x38,0x38,0x38,0x38,0x38,0x38,0x78,0x18,0x58,0x1D,0x98,
    0x0F,0x1E,0x00,0x00,0x00,0x00,0x00,0x00,0x00,0x00,0x00,0x00,0x00,0x00,0x00,0x00,
    0x00,0x00,0x00,0x00,0x00,0x00,0x00,0x00,0x00,0x00,0x01,0xC0,0x01,0xC0,0x03,0x60,
    0x04,0x30,0x00,0x00,0x7E,0x3E,0x18,0x1C,0x18,0x0C,0x18,0x1C,0x18,0x18,0x18,0x18,
    0x18,0x18,0x38,0x18,0x38,0x38,0x38,0x38,0x38,0x38,0x38,0x78,0x18,0x58,0x1D,0x98,
    0x0F,0x1E,0x00,0x00,0x00,0x00,0x00,0x00,0x00,0x00,0x00,0x00,0x00,0x00,0x00,0x00,
    0x00,0x00,0x00,0x00,0x00,0x00,0x00,0x00,0x00,0x00,0x06,0x70,0x07,0x70,0x06,0x70,
    0x00,0x00,0x00,0x00,0x7E,0x3E,0x18,0x1C,0x18,0x0C,0x18,0x1C,0x18,0x18,0x18,0x18,
    0x18,0x18,0x38,0x18,0x38,0x38,0x38,0x38,0x38,0x38,0x38,0x78,0x18,0x58,0x1D,0x98,
    0x0F,0x1E,0x00,0x00,0x00,0x00,0x00,0x00,0x00,0x00,0x00,0x00,0x00,0x00,0x00,0x00,
    0x00,0x00,0x00,0x00,0x00,0x00,0x00,0x00,0x00,0x00,0x00,0x40,0x00,0xE0,0x01,0xC0,
    0x03,0x00,0x00,0x00,0xFC,0x7C,0x38,0x18,0x18,0x30,0x18,0x30,0x0C,0x60,0x0C,0x60,
    0x06,0xC0,0x07,0x80,0x03,0x80,0x03,0x00,0x03,0x00,0x03,0x00,0x03,0x00,0x03,0x00,
    0x0F,0xC0,0x00,0x00,0x00,0x00,0x00,0x00,0x00,0x00,0x00,0x00,0x00,0x00,0x00,0x00,
    0x00,0x00,0x00,0x00,0x00,0x00,0x00,0x00,0x00,0x00,0x00,0x00,0x00,0x00,0x00,0x00,
    0x00,0x00,0x00,0x00,0x3F,0x00,0x1C,0x00,0x1C,0x00,0x1F,0xC0,0x1C,0xE0,0x18,0x70,
    0x18,0x30,0x18,0x30,0x18,0x30,0x18,0x70,0x18,0xE0,0x1F,0xC0,0x18,0x00,0x18,0x00,
    0x7F,0x00,0x00,0x00,0x00,0x00,0x00,0x00,0x00,0x00,0x00,0x00,0x00,0x00,0x00,0x00,
    0x00,0x00,0x00,0x00,0x00,0x00,0x00,0x00,0x00,0x00,0x00,0x00,0x00,0x00,0x00,0x00,
    0x00,0x00,0x07,0xC0,0x0C,0xE0,0x18,0x60,0x38,0x60,0x38,0x60,0x38,0xC0,0x31,0x80,
    0x33,0x00,0x33,0x80,0x31,0xC0,0x30,0xF0,0x30,0x70,0x30,0x30,0x36,0x10,0x37,0x70,
    0x33,0xE0,0x30,0x00,0x30,0x00,0x60,0x00,0xE0,0x00,0xC0,0x00,0x00,0x00,0x00,0x00,
    0x00,0x00,0x00,0x00,0x00,0x00,0x00,0x00,0x00,0x00,0x00,0x00,0x00,0x00,0x00,0x00,
    0x00,0x00,0x0C,0x00,0x0E,0x00,0x06,0x00,0x01,0x00,0x00,0x00,0x0F,0xC0,0x39,0xC0,
    0x30,0xC0,0x70,0xC0,0x61,0xC0,0x61,0xC0,0x61,0xC0,0x63,0xC0,0x63,0xC0,0x76,0xD0,
    0x3C,0xE0,0x00,0x00,0x00,0x00,0x00,0x00,0x00,0x00,0x00,0x00,0x00,0x00,0x00,0x00,
    0x00,0x00,0x00,0x00,0x00,0x00,0x00,0x00,0x00,0x00,0x00,0x00,0x00,0x00,0x00,0x00,
    0x00,0x00,0x01,0x80,0x03,0x00,0x06,0x00,0x04,0x00,0x00,0x00,0x0F,0xC0,0x39,0xC0,
    0x30,0xC0,0x70,0xC0,0x61,0xC0,0x61,0xC0,0x61,0xC0,0x63,0xC0,0x63,0xC0,0x76,0xD0,
    0x3C,0xE0,0x00,0x00,0x00,0x00,0x00,0x00,0x00,0x00,0x00,0x00,0x00,0x00,0x00,0x00,
    0x00,0x00,0x00,0x00,0x00,0x00,0x00,0x00,0x00,0x00,0x00,0x00,0x00,0x00,0x00,0x00,
    0x00,0x00,0x06,0x00,0x0F,0x00,0x0D,0x80,0x10,0x80,0x00,0x00,0x0F,0xC0,0x39,0xC0,
    0x30,0xC0,0x70,0xC0,0x61,0xC0,0x61,0xC0,0x61,0xC0,0x63,0xC0,0x63,0xC0,0x76,0xD0,
    0x3C,0xE0,0x00,0x00,0x00,0x00,0x00,0x00,0x00,0x00,0x00,0x00,0x00,0x00,0x00,0x00,
    0x00,0x00,0x00,0x00,0x00,0x00,0x00,0x00,0x00,0x00,0x00,0x00,0x00,0x00,0x00,0x00,
    0x00,0x00,0x0C,0x00,0x1F,0xC0,0x03,0x80,0x00,0x00,0x00,0x00,0x0F,0xC0,0x39,0xC0,
    0x30,0xC0,0x70,0xC0,0x61,0xC0,0x61,0xC0,0x61,0xC0,0x63,0xC0,0x63,0xC0,0x76,0xD0,
    0x3C,0xE0,0x00,0x00,0x00,0x00,0x00,0x00,0x00,0x00,0x00,0x00,0x00,0x00,0x00,0x00,
    0x00,0x00,0x00,0x00,0x00,0x00,0x00,0x00,0x00,0x00,0x00,0x00,0x00,0x00,0x00,0x00,
    0x00,0x00,0x19,0xC0,0x1D,0xC0,0x19,0x80,0x00,0x00,0x00,0x00,0x0F,0xC0,0x39,0xC0,
    0x30,0xC0,0x70,0xC0,0x61,0xC0,0x61,0xC0,0x61,0xC0,0x63,0xC0,0x63,0xC0,0x76,0xD0,
    0x3C,0xE0,0x00,0x00,0x00,0x00,0x00,0x00,0x00,0x00,0x00,0x00,0x00,0x00,0x00,0x00,
    0x00,0x00,0x00,0x00,0x00,0x00,0x00,0x00,0x00,0x00,0x00,0x00,0x00,0x00,0x00,0x00,
    0x07,0x00,0x0D,0x80,0x0D,0x80,0x0F,0x00,0x00,0x00,0x00,0x00,0x0F,0xC0,0x39,0xC0,
    0x30,0xC0,0x70,0xC0,0x61,0xC0,0x61,0xC0,0x61,0xC0,0x63,0xC0,0x63,0xC0,0x76,0xD0,
    0x3C,0xE0,0x00,0x00,0x00,0x00,0x00,0x00,0x00,0x00,0x00,0x00,0x00,0x00,0x00,0x00,
    0x00,0x00,0x00,0x00,0x00,0x00,0x00,0x00,0x00,0x00,0x00,0x00,0x00,0x00,0x00,0x00,
    0x00,0x00,0x00,0x00,0x00,0x00,0x00,0x00,0x00,0x00,0x00,0x00,0x0F,0xFE,0x39,0xE6,
    0x30,0xC6,0x70,0xC6,0x61,0x8E,0x61,0xFC,0x61,0xE0,0x63,0x80,0x63,0xC2,0x76,0xEE,
    0x3C,0x7C,0x00,0x00,0x00,0x00,0x00,0x00,0x00,0x00,0x00,0x00,0x00,0x00,0x00,0x00,
    0x00,0x00,0x00,0x00,0x00,0x00,0x00,0x00,0x00,0x00,0x00,0x00,0x00,0x00,0x00,0x00,
    0x00,0x00,0x00,0x00,0x00,0x00,0x00,0x00,0x00,0x00,0x00,0x00,0x0F,0x00,0x39,0x80,
    0x31,0x80,0x61,0x80,0x60,0x00,0x60,0x00,0x60,0x00,0x60,0x00,0x60,0x00,0x31,0x80,
    0x3F,0x00,0x0E,0x00,0x0E,0x00,0x06,0x00,0x07,0x00,0x1E,0x00,0x00,0x00,0x00,0x00,
    0x00,0x00,0x00,0x00,0x00,0x00,0x00,0x00,0x00,0x00,0x00,0x00,0x00,0x00,0x00,0x00,
    0x00,0x00,0x18,0x00,0x1C,0x00,0x06,0x00,0x02,0x00,0x00,0x00,0x0F,0x00,0x3B,0x80,
    0x31,0x80,0x61,0x80,0x63,0x80,0x7E,0x00,0x78,0x00,0x60,0x00,0x70,0x00,0x3B,0x80,
    0x1F,0x00,0x00,0x00,0x00,0x00,0x00,0x00,0x00,0x00,0x00,0x00,0x00,0x00,0x00,0x00,
    0x00,0x00,0x00,0x00,0x00,0x00,0x00,0x00,0x00,0x00,0x00,0x00,0x00,0x00,0x00,0x00,
    0x00,0x00,0x03,0x00,0x07,0x00,0x06,0x00,0x08,0x00,0x00,0x00,0x0F,0x00,0x3B,0x80,
    0x31,0x80,0x61,0x80,0x63,0x80,0x7E,0x00,0x78,0x00,0x60,0x00,0x70,0x00,0x3B,0x80,
    0x1F,0x00,0x00,0x00,0x00,0x00,0x00,0x00,0x00,0x00,0x00,0x00,0x00,0x00,0x00,0x00,
    0x00,0x00,0x00,0x00,0x00,0x00,0x00,0x00,0x00,0x00,0x00,0x00,0x00,0x00,0x00,0x00,
    0x00,0x00,0x06,0x00,0x0F,0x00,0x1B,0x00,0x10,0x80,0x00,0x00,0x0F,0x00,0x3B,0x80,
    0x31,0x80,0x61,0x80,0x63,0x80,0x7E,0x00,0x78,0x00,0x60,0x00,0x70,0x00,0x3B,0x80,
    0x1F,0x00,0x00,0x00,0x00,0x00,0x00,0x00,0x00,0x00,0x00,0x00,0x00,0x00,0x00,0x00,
    0x00,0x00,0x00,0x00,0x00,0x00,0x00,0x00,0x00,0x00,0x00,0x00,0x00,0x00,0x00,0x00,
    0x00,0x00,0x19,0x80,0x3B,0x80,0x19,0x80,0x00,0x00,0x00,0x00,0x0F,0x00,0x3B,0x80,
    0x31,0x80,0x61,0x80,0x63,0x80,0x7E,0x00,0x78,0x00,0x60,0x00,0x70,0x00,0x3B,0x80,
    0x1F,0x00,0x00,0x00,0x00,0x00,0x00,0x00,0x00,0x00,0x00,0x00,0x00,0x00,0x00,0x00,
    0x00,0x00,0x00,0x00,0x00,0x00,0x00,0x00,0x00,0xC0,0xE0,0x30,0x10,0x00,0xF0,0x30,
    0x30,0x30,0x30,0x30,0x30,0x30,0x30,0x34,0x3C,0x00,0x00,0x00,0x00,0x00,0x00,0x00,
    0x00,0x00,0x00,0x00,0x00,0x00,0x00,0x00,0x00,0x18,0x38,0x30,0x40,0x00,0xF0,0x30,
    0x30,0x30,0x30,0x30,0x30,0x30,0x30,0x34,0x3C,0x00,0x00,0x00,0x00,0x00,0x00,0x00,
    0x00,0x00,0x00,0x00,0x00,0x00,0x00,0x00,0x00,0x30,0x78,0xD8,0x84,0x00,0xF0,0x30,
    0x30,0x30,0x30,0x30,0x30,0x30,0x30,0x34,0x3C,0x00,0x00,0x00,0x00,0x00,0x00,0x00,
    0x00,0x00,0x00,0x00,0x00,0x00,0x00,0x00,0x00,0xCC,0xDC,0xCC,0x00,0x00,0xF0,0x30,
    0x30,0x30,0x30,0x30,0x30,0x30,0x30,0x34,0x3C,0x00,0x00,0x00,0x00,0x00,0x00,0x00,
    0x00,0x00,0x00,0x00,0x00,0x00,0x00,0x00,0x00,0x00,0x00,0x00,0x00,0x00,0x00,0x00,
    0x00,0x00,0x1E,0xC0,0x07,0x80,0x0F,0x80,0x09,0x80,0x00,0xC0,0x1E,0xC0,0x3B,0xC0,
    0x70,0xC0,0x60,0xC0,0x60,0xC0,0x60,0xC0,0x60,0xC0,0x60,0xC0,0x71,0x80,0x3B,0x80,
    0x1F,0x00,0x00,0x00,0x00,0x00,0x00,0x00,0x00,0x00,0x00,0x00,0x00,0x00,0x00,0x00,
    0x00,0x00,0x00,0x00,0x00,0x00,0x00,0x00,0x00,0x00,0x00,0x00,0x00,0x00,0x00,0x00,
    0x00,0x00,0x0E,0x00,0x1F,0xC0,0x03,0x80,0x00,0x00,0x00,0x00,0xF1,0xC0,0x33,0xE0,
    0x36,0x60,0x34,0x60,0x34,0xE0,0x3C,0xE0,0x38,0xC0,0x38,0xC0,0x38,0xC0,0x30,0xD0,
    0x30,0xF0,0x00,0x00,0x00,0x00,0x00,0x00,0x00,0x00,0x00,0x00,0x00,0x00,0x00,0x00,
    0x00,0x00,0x00,0x00,0x00,0x00,0x00,0x00,0x00,0x00,0x00,0x00,0x00,0x00,0x00,0x00,
    0x00,0x00,0x0C,0x00,0x0C,0x00,0x06,0x00,0x03,0x00,0x00,0x00,0x1F,0x00,0x3B,0x80,
    0x30,0xC0,0x60,0xC0,0x60,0xC0,0x60,0xC0,0x60,0xC0,0x60,0xC0,0x71,0xC0,0x3B,0x80,
    0x1F,0x00,0x00,0x00,0x00,0x00,0x00,0x00,0x00,0x00,0x00,0x00,0x00,0x00,0x00,0x00,
    0x00,0x00,0x00,0x00,0x00,0x00,0x00,0x00,0x00,0x00,0x00,0x00,0x00,0x00,0x00,0x00,
    0x00,0x00,0x03,0x00,0x03,0x00,0x06,0x00,0x0C,0x00,0x00,0x00,0x1F,0x00,0x3B,0x80,
    0x30,0xC0,0x60,0xC0,0x60,0xC0,0x60,0xC0,0x60,0xC0,0x60,0xC0,0x71,0xC0,0x3B,0x80,
    0x1F,0x00,0x00,0x00,0x00,0x00,0x00,0x00,0x00,0x00,0x00,0x00,0x00,0x00,0x00,0x00,
    0x00,0x00,0x00,0x00,0x00,0x00,0x00,0x00,0x00,0x00,0x00,0x00,0x00,0x00,0x00,0x00,
    0x00,0x00,0x06,0x00,0x0F,0x00,0x19,0x80,0x10,0x80,0x00,0x00,0x1F,0x00,0x3B,0x80,
    0x30,0xC0,0x60,0xC0,0x60,0xC0,0x60,0xC0,0x60,0xC0,0x60,0xC0,0x71,0xC0,0x3B,0x80,
    0x1F,0x00,0x00,0x00,0x00,0x00,0x00,0x00,0x00,0x00,0x00,0x00,0x00,0x00,0x00,0x00,
    0x00,0x00,0x00,0x00,0x00,0x00,0x00,0x00,0x00,0x00,0x00,0x00,0x00,0x00,0x00,0x00,
    0x00,0x00,0x1C,0x00,0x1F,0x80,0x03,0x80,0x00,0x00,0x00,0x00,0x1F,0x00,0x3B,0x80,
    0x30,0xC0,0x60,0xC0,0x60,0xC0,0x60,0xC0,0x60,0xC0,0x60,0xC0,0x71,0xC0,0x3B,0x80,
    0x1F,0x00,0x00,0x00,0x00,0x00,0x00,0x00,0x00,0x00,0x00,0x00,0x00,0x00,0x00,0x00,
    0x00,0x00,0x00,0x00,0x00,0x00,0x00,0x00,0x00,0x00,0x00,0x00,0x00,0x00,0x00,0x00,
    0x00,0x00,0x19,0x80,0x39,0xC0,0x19,0x80,0x00,0x00,0x00,0x00,0x1F,0x00,0x3B,0x80,
    0x30,0xC0,0x60,0xC0,0x60,0xC0,0x60,0xC0,0x60,0xC0,0x60,0xC0,0x71,0xC0,0x3B,0x80,
    0x1F,0x00,0x00,0x00,0x00,0x00,0x00,0x00,0x00,0x00,0x00,0x00,0x00,0x00,0x00,0x00,
    0x00,0x00,0x00,0x00,0x00,0x00,0x00,0x00,0x00,0x00,0x00,0x00,0x00,0x00,0x00,0x00,
    0x00,0x00,0x00,0x00,0x00,0x00,0x00,0x00,0x00,0x00,0x00,0x00,0x07,0x00,0x07,0x00,
    0x06,0x00,0x00,0x00,0x7F,0xE0,0x00,0x00,0x00,0x00,0x06,0x00,0x0F,0x00,0x06,0x00,
    0x00,0x00,0x00,0x00,0x00,0x00,0x00,0x00,0x00,0x00,0x00,0x00,0x00,0x00,0x00,0x00,
    0x00,0x00,0x00,0x00,0x00,0x00,0x00,0x00,0x00,0x00,0x00,0x00,0x00,0x00,0x00,0x00,
    0x00,0x00,0x00,0x00,0x00,0x00,0x00,0x00,0x00,0x00,0x00,0x00,0x1F,0x60,0x3B,0xC0,
    0x31,0xC0,0x63,0xC0,0x63,0xC0,0x66,0xC0,0x6C,0xC0,0x78,0xC0,0x71,0xC0,0x7B,0x80,
    0x7F,0x00,0x00,0x00,0x00,0x00,0x00,0x00,0x00,0x00,0x00,0x00,0x00,0x00,0x00,0x00,
    0x00,0x00,0x00,0x00,0x00,0x00,0x00,0x00,0x00,0x00,0x00,0x00,0x00,0x00,0x00,0x00,
    0x00,0x00,0x0C,0x00,0x0C,0x00,0x06,0x00,0x03,0x00,0x00,0x00,0x70,0xE0,0x38,0xE0,
    0x30,0xE0,0x31,0xC0,0x31,0xC0,0x31,0xC0,0x33,0xC0,0x33,0xC0,0x32,0xC0,0x3E,0xF0,
    0x3C,0x70,0x00,0x00,0x00,0x00,0x00,0x00,0x00,0x00,0x00,0x00,0x00,0x00,0x00,0x00,
    0x00,0x00,0x00,0x00,0x00,0x00,0x00,0x00,0x00,0x00,0x00,0x00,0x00,0x00,0x00,0x00,
    0x00,0x00,0x01,0x00,0x03,0x00,0x06,0x00,0x0C,0x00,0x00,0x00,0x70,0xE0,0x38,0xE0,
    0x30,0xE0,0x31,0xC0,0x31,0xC0,0x31,0xC0,0x33,0xC0,0x33,0xC0,0x32,0xC0,0x3E,0xF0,
    0x3C,0x70,0x00,0x00,0x00,0x00,0x00,0x00,0x00,0x00,0x00,0x00,0x00,0x00,0x00,0x00,
    0x00,0x00,0x00,0x00,0x00,0x00,0x00,0x00,0x00,0x00,0x00,0x00,0x00,0x00,0x00,0x00,
    0x00,0x00,0x06,0x00,0x0F,0x00,0x19,0x80,0x10,0x80,0x00,0x00,0x70,0xE0,0x38,0xE0,
    0x30,0xE0,0x31,0xC0,0x31,0xC0,0x31,0xC0,0x33,0xC0,0x33,0xC0,0x32,0xC0,0x3E,0xF0,
    0x3C,0x70,0x00,0x00,0x00,0x00,0x00,0x00,0x00,0x00,0x00,0x00,0x00,0x00,0x00,0x00,
    0x00,0x00,0x00,0x00,0x00,0x00,0x00,0x00,0x00,0x00,0x00,0x00,0x00,0x00,0x00,0x00,
    0x00,0x00,0x19,0x80,0x19,0xC0,0x19,0x80,0x00,0x00,0x00,0x00,0x70,0xE0,0x38,0xE0,
    0x30,0xE0,0x31,0xC0,0x31,0xC0,0x31,0xC0,0x33,0xC0,0x33,0xC0,0x32,0xC0,0x3E,0xF0,
    0x3C,0x70,0x00,0x00,0x00,0x00,0x00,0x00,0x00,0x00,0x00,0x00,0x00,0x00,0x00,0x00,
    0x00,0x00,0x00,0x00,0x00,0x00,0x00,0x00,0x00,0x00,0x00,0x00,0x00,0x00,0x00,0x00,
    0x00,0x00,0x03,0x00,0x03,0x00,0x06,0x00,0x08,0x00,0x00,0x00,0xF0,0xC0,0xF1,0xE0,
    0x30,0xE0,0x30,0xC0,0x30,0xC0,0x30,0x80,0x31,0x80,0x39,0x80,0x1B,0x00,0x1F,0x00,
    0x0E,0x00,0x06,0x00,0x04,0x00,0x4C,0x00,0xE8,0x00,0x78,0x00,0x00,0x00,0x00,0x00,
    0x00,0x00,0x00,0x00,0x00,0x00,0x00,0x00,0x00,0x00,0x00,0x00,0x00,0x00,0x00,0x00,
    0x00,0x00,0xF0,0x00,0x30,0x00,0x30,0x00,0x30,0x00,0x30,0x00,0x33,0xC0,0x36,0xE0,
    0x34,0x60,0x3C,0x60,0x38,0x60,0x38,0x60,0x38,0x60,0x30,0xE0,0x30,0xC0,0x3B,0x80,
    0x3F,0x00,0x30,0x00,0x70,0x00,0x70,0x00,0x70,0x00,0x78,0x00,0x00,0x00,0x00,0x00,
    0x00,0x00,0x00,0x00,0x00,0x00,0x00,0x00,0x00,0x00,0x00,0x00,0x00,0x00,0x00,0x00,
    0x00,0x00,0x19,0x80,0x39,0x80,0x19,0x80,0x00,0x00,0x00,0x00,0xF0,0xC0,0xF1,0xE0,
    0x30,0xE0,0x30,0xC0,0x30,0xC0,0x30,0x80,0x31,0x80,0x39,0x80,0x1B,0x00,0x1F,0x00,
    0x0E,0x00,0x06,0x00,0x04,0x00,0x4C,0x00,0xE8,0x00,0x78,0x00,0x00,0x00,0x00,0x00,
    0x00,0x00,0x00,0x00,0x00,0x00,0x00,0x00,0x00,0x00,0x00,0x00,0x00,0x00,0x00,0x00,
    0x00,0x00,0x00,0x00,0x00,0x00,0x00,0x00,0x00,0x00,0x00,0x00,0x00,0x00,0x07,0xFF,
    0xF0,0x0E,0x78,0x70,0x18,0x18,0x30,0x30,0x1C,0x10,0x30,0x0C,0x00,0x70,0x0C,0x00,
    0x60,0x0F,0xE0,0x60,0x0C,0x00,0x60,0x0C,0x00,0x70,0x0C,0x00,0x70,0x1C,0x00,0x30,
    0x18,0x10,0x38,0x38,0x30,0x1E,0x70,0x70,0x0F,0xFF,0xF0,0x00,0x00,0x00,0x00,0x00,
    0x00,0x00,0x00,0x00,0x00,0x00,0x00,0x00,0x00,0x00,0x00,0x00,0x00,0x00,0x00,0x00,
    0x00,0x00,0x00,0x00,0x00,0x00,0x00,0x00,0x00,0x00,0x00,0x00,0x00,0x00,0x00,0x00,
    0x00,0x00,0x00,0x00,0x00,0x00,0x00,0x00,0x00,0x00,0x00,0x00,0x00,0x00,0x00,0x00,
    0x00,0x00,0x00,0x00,0x00,0x00,0x00,0x00,0x00,0x00,0x1F,0x1E,0x00,0x3B,0xB3,0x00,
    0x30,0xE3,0x00,0x60,0xE3,0x00,0x60,0xC7,0x00,0x60,0xFE,0x00,0x60,0xF0,0x00,0x60,
    0xC0,0x00,0x71,0xE1,0x00,0x3B,0xF7,0x00,0x1F,0x3E,0x00,0x00,0x00,0x00,0x00,0x00,
    0x00,0x00,0x00,0x00,0x00,0x00,0x00,0x00,0x00,0x00,0x00,0x00,0x00,0x00,0x00,0x00,
    0x00,0x00,0x00,0x00,0x00,0x00,0x00,0x00,0x00,0x00,0x10,0x80,0x1D,0x80,0x0F,0x00,
    0x06,0x00,0x00,0x00,0x0F,0x80,0x39,0xC0,0x30,0xC0,0x61,0xC0,0x70,0x00,0x38,0x00,
    0x3E,0x00,0x0F,0x00,0x07,0x80,0x01,0xC0,0x00,0xC0,0x70,0xC0,0x60,0xC0,0x73,0x80,
    0x3F,0x00,0x00,0x00,0x00,0x00,0x00,0x00,0x00,0x00,0x00,0x00,0x00,0x00,0x00,0x00,
    0x00,0x00,0x00,0x00,0x00,0x00,0x00,0x00,0x00,0x00,0x00,0x00,0x00,0x00,0x00,0x00,
    0x21,0x00,0x33,0x00,0x1E,0x00,0x0C,0x00,0x08,0x00,0x00,0x00,0x1F,0x00,0x33,0x00,
    0x63,0x00,0x70,0x00,0x38,0x00,0x1E,0x00,0x07,0x00,0x03,0x00,0x63,0x00,0x77,0x00,
    0x3E,0x00,0x00,0x00,0x00,0x00,0x00,0x00,0x00,0x00,0x00,0x00,0x00,0x00,0x00,0x00,
    0x00,0x00,0x00,0x00,0x00,0x00,0x00,0x00,0x00,0x00,0x00,0x00,0x06,0x60,0x0E,0xE0,
    0x06,0x60,0x00,0x00,0xFC,0x7C,0x38,0x18,0x18,0x30,0x18,0x30,0x0C,0x60,0x0C,0x60,
    0x06,0xC0,0x07,0x80,0x03,0x80,0x03,0x00,0x03,0x00,0x03,0x00,0x03,0x00,0x03,0x00,
    0x0F,0xC0,0x00,0x00,0x00,0x00,0x00,0x00,0x00,0x00,0x00,0x00,0x00,0x00,0x00,0x00,
    0x00,0x00,0x00,0x00,0x00,0x00,0x00,0x00,0x00,0x00,0x08,0x40,0x0E,0xC0,0x07,0x80,
    0x03,0x00,0x00,0x00,0x3F,0xF0,0x38,0x70,0x30,0x60,0x20,0xE0,0x00,0xC0,0x01,0x80,
    0x03,0x80,0x03,0x00,0x06,0x00,0x0E,0x00,0x1C,0x00,0x18,0x10,0x38,0x30,0x70,0x70,
    0x7F,0xF0,0x00,0x00,0x00,0x00,0x00,0x00,0x00,0x00,0x00,0x00,0x00,0x00,0x00,0x00,
    0x00,0x00,0x00,0x00,0x00,0x00,0x00,0x00,0x00,0x00,0x00,0x00,0x00,0x00,0x00,0x00,
    0x00,0x00,0x11,0x00,0x1F,0x00,0x0E,0x00,0x04,0x00,0x00,0x00,0x7F,0xC0,0x61,0x80,
    0x63,0x00,0x43,0x00,0x06,0x00,0x0C,0x00,0x18,0x00,0x18,0x80,0x30,0x80,0x71,0x80,
    0x7F,0x80,0x00,0x00,0x00,0x00,0x00,0x00,0x00,0x00,0x00,0x00,0x00,0x00,0x00,0x00,
    0x00,0x00,0x00,0x00,0x00,0x00,0x00,0x00,0x00,0x00,0x00,0x00,0x00,0x00,0x00,0x00,
    0x00,0x00,0x00,0x00,0x00,0x00,0x00,0x00,0x00,0x00,0x00,0x00,0x00,0x00,0x00,0x00,
    0x00,0x00,0x00,0x00,0x00,0x00,0xFF,0xE0,0x00,0x00,0x00,0x00,0x00,0x00,0x00,0x00,
    0x00,0x00,0x00,0x00,0x00,0x00,0x00,0x00,0x00,0x00,0x00,0x00,0x00,0x00,0x00,0x00,
    0x00,0x00,0x00,0x00,0x00,0x00,0x00,0x00,0x00,0x00,0x00,0x00,0x00,0x00,0x00,0x00,
    0x00,0x00,0x00,0x00,0x00,0x00,0x00,0x00,0x00,0x00,0x00,0x00,0x00,0x00,0x00,0x00,
    0x00,0x00,0x00,0x00,0x00,0x00,0x00,0x00,0x00,0x00,0x00,0x00,0x00,0x00,0x00,0x00,
    0x00,0x00,0x00,0x00,0x00,0x00,0x00,0x00,0x00,0xFF,0xFF,0xF8,0x00,0x00,0x00,0x00,
    0x00,0x00,0x00,0x00,0x00,0x00,0x00,0x00,0x00,0x00,0x00,0x00,0x00,0x00,0x00,0x00,
    0x00,0x00,0x00,0x00,0x00,0x00,0x00,0x00,0x00,0x00,0x00,0x00,0x00,0x00,0x00,0x00,
    0x00,0x00,0x00,0x00,0x00,0x00,0x00,0x00,0x08,0x18,0x30,0x30,0x38,0x38,0x00,0x00,
    0x00,0x00,0x00,0x00,0x00,0x00,0x00,0x00,0x00,0x00,0x00,0x00,0x00,0x00,0x00,0x00,
    0x00,0x00,0x00,0x00,0x00,0x00,0x00,0x00,0x00,0x30,0x38,0x18,0x10,0x30,0x00,0x00,
    0x00,0x00,0x00,0x00,0x00,0x00,0x00,0x00,0x00,0x00,0x00,0x00,0x00,0x00,0x00,0x00,
    0x00,0x00,0x00,0x00,0x00,0x00,0x00,0x00,0x00,0x00,0x00,0x00,0x00,0x00,0x00,0x00,
    0x08,0x80,0x19,0x80,0x33,0x00,0x33,0x00,0x3B,0x80,0x3B,0x80,0x00,0x00,0x00,0x00,
    0x00,0x00,0x00,0x00,0x00,0x00,0x00,0x00,0x00,0x00,0x00,0x00,0x00,0x00,0x00,0x00,
    0x00,0x00,0x00,0x00,0x00,0x00,0x00,0x00,0x00,0x00,0x00,0x00,0x00,0x00,0x00,0x00,
    0x00,0x00,0x00,0x00,0x00,0x00,0x00,0x00,0x00,0x00,0x00,0x00,0x00,0x00,0x00,0x00,
    0x00,0x00,0x33,0x80,0x3B,0x80,0x19,0x80,0x11,0x00,0x33,0x00,0x00,0x00,0x00,0x00,
    0x00,0x00,0x00,0x00,0x00,0x00,0x00,0x00,0x00,0x00,0x00,0x00,0x00,0x00,0x00,0x00,
    0x00,0x00,0x00,0x00,0x00,0x00,0x00,0x00,0x00,0x00,0x00,0x00,0x00,0x00,0x00,0x00,
    0x00,0x00,0x00,0x00,0x00,0x00,0x00,0x00,0x00,0x00,0x00,0x00,0x00,0x00,0x00,0x00,
    0x00,0x3C,0x3C,0x3C,0x3C,0x00,0x00,0x00,0x00,0x00,0x00,0x00,0x00,0x00,0x00,0x00,
    0x00,0x00,0x00,0x00,0x00,0x00,0x00,0x00,0x00,0x00,0x00,0x00,0x00,0x00,0x00,0x00,
    0x00,0x00,0x00,0x00,0x00,0x00,0x00,0x00,0x00,0x00,0x00,0x00,0x00,0x00,0x00,0x00,
    0x00,0x00,0x00,0x00,0x00,0x00,0x00,0x00,0x00,0x00,0x00,0x00,0x00,0x00,0x00,0x00,
    0x00,0x00,0x00,0x00,0x00,0x00,0x00,0x00,0x00,0x00,0x00,0x00,0x00,0x00,0x00,0x00,
    0x00,0x00,0x38,0x71,0xC0,0x38,0xF1,0xE0,0x38,0x71,0xC0,0x00,0x00,0x00,0x00,0x00,
    0x00,0x00,0x00,0x00,0x00,0x00,0x00,0x00,0x00,0x00,0x00,0x00,0x00,0x00,0x00,0x00,
    0x00,0x00,0x00,0x00,0x00,0x00,0x00,0x00,0x00,0x00,0x00,0x00,0x00,0x00,0x00,0x00,
    0x00,0x00,0x00,0x00,0x00,0x00,0x00,0x00,0x00,0x00,0x00,0x00,0x00,0x00,0x78,0x06,
    0x00,0x18,0x0C,0x00,0x18,0x08,0x00,0x18,0x18,0x00,0x18,0x30,0x00,0x18,0x37,0xC0,
    0x18,0x6C,0xE0,0x10,0x6C,0x60,0x7C,0xC0,0xC0,0x7C,0x83,0xC0,0x01,0x80,0xE0,0x03,
    0x00,0x60,0x03,0x0C,0x60,0x06,0x0D,0xC0,0x04,0x0F,0x80,0x00,0x00,0x00,0x00,0x00,
    0x00,0x00,0x00,0x00,0x00,0x00,0x00,0x00,0x00,0x00,0x00,0x00,0x00,0x00,0x00,0x00,
    0x00,0x00,0x00,0x00,0x00,0x00,0x00,0x00,0x00,0x00,0x00,0x00,0x00,0x00,0x00,0x00,
    0x00,0x00,0x00,0x00,0x00,0x00,0x00,0x00,0x00,0x00,0x00,0x00,0x00,0x00,0x3E,0x03,
    0x00,0x67,0x06,0x00,0x63,0x06,0x00,0x03,0x0C,0x00,0x06,0x0C,0x00,0x0C,0x1B,0xE0,
    0x18,0x16,0x30,0x33,0x32,0x30,0x7F,0x60,0x60,0x00,0x61,0xE0,0x00,0xC0,0x30,0x00,
    0x80,0x30,0x01,0x86,0x30,0x01,0x06,0xE0,0x03,0x07,0xC0,0x00,0x00,0x00,0x00,0x00,
    0x00,0x00,0x00,0x00,0x00,0x00,0x00,0x00,0x00,0x00,0x00,0x00,0x00,0x00,0x00,0x00,
    0x00,0x00,0x00,0x00,0x00,0x00,0x00,0x00,0x00,0x00,0x00,0x00,0x00,0x00,0x00,0x00,
    0x00,0x00,0x00,0x00,0x00,0x00,0x00,0x00,0x00,0x00,0x00,0x00,0x00,0x00,0x78,0x04,
    0x00,0x18,0x0C,0x00,0x18,0x18,0x00,0x18,0x18,0x00,0x18,0x30,0x00,0x18,0x27,0xC0,
    0x18,0x6E,0xE0,0x10,0xCC,0x60,0x38,0xCC,0x40,0x7D,0x87,0x80,0x01,0x8F,0xC0,0x03,
    0x08,0x60,0x02,0x18,0x60,0x06,0x1C,0xE0,0x0C,0x0F,0xC0,0x00,0x00,0x00,0x00,0x00,
    0x00,0x00,0x00,0x00,0x00,0x00,0x00,0x00,0x00,0x00,0x00,0x00,0x00,0x00,0x00,0x00,
    0x00,0x00,0x00,0x00,0x00,0x00,0x00,0x00,0x00,0x00,0x00,0x00,0x00,0x00,0x00,0x00,
    0x00,0x00,0x00,0x00,0x00,0x00,0x00,0x00,0x00,0x00,0x00,0x00,0x00,0x00,0x3E,0x02,
    0x00,0x77,0x06,0x00,0x63,0x0C,0x00,0x06,0x0C,0x00,0x1E,0x18,0x00,0x07,0x13,0xE0,
    0x03,0x36,0x60,0x63,0x64,0x20,0x67,0x67,0x60,0x7E,0xC7,0xC0,0x00,0xC7,0xE0,0x01,
    0x8C,0x70,0x01,0x0C,0x30,0x03,0x0E,0x60,0x06,0x07,0xC0,0x00,0x00,0x00,0x00,0x00,
    0x00,0x00,0x00,0x00,0x00,0x00,0x00,0x00,0x00,0x00,0x00,0x00,0x00,0x00,0x00,0x00,
    0x00,0x00,0x00,0x00,0x00,0x00,0x00,0x00,0x00,0x00,0x00,0x00,0x00,0x00,0x00,0x00,
    0x00,0x00,0x00,0x00,0x00,0x00,0x00,0x00,0x00,0x00,0x00,0x00,0x00,0x00,0x3F,0x06,
    0x00,0x20,0x04,0x00,0x20,0x0C,0x00,0x20,0x18,0x00,0x3E,0x18,0x00,0x07,0x37,0xC0,
    0x03,0x2C,0x60,0x63,0x6C,0x60,0x66,0x4E,0x60,0x7C,0xC7,0xC0,0x01,0x87,0xE0,0x01,
    0x8C,0x60,0x03,0x18,0x60,0x02,0x0C,0xE0,0x06,0x07,0xC0,0x00,0x00,0x00,0x00,0x00,
    0x00,0x00,0x00,0x00,0x00,0x00,0x00,0x00,0x00,0x00,0x00,0x00,0x00,0x00,0x00,0x00,
    0x00,0x00,0x00,0x00,0x00,0x00,0x00,0x00,0x00,0x00,0x00,0x00,0x00,0x00,0x00,0x00,
    0x00,0x00,0x00,0x00,0x00,0x00,0x00,0x00,0x00,0x00,0x00,0x00,0x00,0x00,0x7F,0x0C,
    0x00,0x63,0x08,0x00,0x46,0x18,0x00,0x04,0x30,0x00,0x0C,0x30,0x00,0x0C,0x67,0xC0,
    0x18,0x4C,0xC0,0x18,0xC8,0x40,0x19,0x8C,0xC0,0x19,0x87,0x80,0x03,0x0F,0xC0,0x03,
    0x18,0xE0,0x06,0x18,0x60,0x04,0x1C,0xC0,0x0C,0x0F,0x80,0x00,0x00,0x00,0x00,0x00,
    0x00,0x00,0x00,0x00,0x00,0x00,0x00,0x00,0x00,0x00,0x00,0x00,0x00,0x00,0x00,0x00,
};
const FontGlyph FONT_LIT_32_ITAL_GLYPHS[187] PROGMEM = {
    {4, 0},
    {7, 32},
    {8, 64},
    {14, 96},
    {10, 160},
    {17, 224},
    {15, 320},
    {5, 384},
    {7, 416},
    {7, 448},
    {10, 480},
    {12, 544},
    {7, 608},
    {7, 640},
    {7, 672},
    {9, 704},
    {12, 768},
    {8, 832},
    {11, 864},
    {11, 928},
    {12, 992},
    {11, 1056},
    {11, 1120},
    {11, 1184},
    {11, 1248},
    {11, 1312},
    {7, 1376},
    {7, 1408},
    {12, 1440},
    {12, 1504},
    {12, 1568},
    {11, 1632},
    {18, 1696},
    {15, 1792},
    {13, 1856},
    {13, 1920},
    {15, 1984},
    {12, 2048},
    {12, 2112},
    {13, 2176},
    {16, 2240},
    {8, 2304},
    {8, 2336},
    {14, 2368},
    {12, 2432},
    {20, 2496},
    {16, 2592},
    {15, 2656},
    {12, 2720},
    {15, 2784},
    {14, 2848},
    {10, 2912},
    {13, 2976},
    {16, 3040},
    {14, 3104},
    {21, 3168},
    {14, 3264},
    {14, 3328},
    {13, 3392},
    {7, 3456},
    {9, 3488},
    {7, 3552},
    {12, 3584},
    {10, 3648},
    {10, 3712},
    {12, 3776},
    {12, 3840},
    {10, 3904},
    {12, 3968},
    {10, 4032},
    {8, 4096},
    {12, 4128},
    {12, 4192},
    {6, 4256},
    {6, 4288},
    {12, 4320},
    {6, 4384},
    {18, 4416},
    {13, 4512},
    {11, 4576},
    {12, 4640},
    {11, 4704},
    {10, 4768},
    {9, 4832},
    {8, 4896},
    {12, 4928},
    {11, 4992},
    {16, 5056},
    {11, 5120},
    {11, 5184},
    {10, 5248},
    {8, 5312},
    {9, 5344},
    {8, 5408},
    {12, 5440},
    {6, 5504},
    {8, 5536},
    {8, 5568},
    {6, 5600},
    {20, 5632},
    {19, 5728},
    {20, 5824},
    {15, 5920},
    {15, 5984},
    {15, 6048},
    {15, 6112},
    {15, 6176},
    {15, 6240},
    {19, 6304},
    {13, 6400},
    {12, 6464},
    {12, 6528},
    {12, 6592},
    {12, 6656},
    {8, 6720},
    {8, 6752},
    {8, 6784},
    {8, 6816},
    {15, 6848},
    {16, 6912},
    {15, 6976},
    {15, 7040},
    {15, 7104},
    {15, 7168},
    {15, 7232},
    {12, 7296},
    {15, 7360},
    {16, 7424},
    {16, 7488},
    {16, 7552},
    {16, 7616},
    {14, 7680},
    {13, 7744},
    {13, 7808},
    {12, 7872},
    {12, 7936},
    {12, 8000},
    {12, 8064},
    {12, 8128},
    {12, 8192},
    {16, 8256},
    {10, 8320},
    {10, 8384},
    {10, 8448},
    {10, 8512},
    {10, 8576},
    {6, 8640},
    {6, 8672},
    {6, 8704},
    {6, 8736},
    {11, 8768},
    {13, 8832},
    {11, 8896},
    {11, 8960},
    {11, 9024},
    {11, 9088},
    {11, 9152},
    {12, 9216},
    {11, 9280},
    {12, 9344},
    {12, 9408},
    {12, 9472},
    {12, 9536},
    {11, 9600},
    {12, 9664},
    {11, 9728},
    {21, 9792},
    {17, 9888},
    {10, 9984},
    {9, 10048},
    {14, 10112},
    {13, 10176},
    {10, 10240},
    {11, 10304},
    {21, 10368},
    {6, 10464},
    {6, 10496},
    {10, 10528},
    {10, 10592},
    {8, 10656},
    {20, 10688},
    {19, 10784},
    {21, 10880},
    {20, 10976},
    {20, 11072},
    {20, 11168},
    {19, 11264},
};
const UiFont FONT_LIT_32_ITAL = {32, FONT_LIT_32_ITAL_GLYPHS, FONT_LIT_32_ITAL_BITS};

const uint8_t FONT_LIT_44_REG_BITS[] PROGMEM = {
    0x00,0x00,0x00,0x00,0x00,0x00,0x00,0x00,0x00,0x00,0x00,0x00,0x00,0x00,0x00,0x00,
    0x00,0x00,0x00,0x00,0x00,0x00,0x00,0x00,0x00,0x00,0x00,0x00,0x00,0x00,0x00,0x00,
    0x00,0x00,0x00,0x00,0x00,0x00,0x00,0x00,0x00,0x00,0x00,0x00,0x00,0x00,0x00,0x00,
    0x00,0x00,0x00,0x00,0x00,0x00,0x00,0x00,0x00,0x00,0x00,0x00,0x00,0x00,0x00,0x00,
    0x00,0x00,0x00,0x00,0x00,0x00,0x00,0x00,0x00,0x00,0x1E,0x00,0x1E,0x00,0x1E,0x00,
    0x1E,0x00,0x1E,0x00,0x1E,0x00,0x1E,0x00,0x1C,0x00,0x0C,0x00,0x0C,0x00,0x0C,0x00,
    0x0C,0x00,0x0C,0x00,0x0C,0x00,0x0C,0x00,0x00,0x00,0x1E,0x00,0x1E,0x00,0x1E,0x00,
    0x1E,0x00,0x00,0x00,0x00,0x00,0x00,0x00,0x00,0x00,0x00,0x00,0x00,0x00,0x00,0x00,
    0x00,0x00,0x00,0x00,0x00,0x00,0x00,0x00,0x00,0x00,0x00,0x00,0x00,0x00,0x00,0x00,
    0x00,0x00,0x00,0x00,0x00,0x00,0x00,0x00,0x00,0x00,0x00,0x00,0x3B,0x80,0x3B,0x80,
    0x3B,0x80,0x3B,0x80,0x3B,0x80,0x31,0x00,0x11,0x00,0x00,0x00,0x00,0x00,0x00,0x00,
    0x00,0x00,0x00,0x00,0x00,0x00,0x00,0x00,0x00,0x00,0x00,0x00,0x00,0x00,0x00,0x00,
    0x00,0x00,0x00,0x00,0x00,0x00,0x00,0x00,0x00,0x00,0x00,0x00,0x00,0x00,0x00,0x00,
    0x00,0x00,0x00,0x00,0x00,0x00,0x00,0x00,0x00,0x00,0x00,0x00,0x00,0x00,0x00,0x00,
    0x00,0x00,0x00,0x00,0x00,0x00,0x00,0x00,0x00,0x00,0x00,0x00,0x00,0x00,0x00,0x00,
    0x00,0x00,0x00,0x00,0x00,0x00,0x00,0x00,0x00,0x00,0x00,0x00,0x00,0x00,0x00,0x00,
    0x00,0x00,0x00,0x00,0x00,0x00,0x00,0x00,0x00,0x00,0x00,0x00,0x00,0x00,0x00,0x00,
    0x00,0x00,0x00,0x00,0x00,0x03,0x06,0x00,0x03,0x06,0x00,0x03,0x06,0x00,0x03,0x06,
    0x00,0x3F,0xFF,0xC0,0x1F,0xFF,0xC0,0x02,0x0C,0x00,0x06,0x0C,0x00,0x06,0x0C,0x00,
    0x06,0x0C,0x00,0x3F,0xFF,0x80,0x7F,0xFF,0x80,0x06,0x08,0x00,0x0C,0x18,0x00,0x0C,
    0x18,0x00,0x0C,0x18,0x00,0x00,0x00,0x00,0x00,0x00,0x00,0x00,0x00,0x00,0x00,0x00,
    0x00,0x00,0x00,0x00,0x00,0x00,0x00,0x00,0x00,0x00,0x00,0x00,0x00,0x00,0x00,0x00,
    0x00,0x00,0x00,0x00,0x00,0x00,0x00,0x00,0x00,0x00,0x00,0x00,0x00,0x00,0x00,0x00,
    0x00,0x00,0x00,0x00,0x00,0x00,0x00,0x00,0x00,0x80,0x00,0x80,0x00,0x80,0x07,0xEC,
    0x1F,0xFC,0x1C,0x9C,0x38,0x8C,0x38,0x8E,0x38,0x86,0x3C,0x80,0x3F,0x80,0x1F,0xC0,
    0x0F,0xF0,0x03,0xFC,0x00,0xFC,0x00,0x9E,0x00,0x9E,0x60,0x8E,0x70,0x8E,0x78,0x8E,
    0x7C,0x9C,0x3F,0xF8,0x27,0xF0,0x00,0x80,0x00,0x80,0x00,0x80,0x00,0x00,0x00,0x00,
    0x00,0x00,0x00,0x00,0x00,0x00,0x00,0x00,0x00,0x00,0x00,0x00,0x00,0x00,0x00,0x00,
    0x00,0x00,0x00,0x00,0x00,0x00,0x00,0x00,0x00,0x00,0x00,0x00,0x00,0x00,0x00,0x00,
    0x00,0x00,0x00,0x00,0x00,0x00,0x00,0x00,0x00,0x00,0x00,0x00,0x00,0x00,0x00,0x00,
    0x00,0x00,0x00,0x00,0x00,0x00,0x00,0x00,0x00,0x00,0x00,0x00,0x00,0x00,0x00,0x00,
    0x00,0x00,0x00,0x00,0x00,0x00,0x00,0x00,0x00,0x00,0x00,0x00,0x0F,0x00,0xC0,0x00,
    0x3F,0x81,0x80,0x00,0x73,0xC3,0x80,0x00,0x71,0xC3,0x00,0x00,0x61,0xC7,0x00,0x00,
    0x61,0xC6,0x00,0x00,0x71,0xCC,0x00,0x00,0x73,0xDC,0x00,0x00,0x3F,0x98,0x70,0x00,
    0x1E,0x31,0xFC,0x00,0x00,0x33,0x9E,0x00,0x00,0x63,0x0E,0x00,0x00,0xE3,0x0E,0x00,
    0x00,0xC3,0x0E,0x00,0x01,0x83,0x0E,0x00,0x03,0x83,0x9E,0x00,0x03,0x01,0xFC,0x00,
    0x07,0x00,0xF8,0x00,0x00,0x00,0x00,0x00,0x00,0x00,0x00,0x00,0x00,0x00,0x00,0x00,
    0x00,0x00,0x00,0x00,0x00,0x00,0x00,0x00,0x00,0x00,0x00,0x00,0x00,0x00,0x00,0x00,
    0x00,0x00,0x00,0x00,0x00,0x00,0x00,0x00,0x00,0x00,0x00,0x00,0x00,0x00,0x00,0x00,
    0x00,0x00,0x00,0x00,0x00,0x00,0x00,0x00,0x00,0x00,0x00,0x00,0x00,0x00,0x00,0x00,
    0x00,0x00,0x00,0x00,0x00,0x00,0x00,0x00,0x00,0x00,0x00,0x00,0x00,0x00,0x00,0x00,
    0x00,0x00,0x00,0x00,0x00,0x03,0xF0,0x00,0x07,0xF8,0x00,0x0F,0x1C,0x00,0x0E,0x0C,
    0x00,0x0E,0x0C,0x00,0x0E,0x08,0x3C,0x07,0x18,0x7E,0x03,0x80,0xFE,0x03,0xE0,0xCC,
    0x0F,0xF1,0x80,0x1C,0xF9,0x80,0x3C,0x79,0x80,0x38,0x3F,0x00,0x38,0x1F,0x00,0x38,
    0x0F,0x00,0x38,0x07,0x80,0x3C,0x07,0xC0,0x1E,0x0F,0xE6,0x0F,0xFC,0xFC,0x07,0xF8,
    0x78,0x00,0x00,0x00,0x00,0x00,0x00,0x00,0x00,0x00,0x00,0x00,0x00,0x00,0x00,0x00,
    0x00,0x00,0x00,0x00,0x00,0x00,0x00,0x00,0x00,0x00,0x00,0x00,0x00,0x00,0x00,0x00,
    0x00,0x00,0x00,0x00,0x00,0x00,0x00,0x00,0x38,0x38,0x38,0x38,0x38,0x30,0x10,0x00,
    0x00,0x00,0x00,0x00,0x00,0x00,0x00,0x00,0x00,0x00,0x00,0x00,0x00,0x00,0x00,0x00,
    0x00,0x00,0x00,0x00,0x00,0x00,0x00,0x00,0x00,0x00,0x00,0x00,0x00,0x00,0x00,0x00,
    0x00,0x00,0x00,0x00,0x00,0x00,0x00,0x00,0x00,0x00,0x00,0x00,0x00,0x00,0x00,0x00,
    0x01,0x80,0x03,0x00,0x07,0x00,0x06,0x00,0x0E,0x00,0x0E,0x00,0x1C,0x00,0x1C,0x00,
    0x1C,0x00,0x3C,0x00,0x38,0x00,0x38,0x00,0x38,0x00,0x38,0x00,0x38,0x00,0x38,0x00,
    0x38,0x00,0x38,0x00,0x3C,0x00,0x3C,0x00,0x1C,0x00,0x1C,0x00,0x1E,0x00,0x0E,0x00,
    0x0E,0x00,0x07,0x00,0x03,0x00,0x03,0x80,0x01,0x80,0x00,0x00,0x00,0x00,0x00,0x00,
    0x00,0x00,0x00,0x00,0x00,0x00,0x00,0x00,0x00,0x00,0x00,0x00,0x00,0x00,0x00,0x00,
    0x00,0x00,0x00,0x00,0x00,0x00,0x00,0x00,0x60,0x00,0x30,0x00,0x38,0x00,0x18,0x00,
    0x1C,0x00,0x1C,0x00,0x0E,0x00,0x0E,0x00,0x0E,0x00,0x0F,0x00,0x07,0x00,0x07,0x00,
    0x07,0x00,0x07,0x00,0x07,0x00,0x07,0x00,0x07,0x00,0x07,0x00,0x0F,0x00,0x0E,0x00,
    0x0E,0x00,0x0E,0x00,0x1C,0x00,0x1C,0x00,0x18,0x00,0x38,0x00,0x30,0x00,0x60,0x00,
    0x60,0x00,0x00,0x00,0x00,0x00,0x00,0x00,0x00,0x00,0x00,0x00,0x00,0x00,0x00,0x00,
    0x00,0x00,0x00,0x00,0x00,0x00,0x00,0x00,0x00,0x00,0x00,0x00,0x00,0x00,0x00,0x00,
    0x03,0x00,0x07,0x00,0x37,0x60,0x3A,0xF0,0x1F,0xE0,0x07,0x00,0x3F,0xC0,0x7A,0xE0,
    0x36,0x60,0x07,0x00,0x06,0x00,0x00,0x00,0x00,0x00,0x00,0x00,0x00,0x00,0x00,0x00,
    0x00,0x00,0x00,0x00,0x00,0x00,0x00,0x00,0x00,0x00,0x00,0x00,0x00,0x00,0x00,0x00,
    0x00,0x00,0x00,0x00,0x00,0x00,0x00,0x00,0x00,0x00,0x00,0x00,0x00,0x00,0x00,0x00,
    0x00,0x00,0x00,0x00,0x00,0x00,0x00,0x00,0x00,0x00,0x00,0x00,0x00,0x00,0x00,0x00,
    0x00,0x00,0x00,0x00,0x00,0x00,0x00,0x00,0x00,0x00,0x00,0x00,0x00,0x00,0x00,0x00,
    0x00,0x00,0x00,0x00,0x00,0x00,0x00,0x00,0x00,0x00,0x00,0x00,0x00,0x00,0x00,0x00,
    0x00,0x00,0x00,0x00,0x00,0x00,0x00,0x00,0x00,0x00,0x00,0x00,0x01,0x80,0x00,0x01,
    0x80,0x00,0x01,0x80,0x00,0x01,0x80,0x00,0x01,0x80,0x00,0x3F,0xFC,0x00,0x3F,0xFC,
    0x00,0x01,0x80,0x00,0x01,0x80,0x00,0x01,0x80,0x00,0x01,0x80,0x00,0x01,0x80,0x00,
    0x01,0x80,0x00,0x00,0x00,0x00,0x00,0x00,0x00,0x00,0x00,0x00,0x00,0x00,0x00,0x00,
    0x00,0x00,0x00,0x00,0x00,0x00,0x00,0x00,0x00,0x00,0x00,0x00,0x00,0x00,0x00,0x00,
    0x00,0x00,0x00,0x00,0x00,0x00,0x00,0x00,0x00,0x00,0x00,0x00,0x00,0x00,0x00,0x00,
    0x00,0x00,0x00,0x00,0x00,0x00,0x00,0x00,0x00,0x00,0x00,0x00,0x00,0x00,0x00,0x00,
    0x00,0x00,0x00,0x00,0x00,0x00,0x00,0x00,0x00,0x00,0x00,0x00,0x00,0x00,0x00,0x00,
    0x00,0x00,0x00,0x00,0x00,0x00,0x00,0x00,0x00,0x00,0x00,0x00,0x00,0x00,0x00,0x00,
    0x00,0x00,0x0E,0x00,0x1F,0x00,0x1F,0x00,0x1F,0x00,0x07,0x00,0x06,0x00,0x0E,0x00,
    0x1C,0x00,0x18,0x00,0x00,0x00,0x00,0x00,0x00,0x00,0x00,0x00,0x00,0x00,0x00,0x00,
    0x00,0x00,0x00,0x00,0x00,0x00,0x00,0x00,0x00,0x00,0x00,0x00,0x00,0x00,0x00,0x00,
    0x00,0x00,0x00,0x00,0x00,0x00,0x00,0x00,0x00,0x00,0x00,0x00,0x00,0x00,0x00,0x00,
    0x00,0x00,0x00,0x00,0x00,0x00,0x00,0x00,0x00,0x00,0x00,0x00,0x00,0x00,0x00,0x00,
    0x7F,0x80,0x7F,0x80,0x00,0x00,0x00,0x00,0x00,0x00,0x00,0x00,0x00,0x00,0x00,0x00,
    0x00,0x00,0x00,0x00,0x00,0x00,0x00,0x00,0x00,0x00,0x00,0x00,0x00,0x00,0x00,0x00,
    0x00,0x00,0x00,0x00,0x00,0x00,0x00,0x00,0x00,0x00,0x00,0x00,0x00,0x00,0x00,0x00,
    0x00,0x00,0x00,0x00,0x00,0x00,0x00,0x00,0x00,0x00,0x00,0x00,0x00,0x00,0x00,0x00,
    0x00,0x00,0x00,0x00,0x00,0x00,0x00,0x00,0x00,0x00,0x00,0x00,0x00,0x00,0x00,0x00,
    0x00,0x00,0x00,0x00,0x00,0x00,0x00,0x00,0x00,0x00,0x00,0x00,0x00,0x00,0x00,0x00,
    0x00,0x00,0x1E,0x00,0x1E,0x00,0x1E,0x00,0x1E,0x00,0x00,0x00,0x00,0x00,0x00,0x00,
    0x00,0x00,0x00,0x00,0x00,0x00,0x00,0x00,0x00,0x00,0x00,0x00,0x00,0x00,0x00,0x00,
    0x00,0x00,0x00,0x00,0x00,0x00,0x00,0x00,0x00,0x00,0x00,0x00,0x00,0x00,0x00,0x00,
    0x00,0x00,0x00,0x30,0x00,0x70,0x00,0x60,0x00,0x60,0x00,0xE0,0x00,0xC0,0x00,0xC0,
    0x01,0xC0,0x01,0x80,0x01,0x80,0x03,0x00,0x03,0x00,0x03,0x00,0x06,0x00,0x06,0x00,
    0x0E,0x00,0x0C,0x00,0x0C,0x00,0x1C,0x00,0x18,0x00,0x18,0x00,0x38,0x00,0x30,0x00,
    0x30,0x00,0x60,0x00,0x60,0x00,0x60,0x00,0x00,0x00,0x00,0x00,0x00,0x00,0x00,0x00,
    0x00,0x00,0x00,0x00,0x00,0x00,0x00,0x00,0x00,0x00,0x00,0x00,0x00,0x00,0x00,0x00,
    0x00,0x00,0x00,0x00,0x00,0x00,0x00,0x00,0x00,0x00,0x00,0x00,0x00,0x00,0x00,0x00,
    0x00,0x00,0x00,0x00,0x00,0x00,0x00,0x00,0x00,0x00,0x00,0x00,0x00,0x00,0x00,0x00,
    0x00,0x03,0xF0,0x00,0x0F,0xF8,0x00,0x1C,0x3C,0x00,0x38,0x1E,0x00,0x38,0x0E,0x00,
    0x78,0x0F,0x00,0x70,0x07,0x00,0x70,0x07,0x00,0x70,0x07,0x00,0x70,0x07,0x00,0x70,
    0x07,0x00,0x70,0x07,0x00,0x70,0x07,0x00,0x70,0x07,0x00,0x78,0x0E,0x00,0x38,0x0E,
    0x00,0x3C,0x0C,0x00,0x1E,0x1C,0x00,0x0F,0xF8,0x00,0x07,0xE0,0x00,0x00,0x00,0x00,
    0x00,0x00,0x00,0x00,0x00,0x00,0x00,0x00,0x00,0x00,0x00,0x00,0x00,0x00,0x00,0x00,
    0x00,0x00,0x00,0x00,0x00,0x00,0x00,0x00,0x00,0x00,0x00,0x00,0x00,0x00,0x00,0x00,
    0x00,0x00,0x00,0x00,0x00,0x00,0x00,0x00,0x00,0x00,0x00,0x00,0x00,0x00,0x00,0x00,
    0x00,0x00,0x00,0x00,0x03,0x00,0x7F,0x00,0x7F,0x00,0x0F,0x00,0x07,0x00,0x07,0x00,
    0x07,0x00,0x07,0x00,0x07,0x00,0x07,0x00,0x07,0x00,0x07,0x00,0x07,0x00,0x07,0x00,
    0x07,0x00,0x07,0x00,0x07,0x00,0x07,0x00,0x07,0x00,0x7F,0xE0,0x7F,0xE0,0x00,0x00,
    0x00,0x00,0x00,0x00,0x00,0x00,0x00,0x00,0x00,0x00,0x00,0x00,0x00,0x00,0x00,0x00,
    0x00,0x00,0x00,0x00,0x00,0x00,0x00,0x00,0x00,0x00,0x00,0x00,0x00,0x00,0x00,0x00,
    0x00,0x00,0x00,0x00,0x00,0x00,0x00,0x00,0x00,0x00,0x00,0x00,0x00,0x00,0x0F,0xC0,
    0x3F,0xF0,0x78,0x70,0x78,0x38,0x78,0x38,0x38,0x38,0x00,0x38,0x00,0x38,0x00,0x70,
    0x00,0xF0,0x00,0xE0,0x01,0xC0,0x03,0xC0,0x07,0x80,0x0F,0x08,0x1E,0x1C,0x1C,0x18,
    0x3F,0xF8,0x7F,0xF8,0x7F,0xF8,0x00,0x00,0x00,0x00,0x00,0x00,0x00,0x00,0x00,0x00,
    0x00,0x00,0x00,0x00,0x00,0x00,0x00,0x00,0x00,0x00,0x00,0x00,0x00,0x00,0x00,0x00,
    0x00,0x00,0x00,0x00,0x00,0x00,0x00,0x00,0x00,0x00,0x00,0x00,0x00,0x00,0x00,0x00,
    0x00,0x00,0x00,0x00,0x00,0x00,0x0F,0xC0,0x3F,0xF0,0x78,0x78,0x78,0x38,0x78,0x38,
    0x78,0x38,0x00,0x78,0x00,0x70,0x00,0xE0,0x03,0xC0,0x03,0xF0,0x00,0x78,0x00,0x3C,
    0x00,0x1C,0x00,0x1C,0x00,0x1C,0xE0,0x3C,0x70,0x78,0x3F,0xF0,0x1F,0xC0,0x00,0x00,
    0x00,0x00,0x00,0x00,0x00,0x00,0x00,0x00,0x00,0x00,0x00,0x00,0x00,0x00,0x00,0x00,
    0x00,0x00,0x00,0x00,0x00,0x00,0x00,0x00,0x00,0x00,0x00,0x00,0x00,0x00,0x00,0x00,
    0x00,0x00,0x00,0x00,0x00,0x00,0x00,0x00,0x00,0x00,0x00,0x00,0x00,0x00,0x00,0x78,
    0x00,0x78,0x00,0xF8,0x01,0xF8,0x01,0xB8,0x03,0xB8,0x07,0x38,0x06,0x38,0x0C,0x38,
    0x1C,0x38,0x38,0x38,0x30,0x38,0x70,0x38,0xFF,0xFF,0xFF,0xFF,0x00,0x38,0x00,0x38,
    0x00,0x38,0x03,0xFE,0x03,0xFE,0x00,0x00,0x00,0x00,0x00,0x00,0x00,0x00,0x00,0x00,
    0x00,0x00,0x00,0x00,0x00,0x00,0x00,0x00,0x00,0x00,0x00,0x00,0x00,0x00,0x00,0x00,
    0x00,0x00,0x00,0x00,0x00,0x00,0x00,0x00,0x00,0x00,0x00,0x00,0x00,0x00,0x00,0x00,
    0x00,0x00,0x00,0x00,0x00,0x00,0x1F,0xF8,0x1F,0xF8,0x1F,0xF8,0x18,0x00,0x18,0x00,
    0x38,0x00,0x38,0x00,0x3F,0xE0,0x3F,0xF0,0x10,0x78,0x00,0x3C,0x00,0x1C,0x00,0x1C,
    0x00,0x1C,0x00,0x1C,0x00,0x3C,0x60,0x38,0x70,0x78,0x3F,0xF0,0x0F,0xC0,0x00,0x00,
    0x00,0x00,0x00,0x00,0x00,0x00,0x00,0x00,0x00,0x00,0x00,0x00,0x00,0x00,0x00,0x00,
    0x00,0x00,0x00,0x00,0x00,0x00,0x00,0x00,0x00,0x00,0x00,0x00,0x00,0x00,0x00,0x00,
    0x00,0x00,0x00,0x00,0x00,0x00,0x00,0x00,0x00,0x00,0x00,0x00,0x00,0x00,0x03,0xF8,
    0x07,0xFC,0x0E,0x0E,0x1C,0x1E,0x38,0x0C,0x38,0x00,0x38,0x00,0x73,0xF0,0x7F,0xF8,
    0x7C,0x3C,0x78,0x1E,0x70,0x0E,0x70,0x0E,0x70,0x0E,0x70,0x0E,0x70,0x0E,0x38,0x1C,
    0x3C,0x3C,0x1F,0xF8,0x07,0xE0,0x00,0x00,0x00,0x00,0x00,0x00,0x00,0x00,0x00,0x00,
    0x00,0x00,0x00,0x00,0x00,0x00,0x00,0x00,0x00,0x00,0x00,0x00,0x00,0x00,0x00,0x00,
    0x00,0x00,0x00,0x00,0x00,0x00,0x00,0x00,0x00,0x00,0x00,0x00,0x00,0x00,0x00,0x00,
    0x00,0x00,0x00,0x00,0x00,0x00,0x7F,0xFC,0x7F,0xFC,0x7F,0xFC,0x70,0x18,0x60,0x38,
    0x60,0x30,0x00,0x60,0x00,0xE0,0x00,0xC0,0x01,0xC0,0x01,0xC0,0x01,0x80,0x03,0x80,
    0x03,0x80,0x03,0x80,0x07,0x00,0x07,0x00,0x07,0x00,0x07,0x00,0x07,0x00,0x07,0x00,
    0x00,0x00,0x00,0x00,0x00,0x00,0x00,0x00,0x00,0x00,0x00,0x00,0x00,0x00,0x00,0x00,
    0x00,0x00,0x00,0x00,0x00,0x00,0x00,0x00,0x00,0x00,0x00,0x00,0x00,0x00,0x00,0x00,
    0x00,0x00,0x00,0x00,0x00,0x00,0x00,0x00,0x00,0x00,0x00,0x00,0x00,0x00,0x07,0xF0,
    0x1F,0xF8,0x1C,0x3C,0x38,0x1C,0x38,0x1C,0x38,0x1C,0x3C,0x1C,0x1E,0x38,0x0F,0xF0,
    0x07,0xF0,0x1F,0xF8,0x3C,0x3C,0x78,0x1E,0x70,0x0E,0x70,0x0E,0x70,0x0E,0x78,0x0E,
    0x3C,0x1C,0x3F,0xF8,0x0F,0xE0,0x00,0x00,0x00,0x00,0x00,0x00,0x00,0x00,0x00,0x00,
    0x00,0x00,0x00,0x00,0x00,0x00,0x00,0x00,0x00,0x00,0x00,0x00,0x00,0x00,0x00,0x00,
    0x00,0x00,0x00,0x00,0x00,0x00,0x00,0x00,0x00,0x00,0x00,0x00,0x00,0x00,0x00,0x00,
    0x00,0x00,0x00,0x00,0x00,0x00,0x07,0xE0,0x1F,0xF8,0x3C,0x3C,0x78,0x1C,0x70,0x0E,
    0x70,0x0E,0x70,0x0E,0x70,0x0E,0x78,0x1E,0x38,0x3E,0x3F,0xFE,0x0F,0xCE,0x00,0x0E,
    0x00,0x1E,0x00,0x1C,0x00,0x1C,0x20,0x3C,0x70,0x78,0x3F,0xF0,0x1F,0xC0,0x00,0x00,
    0x00,0x00,0x00,0x00,0x00,0x00,0x00,0x00,0x00,0x00,0x00,0x00,0x00,0x00,0x00,0x00,
    0x00,0x00,0x00,0x00,0x00,0x00,0x00,0x00,0x00,0x00,0x00,0x00,0x00,0x00,0x00,0x00,
    0x00,0x00,0x00,0x00,0x00,0x00,0x00,0x00,0x00,0x00,0x00,0x00,0x00,0x00,0x00,0x00,
    0x00,0x00,0x00,0x00,0x00,0x00,0x00,0x00,0x1E,0x00,0x1E,0x00,0x1E,0x00,0x1E,0x00,
    0x00,0x00,0x00,0x00,0x00,0x00,0x00,0x00,0x00,0x00,0x00,0x00,0x00,0x00,0x1E,0x00,
    0x1E,0x00,0x1E,0x00,0x1E,0x00,0x00,0x00,0x00,0x00,0x00,0x00,0x00,0x00,0x00,0x00,
    0x00,0x00,0x00,0x00,0x00,0x00,0x00,0x00,0x00,0x00,0x00,0x00,0x00,0x00,0x00,0x00,
    0x00,0x00,0x00,0x00,0x00,0x00,0x00,0x00,0x00,0x00,0x00,0x00,0x00,0x00,0x00,0x00,
    0x00,0x00,0x00,0x00,0x00,0x00,0x00,0x00,0x00,0x00,0x00,0x00,0x00,0x00,0x00,0x00,
    0x1E,0x00,0x1E,0x00,0x1E,0x00,0x1E,0x00,0x00,0x00,0x00,0x00,0x00,0x00,0x00,0x00,
    0x00,0x00,0x00,0x00,0x00,0x00,0x0E,0x00,0x1F,0x00,0x1F,0x00,0x1F,0x00,0x07,0x00,
    0x06,0x00,0x0E,0x00,0x1C,0x00,0x18,0x00,0x00,0x00,0x00,0x00,0x00,0x00,0x00,0x00,
    0x00,0x00,0x00,0x00,0x00,0x00,0x00,0x00,0x00,0x00,0x00,0x00,0x00,0x00,0x00,0x00,
    0x00,0x00,0x00,0x00,0x00,0x00,0x00,0x00,0x00,0x00,0x00,0x00,0x00,0x00,0x00,0x00,
    0x00,0x00,0x00,0x00,0x00,0x00,0x00,0x00,0x00,0x00,0x00,0x00,0x00,0x00,0x00,0x00,
    0x00,0x00,0x00,0x00,0x00,0x00,0x00,0x00,0x00,0x00,0x00,0x00,0x00,0x1C,0x00,0x00,
    0x3C,0x00,0x00,0xF0,0x00,0x03,0xC0,0x00,0x07,0x00,0x00,0x1E,0x00,0x00,0x38,0x00,
    0x00,0x3C,0x00,0x00,0x1E,0x00,0x00,0x07,0x80,0x00,0x01,0xE0,0x00,0x00,0x78,0x00,
    0x00,0x3C,0x00,0x00,0x08,0x00,0x00,0x00,0x00,0x00,0x00,0x00,0x00,0x00,0x00,0x00,
    0x00,0x00,0x00,0x00,0x00,0x00,0x00,0x00,0x00,0x00,0x00,0x00,0x00,0x00,0x00,0x00,
    0x00,0x00,0x00,0x00,0x00,0x00,0x00,0x00,0x00,0x00,0x00,0x00,0x00,0x00,0x00,0x00,
    0x00,0x00,0x00,0x00,0x00,0x00,0x00,0x00,0x00,0x00,0x00,0x00,0x00,0x00,0x00,0x00,
    0x00,0x00,0x00,0x00,0x00,0x00,0x00,0x00,0x00,0x00,0x00,0x00,0x00,0x00,0x00,0x00,
    0x00,0x00,0x00,0x00,0x00,0x00,0x00,0x00,0x00,0x00,0x00,0x00,0x00,0x00,0x00,0x00,
    0x00,0x00,0x00,0x00,0x00,0x00,0x00,0x00,0x00,0x3F,0xFC,0x00,0x3F,0xFC,0x00,0x00,
    0x00,0x00,0x00,0x00,0x00,0x00,0x00,0x00,0x3F,0xFC,0x00,0x3F,0xFC,0x00,0x00,0x00,
    0x00,0x00,0x00,0x00,0x00,0x00,0x00,0x00,0x00,0x00,0x00,0x00,0x00,0x00,0x00,0x00,
    0x00,0x00,0x00,0x00,0x00,0x00,0x00,0x00,0x00,0x00,0x00,0x00,0x00,0x00,0x00,0x00,
    0x00,0x00,0x00,0x00,0x00,0x00,0x00,0x00,0x00,0x00,0x00,0x00,0x00,0x00,0x00,0x00,
    0x00,0x00,0x00,0x00,0x00,0x00,0x00,0x00,0x00,0x00,0x00,0x00,0x00,0x00,0x00,0x00,
    0x00,0x00,0x00,0x00,0x00,0x00,0x00,0x00,0x00,0x00,0x00,0x00,0x00,0x00,0x00,0x00,
    0x00,0x00,0x00,0x00,0x00,0x00,0x00,0x00,0x00,0x00,0x00,0x00,0x00,0x00,0x00,0x00,
    0x00,0x00,0x00,0x00,0x1C,0x00,0x00,0x1E,0x00,0x00,0x07,0x80,0x00,0x01,0xE0,0x00,
    0x00,0x70,0x00,0x00,0x3C,0x00,0x00,0x0E,0x00,0x00,0x1E,0x00,0x00,0x3C,0x00,0x00,
    0xF0,0x00,0x03,0xC0,0x00,0x0F,0x00,0x00,0x1E,0x00,0x00,0x08,0x00,0x00,0x00,0x00,
    0x00,0x00,0x00,0x00,0x00,0x00,0x00,0x00,0x00,0x00,0x00,0x00,0x00,0x00,0x00,0x00,
    0x00,0x00,0x00,0x00,0x00,0x00,0x00,0x00,0x00,0x00,0x00,0x00,0x00,0x00,0x00,0x00,
    0x00,0x00,0x00,0x00,0x00,0x00,0x00,0x00,0x00,0x00,0x00,0x00,0x00,0x00,0x00,0x00,
    0x00,0x00,0x00,0x00,0x00,0x00,0x00,0x00,0x00,0x00,0x07,0xE0,0x1F,0xF0,0x38,0x78,
    0x38,0x38,0x38,0x38,0x30,0x38,0x00,0x78,0x00,0xF0,0x01,0xE0,0x03,0xC0,0x03,0x80,
    0x03,0x80,0x03,0x00,0x03,0x00,0x00,0x00,0x00,0x00,0x07,0x80,0x07,0x80,0x07,0x80,
    0x07,0x80,0x00,0x00,0x00,0x00,0x00,0x00,0x00,0x00,0x00,0x00,0x00,0x00,0x00,0x00,
    0x00,0x00,0x00,0x00,0x00,0x00,0x00,0x00,0x00,0x00,0x00,0x00,0x00,0x00,0x00,0x00,
    0x00,0x00,0x00,0x00,0x00,0x00,0x00,0x00,0x00,0x00,0x00,0x00,0x00,0x00,0x00,0x00,
    0x00,0x00,0x00,0x00,0x00,0x00,0x00,0x00,0x00,0x00,0x00,0x00,0x00,0x00,0x00,0x00,
    0x00,0x00,0x00,0x00,0x00,0x00,0x00,0x00,0x00,0x00,0x00,0x00,0x00,0x00,0x00,0x00,
    0x00,0x00,0x00,0x00,0x00,0x00,0x00,0x00,0x00,0x00,0x00,0x00,0x00,0x3F,0x80,0x00,
    0x01,0xFF,0xF0,0x00,0x03,0xE0,0xF8,0x00,0x07,0x00,0x1C,0x00,0x0E,0x00,0x0E,0x00,
    0x1C,0x3F,0xC6,0x00,0x18,0x7F,0xC7,0x00,0x38,0xF0,0xC3,0x00,0x30,0xE1,0xC3,0x00,
    0x31,0xE1,0xC3,0x00,0x31,0xC1,0xC3,0x00,0x31,0xC3,0xC3,0x00,0x31,0xC3,0xC7,0x00,
    0x31,0xC2,0xC6,0x00,0x31,0xE6,0xCE,0x00,0x38,0xFC,0xFC,0x00,0x18,0x78,0xF8,0x00,
    0x1C,0x00,0x00,0x00,0x0E,0x00,0x20,0x00,0x07,0x80,0xF0,0x00,0x03,0xFF,0xE0,0x00,
    0x00,0xFF,0x80,0x00,0x00,0x00,0x00,0x00,0x00,0x00,0x00,0x00,0x00,0x00,0x00,0x00,
    0x00,0x00,0x00,0x00,0x00,0x00,0x00,0x00,0x00,0x00,0x00,0x00,0x00,0x00,0x00,0x00,
    0x00,0x00,0x00,0x00,0x00,0x00,0x00,0x00,0x00,0x00,0x00,0x00,0x00,0x00,0x00,0x00,
    0x00,0x00,0x00,0x00,0x00,0x00,0x00,0x00,0x00,0x00,0x00,0x00,0x00,0x00,0x00,0x00,
    0x00,0x00,0x3C,0x00,0x00,0x7C,0x00,0x00,0x7C,0x00,0x00,0xFE,0x00,0x00,0xCE,0x00,
    0x00,0xCE,0x00,0x01,0xCF,0x00,0x01,0x87,0x00,0x01,0x87,0x00,0x03,0x87,0x80,0x03,
    0x03,0x80,0x03,0x03,0xC0,0x07,0xFF,0xC0,0x07,0xFF,0xC0,0x0E,0x01,0xE0,0x0C,0x01,
    0xE0,0x0C,0x00,0xE0,0x1C,0x00,0xF0,0x7F,0x03,0xF8,0x7F,0x03,0xF8,0x00,0x00,0x00,
    0x00,0x00,0x00,0x00,0x00,0x00,0x00,0x00,0x00,0x00,0x00,0x00,0x00,0x00,0x00,0x00,
    0x00,0x00,0x00,0x00,0x00,0x00,0x00,0x00,0x00,0x00,0x00,0x00,0x00,0x00,0x00,0x00,
    0x00,0x00,0x00,0x00,0x00,0x00,0x00,0x00,0x00,0x00,0x00,0x00,0x00,0x00,0x00,0x00,
    0x00,0x00,0x00,0x00,0x00,0x00,0x00,0x00,0x00,0x00,0x00,0x00,0x00,0x00,0x00,0x00,
    0x00,0x00,0x00,0x00,0x00,0x7F,0xF8,0x00,0x3F,0xFE,0x00,0x0E,0x0F,0x00,0x0E,0x07,
    0x00,0x0E,0x07,0x00,0x0E,0x07,0x00,0x0E,0x07,0x00,0x0E,0x0E,0x00,0x0E,0x1C,0x00,
    0x0F,0xF8,0x00,0x0F,0xFE,0x00,0x0E,0x0F,0x00,0x0E,0x07,0x80,0x0E,0x03,0x80,0x0E,
    0x03,0x80,0x0E,0x03,0x80,0x0E,0x07,0x80,0x0E,0x0F,0x00,0x3F,0xFE,0x00,0x7F,0xF8,
    0x00,0x00,0x00,0x00,0x00,0x00,0x00,0x00,0x00,0x00,0x00,0x00,0x00,0x00,0x00,0x00,
    0x00,0x00,0x00,0x00,0x00,0x00,0x00,0x00,0x00,0x00,0x00,0x00,0x00,0x00,0x00,0x00,
    0x00,0x00,0x00,0x00,0x00,0x00,0x00,0x00,0x00,0x00,0x00,0x00,0x00,0x00,0x00,0x00,
    0x00,0x00,0x00,0x00,0x00,0x00,0x00,0x00,0x00,0x00,0x00,0x00,0x00,0x00,0x00,0x00,
    0x00,0x00,0x00,0x00,0x00,0x00,0x00,0x00,0x00,0x03,0xF9,0x80,0x07,0xFF,0x80,0x0E,
    0x07,0x80,0x1C,0x03,0x80,0x38,0x01,0xC0,0x38,0x00,0xC0,0x78,0x00,0xC0,0x70,0x00,
    0x00,0x70,0x00,0x00,0x70,0x00,0x00,0x70,0x00,0x00,0x70,0x00,0x00,0x70,0x00,0x00,
    0x78,0x00,0x00,0x38,0x00,0x00,0x3C,0x00,0x80,0x1E,0x01,0xC0,0x0F,0x03,0x80,0x07,
    0xFF,0x00,0x01,0xFC,0x00,0x00,0x00,0x00,0x00,0x00,0x00,0x00,0x00,0x00,0x00,0x00,
    0x00,0x00,0x00,0x00,0x00,0x00,0x00,0x00,0x00,0x00,0x00,0x00,0x00,0x00,0x00,0x00,
    0x00,0x00,0x00,0x00,0x00,0x00,0x00,0x00,0x00,0x00,0x00,0x00,0x00,0x00,0x00,0x00,
    0x00,0x00,0x00,0x00,0x00,0x00,0x00,0x00,0x00,0x00,0x00,0x00,0x00,0x00,0x00,0x00,
    0x00,0x00,0x00,0x00,0x00,0x00,0x00,0x00,0x00,0x00,0x00,0x00,0x00,0x7F,0xFC,0x00,
    0x3F,0xFF,0x00,0x0E,0x07,0xC0,0x0E,0x01,0xC0,0x0E,0x00,0xE0,0x0E,0x00,0xF0,0x0E,
    0x00,0xF0,0x0E,0x00,0x70,0x0E,0x00,0x70,0x0E,0x00,0x70,0x0E,0x00,0x70,0x0E,0x00,
    0x70,0x0E,0x00,0x70,0x0E,0x00,0xF0,0x0E,0x00,0xE0,0x0E,0x01,0xE0,0x0E,0x01,0xC0,
    0x0E,0x07,0x80,0x3F,0xFF,0x00,0x7F,0xF8,0x00,0x00,0x00,0x00,0x00,0x00,0x00,0x00,
    0x00,0x00,0x00,0x00,0x00,0x00,0x00,0x00,0x00,0x00,0x00,0x00,0x00,0x00,0x00,0x00,
    0x00,0x00,0x00,0x00,0x00,0x00,0x00,0x00,0x00,0x00,0x00,0x00,0x00,0x00,0x00,0x00,
    0x00,0x00,0x00,0x00,0x00,0x00,0x00,0x00,0x00,0x00,0x00,0x00,0x00,0x00,0x00,0x00,
    0x00,0x00,0x00,0x00,0x00,0x00,0x00,0x00,0x00,0x00,0x00,0x00,0x00,0x00,0x00,0x00,
    0x00,0x7F,0xFE,0x00,0x3F,0xFE,0x00,0x0E,0x07,0x00,0x0E,0x07,0x00,0x0E,0x03,0x00,
    0x0E,0x00,0x00,0x0E,0x00,0x00,0x0E,0x0C,0x00,0x0E,0x1C,0x00,0x0F,0xFC,0x00,0x0F,
    0xFC,0x00,0x0E,0x0C,0x00,0x0E,0x0C,0x00,0x0E,0x00,0x00,0x0E,0x00,0x00,0x0E,0x01,
    0x80,0x0E,0x03,0x80,0x0E,0x03,0x00,0x3F,0xFF,0x00,0x7F,0xFF,0x00,0x00,0x00,0x00,
    0x00,0x00,0x00,0x00,0x00,0x00,0x00,0x00,0x00,0x00,0x00,0x00,0x00,0x00,0x00,0x00,
    0x00,0x00,0x00,0x00,0x00,0x00,0x00,0x00,0x00,0x00,0x00,0x00,0x00,0x00,0x00,0x00,
    0x00,0x00,0x00,0x00,0x00,0x00,0x00,0x00,0x00,0x00,0x00,0x00,0x00,0x00,0x00,0x00,
    0x00,0x00,0x00,0x00,0x00,0x00,0x00,0x00,0x00,0x00,0x00,0x00,0x00,0x00,0x00,0x00,
    0x00,0x00,0x00,0x00,0x00,0x3F,0xFF,0x00,0x3F,0xFF,0x00,0x07,0x07,0x00,0x07,0x03,
    0x80,0x07,0x01,0x80,0x07,0x01,0x00,0x07,0x00,0x00,0x07,0x0C,0x00,0x07,0x0C,0x00,
    0x07,0xFC,0x00,0x07,0xFC,0x00,0x07,0x0C,0x00,0x07,0x0C,0x00,0x07,0x04,0x00,0x07,
    0x00,0x00,0x07,0x00,0x00,0x07,0x00,0x00,0x07,0x00,0x00,0x3F,0xE0,0x00,0x3F,0xE0,
    0x00,0x00,0x00,0x00,0x00,0x00,0x00,0x00,0x00,0x00,0x00,0x00,0x00,0x00,0x00,0x00,
    0x00,0x00,0x00,0x00,0x00,0x00,0x00,0x00,0x00,0x00,0x00,0x00,0x00,0x00,0x00,0x00,
    0x00,0x00,0x00,0x00,0x00,0x00,0x00,0x00,0x00,0x00,0x00,0x00,0x00,0x00,0x00,0x00,
    0x00,0x00,0x00,0x00,0x00,0x00,0x00,0x00,0x00,0x00,0x00,0x00,0x00,0x00,0x00,0x00,
    0x00,0x00,0x00,0x00,0x00,0x00,0x00,0x00,0x00,0x03,0xF9,0x80,0x07,0xFF,0x80,0x0E,
    0x07,0xC0,0x1C,0x01,0xC0,0x38,0x01,0xC0,0x38,0x00,0xC0,0x78,0x00,0x00,0x70,0x00,
    0x00,0x70,0x00,0x00,0x70,0x00,0x00,0x70,0x0F,0xF0,0x70,0x0F,0xF0,0x70,0x01,0xC0,
    0x78,0x01,0xC0,0x38,0x01,0xC0,0x3C,0x01,0xC0,0x1C,0x01,0xC0,0x0F,0x07,0xC0,0x07,
    0xFF,0xC0,0x01,0xFC,0xC0,0x00,0x00,0x00,0x00,0x00,0x00,0x00,0x00,0x00,0x00,0x00,
    0x00,0x00,0x00,0x00,0x00,0x00,0x00,0x00,0x00,0x00,0x00,0x00,0x00,0x00,0x00,0x00,
    0x00,0x00,0x00,0x00,0x00,0x00,0x00,0x00,0x00,0x00,0x00,0x00,0x00,0x00,0x00,0x00,
    0x00,0x00,0x00,0x00,0x00,0x00,0x00,0x00,0x00,0x00,0x00,0x00,0x00,0x00,0x00,0x00,
    0x00,0x00,0x00,0x00,0x00,0x00,0x00,0x00,0x00,0x00,0x00,0x00,0x00,0x3F,0xC1,0xFE,
    0x3F,0xC1,0xFE,0x07,0x00,0x70,0x07,0x00,0x70,0x07,0x00,0x70,0x07,0x00,0x70,0x07,
    0x00,0x70,0x07,0x00,0x70,0x07,0x00,0x70,0x07,0xFF,0xF0,0x07,0xFF,0xF0,0x07,0x00,
    0x70,0x07,0x00,0x70,0x07,0x00,0x70,0x07,0x00,0x70,0x07,0x00,0x70,0x07,0x00,0x70,
    0x07,0x00,0x70,0x3F,0xC1,0xFE,0x3F,0xC1,0xFE,0x00,0x00,0x00,0x00,0x00,0x00,0x00,
    0x00,0x00,0x00,0x00,0x00,0x00,0x00,0x00,0x00,0x00,0x00,0x00,0x00,0x00,0x00,0x00,
    0x00,0x00,0x00,0x00,0x00,0x00,0x00,0x00,0x00,0x00,0x00,0x00,0x00,0x00,0x00,0x00,
    0x00,0x00,0x00,0x00,0x00,0x00,0x00,0x00,0x00,0x00,0x00,0x00,0x00,0x00,0x00,0x00,
    0x00,0x00,0x3F,0xC0,0x3F,0xC0,0x07,0x00,0x07,0x00,0x07,0x00,0x07,0x00,0x07,0x00,
    0x07,0x00,0x07,0x00,0x07,0x00,0x07,0x00,0x07,0x00,0x07,0x00,0x07,0x00,0x07,0x00,
    0x07,0x00,0x07,0x00,0x07,0x00,0x3F,0xC0,0x3F,0xC0,0x00,0x00,0x00,0x00,0x00,0x00,
    0x00,0x00,0x00,0x00,0x00,0x00,0x00,0x00,0x00,0x00,0x00,0x00,0x00,0x00,0x00,0x00,
    0x00,0x00,0x00,0x00,0x00,0x00,0x00,0x00,0x00,0x00,0x00,0x00,0x00,0x00,0x00,0x00,
    0x00,0x00,0x00,0x00,0x00,0x00,0x00,0x00,0x00,0x00,0x01,0xFF,0x01,0xFF,0x00,0x38,
    0x00,0x38,0x00,0x38,0x00,0x38,0x00,0x38,0x00,0x38,0x00,0x38,0x00,0x38,0x00,0x38,
    0x00,0x38,0x00,0x38,0x00,0x38,0x18,0x38,0x3C,0x38,0x78,0x78,0x78,0x70,0x3F,0xE0,
    0x1F,0xC0,0x00,0x00,0x00,0x00,0x00,0x00,0x00,0x00,0x00,0x00,0x00,0x00,0x00,0x00,
    0x00,0x00,0x00,0x00,0x00,0x00,0x00,0x00,0x00,0x00,0x00,0x00,0x00,0x00,0x00,0x00,
    0x00,0x00,0x00,0x00,0x00,0x00,0x00,0x00,0x00,0x00,0x00,0x00,0x00,0x00,0x00,0x00,
    0x00,0x00,0x00,0x00,0x00,0x00,0x00,0x00,0x00,0x00,0x00,0x00,0x00,0x00,0x00,0x00,
    0x00,0x3F,0xC7,0xF0,0x3F,0xC7,0xF0,0x07,0x01,0xC0,0x07,0x03,0x00,0x07,0x06,0x00,
    0x07,0x0C,0x00,0x07,0x18,0x00,0x07,0x30,0x00,0x07,0x60,0x00,0x07,0xF0,0x00,0x07,
    0xF8,0x00,0x07,0x38,0x00,0x07,0x1C,0x00,0x07,0x1E,0x00,0x07,0x0E,0x00,0x07,0x0F,
    0x00,0x07,0x07,0x80,0x07,0x03,0xC0,0x3F,0xC1,0xF8,0x3F,0xC0,0xF8,0x00,0x00,0x00,
    0x00,0x00,0x00,0x00,0x00,0x00,0x00,0x00,0x00,0x00,0x00,0x00,0x00,0x00,0x00,0x00,
    0x00,0x00,0x00,0x00,0x00,0x00,0x00,0x00,0x00,0x00,0x00,0x00,0x00,0x00,0x00,0x00,
    0x00,0x00,0x00,0x00,0x00,0x00,0x00,0x00,0x00,0x00,0x00,0x00,0x00,0x00,0x00,0x00,
    0x00,0x00,0x00,0x00,0x00,0x00,0x00,0x00,0x00,0x00,0x00,0x00,0x00,0x00,0x00,0x00,
    0x00,0x00,0x00,0x00,0x00,0x3F,0xC0,0x00,0x3F,0xC0,0x00,0x07,0x00,0x00,0x07,0x00,
    0x00,0x07,0x00,0x00,0x07,0x00,0x00,0x07,0x00,0x00,0x07,0x00,0x00,0x07,0x00,0x00,
    0x07,0x00,0x00,0x07,0x00,0x00,0x07,0x00,0x00,0x07,0x00,0x00,0x07,0x00,0x00,0x07,
    0x01,0x80,0x07,0x03,0x80,0x07,0x03,0x00,0x07,0x07,0x00,0x3F,0xFF,0x00,0x3F,0xFF,
    0x00,0x00,0x00,0x00,0x00,0x00,0x00,0x00,0x00,0x00,0x00,0x00,0x00,0x00,0x00,0x00,
    0x00,0x00,0x00,0x00,0x00,0x00,0x00,0x00,0x00,0x00,0x00,0x00,0x00,0x00,0x00,0x00,
    0x00,0x00,0x00,0x00,0x00,0x00,0x00,0x00,0x00,0x00,0x00,0x00,0x00,0x00,0x00,0x00,
    0x00,0x00,0x00,0x00,0x00,0x00,0x00,0x00,0x00,0x00,0x00,0x00,0x00,0x00,0x00,0x00,
    0x00,0x00,0x00,0x00,0x00,0x00,0x00,0x00,0x00,0x00,0x00,0x00,0x00,0x00,0x00,0x00,
    0x00,0x00,0x00,0x00,0x00,0x00,0x00,0x00,0x1F,0xC0,0x1F,0xE0,0x1F,0xC0,0x1F,0xE0,
    0x07,0xE0,0x1F,0x00,0x07,0xE0,0x3F,0x00,0x06,0xE0,0x37,0x00,0x06,0xF0,0x77,0x00,
    0x06,0xF0,0x77,0x00,0x06,0x70,0x67,0x00,0x06,0x78,0xE7,0x00,0x06,0x38,0xC7,0x00,
    0x06,0x38,0xC7,0x00,0x06,0x3D,0xC7,0x00,0x06,0x1D,0x87,0x00,0x06,0x1D,0x87,0x00,
    0x06,0x1F,0x07,0x00,0x06,0x0F,0x07,0x00,0x06,0x0F,0x07,0x00,0x06,0x00,0x07,0x00,
    0x3F,0x80,0x1F,0xE0,0x3F,0x80,0x1F,0xE0,0x00,0x00,0x00,0x00,0x00,0x00,0x00,0x00,
    0x00,0x00,0x00,0x00,0x00,0x00,0x00,0x00,0x00,0x00,0x00,0x00,0x00,0x00,0x00,0x00,
    0x00,0x00,0x00,0x00,0x00,0x00,0x00,0x00,0x00,0x00,0x00,0x00,0x00,0x00,0x00,0x00,
    0x00,0x00,0x00,0x00,0x00,0x00,0x00,0x00,0x00,0x00,0x00,0x00,0x00,0x00,0x00,0x00,
    0x00,0x00,0x00,0x00,0x00,0x00,0x00,0x00,0x00,0x00,0x00,0x00,0x00,0x00,0x00,0x00,
    0x00,0x00,0x00,0x00,0x00,0x00,0x00,0x00,0x00,0x3F,0x80,0xFE,0x3F,0xC0,0xFE,0x07,
    0xC0,0x30,0x07,0xE0,0x30,0x06,0xE0,0x30,0x06,0x70,0x30,0x06,0x70,0x30,0x06,0x38,
    0x30,0x06,0x3C,0x30,0x06,0x1C,0x30,0x06,0x1E,0x30,0x06,0x0E,0x30,0x06,0x07,0x30,
    0x06,0x07,0xB0,0x06,0x03,0xB0,0x06,0x03,0xF0,0x06,0x01,0xF0,0x06,0x00,0xF0,0x3F,
    0x80,0xF0,0x3F,0x80,0x70,0x00,0x00,0x00,0x00,0x00,0x00,0x00,0x00,0x00,0x00,0x00,
    0x00,0x00,0x00,0x00,0x00,0x00,0x00,0x00,0x00,0x00,0x00,0x00,0x00,0x00,0x00,0x00,
    0x00,0x00,0x00,0x00,0x00,0x00,0x00,0x00,0x00,0x00,0x00,0x00,0x00,0x00,0x00,0x00,
    0x00,0x00,0x00,0x00,0x00,0x00,0x00,0x00,0x00,0x00,0x00,0x00,0x00,0x00,0x00,0x00,
    0x00,0x00,0x00,0x00,0x00,0x00,0x00,0x00,0x00,0x00,0x00,0x00,0x00,0x01,0xFE,0x00,
    0x07,0xFF,0x00,0x0F,0x07,0xC0,0x1C,0x01,0xC0,0x38,0x00,0xE0,0x38,0x00,0xE0,0x78,
    0x00,0xF0,0x70,0x00,0x70,0x70,0x00,0x70,0x70,0x00,0x70,0x70,0x00,0x70,0x70,0x00,
    0x70,0x70,0x00,0x70,0x78,0x00,0x70,0x38,0x00,0xE0,0x3C,0x00,0xE0,0x1C,0x01,0xC0,
    0x0F,0x03,0x80,0x07,0xFF,0x00,0x01,0xFC,0x00,0x00,0x00,0x00,0x00,0x00,0x00,0x00,
    0x00,0x00,0x00,0x00,0x00,0x00,0x00,0x00,0x00,0x00,0x00,0x00,0x00,0x00,0x00,0x00,
    0x00,0x00,0x00,0x00,0x00,0x00,0x00,0x00,0x00,0x00,0x00,0x00,0x00,0x00,0x00,0x00,
    0x00,0x00,0x00,0x00,0x00,0x00,0x00,0x00,0x00,0x00,0x00,0x00,0x00,0x00,0x00,0x00,
    0x00,0x00,0x00,0x00,0x00,0x00,0x00,0x00,0x00,0x00,0x00,0x00,0x00,0x00,0x00,0x00,
    0x00,0x3F,0xFC,0x00,0x3F,0xFE,0x00,0x07,0x0F,0x00,0x07,0x07,0x80,0x07,0x03,0x80,
    0x07,0x03,0x80,0x07,0x03,0x80,0x07,0x03,0x80,0x07,0x07,0x00,0x07,0x0F,0x00,0x07,
    0xFE,0x00,0x07,0xF8,0x00,0x07,0x00,0x00,0x07,0x00,0x00,0x07,0x00,0x00,0x07,0x00,
    0x00,0x07,0x00,0x00,0x07,0x00,0x00,0x3F,0xE0,0x00,0x3F,0xE0,0x00,0x00,0x00,0x00,
    0x00,0x00,0x00,0x00,0x00,0x00,0x00,0x00,0x00,0x00,0x00,0x00,0x00,0x00,0x00,0x00,
    0x00,0x00,0x00,0x00,0x00,0x00,0x00,0x00,0x00,0x00,0x00,0x00,0x00,0x00,0x00,0x00,
    0x00,0x00,0x00,0x00,0x00,0x00,0x00,0x00,0x00,0x00,0x00,0x00,0x00,0x00,0x00,0x00,
    0x00,0x00,0x00,0x00,0x00,0x00,0x00,0x00,0x00,0x00,0x00,0x00,0x00,0x00,0x00,0x00,
    0x00,0x00,0x00,0x00,0x00,0x01,0xFE,0x00,0x07,0xFF,0x00,0x0F,0x07,0xC0,0x1C,0x01,
    0xC0,0x38,0x00,0xE0,0x38,0x00,0xE0,0x70,0x00,0xF0,0x70,0x00,0x70,0x70,0x00,0x70,
    0x70,0x00,0x70,0x70,0x00,0x70,0x70,0x00,0x70,0x71,0xC0,0x70,0x7F,0xF0,0xF0,0x3E,
    0x78,0xE0,0x3C,0x3C,0xE0,0x1E,0x1F,0xC0,0x0F,0x0F,0x80,0x07,0xFF,0x00,0x01,0xFF,
    0x80,0x00,0x07,0x80,0x00,0x03,0xE0,0x00,0x01,0xFC,0x00,0x00,0xFC,0x00,0x00,0x7C,
    0x00,0x00,0x00,0x00,0x00,0x00,0x00,0x00,0x00,0x00,0x00,0x00,0x00,0x00,0x00,0x00,
    0x00,0x00,0x00,0x00,0x00,0x00,0x00,0x00,0x00,0x00,0x00,0x00,0x00,0x00,0x00,0x00,
    0x00,0x00,0x00,0x00,0x00,0x00,0x00,0x00,0x00,0x00,0x00,0x00,0x00,0x00,0x00,0x00,
    0x00,0x00,0x00,0x00,0x00,0x00,0x00,0x00,0x00,0x3F,0xFC,0x00,0x3F,0xFF,0x00,0x07,
    0x07,0x00,0x07,0x03,0x80,0x07,0x03,0x80,0x07,0x03,0x80,0x07,0x03,0x80,0x07,0x07,
    0x00,0x07,0x0F,0x00,0x07,0xFC,0x00,0x07,0xF8,0x00,0x07,0x1E,0x00,0x07,0x0E,0x00,
    0x07,0x0F,0x00,0x07,0x0F,0x00,0x07,0x07,0x00,0x07,0x07,0x80,0x07,0x03,0x80,0x3F,
    0xE3,0xF0,0x3F,0xE1,0xF0,0x00,0x00,0x00,0x00,0x00,0x00,0x00,0x00,0x00,0x00,0x00,
    0x00,0x00,0x00,0x00,0x00,0x00,0x00,0x00,0x00,0x00,0x00,0x00,0x00,0x00,0x00,0x00,
    0x00,0x00,0x00,0x00,0x00,0x00,0x00,0x00,0x00,0x00,0x00,0x00,0x00,0x00,0x00,0x00,
    0x00,0x00,0x00,0x00,0x00,0x00,0x00,0x00,0x00,0x00,0x00,0x00,0x00,0x00,0x00,0x00,
    0x00,0x00,0x00,0x00,0x00,0x00,0x00,0x00,0x00,0x00,0x00,0x00,0x00,0x07,0xEC,0x00,
    0x1F,0xFC,0x00,0x1C,0x3C,0x00,0x38,0x0C,0x00,0x38,0x0E,0x00,0x38,0x06,0x00,0x3C,
    0x00,0x00,0x3E,0x00,0x00,0x1F,0xC0,0x00,0x0F,0xF0,0x00,0x03,0xFC,0x00,0x00,0x7C,
    0x00,0x00,0x1E,0x00,0x00,0x0E,0x00,0x60,0x0E,0x00,0x70,0x0E,0x00,0x78,0x0E,0x00,
    0x7C,0x1C,0x00,0x3F,0xF8,0x00,0x27,0xF0,0x00,0x00,0x00,0x00,0x00,0x00,0x00,0x00,
    0x00,0x00,0x00,0x00,0x00,0x00,0x00,0x00,0x00,0x00,0x00,0x00,0x00,0x00,0x00,0x00,
    0x00,0x00,0x00,0x00,0x00,0x00,0x00,0x00,0x00,0x00,0x00,0x00,0x00,0x00,0x00,0x00,
    0x00,0x00,0x00,0x00,0x00,0x00,0x00,0x00,0x00,0x00,0x00,0x00,0x00,0x00,0x00,0x00,
    0x00,0x00,0x00,0x00,0x00,0x00,0x00,0x00,0x00,0x00,0x00,0x00,0x00,0x00,0x00,0x00,
    0x00,0x3F,0xFF,0xE0,0x3F,0xFF,0xE0,0x38,0x70,0xE0,0x70,0x70,0x60,0x70,0x70,0x70,
    0x60,0x70,0x30,0x00,0x70,0x00,0x00,0x70,0x00,0x00,0x70,0x00,0x00,0x70,0x00,0x00,
    0x70,0x00,0x00,0x70,0x00,0x00,0x70,0x00,0x00,0x70,0x00,0x00,0x70,0x00,0x00,0x70,
    0x00,0x00,0x70,0x00,0x00,0x70,0x00,0x03,0xFE,0x00,0x03,0xFE,0x00,0x00,0x00,0x00,
    0x00,0x00,0x00,0x00,0x00,0x00,0x00,0x00,0x00,0x00,0x00,0x00,0x00,0x00,0x00,0x00,
    0x00,0x00,0x00,0x00,0x00,0x00,0x00,0x00,0x00,0x00,0x00,0x00,0x00,0x00,0x00,0x00,
    0x00,0x00,0x00,0x00,0x00,0x00,0x00,0x00,0x00,0x00,0x00,0x00,0x00,0x00,0x00,0x00,
    0x00,0x00,0x00,0x00,0x00,0x00,0x00,0x00,0x00,0x00,0x00,0x00,0x00,0x00,0x00,0x00,
    0x00,0x00,0x00,0x00,0x00,0x7F,0x81,0xFC,0x7F,0x81,0xFC,0x0E,0x00,0x60,0x0E,0x00,
    0x60,0x0E,0x00,0x60,0x0E,0x00,0x60,0x0E,0x00,0x60,0x0E,0x00,0x60,0x0E,0x00,0x60,
    0x0E,0x00,0x60,0x0E,0x00,0x60,0x0E,0x00,0x60,0x0E,0x00,0x60,0x0E,0x00,0x60,0x0E,
    0x00,0x60,0x0F,0x00,0xE0,0x07,0x00,0xC0,0x07,0x81,0xC0,0x03,0xFF,0x80,0x00,0xFE,
    0x00,0x00,0x00,0x00,0x00,0x00,0x00,0x00,0x00,0x00,0x00,0x00,0x00,0x00,0x00,0x00,
    0x00,0x00,0x00,0x00,0x00,0x00,0x00,0x00,0x00,0x00,0x00,0x00,0x00,0x00,0x00,0x00,
    0x00,0x00,0x00,0x00,0x00,0x00,0x00,0x00,0x00,0x00,0x00,0x00,0x00,0x00,0x00,0x00,
    0x00,0x00,0x00,0x00,0x00,0x00,0x00,0x00,0x00,0x00,0x00,0x00,0x00,0x00,0x00,0x00,
    0x00,0x00,0x00,0x00,0x00,0x00,0x00,0x00,0x00,0x7F,0x83,0xF8,0x7F,0x83,0xF8,0x1E,
    0x00,0xE0,0x0E,0x00,0xC0,0x0E,0x01,0xC0,0x0F,0x01,0xC0,0x07,0x01,0x80,0x07,0x01,
    0x80,0x07,0x83,0x80,0x03,0x83,0x00,0x03,0x83,0x00,0x03,0xC7,0x00,0x01,0xC6,0x00,
    0x01,0xC6,0x00,0x00,0xEE,0x00,0x00,0xEC,0x00,0x00,0xEC,0x00,0x00,0x78,0x00,0x00,
    0x78,0x00,0x00,0x78,0x00,0x00,0x00,0x00,0x00,0x00,0x00,0x00,0x00,0x00,0x00,0x00,
    0x00,0x00,0x00,0x00,0x00,0x00,0x00,0x00,0x00,0x00,0x00,0x00,0x00,0x00,0x00,0x00,
    0x00,0x00,0x00,0x00,0x00,0x00,0x00,0x00,0x00,0x00,0x00,0x00,0x00,0x00,0x00,0x00,
    0x00,0x00,0x00,0x00,0x00,0x00,0x00,0x00,0x00,0x00,0x00,0x00,0x00,0x00,0x00,0x00,
    0x00,0x00,0x00,0x00,0x00,0x00,0x00,0x00,0x00,0x00,0x00,0x00,0x00,0x00,0x00,0x00,
    0x00,0x00,0x00,0x00,0x00,0x00,0x00,0x00,0x00,0x00,0x00,0x00,0x7F,0x83,0xC0,0xFE,
    0x7F,0x83,0xC0,0xFE,0x1E,0x03,0xE0,0x38,0x0E,0x03,0xE0,0x30,0x0E,0x07,0xE0,0x30,
    0x0F,0x06,0xE0,0x70,0x0F,0x06,0x70,0x70,0x07,0x06,0x70,0x60,0x07,0x0E,0x70,0x60,
    0x07,0x8C,0x38,0xE0,0x07,0x8C,0x38,0xC0,0x03,0x8C,0x38,0xC0,0x03,0x9C,0x38,0xC0,
    0x03,0x98,0x1D,0xC0,0x01,0xD8,0x1D,0x80,0x01,0xD8,0x1D,0x80,0x01,0xF8,0x0F,0x80,
    0x01,0xF0,0x0F,0x80,0x00,0xF0,0x0F,0x00,0x00,0xF0,0x0F,0x00,0x00,0x00,0x00,0x00,
    0x00,0x00,0x00,0x00,0x00,0x00,0x00,0x00,0x00,0x00,0x00,0x00,0x00,0x00,0x00,0x00,
    0x00,0x00,0x00,0x00,0x00,0x00,0x00,0x00,0x00,0x00,0x00,0x00,0x00,0x00,0x00,0x00,
    0x00,0x00,0x00,0x00,0x00,0x00,0x00,0x00,0x00,0x00,0x00,0x00,0x00,0x00,0x00,0x00,
    0x00,0x00,0x00,0x00,0x00,0x00,0x00,0x00,0x00,0x00,0x00,0x00,0x00,0x00,0x00,0x00,
    0x00,0x00,0x00,0x00,0x00,0x00,0x00,0x00,0x00,0x00,0x00,0x00,0x00,0x7F,0x83,0xF0,
    0x7F,0x03,0xF0,0x1E,0x01,0xC0,0x0F,0x03,0x80,0x07,0x83,0x00,0x03,0x87,0x00,0x03,
    0xCE,0x00,0x01,0xFC,0x00,0x00,0xF8,0x00,0x00,0x78,0x00,0x00,0x78,0x00,0x00,0xFC,
    0x00,0x01,0xDE,0x00,0x01,0x8E,0x00,0x03,0x8F,0x00,0x07,0x07,0x80,0x0E,0x03,0xC0,
    0x1E,0x01,0xE0,0x7F,0x07,0xF0,0x7F,0x07,0xF0,0x00,0x00,0x00,0x00,0x00,0x00,0x00,
    0x00,0x00,0x00,0x00,0x00,0x00,0x00,0x00,0x00,0x00,0x00,0x00,0x00,0x00,0x00,0x00,
    0x00,0x00,0x00,0x00,0x00,0x00,0x00,0x00,0x00,0x00,0x00,0x00,0x00,0x00,0x00,0x00,
    0x00,0x00,0x00,0x00,0x00,0x00,0x00,0x00,0x00,0x00,0x00,0x00,0x00,0x00,0x00,0x00,
    0x00,0x00,0x00,0x00,0x00,0x00,0x00,0x00,0x00,0x00,0x00,0x00,0x00,0x00,0x00,0x00,
    0x00,0x7F,0x87,0xF0,0x7F,0x87,0xF0,0x1E,0x01,0xC0,0x0E,0x03,0x80,0x0F,0x03,0x00,
    0x07,0x87,0x00,0x03,0x86,0x00,0x03,0xCE,0x00,0x01,0xCC,0x00,0x00,0xF8,0x00,0x00,
    0xF8,0x00,0x00,0x70,0x00,0x00,0x70,0x00,0x00,0x70,0x00,0x00,0x70,0x00,0x00,0x70,
    0x00,0x00,0x70,0x00,0x00,0x70,0x00,0x01,0xFE,0x00,0x01,0xFE,0x00,0x00,0x00,0x00,
    0x00,0x00,0x00,0x00,0x00,0x00,0x00,0x00,0x00,0x00,0x00,0x00,0x00,0x00,0x00,0x00,
    0x00,0x00,0x00,0x00,0x00,0x00,0x00,0x00,0x00,0x00,0x00,0x00,0x00,0x00,0x00,0x00,
    0x00,0x00,0x00,0x00,0x00,0x00,0x00,0x00,0x00,0x00,0x00,0x00,0x00,0x00,0x00,0x00,
    0x00,0x00,0x00,0x00,0x00,0x00,0x00,0x00,0x00,0x00,0x00,0x00,0x00,0x00,0x00,0x00,
    0x00,0x00,0x00,0x00,0x00,0x3F,0xFF,0x80,0x3F,0xFF,0x80,0x38,0x07,0x80,0x38,0x0F,
    0x00,0x30,0x1E,0x00,0x30,0x1C,0x00,0x00,0x3C,0x00,0x00,0x78,0x00,0x00,0x70,0x00,
    0x00,0xF0,0x00,0x01,0xE0,0x00,0x03,0xC0,0x00,0x03,0x80,0x00,0x07,0x80,0x00,0x0F,
    0x00,0x80,0x0E,0x01,0x80,0x1E,0x01,0x80,0x3C,0x03,0x80,0x7F,0xFF,0x80,0x7F,0xFF,
    0x80,0x00,0x00,0x00,0x00,0x00,0x00,0x00,0x00,0x00,0x00,0x00,0x00,0x00,0x00,0x00,
    0x00,0x00,0x00,0x00,0x00,0x00,0x00,0x00,0x00,0x00,0x00,0x00,0x00,0x00,0x00,0x00,
    0x00,0x00,0x00,0x00,0x00,0x00,0x00,0x00,0x00,0x00,0x00,0x00,0x00,0x00,0x00,0x00,
    0x00,0x00,0x1F,0x80,0x1F,0x80,0x1C,0x00,0x1C,0x00,0x1C,0x00,0x1C,0x00,0x1C,0x00,
    0x1C,0x00,0x1C,0x00,0x1C,0x00,0x1C,0x00,0x1C,0x00,0x1C,0x00,0x1C,0x00,0x1C,0x00,
    0x1C,0x00,0x1C,0x00,0x1C,0x00,0x1C,0x00,0x1C,0x00,0x1C,0x00,0x1C,0x00,0x1C,0x00,
    0x1C,0x00,0x1C,0x00,0x1C,0x00,0x1C,0x00,0x1C,0x00,0x1F,0x80,0x1F,0x80,0x00,0x00,
    0x00,0x00,0x00,0x00,0x00,0x00,0x00,0x00,0x00,0x00,0x00,0x00,0x00,0x00,0x00,0x00,
    0x00,0x00,0x00,0x00,0x00,0x00,0x00,0x00,0x00,0x00,0x40,0x00,0x60,0x00,0x60,0x00,
    0x70,0x00,0x30,0x00,0x30,0x00,0x18,0x00,0x18,0x00,0x18,0x00,0x0C,0x00,0x0C,0x00,
    0x0C,0x00,0x06,0x00,0x06,0x00,0x07,0x00,0x03,0x00,0x03,0x00,0x03,0x80,0x01,0x80,
    0x01,0x80,0x01,0xC0,0x00,0xC0,0x00,0xC0,0x00,0x60,0x00,0x60,0x00,0x60,0x00,0x30,
    0x00,0x00,0x00,0x00,0x00,0x00,0x00,0x00,0x00,0x00,0x00,0x00,0x00,0x00,0x00,0x00,
    0x00,0x00,0x00,0x00,0x00,0x00,0x00,0x00,0x00,0x00,0x00,0x00,0x00,0x00,0x00,0x00,
    0x00,0x00,0x7E,0x00,0x7E,0x00,0x0E,0x00,0x0E,0x00,0x0E,0x00,0x0E,0x00,0x0E,0x00,
    0x0E,0x00,0x0E,0x00,0x0E,0x00,0x0E,0x00,0x0E,0x00,0x0E,0x00,0x0E,0x00,0x0E,0x00,
    0x0E,0x00,0x0E,0x00,0x0E,0x00,0x0E,0x00,0x0E,0x00,0x0E,0x00,0x0E,0x00,0x0E,0x00,
    0x0E,0x00,0x0E,0x00,0x0E,0x00,0x0E,0x00,0x0E,0x00,0x7E,0x00,0x7E,0x00,0x00,0x00,
    0x00,0x00,0x00,0x00,0x00,0x00,0x00,0x00,0x00,0x00,0x00,0x00,0x00,0x00,0x00,0x00,
    0x00,0x00,0x00,0x00,0x00,0x00,0x00,0x00,0x00,0x00,0x00,0x00,0x00,0x00,0x00,0x00,
    0x00,0x00,0x00,0x00,0x00,0x00,0x00,0x00,0x00,0x00,0x00,0x00,0x00,0x00,0x01,0xC0,
    0x00,0x01,0xC0,0x00,0x03,0xE0,0x00,0x07,0x70,0x00,0x06,0x30,0x00,0x0C,0x38,0x00,
    0x1C,0x1C,0x00,0x18,0x0C,0x00,0x30,0x0E,0x00,0x70,0x06,0x00,0x20,0x02,0x00,0x00,
    0x00,0x00,0x00,0x00,0x00,0x00,0x00,0x00,0x00,0x00,0x00,0x00,0x00,0x00,0x00,0x00,
    0x00,0x00,0x00,0x00,0x00,0x00,0x00,0x00,0x00,0x00,0x00,0x00,0x00,0x00,0x00,0x00,
    0x00,0x00,0x00,0x00,0x00,0x00,0x00,0x00,0x00,0x00,0x00,0x00,0x00,0x00,0x00,0x00,
    0x00,0x00,0x00,0x00,0x00,0x00,0x00,0x00,0x00,0x00,0x00,0x00,0x00,0x00,0x00,0x00,
    0x00,0x00,0x00,0x00,0x00,0x00,0x00,0x00,0x00,0x00,0x00,0x00,0x00,0x00,0x00,0x00,
    0x00,0x00,0x00,0x00,0x00,0x00,0x00,0x00,0x00,0x00,0x00,0x00,0x00,0x00,0x00,0x00,
    0x00,0x00,0x00,0x00,0x00,0x00,0x00,0x00,0x00,0x00,0x00,0x00,0x00,0x00,0x00,0x00,
    0x00,0x00,0x00,0x00,0x00,0x00,0x00,0x00,0x00,0x00,0x00,0x00,0x00,0x00,0x00,0x00,
    0xFF,0xFC,0xFF,0xFC,0x00,0x00,0x00,0x00,0x00,0x00,0x00,0x00,0x00,0x00,0x00,0x00,
    0x00,0x00,0x00,0x00,0x00,0x00,0x00,0x00,0x00,0x00,0x00,0x00,0x00,0x00,0x00,0x00,
    0x00,0x00,0x00,0x00,0x00,0x00,0x00,0x00,0x00,0x00,0x0C,0x00,0x0E,0x00,0x0F,0x00,
    0x07,0x80,0x01,0x80,0x00,0x00,0x00,0x00,0x00,0x00,0x00,0x00,0x00,0x00,0x00,0x00,
    0x00,0x00,0x00,0x00,0x00,0x00,0x00,0x00,0x00,0x00,0x00,0x00,0x00,0x00,0x00,0x00,
    0x00,0x00,0x00,0x00,0x00,0x00,0x00,0x00,0x00,0x00,0x00,0x00,0x00,0x00,0x00,0x00,
    0x00,0x00,0x00,0x00,0x00,0x00,0x00,0x00,0x00,0x00,0x00,0x00,0x00,0x00,0x00,0x00,
    0x00,0x00,0x00,0x00,0x00,0x00,0x00,0x00,0x00,0x00,0x00,0x00,0x00,0x00,0x00,0x00,
    0x00,0x00,0x00,0x00,0x00,0x00,0x00,0x00,0x00,0x00,0x00,0x00,0x00,0x00,0x00,0x00,
    0x0F,0xE0,0x1F,0xF0,0x38,0x78,0x38,0x38,0x38,0x38,0x00,0x38,0x03,0xF8,0x1F,0xF8,
    0x1E,0x38,0x3C,0x38,0x38,0x38,0x38,0x38,0x3C,0x78,0x1F,0xFF,0x0F,0x9E,0x00,0x00,
    0x00,0x00,0x00,0x00,0x00,0x00,0x00,0x00,0x00,0x00,0x00,0x00,0x00,0x00,0x00,0x00,
    0x00,0x00,0x00,0x00,0x00,0x00,0x00,0x00,0x00,0x00,0x00,0x00,0x00,0x00,0x00,0x00,
    0x00,0x00,0x00,0x00,0x00,0x00,0x00,0x00,0x00,0x00,0x00,0x00,0x00,0x00,0x00,0x00,
    0x00,0x00,0x00,0x00,0x00,0x00,0x00,0xFC,0x00,0x00,0x7C,0x00,0x00,0x1C,0x00,0x00,
    0x1C,0x00,0x00,0x1C,0x00,0x00,0x1C,0x00,0x00,0x1C,0x00,0x00,0x1C,0xF8,0x00,0x1F,
    0xFC,0x00,0x1F,0x0E,0x00,0x1E,0x0F,0x00,0x1C,0x07,0x00,0x1C,0x07,0x00,0x1C,0x07,
    0x00,0x1C,0x07,0x00,0x1C,0x07,0x00,0x1C,0x07,0x00,0x1C,0x0F,0x00,0x1C,0x0E,0x00,
    0x1E,0x1E,0x00,0x1F,0xFC,0x00,0x1B,0xF8,0x00,0x00,0x00,0x00,0x00,0x00,0x00,0x00,
    0x00,0x00,0x00,0x00,0x00,0x00,0x00,0x00,0x00,0x00,0x00,0x00,0x00,0x00,0x00,0x00,
    0x00,0x00,0x00,0x00,0x00,0x00,0x00,0x00,0x00,0x00,0x00,0x00,0x00,0x00,0x00,0x00,
    0x00,0x00,0x00,0x00,0x00,0x00,0x00,0x00,0x00,0x00,0x00,0x00,0x00,0x00,0x00,0x00,
    0x00,0x00,0x00,0x00,0x00,0x00,0x00,0x00,0x00,0x00,0x00,0x00,0x07,0xE0,0x1F,0xF0,
    0x3C,0x78,0x38,0x78,0x78,0x78,0x70,0x70,0x70,0x00,0x70,0x00,0x70,0x00,0x70,0x00,
    0x78,0x00,0x38,0x00,0x3C,0x18,0x1F,0xF0,0x07,0xE0,0x00,0x00,0x00,0x00,0x00,0x00,
    0x00,0x00,0x00,0x00,0x00,0x00,0x00,0x00,0x00,0x00,0x00,0x00,0x00,0x00,0x00,0x00,
    0x00,0x00,0x00,0x00,0x00,0x00,0x00,0x00,0x00,0x00,0x00,0x00,0x00,0x00,0x00,0x00,
    0x00,0x00,0x00,0x00,0x00,0x00,0x00,0x00,0x00,0x00,0x00,0x00,0x00,0x00,0x00,0x00,
    0x00,0x00,0x00,0x00,0x7E,0x00,0x00,0x7E,0x00,0x00,0x0E,0x00,0x00,0x0E,0x00,0x00,
    0x0E,0x00,0x00,0x0E,0x00,0x00,0x0E,0x00,0x07,0xFE,0x00,0x1F,0xFE,0x00,0x1C,0x1E,
    0x00,0x38,0x0E,0x00,0x78,0x0E,0x00,0x70,0x0E,0x00,0x70,0x0E,0x00,0x70,0x0E,0x00,
    0x70,0x0E,0x00,0x70,0x0E,0x00,0x70,0x0E,0x00,0x78,0x1E,0x00,0x3C,0x3E,0x00,0x1F,
    0xFF,0x00,0x0F,0xCF,0x80,0x00,0x00,0x00,0x00,0x00,0x00,0x00,0x00,0x00,0x00,0x00,
    0x00,0x00,0x00,0x00,0x00,0x00,0x00,0x00,0x00,0x00,0x00,0x00,0x00,0x00,0x00,0x00,
    0x00,0x00,0x00,0x00,0x00,0x00,0x00,0x00,0x00,0x00,0x00,0x00,0x00,0x00,0x00,0x00,
    0x00,0x00,0x00,0x00,0x00,0x00,0x00,0x00,0x00,0x00,0x00,0x00,0x00,0x00,0x00,0x00,
    0x00,0x00,0x00,0x00,0x00,0x00,0x00,0x00,0x07,0xE0,0x1F,0xF8,0x1C,0x38,0x38,0x1C,
    0x70,0x1C,0x70,0x1C,0x7F,0xFC,0x7F,0xFC,0x70,0x00,0x70,0x00,0x78,0x00,0x38,0x00,
    0x3C,0x1C,0x1F,0xF8,0x07,0xF0,0x00,0x00,0x00,0x00,0x00,0x00,0x00,0x00,0x00,0x00,
    0x00,0x00,0x00,0x00,0x00,0x00,0x00,0x00,0x00,0x00,0x00,0x00,0x00,0x00,0x00,0x00,
    0x00,0x00,0x00,0x00,0x00,0x00,0x00,0x00,0x00,0x00,0x00,0x00,0x00,0x00,0x00,0x00,
    0x03,0xE0,0x07,0xE0,0x0E,0x20,0x0E,0x20,0x1C,0x20,0x1C,0x00,0x1C,0x00,0x1C,0x00,
    0x7F,0xE0,0x7F,0xE0,0x1C,0x00,0x1C,0x00,0x1C,0x00,0x1C,0x00,0x1C,0x00,0x1C,0x00,
    0x1C,0x00,0x1C,0x00,0x1C,0x00,0x1C,0x00,0x1C,0x00,0x7F,0xC0,0x7F,0xC0,0x00,0x00,
    0x00,0x00,0x00,0x00,0x00,0x00,0x00,0x00,0x00,0x00,0x00,0x00,0x00,0x00,0x00,0x00,
    0x00,0x00,0x00,0x00,0x00,0x00,0x00,0x00,0x00,0x00,0x00,0x00,0x00,0x00,0x00,0x00,
    0x00,0x00,0x00,0x00,0x00,0x00,0x00,0x00,0x00,0x00,0x00,0x00,0x00,0x00,0x00,0x00,
    0x00,0x00,0x00,0x00,0x00,0x00,0x00,0x0F,0x07,0xEF,0x1F,0xFB,0x3C,0x38,0x38,0x1C,
    0x38,0x1C,0x38,0x1C,0x3C,0x3C,0x1E,0x78,0x0F,0xF0,0x1F,0xE0,0x38,0x00,0x38,0x00,
    0x3F,0xF8,0x3F,0xFC,0x1F,0xFE,0x38,0x1E,0x70,0x0E,0x70,0x0E,0x78,0x1C,0x3F,0xF8,
    0x1F,0xF0,0x00,0x00,0x00,0x00,0x00,0x00,0x00,0x00,0x00,0x00,0x00,0x00,0x00,0x00,
    0x00,0x00,0x00,0x00,0x00,0x00,0x00,0x00,0x00,0x00,0x00,0x00,0x00,0x00,0x00,0x00,
    0x00,0x00,0x00,0x00,0x00,0x00,0x00,0x00,0x00,0x00,0x00,0x00,0x00,0x00,0x00,0x3E,
    0x00,0x00,0x3E,0x00,0x00,0x0E,0x00,0x00,0x0E,0x00,0x00,0x0E,0x00,0x00,0x0E,0x00,
    0x00,0x0E,0x00,0x00,0x0E,0x7E,0x00,0x0F,0xFF,0x00,0x0F,0x87,0x80,0x0F,0x03,0x80,
    0x0E,0x03,0x80,0x0E,0x03,0x80,0x0E,0x03,0x80,0x0E,0x03,0x80,0x0E,0x03,0x80,0x0E,
    0x03,0x80,0x0E,0x03,0x80,0x0E,0x03,0x80,0x0E,0x03,0x80,0x3F,0x8F,0xE0,0x3F,0x8F,
    0xE0,0x00,0x00,0x00,0x00,0x00,0x00,0x00,0x00,0x00,0x00,0x00,0x00,0x00,0x00,0x00,
    0x00,0x00,0x00,0x00,0x00,0x00,0x00,0x00,0x00,0x00,0x00,0x00,0x00,0x00,0x00,0x00,
    0x00,0x00,0x00,0x00,0x00,0x00,0x00,0x00,0x00,0x00,0x00,0x00,0x00,0x00,0x00,0x00,
    0x00,0x00,0x00,0x00,0x00,0x00,0x3C,0x00,0x3C,0x00,0x3C,0x00,0x3C,0x00,0x00,0x00,
    0x00,0x00,0x00,0x00,0x7C,0x00,0x7C,0x00,0x1C,0x00,0x1C,0x00,0x1C,0x00,0x1C,0x00,
    0x1C,0x00,0x1C,0x00,0x1C,0x00,0x1C,0x00,0x1C,0x00,0x1C,0x00,0x1C,0x00,0x7F,0x80,
    0x7F,0x80,0x00,0x00,0x00,0x00,0x00,0x00,0x00,0x00,0x00,0x00,0x00,0x00,0x00,0x00,
    0x00,0x00,0x00,0x00,0x00,0x00,0x00,0x00,0x00,0x00,0x00,0x00,0x00,0x00,0x00,0x00,
    0x00,0x00,0x00,0x00,0x00,0x00,0x00,0x00,0x00,0x00,0x00,0x00,0x00,0x00,0x38,0x00,
    0x3C,0x00,0x3C,0x00,0x38,0x00,0x00,0x00,0x00,0x00,0x00,0x00,0x7C,0x00,0x7C,0x00,
    0x1C,0x00,0x1C,0x00,0x1C,0x00,0x1C,0x00,0x1C,0x00,0x1C,0x00,0x1C,0x00,0x1C,0x00,
    0x1C,0x00,0x1C,0x00,0x1C,0x00,0x1C,0x00,0x1C,0x00,0x1C,0x00,0x1C,0x00,0x38,0x00,
    0x38,0x00,0x70,0x00,0x60,0x00,0x00,0x00,0x00,0x00,0x00,0x00,0x00,0x00,0x00,0x00,
    0x00,0x00,0x00,0x00,0x00,0x00,0x00,0x00,0x00,0x00,0x00,0x00,0x00,0x00,0x00,0x00,
    0x00,0x00,0x00,0x00,0x00,0x00,0x00,0x00,0x00,0x00,0x00,0x00,0x00,0x00,0x00,0x00,
    0x00,0x00,0x00,0x7C,0x00,0x00,0x7C,0x00,0x00,0x1C,0x00,0x00,0x1C,0x00,0x00,0x1C,
    0x00,0x00,0x1C,0x00,0x00,0x1C,0x00,0x00,0x1C,0x3F,0x80,0x1C,0x3F,0x00,0x1C,0x1C,
    0x00,0x1C,0x38,0x00,0x1C,0x70,0x00,0x1D,0xC0,0x00,0x1F,0xC0,0x00,0x1F,0xC0,0x00,
    0x1D,0xE0,0x00,0x1C,0xF0,0x00,0x1C,0x78,0x00,0x1C,0x3C,0x00,0x1C,0x1E,0x00,0x7F,
    0x0F,0xC0,0x7F,0x07,0x80,0x00,0x00,0x00,0x00,0x00,0x00,0x00,0x00,0x00,0x00,0x00,
    0x00,0x00,0x00,0x00,0x00,0x00,0x00,0x00,0x00,0x00,0x00,0x00,0x00,0x00,0x00,0x00,
    0x00,0x00,0x00,0x00,0x00,0x00,0x00,0x00,0x00,0x00,0x00,0x00,0x00,0x00,0x00,0x00,
    0x00,0x00,0x00,0x00,0x00,0x00,0x00,0x00,0x00,0x00,0x7C,0x00,0x7C,0x00,0x1C,0x00,
    0x1C,0x00,0x1C,0x00,0x1C,0x00,0x1C,0x00,0x1C,0x00,0x1C,0x00,0x1C,0x00,0x1C,0x00,
    0x1C,0x00,0x1C,0x00,0x1C,0x00,0x1C,0x00,0x1C,0x00,0x1C,0x00,0x1C,0x00,0x1C,0x00,
    0x1C,0x00,0x7F,0x80,0x7F,0x80,0x00,0x00,0x00,0x00,0x00,0x00,0x00,0x00,0x00,0x00,
    0x00,0x00,0x00,0x00,0x00,0x00,0x00,0x00,0x00,0x00,0x00,0x00,0x00,0x00,0x00,0x00,
    0x00,0x00,0x00,0x00,0x00,0x00,0x00,0x00,0x00,0x00,0x00,0x00,0x00,0x00,0x00,0x00,
    0x00,0x00,0x00,0x00,0x00,0x00,0x00,0x00,0x00,0x00,0x00,0x00,0x00,0x00,0x00,0x00,
    0x00,0x00,0x00,0x00,0x00,0x00,0x00,0x00,0x00,0x00,0x00,0x00,0x00,0x00,0x00,0x00,
    0x00,0x00,0x00,0x00,0x00,0x00,0x00,0x00,0x00,0x00,0x00,0x00,0x00,0x00,0x00,0x00,
    0x00,0x00,0x00,0x00,0x00,0x00,0x00,0x00,0x3C,0x7C,0x3E,0x00,0x3F,0xFE,0x7F,0x00,
    0x0F,0x8F,0xC7,0x80,0x0F,0x07,0x83,0x80,0x0E,0x07,0x03,0x80,0x0E,0x07,0x03,0x80,
    0x0E,0x07,0x03,0x80,0x0E,0x07,0x03,0x80,0x0E,0x07,0x03,0x80,0x0E,0x07,0x03,0x80,
    0x0E,0x07,0x03,0x80,0x0E,0x07,0x03,0x80,0x0E,0x07,0x03,0x80,0x3F,0x9F,0xCF,0xE0,
    0x3F,0x9F,0xCF,0xE0,0x00,0x00,0x00,0x00,0x00,0x00,0x00,0x00,0x00,0x00,0x00,0x00,
    0x00,0x00,0x00,0x00,0x00,0x00,0x00,0x00,0x00,0x00,0x00,0x00,0x00,0x00,0x00,0x00,
    0x00,0x00,0x00,0x00,0x00,0x00,0x00,0x00,0x00,0x00,0x00,0x00,0x00,0x00,0x00,0x00,
    0x00,0x00,0x00,0x00,0x00,0x00,0x00,0x00,0x00,0x00,0x00,0x00,0x00,0x00,0x00,0x00,
    0x00,0x00,0x00,0x00,0x00,0x00,0x00,0x00,0x00,0x00,0x00,0x00,0x00,0x00,0x00,0x00,
    0x00,0x00,0x00,0x00,0x00,0x00,0x00,0x00,0x00,0x00,0x00,0x00,0x00,0x00,0x00,0x00,
    0x00,0x00,0x00,0x00,0x3C,0x7E,0x00,0x3E,0xFF,0x00,0x0F,0x87,0x80,0x0F,0x03,0x80,
    0x0E,0x03,0x80,0x0E,0x03,0x80,0x0E,0x03,0x80,0x0E,0x03,0x80,0x0E,0x03,0x80,0x0E,
    0x03,0x80,0x0E,0x03,0x80,0x0E,0x03,0x80,0x0E,0x03,0x80,0x3F,0x8F,0xE0,0x3F,0x8F,
    0xE0,0x00,0x00,0x00,0x00,0x00,0x00,0x00,0x00,0x00,0x00,0x00,0x00,0x00,0x00,0x00,
    0x00,0x00,0x00,0x00,0x00,0x00,0x00,0x00,0x00,0x00,0x00,0x00,0x00,0x00,0x00,0x00,
    0x00,0x00,0x00,0x00,0x00,0x00,0x00,0x00,0x00,0x00,0x00,0x00,0x00,0x00,0x00,0x00,
    0x00,0x00,0x00,0x00,0x00,0x00,0x00,0x00,0x00,0x00,0x00,0x00,0x00,0x00,0x00,0x00,
    0x00,0x00,0x00,0x00,0x00,0x00,0x00,0x00,0x00,0x00,0x00,0x00,0x00,0x00,0x00,0x00,
    0x00,0x00,0x00,0x00,0x00,0x00,0x00,0x00,0x07,0xE0,0x00,0x1F,0xF8,0x00,0x3C,0x3C,
    0x00,0x38,0x1C,0x00,0x70,0x1E,0x00,0x70,0x0E,0x00,0x70,0x0E,0x00,0x70,0x0E,0x00,
    0x70,0x0E,0x00,0x70,0x0E,0x00,0x78,0x0E,0x00,0x38,0x1C,0x00,0x3C,0x3C,0x00,0x1F,
    0xF8,0x00,0x07,0xE0,0x00,0x00,0x00,0x00,0x00,0x00,0x00,0x00,0x00,0x00,0x00,0x00,
    0x00,0x00,0x00,0x00,0x00,0x00,0x00,0x00,0x00,0x00,0x00,0x00,0x00,0x00,0x00,0x00,
    0x00,0x00,0x00,0x00,0x00,0x00,0x00,0x00,0x00,0x00,0x00,0x00,0x00,0x00,0x00,0x00,
    0x00,0x00,0x00,0x00,0x00,0x00,0x00,0x00,0x00,0x00,0x00,0x00,0x00,0x00,0x00,0x00,
    0x00,0x00,0x00,0x00,0x00,0x00,0x00,0x00,0x00,0x00,0x00,0x00,0x00,0x00,0x00,0x00,
    0x00,0x00,0x00,0x00,0x00,0x00,0x00,0x00,0x00,0x00,0x00,0x00,0x7C,0xFC,0x00,0x7D,
    0xFE,0x00,0x1F,0x0F,0x00,0x1E,0x07,0x00,0x1C,0x07,0x80,0x1C,0x03,0x80,0x1C,0x03,
    0x80,0x1C,0x03,0x80,0x1C,0x03,0x80,0x1C,0x03,0x80,0x1C,0x07,0x80,0x1C,0x07,0x00,
    0x1E,0x0F,0x00,0x1F,0xFE,0x00,0x1F,0xF8,0x00,0x1C,0x00,0x00,0x1C,0x00,0x00,0x1C,
    0x00,0x00,0x1C,0x00,0x00,0x7F,0x80,0x00,0x7F,0x80,0x00,0x00,0x00,0x00,0x00,0x00,
    0x00,0x00,0x00,0x00,0x00,0x00,0x00,0x00,0x00,0x00,0x00,0x00,0x00,0x00,0x00,0x00,
    0x00,0x00,0x00,0x00,0x00,0x00,0x00,0x00,0x00,0x00,0x00,0x00,0x00,0x00,0x00,0x00,
    0x00,0x00,0x00,0x00,0x00,0x00,0x00,0x00,0x00,0x00,0x00,0x00,0x00,0x00,0x00,0x00,
    0x00,0x00,0x00,0x00,0x00,0x00,0x00,0x00,0x00,0x00,0x00,0x00,0x00,0x00,0x00,0x00,
    0x07,0xF6,0x00,0x0F,0xFE,0x00,0x1C,0x1E,0x00,0x38,0x0E,0x00,0x78,0x0E,0x00,0x70,
    0x0E,0x00,0x70,0x0E,0x00,0x70,0x0E,0x00,0x70,0x0E,0x00,0x70,0x0E,0x00,0x70,0x0E,
    0x00,0x78,0x1E,0x00,0x3C,0x3E,0x00,0x1F,0xFE,0x00,0x0F,0xCE,0x00,0x00,0x0E,0x00,
    0x00,0x0E,0x00,0x00,0x0E,0x00,0x00,0x0E,0x00,0x00,0x7F,0x80,0x00,0x7F,0x80,0x00,
    0x00,0x00,0x00,0x00,0x00,0x00,0x00,0x00,0x00,0x00,0x00,0x00,0x00,0x00,0x00,0x00,
    0x00,0x00,0x00,0x00,0x00,0x00,0x00,0x00,0x00,0x00,0x00,0x00,0x00,0x00,0x00,0x00,
    0x00,0x00,0x00,0x00,0x00,0x00,0x00,0x00,0x00,0x00,0x00,0x00,0x00,0x00,0x00,0x00,
    0x3C,0x78,0x3E,0xFC,0x1F,0x9C,0x0F,0x3C,0x0E,0x1C,0x0E,0x00,0x0E,0x00,0x0E,0x00,
    0x0E,0x00,0x0E,0x00,0x0E,0x00,0x0E,0x00,0x0E,0x00,0x3F,0xC0,0x3F,0xC0,0x00,0x00,
    0x00,0x00,0x00,0x00,0x00,0x00,0x00,0x00,0x00,0x00,0x00,0x00,0x00,0x00,0x00,0x00,
    0x00,0x00,0x00,0x00,0x00,0x00,0x00,0x00,0x00,0x00,0x00,0x00,0x00,0x00,0x00,0x00,
    0x00,0x00,0x00,0x00,0x00,0x00,0x00,0x00,0x00,0x00,0x00,0x00,0x00,0x00,0x00,0x00,
    0x00,0x00,0x00,0x00,0x00,0x00,0x00,0x00,0x0F,0xF0,0x1F,0xF0,0x3C,0x70,0x38,0x30,
    0x38,0x10,0x3E,0x00,0x1F,0xC0,0x0F,0xF0,0x03,0xF8,0x00,0x78,0x30,0x38,0x30,0x38,
    0x38,0x78,0x3F,0xF0,0x3F,0xE0,0x00,0x00,0x00,0x00,0x00,0x00,0x00,0x00,0x00,0x00,
    0x00,0x00,0x00,0x00,0x00,0x00,0x00,0x00,0x00,0x00,0x00,0x00,0x00,0x00,0x00,0x00,
    0x00,0x00,0x00,0x00,0x00,0x00,0x00,0x00,0x00,0x00,0x00,0x00,0x00,0x00,0x00,0x00,
    0x00,0x00,0x00,0x00,0x00,0x00,0x0C,0x00,0x0C,0x00,0x0C,0x00,0x1C,0x00,0x1C,0x00,
    0x7F,0xC0,0x7F,0xC0,0x1C,0x00,0x1C,0x00,0x1C,0x00,0x1C,0x00,0x1C,0x00,0x1C,0x00,
    0x1C,0x00,0x1C,0x00,0x1C,0x00,0x1C,0x00,0x1E,0x20,0x0F,0xE0,0x0F,0xC0,0x00,0x00,
    0x00,0x00,0x00,0x00,0x00,0x00,0x00,0x00,0x00,0x00,0x00,0x00,0x00,0x00,0x00,0x00,
    0x00,0x00,0x00,0x00,0x00,0x00,0x00,0x00,0x00,0x00,0x00,0x00,0x00,0x00,0x00,0x00,
    0x00,0x00,0x00,0x00,0x00,0x00,0x00,0x00,0x00,0x00,0x00,0x00,0x00,0x00,0x00,0x00,
    0x00,0x00,0x00,0x00,0x00,0x00,0x00,0x00,0x00,0x00,0x00,0x00,0x00,0x00,0x00,0x00,
    0x00,0x00,0x00,0x00,0x00,0x00,0x00,0x00,0x00,0x00,0x00,0x00,0x7C,0x3E,0x00,0x7C,
    0x3E,0x00,0x1C,0x0E,0x00,0x1C,0x0E,0x00,0x1C,0x0E,0x00,0x1C,0x0E,0x00,0x1C,0x0E,
    0x00,0x1C,0x0E,0x00,0x1C,0x0E,0x00,0x1C,0x0E,0x00,0x1C,0x0E,0x00,0x1C,0x1E,0x00,
    0x1E,0x1E,0x00,0x0F,0xFF,0x80,0x07,0xCF,0xC0,0x00,0x00,0x00,0x00,0x00,0x00,0x00,
    0x00,0x00,0x00,0x00,0x00,0x00,0x00,0x00,0x00,0x00,0x00,0x00,0x00,0x00,0x00,0x00,
    0x00,0x00,0x00,0x00,0x00,0x00,0x00,0x00,0x00,0x00,0x00,0x00,0x00,0x00,0x00,0x00,
    0x00,0x00,0x00,0x00,0x00,0x00,0x00,0x00,0x00,0x00,0x00,0x00,0x00,0x00,0x00,0x00,
    0x00,0x00,0x00,0x00,0x00,0x00,0x00,0x00,0x00,0x00,0x00,0x00,0x00,0x00,0x00,0x00,
    0x00,0x00,0x00,0x00,0x00,0x00,0x00,0x00,0x00,0x00,0x00,0x00,0x00,0x00,0x00,0x00,
    0x7F,0x1F,0x80,0x7F,0x1F,0x80,0x1C,0x07,0x00,0x1C,0x06,0x00,0x1E,0x0E,0x00,0x0E,
    0x0C,0x00,0x0E,0x0C,0x00,0x07,0x1C,0x00,0x07,0x18,0x00,0x07,0x98,0x00,0x03,0xB0,
    0x00,0x03,0xB0,0x00,0x03,0xF0,0x00,0x01,0xE0,0x00,0x01,0xE0,0x00,0x00,0x00,0x00,
    0x00,0x00,0x00,0x00,0x00,0x00,0x00,0x00,0x00,0x00,0x00,0x00,0x00,0x00,0x00,0x00,
    0x00,0x00,0x00,0x00,0x00,0x00,0x00,0x00,0x00,0x00,0x00,0x00,0x00,0x00,0x00,0x00,
    0x00,0x00,0x00,0x00,0x00,0x00,0x00,0x00,0x00,0x00,0x00,0x00,0x00,0x00,0x00,0x00,
    0x00,0x00,0x00,0x00,0x00,0x00,0x00,0x00,0x00,0x00,0x00,0x00,0x00,0x00,0x00,0x00,
    0x00,0x00,0x00,0x00,0x00,0x00,0x00,0x00,0x00,0x00,0x00,0x00,0x00,0x00,0x00,0x00,
    0x00,0x00,0x00,0x00,0x00,0x00,0x00,0x00,0x00,0x00,0x00,0x00,0x00,0x00,0x00,0x00,
    0x00,0x00,0x00,0x00,0x00,0x00,0x00,0x00,0xFE,0x1E,0x3F,0x80,0xFE,0x1E,0x1F,0x00,
    0x38,0x3E,0x0E,0x00,0x38,0x3E,0x0C,0x00,0x3C,0x37,0x0C,0x00,0x1C,0x77,0x1C,0x00,
    0x1C,0x67,0x18,0x00,0x1C,0x67,0x18,0x00,0x0E,0x63,0x98,0x00,0x0E,0xE3,0xB0,0x00,
    0x0E,0xC3,0xB0,0x00,0x07,0xC3,0xF0,0x00,0x07,0xC1,0xE0,0x00,0x07,0xC1,0xE0,0x00,
    0x07,0x81,0xE0,0x00,0x00,0x00,0x00,0x00,0x00,0x00,0x00,0x00,0x00,0x00,0x00,0x00,
    0x00,0x00,0x00,0x00,0x00,0x00,0x00,0x00,0x00,0x00,0x00,0x00,0x00,0x00,0x00,0x00,
    0x00,0x00,0x00,0x00,0x00,0x00,0x00,0x00,0x00,0x00,0x00,0x00,0x00,0x00,0x00,0x00,
    0x00,0x00,0x00,0x00,0x00,0x00,0x00,0x00,0x00,0x00,0x00,0x00,0x00,0x00,0x00,0x00,
    0x00,0x00,0x00,0x00,0x00,0x00,0x00,0x00,0x00,0x00,0x00,0x00,0x00,0x00,0x00,0x00,
    0x7F,0x3F,0x7E,0x3F,0x1C,0x1C,0x0E,0x18,0x0F,0x30,0x07,0xE0,0x03,0xE0,0x01,0xC0,
    0x03,0xE0,0x07,0xF0,0x06,0x78,0x0C,0x3C,0x18,0x1C,0x7E,0x7F,0x7E,0x7F,0x00,0x00,
    0x00,0x00,0x00,0x00,0x00,0x00,0x00,0x00,0x00,0x00,0x00,0x00,0x00,0x00,0x00,0x00,
    0x00,0x00,0x00,0x00,0x00,0x00,0x00,0x00,0x00,0x00,0x00,0x00,0x00,0x00,0x00,0x00,
    0x00,0x00,0x00,0x00,0x00,0x00,0x00,0x00,0x00,0x00,0x00,0x00,0x00,0x00,0x00,0x00,
    0x00,0x00,0x00,0x00,0x00,0x00,0x00,0x00,0x00,0x00,0x00,0x00,0x00,0x00,0x00,0x00,
    0x00,0x00,0x00,0x00,0x00,0x00,0x00,0x00,0x00,0x00,0x00,0x00,0x7F,0x9F,0x80,0x7F,
    0x0F,0x80,0x1E,0x07,0x00,0x1E,0x06,0x00,0x0E,0x0E,0x00,0x0F,0x0C,0x00,0x07,0x0C,
    0x00,0x07,0x98,0x00,0x03,0x98,0x00,0x03,0xB0,0x00,0x01,0xF0,0x00,0x01,0xF0,0x00,
    0x01,0xE0,0x00,0x00,0xE0,0x00,0x00,0xC0,0x00,0x00,0xC0,0x00,0x01,0x80,0x00,0x73,
    0x80,0x00,0x73,0x00,0x00,0x7F,0x00,0x00,0x3C,0x00,0x00,0x00,0x00,0x00,0x00,0x00,
    0x00,0x00,0x00,0x00,0x00,0x00,0x00,0x00,0x00,0x00,0x00,0x00,0x00,0x00,0x00,0x00,
    0x00,0x00,0x00,0x00,0x00,0x00,0x00,0x00,0x00,0x00,0x00,0x00,0x00,0x00,0x00,0x00,
    0x00,0x00,0x00,0x00,0x00,0x00,0x00,0x00,0x00,0x00,0x00,0x00,0x7F,0xF8,0x7F,0xF8,
    0x70,0x70,0x60,0xF0,0x60,0xE0,0x01,0xC0,0x03,0xC0,0x07,0x80,0x07,0x00,0x0E,0x00,
    0x1E,0x1C,0x3C,0x18,0x38,0x38,0x7F,0xF8,0x7F,0xF8,0x00,0x00,0x00,0x00,0x00,0x00,
    0x00,0x00,0x00,0x00,0x00,0x00,0x00,0x00,0x00,0x00,0x00,0x00,0x00,0x00,0x00,0x00,
    0x00,0x00,0x00,0x00,0x00,0x00,0x00,0x00,0x00,0x00,0x00,0x00,0x00,0x00,0x00,0x00,
    0x00,0x00,0x07,0xC0,0x0F,0xC0,0x0E,0x00,0x0E,0x00,0x0E,0x00,0x0E,0x00,0x0E,0x00,
    0x0E,0x00,0x0E,0x00,0x0E,0x00,0x0E,0x00,0x0E,0x00,0x0E,0x00,0x1C,0x00,0x38,0x00,
    0x3C,0x00,0x1E,0x00,0x0E,0x00,0x0E,0x00,0x0E,0x00,0x0E,0x00,0x0E,0x00,0x0E,0x00,
    0x0E,0x00,0x0E,0x00,0x0E,0x00,0x0E,0x00,0x0E,0x00,0x0F,0xC0,0x07,0xC0,0x00,0x00,
    0x00,0x00,0x00,0x00,0x00,0x00,0x00,0x00,0x00,0x00,0x00,0x00,0x00,0x00,0x00,0x00,
    0x00,0x00,0x00,0x00,0x00,0x00,0x00,0x00,0x00,0x00,0x06,0x00,0x06,0x00,0x06,0x00,
    0x06,0x00,0x06,0x00,0x06,0x00,0x06,0x00,0x06,0x00,0x06,0x00,0x06,0x00,0x06,0x00,
    0x06,0x00,0x06,0x00,0x06,0x00,0x06,0x00,0x06,0x00,0x06,0x00,0x06,0x00,0x06,0x00,
    0x06,0x00,0x06,0x00,0x06,0x00,0x06,0x00,0x06,0x00,0x06,0x00,0x06,0x00,0x06,0x00,
    0x00,0x00,0x00,0x00,0x00,0x00,0x00,0x00,0x00,0x00,0x00,0x00,0x00,0x00,0x00,0x00,
    0x00,0x00,0x00,0x00,0x00,0x00,0x00,0x00,0x00,0x00,0x00,0x00,0x00,0x00,0x00,0x00,
    0x00,0x00,0x7C,0x00,0x7E,0x00,0x0E,0x00,0x0E,0x00,0x0E,0x00,0x0E,0x00,0x0E,0x00,
    0x0E,0x00,0x0E,0x00,0x0E,0x00,0x0E,0x00,0x0E,0x00,0x0E,0x00,0x07,0x00,0x03,0xC0,
    0x07,0xC0,0x0F,0x00,0x0E,0x00,0x0E,0x00,0x0E,0x00,0x0E,0x00,0x0E,0x00,0x0E,0x00,
    0x0E,0x00,0x0E,0x00,0x0E,0x00,0x0E,0x00,0x0E,0x00,0x7E,0x00,0x7C,0x00,0x00,0x00,
    0x00,0x00,0x00,0x00,0x00,0x00,0x00,0x00,0x00,0x00,0x00,0x00,0x00,0x00,0x00,0x00,
    0x00,0x00,0x00,0x00,0x00,0x00,0x00,0x00,0x00,0x00,0x00,0x00,0x00,0x00,0x00,0x00,
    0x00,0x00,0x00,0x00,0x00,0x00,0x00,0x00,0x00,0x00,0x00,0x00,0x00,0x00,0x00,0x00,
    0x00,0x00,0x00,0x00,0x00,0x00,0x00,0x00,0x00,0x00,0x00,0x00,0x00,0x00,0x00,0x00,
    0x00,0x00,0x00,0x00,0x00,0x00,0x00,0x00,0x00,0x00,0x00,0x00,0x00,0x00,0x00,0x1F,
    0x86,0x00,0x3F,0xFE,0x00,0x30,0xFC,0x00,0x00,0x00,0x00,0x00,0x00,0x00,0x00,0x00,
    0x00,0x00,0x00,0x00,0x00,0x00,0x00,0x00,0x00,0x00,0x00,0x00,0x00,0x00,0x00,0x00,
    0x00,0x00,0x00,0x00,0x00,0x00,0x00,0x00,0x00,0x00,0x00,0x00,0x00,0x00,0x00,0x00,
    0x00,0x00,0x00,0x00,0x00,0x00,0x00,0x00,0x00,0x00,0x00,0x00,0x00,0x00,0x00,0x00,
    0x00,0x00,0x00,0x00,0x00,0x00,0x00,0x00,0x00,0x00,0x00,0x00,0x00,0x00,0x00,0x00,
    0x3E,0x00,0x7F,0x00,0x63,0x00,0x63,0x00,0x63,0x00,0x7F,0x00,0x3E,0x00,0x00,0x00,
    0x00,0x00,0x00,0x00,0x00,0x00,0x00,0x00,0x00,0x00,0x00,0x00,0x00,0x00,0x00,0x00,
    0x00,0x00,0x00,0x00,0x00,0x00,0x00,0x00,0x00,0x00,0x00,0x00,0x00,0x00,0x00,0x00,
    0x00,0x00,0x00,0x00,0x00,0x00,0x00,0x00,0x00,0x00,0x00,0x00,0x00,0x00,0x00,0x00,
    0x00,0x00,0x00,0x00,0x00,0x00,0x00,0x00,0x00,0x00,0x00,0x00,0x00,0x00,0x00,0x00,
    0x00,0x00,0x00,0x00,0x00,0x00,0x1F,0x80,0x7F,0xC0,0x61,0xE0,0x70,0xE0,0x00,0xE0,
    0x01,0xC0,0x01,0x80,0x03,0x00,0x06,0x00,0x1C,0x60,0x38,0xE0,0x7F,0xE0,0x7F,0xE0,
    0x00,0x00,0x00,0x00,0x00,0x00,0x00,0x00,0x00,0x00,0x00,0x00,0x00,0x00,0x00,0x00,
    0x00,0x00,0x00,0x00,0x00,0x00,0x00,0x00,0x00,0x00,0x00,0x00,0x00,0x00,0x00,0x00,
    0x00,0x00,0x00,0x00,0x00,0x00,0x00,0x00,0x00,0x00,0x00,0x00,0x00,0x00,0x00,0x00,
    0x00,0x00,0x00,0x00,0x00,0x00,0x00,0x00,0x00,0x00,0x00,0x00,0x00,0x00,0x1F,0x00,
    0x7F,0xC0,0x61,0xC0,0x71,0xC0,0x01,0xC0,0x03,0x80,0x0F,0x00,0x03,0xC0,0x00,0xE0,
    0x00,0xE0,0x41,0xC0,0x7F,0xC0,0x3F,0x80,0x00,0x00,0x00,0x00,0x00,0x00,0x00,0x00,
    0x00,0x00,0x00,0x00,0x00,0x00,0x00,0x00,0x00,0x00,0x00,0x00,0x00,0x00,0x00,0x00,
    0x00,0x00,0x00,0x00,0x00,0x00,0x00,0x00,0x00,0x00,0x00,0x00,0x00,0x00,0x00,0x00,
    0x00,0x00,0x00,0x00,0x00,0x00,0x00,0x00,0x00,0x00,0x00,0x00,0x00,0x00,0x00,0x00,
    0x00,0x00,0x00,0x00,0x04,0x00,0x7C,0x00,0x7C,0x00,0x1C,0x00,0x1C,0x00,0x1C,0x00,
    0x1C,0x00,0x1C,0x00,0x1C,0x00,0x1C,0x00,0x1C,0x00,0x1C,0x00,0x3F,0x00,0x7F,0x80,
    0x00,0x00,0x00,0x00,0x00,0x00,0x00,0x00,0x00,0x00,0x00,0x00,0x00,0x00,0x00,0x00,
    0x00,0x00,0x00,0x00,0x00,0x00,0x00,0x00,0x00,0x00,0x00,0x00,0x00,0x00,0x00,0x00,
    0x00,0x00,0x00,0x00,0x00,0x00,0x00,0x00,0x00,0x00,0x00,0x00,0x00,0x00,0x00,0x00,
    0x00,0x00,0x00,0x00,0x00,0x00,0x00,0x00,0x00,0x00,0x00,0x00,0x00,0x00,0x00,0x00,
    0x00,0x00,0x00,0x00,0x00,0x00,0x00,0x00,0x00,0x00,0x00,0x00,0x00,0x00,0x00,0x00,
    0x00,0x00,0x00,0x00,0x00,0x00,0x00,0x00,0x00,0x00,0x00,0x00,0x00,0x00,0x00,0x00,
    0x7C,0x00,0x30,0x00,0x7C,0x00,0x60,0x00,0x1C,0x00,0xE0,0x00,0x1C,0x00,0xC0,0x00,
    0x1C,0x01,0xC0,0x00,0x1C,0x01,0x80,0x00,0x1C,0x03,0x00,0x00,0x1C,0x03,0x07,0x00,
    0x1C,0x06,0x0F,0x00,0x1C,0x0E,0x0F,0x00,0x1C,0x0C,0x17,0x00,0x3F,0x1C,0x37,0x00,
    0x7F,0x98,0x67,0x00,0x00,0x38,0x47,0x00,0x00,0x70,0xC7,0x00,0x00,0x61,0x87,0x00,
    0x00,0xE1,0xFF,0xC0,0x00,0xC1,0xFF,0xC0,0x01,0xC0,0x07,0x00,0x01,0x80,0x07,0x00,
    0x03,0x80,0x07,0x00,0x00,0x00,0x00,0x00,0x00,0x00,0x00,0x00,0x00,0x00,0x00,0x00,
    0x00,0x00,0x00,0x00,0x00,0x00,0x00,0x00,0x00,0x00,0x00,0x00,0x00,0x00,0x00,0x00,
    0x00,0x00,0x00,0x00,0x00,0x00,0x00,0x00,0x00,0x00,0x00,0x00,0x00,0x00,0x00,0x00,
    0x00,0x00,0x00,0x00,0x00,0x00,0x00,0x00,0x00,0x00,0x00,0x00,0x00,0x00,0x00,0x00,
    0x00,0x00,0x00,0x00,0x00,0x00,0x00,0x00,0x00,0x00,0x00,0x00,0x00,0x00,0x00,0x00,
    0x00,0x00,0x00,0x00,0x00,0x00,0x00,0x00,0x00,0x00,0x00,0x00,0x00,0x00,0x00,0x00,
    0x00,0x00,0x00,0x00,0x7C,0x00,0x30,0x00,0x7C,0x00,0x70,0x00,0x1C,0x00,0x60,0x00,
    0x1C,0x00,0xC0,0x00,0x1C,0x01,0xC0,0x00,0x1C,0x01,0x80,0x00,0x1C,0x03,0x9F,0x00,
    0x1C,0x03,0x3F,0x80,0x1C,0x07,0x73,0xC0,0x1C,0x0E,0x71,0xC0,0x1C,0x0C,0x71,0xC0,
    0x3F,0x1C,0x01,0xC0,0x7F,0x98,0x03,0x80,0x00,0x38,0x03,0x80,0x00,0x30,0x07,0x00,
    0x00,0x70,0x0E,0x00,0x00,0xE0,0x1C,0x40,0x00,0xC0,0x38,0xC0,0x01,0xC0,0x7F,0xC0,
    0x01,0x80,0x7F,0xC0,0x03,0x80,0x00,0x00,0x00,0x00,0x00,0x00,0x00,0x00,0x00,0x00,
    0x00,0x00,0x00,0x00,0x00,0x00,0x00,0x00,0x00,0x00,0x00,0x00,0x00,0x00,0x00,0x00,
    0x00,0x00,0x00,0x00,0x00,0x00,0x00,0x00,0x00,0x00,0x00,0x00,0x00,0x00,0x00,0x00,
    0x00,0x00,0x00,0x00,0x00,0x00,0x00,0x00,0x00,0x00,0x00,0x00,0x00,0x00,0x00,0x00,
    0x00,0x00,0x00,0x00,0x00,0x00,0x00,0x00,0x00,0x00,0x00,0x00,0x00,0x00,0x00,0x00,
    0x00,0x00,0x00,0x00,0x00,0x00,0x00,0x00,0x00,0x00,0x00,0x00,0x00,0x00,0x00,0x00,
    0x1F,0x00,0x18,0x00,0x7F,0x80,0x30,0x00,0x73,0xC0,0x70,0x00,0x71,0xC0,0x60,0x00,
    0x21,0xC0,0xE0,0x00,0x03,0x80,0xC0,0x00,0x0F,0x01,0x80,0x00,0x07,0xC3,0x83,0x80,
    0x01,0xE3,0x07,0x80,0x00,0xE7,0x07,0x80,0x40,0xE6,0x0F,0x80,0x71,0xEE,0x1B,0x80,
    0x3F,0xCC,0x13,0x80,0x1F,0x1C,0x33,0x80,0x00,0x38,0x63,0x80,0x00,0x30,0xC3,0x80,
    0x00,0x70,0xFF,0xE0,0x00,0x60,0xFF,0xE0,0x00,0xE0,0x03,0x80,0x01,0xC0,0x03,0x80,
    0x01,0xC0,0x03,0x80,0x00,0x00,0x00,0x00,0x00,0x00,0x00,0x00,0x00,0x00,0x00,0x00,
    0x00,0x00,0x00,0x00,0x00,0x00,0x00,0x00,0x00,0x00,0x00,0x00,0x00,0x00,0x00,0x00,
    0x00,0x00,0x00,0x00,0x00,0x00,0x00,0x00,0x00,0x00,0x00,0x00,0x00,0x00,0x00,0x00,
    0x00,0x00,0x00,0x00,0x00,0x00,0x00,0x00,0x00,0x00,0x00,0x00,0x00,0x00,0x00,0x00,
    0x00,0x40,0x00,0x00,0xE0,0x00,0x00,0xF0,0x00,0x00,0x78,0x00,0x00,0x1C,0x00,0x00,
    0x00,0x00,0x00,0x00,0x00,0x00,0x3C,0x00,0x00,0x7C,0x00,0x00,0x7C,0x00,0x00,0x7E,
    0x00,0x00,0xEE,0x00,0x00,0xCE,0x00,0x00,0xCF,0x00,0x01,0xC7,0x00,0x01,0x87,0x80,
    0x03,0x87,0x80,0x03,0x83,0x80,0x03,0x03,0xC0,0x07,0xFF,0xC0,0x07,0xFF,0xC0,0x06,
    0x01,0xE0,0x0E,0x01,0xE0,0x0C,0x00,0xE0,0x1C,0x00,0xF0,0x7F,0x03,0xF8,0x7F,0x83,
    0xF8,0x00,0x00,0x00,0x00,0x00,0x00,0x00,0x00,0x00,0x00,0x00,0x00,0x00,0x00,0x00,
    0x00,0x00,0x00,0x00,0x00,0x00,0x00,0x00,0x00,0x00,0x00,0x00,0x00,0x00,0x00,0x00,
    0x00,0x00,0x00,0x00,0x00,0x00,0x00,0x00,0x00,0x00,0x00,0x00,0x00,0x00,0x00,0x00,
    0x00,0x00,0x00,0x00,0x00,0x04,0x00,0x00,0x0E,0x00,0x00,0x1E,0x00,0x00,0x3C,0x00,
    0x00,0x70,0x00,0x00,0x00,0x00,0x00,0x00,0x00,0x00,0x3C,0x00,0x00,0x7C,0x00,0x00,
    0x7C,0x00,0x00,0xFE,0x00,0x00,0xCE,0x00,0x00,0xCE,0x00,0x01,0xCF,0x00,0x01,0x87,
    0x00,0x01,0x87,0x00,0x03,0x87,0x80,0x03,0x03,0x80,0x03,0x03,0xC0,0x07,0xFF,0xC0,
    0x07,0xFF,0xC0,0x0E,0x01,0xE0,0x0C,0x01,0xE0,0x0C,0x00,0xE0,0x1C,0x00,0xF0,0x7F,
    0x03,0xF8,0x7F,0x03,0xF8,0x00,0x00,0x00,0x00,0x00,0x00,0x00,0x00,0x00,0x00,0x00,
    0x00,0x00,0x00,0x00,0x00,0x00,0x00,0x00,0x00,0x00,0x00,0x00,0x00,0x00,0x00,0x00,
    0x00,0x00,0x00,0x00,0x00,0x00,0x00,0x00,0x00,0x00,0x00,0x00,0x00,0x00,0x00,0x00,
    0x00,0x00,0x00,0x00,0x00,0x00,0x00,0x00,0x00,0x38,0x00,0x00,0x7C,0x00,0x00,0x7E,
    0x00,0x00,0xEF,0x00,0x01,0x83,0x00,0x01,0x01,0x00,0x00,0x00,0x00,0x00,0x3C,0x00,
    0x00,0x7C,0x00,0x00,0x7C,0x00,0x00,0xFE,0x00,0x00,0xCE,0x00,0x00,0xCE,0x00,0x01,
    0xCF,0x00,0x01,0x87,0x00,0x01,0x87,0x00,0x03,0x87,0x80,0x03,0x03,0x80,0x03,0x03,
    0xC0,0x07,0xFF,0xC0,0x07,0xFF,0xC0,0x0E,0x01,0xE0,0x0C,0x01,0xE0,0x0C,0x00,0xE0,
    0x1C,0x00,0xF0,0x7F,0x03,0xF8,0x7F,0x03,0xF8,0x00,0x00,0x00,0x00,0x00,0x00,0x00,
    0x00,0x00,0x00,0x00,0x00,0x00,0x00,0x00,0x00,0x00,0x00,0x00,0x00,0x00,0x00,0x00,
    0x00,0x00,0x00,0x00,0x00,0x00,0x00,0x00,0x00,0x00,0x00,0x00,0x00,0x00,0x00,0x00,
    0x00,0x00,0x00,0x00,0x00,0x00,0x00,0x00,0x00,0x00,0x00,0x00,0x00,0x00,0x00,0x00,
    0xE0,0x00,0x01,0xFD,0x80,0x01,0xFF,0x00,0x01,0x1E,0x00,0x00,0x00,0x00,0x00,0x00,
    0x00,0x00,0x3C,0x00,0x00,0x7C,0x00,0x00,0x7C,0x00,0x00,0xFE,0x00,0x00,0xCE,0x00,
    0x00,0xCE,0x00,0x01,0xCF,0x00,0x01,0x87,0x00,0x01,0x87,0x00,0x03,0x87,0x80,0x03,
    0x03,0x80,0x03,0x03,0xC0,0x07,0xFF,0xC0,0x07,0xFF,0xC0,0x0E,0x01,0xE0,0x0C,0x01,
    0xE0,0x0C,0x00,0xE0,0x1C,0x00,0xF0,0x7F,0x03,0xF8,0x7F,0x03,0xF8,0x00,0x00,0x00,
    0x00,0x00,0x00,0x00,0x00,0x00,0x00,0x00,0x00,0x00,0x00,0x00,0x00,0x00,0x00,0x00,
    0x00,0x00,0x00,0x00,0x00,0x00,0x00,0x00,0x00,0x00,0x00,0x00,0x00,0x00,0x00,0x00,
    0x00,0x00,0x00,0x00,0x00,0x00,0x00,0x00,0x00,0x00,0x00,0x00,0x00,0x00,0x00,0x00,
    0x00,0x00,0x00,0x03,0xCF,0x00,0x03,0xCF,0x00,0x03,0xCF,0x00,0x03,0xCF,0x00,0x00,
    0x00,0x00,0x00,0x00,0x00,0x00,0x78,0x00,0x00,0x7C,0x00,0x00,0x7C,0x00,0x00,0xDC,
    0x00,0x00,0xDE,0x00,0x01,0xCE,0x00,0x01,0x8E,0x00,0x01,0x8F,0x00,0x03,0x87,0x00,
    0x03,0x07,0x80,0x03,0x03,0x80,0x07,0x03,0x80,0x07,0xFF,0xC0,0x07,0xFF,0xC0,0x0C,
    0x01,0xE0,0x0C,0x01,0xE0,0x0C,0x00,0xE0,0x18,0x00,0xF0,0x7F,0x03,0xF8,0x7F,0x03,
    0xF8,0x00,0x00,0x00,0x00,0x00,0x00,0x00,0x00,0x00,0x00,0x00,0x00,0x00,0x00,0x00,
    0x00,0x00,0x00,0x00,0x00,0x00,0x00,0x00,0x00,0x00,0x00,0x00,0x00,0x00,0x00,0x00,
    0x00,0x00,0x00,0x00,0x00,0x00,0x00,0x00,0x00,0x00,0x00,0x00,0x00,0x00,0x00,0x00,
    0x00,0x00,0x38,0x00,0x00,0xFC,0x00,0x00,0xCE,0x00,0x00,0xC6,0x00,0x00,0xCE,0x00,
    0x00,0xFC,0x00,0x00,0x38,0x00,0x00,0x00,0x00,0x00,0x78,0x00,0x00,0x7C,0x00,0x00,
    0x7C,0x00,0x00,0xFE,0x00,0x00,0xCE,0x00,0x00,0xCE,0x00,0x01,0xCF,0x00,0x01,0x87,
    0x00,0x01,0x87,0x00,0x03,0x87,0x80,0x03,0x03,0x80,0x07,0x03,0xC0,0x07,0xFF,0xC0,
    0x07,0xFF,0xC0,0x0E,0x01,0xE0,0x0C,0x01,0xE0,0x0C,0x00,0xE0,0x1C,0x00,0xF0,0x7F,
    0x03,0xF8,0x7F,0x03,0xF8,0x00,0x00,0x00,0x00,0x00,0x00,0x00,0x00,0x00,0x00,0x00,
    0x00,0x00,0x00,0x00,0x00,0x00,0x00,0x00,0x00,0x00,0x00,0x00,0x00,0x00,0x00,0x00,
    0x00,0x00,0x00,0x00,0x00,0x00,0x00,0x00,0x00,0x00,0x00,0x00,0x00,0x00,0x00,0x00,
    0x00,0x00,0x00,0x00,0x00,0x00,0x00,0x00,0x00,0x00,0x00,0x00,0x00,0x00,0x00,0x00,
    0x00,0x00,0x00,0x00,0x00,0x00,0x00,0x00,0x00,0x00,0x00,0x00,0x00,0x00,0x00,0x00,
    0x00,0x00,0x00,0x00,0x00,0x00,0x00,0x00,0x00,0x00,0x00,0x00,0x00,0x7F,0xFF,0xE0,
    0x00,0x3F,0xFF,0xE0,0x00,0x19,0xC0,0xE0,0x00,0x39,0xC0,0x60,0x00,0x31,0xC0,0x70,
    0x00,0x71,0xC0,0x00,0x00,0x61,0xC0,0x00,0x00,0xE1,0xC1,0x80,0x00,0xC1,0xC1,0x80,
    0x01,0xFF,0xFF,0x80,0x01,0xFF,0xFF,0x80,0x03,0x81,0xC1,0x80,0x03,0x01,0xC1,0x80,
    0x07,0x01,0xC0,0x00,0x06,0x01,0xC0,0x00,0x0E,0x01,0xC0,0x30,0x0C,0x01,0xC0,0x30,
    0x1C,0x01,0xC0,0x70,0x7F,0x07,0xFF,0xF0,0x7F,0x0F,0xFF,0xF0,0x00,0x00,0x00,0x00,
    0x00,0x00,0x00,0x00,0x00,0x00,0x00,0x00,0x00,0x00,0x00,0x00,0x00,0x00,0x00,0x00,
    0x00,0x00,0x00,0x00,0x00,0x00,0x00,0x00,0x00,0x00,0x00,0x00,0x00,0x00,0x00,0x00,
    0x00,0x00,0x00,0x00,0x00,0x00,0x00,0x00,0x00,0x00,0x00,0x00,0x00,0x00,0x00,0x00,
    0x00,0x00,0x00,0x00,0x00,0x00,0x00,0x00,0x00,0x00,0x00,0x00,0x00,0x00,0x00,0x00,
    0x00,0x00,0x00,0x00,0x00,0x00,0x00,0x00,0x00,0x00,0x00,0x00,0x00,0x01,0xF9,0x80,
    0x07,0xFF,0x80,0x0E,0x07,0x80,0x1C,0x03,0x80,0x38,0x01,0xC0,0x38,0x00,0xC0,0x78,
    0x00,0xC0,0x70,0x00,0x00,0x70,0x00,0x00,0x70,0x00,0x00,0x70,0x00,0x00,0x70,0x00,
    0x00,0x70,0x00,0x00,0x78,0x00,0x00,0x38,0x00,0x00,0x3C,0x00,0xC0,0x1E,0x01,0xC0,
    0x0F,0x03,0x80,0x07,0xFF,0x00,0x01,0xFC,0x00,0x00,0x40,0x00,0x00,0xF0,0x00,0x00,
    0x38,0x00,0x00,0x18,0x00,0x01,0xF8,0x00,0x00,0xF0,0x00,0x00,0x00,0x00,0x00,0x00,
    0x00,0x00,0x00,0x00,0x00,0x00,0x00,0x00,0x00,0x00,0x00,0x00,0x00,0x00,0x00,0x00,
    0x00,0x00,0x00,0x00,0x00,0x00,0x00,0x00,0x00,0x00,0x00,0x00,0x02,0x00,0x00,0x07,
    0x80,0x00,0x07,0xC0,0x00,0x03,0xE0,0x00,0x00,0x70,0x00,0x00,0x00,0x00,0x00,0x00,
    0x00,0x7F,0xFE,0x00,0x3F,0xFE,0x00,0x0E,0x07,0x00,0x0E,0x07,0x00,0x0E,0x03,0x00,
    0x0E,0x00,0x00,0x0E,0x00,0x00,0x0E,0x0C,0x00,0x0E,0x1C,0x00,0x0F,0xFC,0x00,0x0F,
    0xFC,0x00,0x0E,0x0C,0x00,0x0E,0x0C,0x00,0x0E,0x00,0x00,0x0E,0x00,0x00,0x0E,0x01,
    0x80,0x0E,0x03,0x80,0x0E,0x03,0x00,0x3F,0xFF,0x00,0x7F,0xFF,0x00,0x00,0x00,0x00,
    0x00,0x00,0x00,0x00,0x00,0x00,0x00,0x00,0x00,0x00,0x00,0x00,0x00,0x00,0x00,0x00,
    0x00,0x00,0x00,0x00,0x00,0x00,0x00,0x00,0x00,0x00,0x00,0x00,0x00,0x00,0x00,0x00,
    0x00,0x00,0x00,0x00,0x00,0x00,0x00,0x00,0x00,0x00,0x00,0x00,0x00,0x00,0x00,0x00,
    0x00,0x10,0x00,0x00,0x38,0x00,0x00,0xF8,0x00,0x01,0xF0,0x00,0x03,0x80,0x00,0x00,
    0x00,0x00,0x00,0x00,0x00,0x7F,0xFE,0x00,0x3F,0xFE,0x00,0x0E,0x07,0x00,0x0E,0x07,
    0x00,0x0E,0x03,0x00,0x0E,0x00,0x00,0x0E,0x00,0x00,0x0E,0x0C,0x00,0x0E,0x1C,0x00,
    0x0F,0xFC,0x00,0x0F,0xFC,0x00,0x0E,0x0C,0x00,0x0E,0x0C,0x00,0x0E,0x00,0x00,0x0E,
    0x00,0x00,0x0E,0x01,0x80,0x0E,0x03,0x80,0x0E,0x03,0x00,0x3F,0xFF,0x00,0x7F,0xFF,
    0x00,0x00,0x00,0x00,0x00,0x00,0x00,0x00,0x00,0x00,0x00,0x00,0x00,0x00,0x00,0x00,
    0x00,0x00,0x00,0x00,0x00,0x00,0x00,0x00,0x00,0x00,0x00,0x00,0x00,0x00,0x00,0x00,
    0x00,0x00,0x00,0x00,0x00,0x00,0x00,0x00,0x00,0x00,0x00,0x00,0x00,0x00,0x00,0x00,
    0x00,0x00,0x00,0x00,0x00,0xC0,0x00,0x01,0xE0,0x00,0x03,0xF0,0x00,0x07,0xB8,0x00,
    0x0E,0x1C,0x00,0x00,0x00,0x00,0x00,0x00,0x00,0x7F,0xFE,0x00,0x3F,0xFE,0x00,0x0E,
    0x07,0x00,0x0E,0x07,0x00,0x0E,0x03,0x00,0x0E,0x00,0x00,0x0E,0x00,0x00,0x0E,0x0C,
    0x00,0x0E,0x1C,0x00,0x0F,0xFC,0x00,0x0F,0xFC,0x00,0x0E,0x0C,0x00,0x0E,0x0C,0x00,
    0x0E,0x00,0x00,0x0E,0x00,0x00,0x0E,0x01,0x80,0x0E,0x03,0x80,0x0E,0x03,0x00,0x3F,
    0xFF,0x00,0x7F,0xFF,0x00,0x00,0x00,0x00,0x00,0x00,0x00,0x00,0x00,0x00,0x00,0x00,
    0x00,0x00,0x00,0x00,0x00,0x00,0x00,0x00,0x00,0x00,0x00,0x00,0x00,0x00,0x00,0x00,
    0x00,0x00,0x00,0x00,0x00,0x00,0x00,0x00,0x00,0x00,0x00,0x00,0x00,0x00,0x00,0x00,
    0x00,0x00,0x00,0x00,0x00,0x00,0x00,0x00,0x00,0x00,0x00,0x0F,0x3C,0x00,0x0F,0x3C,
    0x00,0x0F,0x3C,0x00,0x0F,0x3C,0x00,0x00,0x00,0x00,0x00,0x00,0x00,0x7F,0xFE,0x00,
    0x3F,0xFF,0x00,0x0E,0x07,0x00,0x0E,0x03,0x00,0x0E,0x03,0x00,0x0E,0x00,0x00,0x0E,
    0x00,0x00,0x0E,0x0C,0x00,0x0E,0x1C,0x00,0x0F,0xFC,0x00,0x0F,0xFC,0x00,0x0E,0x0C,
    0x00,0x0E,0x0C,0x00,0x0E,0x00,0x00,0x0E,0x00,0x00,0x0E,0x01,0x80,0x0E,0x03,0x80,
    0x0E,0x03,0x80,0x3F,0xFF,0x80,0x7F,0xFF,0x00,0x00,0x00,0x00,0x00,0x00,0x00,0x00,
    0x00,0x00,0x00,0x00,0x00,0x00,0x00,0x00,0x00,0x00,0x00,0x00,0x00,0x00,0x00,0x00,
    0x00,0x00,0x00,0x00,0x00,0x00,0x00,0x00,0x00,0x00,0x00,0x00,0x00,0x00,0x00,0x00,
    0x00,0x00,0x00,0x00,0x10,0x00,0x1C,0x00,0x1E,0x00,0x0F,0x00,0x03,0x80,0x00,0x00,
    0x00,0x00,0x3F,0xC0,0x3F,0xC0,0x07,0x00,0x07,0x00,0x07,0x00,0x07,0x00,0x07,0x00,
    0x07,0x00,0x07,0x00,0x07,0x00,0x07,0x00,0x07,0x00,0x07,0x00,0x07,0x00,0x07,0x00,
    0x07,0x00,0x07,0x00,0x07,0x00,0x3F,0xC0,0x3F,0xC0,0x00,0x00,0x00,0x00,0x00,0x00,
    0x00,0x00,0x00,0x00,0x00,0x00,0x00,0x00,0x00,0x00,0x00,0x00,0x00,0x00,0x00,0x00,
    0x00,0x00,0x00,0x00,0x00,0x00,0x00,0x00,0x00,0x00,0x00,0x00,0x00,0x80,0x01,0xC0,
    0x03,0xC0,0x07,0x80,0x0E,0x00,0x00,0x00,0x00,0x00,0x3F,0xC0,0x3F,0xC0,0x07,0x00,
    0x07,0x00,0x07,0x00,0x07,0x00,0x07,0x00,0x07,0x00,0x07,0x00,0x07,0x00,0x07,0x00,
    0x07,0x00,0x07,0x00,0x07,0x00,0x07,0x00,0x07,0x00,0x07,0x00,0x07,0x00,0x3F,0xC0,
    0x3F,0xC0,0x00,0x00,0x00,0x00,0x00,0x00,0x00,0x00,0x00,0x00,0x00,0x00,0x00,0x00,
    0x00,0x00,0x00,0x00,0x00,0x00,0x00,0x00,0x00,0x00,0x00,0x00,0x00,0x00,0x00,0x00,
    0x00,0x00,0x00,0x00,0x06,0x00,0x0F,0x00,0x1F,0x80,0x3D,0xC0,0x70,0xC0,0x00,0x00,
    0x00,0x00,0x3F,0xC0,0x3F,0xC0,0x07,0x00,0x07,0x00,0x07,0x00,0x07,0x00,0x07,0x00,
    0x07,0x00,0x07,0x00,0x07,0x00,0x07,0x00,0x07,0x00,0x07,0x00,0x07,0x00,0x07,0x00,
    0x07,0x00,0x07,0x00,0x07,0x00,0x3F,0xC0,0x3F,0xC0,0x00,0x00,0x00,0x00,0x00,0x00,
    0x00,0x00,0x00,0x00,0x00,0x00,0x00,0x00,0x00,0x00,0x00,0x00,0x00,0x00,0x00,0x00,
    0x00,0x00,0x00,0x00,0x00,0x00,0x00,0x00,0x00,0x00,0x00,0x00,0x00,0x00,0x79,0xE0,
    0x79,0xE0,0x79,0xE0,0x79,0xE0,0x00,0x00,0x00,0x00,0x3F,0xC0,0x3F,0xC0,0x0E,0x00,
    0x0E,0x00,0x0E,0x00,0x0E,0x00,0x0E,0x00,0x0E,0x00,0x0E,0x00,0x0E,0x00,0x0E,0x00,
    0x0E,0x00,0x0E,0x00,0x0E,0x00,0x0E,0x00,0x0E,0x00,0x0E,0x00,0x0E,0x00,0x3F,0xC0,
    0x3F,0xC0,0x00,0x00,0x00,0x00,0x00,0x00,0x00,0x00,0x00,0x00,0x00,0x00,0x00,0x00,
    0x00,0x00,0x00,0x00,0x00,0x00,0x00,0x00,0x00,0x00,0x00,0x00,0x00,0x00,0x00,0x00,
    0x00,0x00,0x00,0x00,0x00,0x00,0x00,0x00,0x00,0x00,0x00,0x00,0x00,0x00,0x00,0x00,
    0x00,0x00,0x00,0x00,0x00,0x00,0x00,0x00,0x00,0x00,0x00,0x00,0x00,0x00,0x00,0x00,
    0x00,0x7F,0xFC,0x00,0x3F,0xFF,0x00,0x0E,0x07,0xC0,0x0E,0x01,0xC0,0x0E,0x00,0xE0,
    0x0E,0x00,0xF0,0x0E,0x00,0xF0,0x0E,0x00,0x70,0x0E,0x00,0x70,0xFF,0xF0,0x70,0xFF,
    0xF0,0x70,0x0E,0x00,0x70,0x0E,0x00,0x70,0x0E,0x00,0xF0,0x0E,0x00,0xE0,0x0E,0x01,
    0xE0,0x0E,0x01,0xC0,0x0E,0x07,0x80,0x3F,0xFF,0x00,0x7F,0xF8,0x00,0x00,0x00,0x00,
    0x00,0x00,0x00,0x00,0x00,0x00,0x00,0x00,0x00,0x00,0x00,0x00,0x00,0x00,0x00,0x00,
    0x00,0x00,0x00,0x00,0x00,0x00,0x00,0x00,0x00,0x00,0x00,0x00,0x00,0x00,0x00,0x00,
    0x00,0x00,0x00,0x00,0x00,0x00,0x00,0x00,0x00,0x00,0x00,0x00,0x00,0x00,0x00,0x00,
    0x00,0x00,0x00,0x00,0x70,0x00,0x00,0xFC,0x80,0x00,0xFF,0x80,0x00,0x8F,0x00,0x00,
    0x00,0x00,0x00,0x00,0x00,0x3F,0x80,0xFE,0x3F,0xC0,0xFE,0x07,0xC0,0x30,0x07,0xE0,
    0x30,0x06,0xE0,0x30,0x06,0x70,0x30,0x06,0x70,0x30,0x06,0x38,0x30,0x06,0x3C,0x30,
    0x06,0x1C,0x30,0x06,0x1E,0x30,0x06,0x0E,0x30,0x06,0x07,0x30,0x06,0x07,0xB0,0x06,
    0x03,0xB0,0x06,0x03,0xF0,0x06,0x01,0xF0,0x06,0x00,0xF0,0x3F,0x80,0xF0,0x3F,0x80,
    0x70,0x00,0x00,0x00,0x00,0x00,0x00,0x00,0x00,0x00,0x00,0x00,0x00,0x00,0x00,0x00,
    0x00,0x00,0x00,0x00,0x00,0x00,0x00,0x00,0x00,0x00,0x00,0x00,0x00,0x00,0x00,0x00,
    0x00,0x00,0x00,0x00,0x00,0x00,0x00,0x00,0x00,0x00,0x00,0x00,0x00,0x00,0x00,0x00,
    0x00,0x00,0x00,0x00,0x01,0x80,0x00,0x01,0xC0,0x00,0x01,0xE0,0x00,0x00,0xF0,0x00,
    0x00,0x38,0x00,0x00,0x08,0x00,0x00,0x00,0x00,0x01,0xFE,0x00,0x07,0xFF,0x00,0x0F,
    0x07,0xC0,0x1C,0x01,0xC0,0x38,0x00,0xE0,0x38,0x00,0xE0,0x78,0x00,0xF0,0x70,0x00,
    0x70,0x70,0x00,0x70,0x70,0x00,0x70,0x70,0x00,0x70,0x70,0x00,0x70,0x70,0x00,0x70,
    0x78,0x00,0x70,0x38,0x00,0xE0,0x3C,0x00,0xE0,0x1C,0x01,0xC0,0x0F,0x03,0x80,0x07,
    0xFF,0x00,0x01,0xFC,0x00,0x00,0x00,0x00,0x00,0x00,0x00,0x00,0x00,0x00,0x00,0x00,
    0x00,0x00,0x00,0x00,0x00,0x00,0x00,0x00,0x00,0x00,0x00,0x00,0x00,0x00,0x00,0x00,
    0x00,0x00,0x00,0x00,0x00,0x00,0x00,0x00,0x00,0x00,0x00,0x00,0x00,0x00,0x00,0x00,
    0x00,0x00,0x00,0x00,0x00,0x00,0x00,0x00,0x00,0x0C,0x00,0x00,0x1C,0x00,0x00,0x3C,
    0x00,0x00,0x78,0x00,0x00,0xE0,0x00,0x00,0x80,0x00,0x00,0x00,0x00,0x01,0xFE,0x00,
    0x07,0xFF,0x00,0x0F,0x07,0xC0,0x1C,0x01,0xC0,0x38,0x00,0xE0,0x38,0x00,0xE0,0x78,
    0x00,0xF0,0x70,0x00,0x70,0x70,0x00,0x70,0x70,0x00,0x70,0x70,0x00,0x70,0x70,0x00,
    0x70,0x70,0x00,0x70,0x78,0x00,0x70,0x38,0x00,0xE0,0x3C,0x00,0xE0,0x1C,0x01,0xC0,
    0x0F,0x03,0x80,0x07,0xFF,0x00,0x01,0xFC,0x00,0x00,0x00,0x00,0x00,0x00,0x00,0x00,
    0x00,0x00,0x00,0x00,0x00,0x00,0x00,0x00,0x00,0x00,0x00,0x00,0x00,0x00,0x00,0x00,
    0x00,0x00,0x00,0x00,0x00,0x00,0x00,0x00,0x00,0x00,0x00,0x00,0x00,0x00,0x00,0x00,
    0x00,0x00,0x00,0x00,0x00,0x00,0x00,0x00,0x00,0x00,0x20,0x00,0x00,0x70,0x00,0x00,
    0xF8,0x00,0x00,0xFC,0x00,0x01,0xDC,0x00,0x03,0x86,0x00,0x02,0x02,0x00,0x00,0x00,
    0x00,0x01,0xFE,0x00,0x07,0xFF,0x00,0x0F,0x07,0xC0,0x1C,0x01,0xC0,0x38,0x00,0xE0,
    0x38,0x00,0xE0,0x78,0x00,0xF0,0x70,0x00,0x70,0x70,0x00,0x70,0x70,0x00,0x70,0x70,
    0x00,0x70,0x70,0x00,0x70,0x70,0x00,0x70,0x78,0x00,0x70,0x38,0x00,0xE0,0x3C,0x00,
    0xE0,0x1C,0x01,0xC0,0x0F,0x03,0x80,0x07,0xFF,0x00,0x01,0xFC,0x00,0x00,0x00,0x00,
    0x00,0x00,0x00,0x00,0x00,0x00,0x00,0x00,0x00,0x00,0x00,0x00,0x00,0x00,0x00,0x00,
    0x00,0x00,0x00,0x00,0x00,0x00,0x00,0x00,0x00,0x00,0x00,0x00,0x00,0x00,0x00,0x00,
    0x00,0x00,0x00,0x00,0x00,0x00,0x00,0x00,0x00,0x00,0x00,0x00,0x00,0x00,0x00,0x00,
    0x00,0x00,0x00,0x01,0xC0,0x00,0x03,0xFB,0x00,0x03,0xFE,0x00,0x02,0x3C,0x00,0x00,
    0x00,0x00,0x00,0x00,0x00,0x01,0xFE,0x00,0x07,0xFF,0x00,0x0F,0x07,0xC0,0x1C,0x01,
    0xC0,0x38,0x00,0xE0,0x38,0x00,0xE0,0x78,0x00,0xF0,0x70,0x00,0x70,0x70,0x00,0x70,
    0x70,0x00,0x70,0x70,0x00,0x70,0x70,0x00,0x70,0x70,0x00,0x70,0x78,0x00,0x70,0x38,
    0x00,0xE0,0x3C,0x00,0xE0,0x1C,0x01,0xC0,0x0F,0x03,0x80,0x07,0xFF,0x00,0x01,0xFC,
    0x00,0x00,0x00,0x00,0x00,0x00,0x00,0x00,0x00,0x00,0x00,0x00,0x00,0x00,0x00,0x00,
    0x00,0x00,0x00,0x00,0x00,0x00,0x00,0x00,0x00,0x00,0x00,0x00,0x00,0x00,0x00,0x00,
    0x00,0x00,0x00,0x00,0x00,0x00,0x00,0x00,0x00,0x00,0x00,0x00,0x00,0x00,0x00,0x00,
    0x00,0x00,0x00,0x00,0x03,0xCF,0x00,0x03,0xCF,0x00,0x03,0xCF,0x00,0x03,0xCF,0x00,
    0x00,0x00,0x00,0x00,0x00,0x00,0x00,0x00,0x00,0x01,0xFE,0x00,0x07,0xFF,0x00,0x0F,
    0x07,0xC0,0x1C,0x01,0xC0,0x38,0x00,0xE0,0x38,0x00,0xE0,0x78,0x00,0xF0,0x70,0x00,
    0x70,0x70,0x00,0x70,0x70,0x00,0x70,0x70,0x00,0x70,0x70,0x00,0x70,0x70,0x00,0x70,
    0x78,0x00,0x70,0x38,0x00,0xE0,0x3C,0x00,0xE0,0x1C,0x01,0xC0,0x0F,0x03,0x80,0x07,
    0xFF,0x00,0x01,0xFC,0x00,0x00,0x00,0x00,0x00,0x00,0x00,0x00,0x00,0x00,0x00,0x00,
    0x00,0x00,0x00,0x00,0x00,0x00,0x00,0x00,0x00,0x00,0x00,0x00,0x00,0x00,0x00,0x00,
    0x00,0x00,0x00,0x00,0x00,0x00,0x00,0x00,0x00,0x00,0x00,0x00,0x00,0x00,0x00,0x00,
    0x00,0x00,0x00,0x00,0x00,0x00,0x00,0x00,0x00,0x00,0x00,0x00,0x00,0x00,0x00,0x00,
    0x00,0x00,0x00,0x00,0x00,0x00,0x00,0x00,0x00,0x00,0x00,0x00,0x00,0x00,0x00,0x00,
    0x00,0x00,0x00,0x00,0x00,0x00,0x00,0x00,0x00,0x00,0x00,0x00,0x00,0x00,0x00,0x08,
    0x08,0x00,0x1C,0x1C,0x00,0x0E,0x38,0x00,0x07,0x70,0x00,0x03,0xE0,0x00,0x01,0xC0,
    0x00,0x03,0xE0,0x00,0x07,0x70,0x00,0x0E,0x38,0x00,0x18,0x1C,0x00,0x00,0x00,0x00,
    0x00,0x00,0x00,0x00,0x00,0x00,0x00,0x00,0x00,0x00,0x00,0x00,0x00,0x00,0x00,0x00,
    0x00,0x00,0x00,0x00,0x00,0x00,0x00,0x00,0x00,0x00,0x00,0x00,0x00,0x00,0x00,0x00,
    0x00,0x00,0x00,0x00,0x00,0x00,0x00,0x00,0x00,0x00,0x00,0x00,0x00,0x00,0x00,0x00,
    0x00,0x00,0x00,0x00,0x00,0x00,0x00,0x00,0x00,0x00,0x00,0x00,0x00,0x00,0x00,0x00,
    0x00,0x00,0x00,0x00,0x00,0x00,0x00,0x00,0x00,0x00,0x00,0x00,0x00,0x00,0x00,0x00,
    0x00,0x01,0xFE,0x30,0x07,0xFF,0xE0,0x0F,0x07,0xC0,0x1C,0x01,0xC0,0x38,0x03,0xE0,
    0x38,0x07,0xF0,0x78,0x0E,0xF0,0x70,0x0C,0x70,0x70,0x18,0x70,0x70,0x30,0x70,0x70,
    0x60,0x70,0x70,0xE0,0x70,0x71,0xC0,0x70,0x7B,0x80,0x70,0x3B,0x00,0xE0,0x3E,0x00,
    0xE0,0x1E,0x01,0xC0,0x1F,0x03,0x80,0x3F,0xFF,0x00,0x63,0xFC,0x00,0x00,0x00,0x00,
    0x00,0x00,0x00,0x00,0x00,0x00,0x00,0x00,0x00,0x00,0x00,0x00,0x00,0x00,0x00,0x00,
    0x00,0x00,0x00,0x00,0x00,0x00,0x00,0x00,0x00,0x00,0x00,0x00,0x00,0x00,0x00,0x00,
    0x00,0x00,0x00,0x00,0x00,0x00,0x00,0x00,0x00,0x00,0x00,0x00,0x00,0x00,0x00,0x00,
    0x00,0x60,0x00,0x00,0xF0,0x00,0x00,0xF8,0x00,0x00,0x3C,0x00,0x00,0x0E,0x00,0x00,
    0x00,0x00,0x00,0x00,0x00,0x7F,0x81,0xFC,0x7F,0x81,0xFC,0x0E,0x00,0x60,0x0E,0x00,
    0x60,0x0E,0x00,0x60,0x0E,0x00,0x60,0x0E,0x00,0x60,0x0E,0x00,0x60,0x0E,0x00,0x60,
    0x0E,0x00,0x60,0x0E,0x00,0x60,0x0E,0x00,0x60,0x0E,0x00,0x60,0x0E,0x00,0x60,0x0E,
    0x00,0x60,0x0F,0x00,0xE0,0x07,0x00,0xC0,0x07,0x81,0xC0,0x03,0xFF,0x80,0x00,0xFE,
    0x00,0x00,0x00,0x00,0x00,0x00,0x00,0x00,0x00,0x00,0x00,0x00,0x00,0x00,0x00,0x00,
    0x00,0x00,0x00,0x00,0x00,0x00,0x00,0x00,0x00,0x00,0x00,0x00,0x00,0x00,0x00,0x00,
    0x00,0x00,0x00,0x00,0x00,0x00,0x00,0x00,0x00,0x00,0x00,0x00,0x00,0x00,0x00,0x00,
    0x00,0x00,0x00,0x00,0x00,0x06,0x00,0x00,0x0F,0x00,0x00,0x1E,0x00,0x00,0x3C,0x00,
    0x00,0x70,0x00,0x00,0x00,0x00,0x00,0x00,0x00,0x7F,0x81,0xFC,0x7F,0x81,0xFC,0x0E,
    0x00,0x60,0x0E,0x00,0x60,0x0E,0x00,0x60,0x0E,0x00,0x60,0x0E,0x00,0x60,0x0E,0x00,
    0x60,0x0E,0x00,0x60,0x0E,0x00,0x60,0x0E,0x00,0x60,0x0E,0x00,0x60,0x0E,0x00,0x60,
    0x0E,0x00,0x60,0x0E,0x00,0x60,0x0F,0x00,0xE0,0x07,0x00,0xC0,0x07,0x81,0xC0,0x03,
    0xFF,0x80,0x00,0xFE,0x00,0x00,0x00,0x00,0x00,0x00,0x00,0x00,0x00,0x00,0x00,0x00,
    0x00,0x00,0x00,0x00,0x00,0x00,0x00,0x00,0x00,0x00,0x00,0x00,0x00,0x00,0x00,0x00,
    0x00,0x00,0x00,0x00,0x00,0x00,0x00,0x00,0x00,0x00,0x00,0x00,0x00,0x00,0x00,0x00,
    0x00,0x00,0x00,0x00,0x00,0x00,0x10,0x00,0x00,0x38,0x00,0x00,0x3C,0x00,0x00,0x7E,
    0x00,0x00,0xE7,0x00,0x01,0x83,0x00,0x00,0x00,0x00,0x00,0x00,0x00,0x7F,0x81,0xFC,
    0x7F,0x81,0xFC,0x0E,0x00,0x60,0x0E,0x00,0x60,0x0E,0x00,0x60,0x0E,0x00,0x60,0x0E,
    0x00,0x60,0x0E,0x00,0x60,0x0E,0x00,0x60,0x0E,0x00,0x60,0x0E,0x00,0x60,0x0E,0x00,
    0x60,0x0E,0x00,0x60,0x0E,0x00,0x60,0x0E,0x00,0x60,0x0F,0x00,0xE0,0x07,0x00,0xC0,
    0x07,0x81,0xC0,0x03,0xFF,0x80,0x00,0xFE,0x00,0x00,0x00,0x00,0x00,0x00,0x00,0x00,
    0x00,0x00,0x00,0x00,0x00,0x00,0x00,0x00,0x00,0x00,0x00,0x00,0x00,0x00,0x00,0x00,
    0x00,0x00,0x00,0x00,0x00,0x00,0x00,0x00,0x00,0x00,0x00,0x00,0x00,0x00,0x00,0x00,
    0x00,0x00,0x00,0x00,0x00,0x00,0x00,0x00,0x00,0x00,0x00,0x00,0x01,0xE7,0x80,0x01,
    0xE7,0x80,0x01,0xE7,0x80,0x01,0xE7,0x80,0x00,0x00,0x00,0x00,0x00,0x00,0x00,0x00,
    0x00,0x7F,0x81,0xFC,0x7F,0x81,0xFC,0x0E,0x00,0x60,0x0E,0x00,0x60,0x0E,0x00,0x60,
    0x0E,0x00,0x60,0x0E,0x00,0x60,0x0E,0x00,0x60,0x0E,0x00,0x60,0x0E,0x00,0x60,0x0E,
    0x00,0x60,0x0E,0x00,0x60,0x0E,0x00,0x60,0x0E,0x00,0x60,0x0E,0x00,0x60,0x0F,0x00,
    0xE0,0x07,0x00,0xC0,0x07,0x81,0xC0,0x03,0xFF,0x80,0x00,0xFE,0x00,0x00,0x00,0x00,
    0x00,0x00,0x00,0x00,0x00,0x00,0x00,0x00,0x00,0x00,0x00,0x00,0x00,0x00,0x00,0x00,
    0x00,0x00,0x00,0x00,0x00,0x00,0x00,0x00,0x00,0x00,0x00,0x00,0x00,0x00,0x00,0x00,
    0x00,0x00,0x00,0x00,0x00,0x00,0x00,0x00,0x00,0x00,0x00,0x00,0x00,0x00,0x00,0x00,
    0x00,0x04,0x00,0x00,0x0E,0x00,0x00,0x1E,0x00,0x00,0x3C,0x00,0x00,0x70,0x00,0x00,
    0x00,0x00,0x00,0x00,0x00,0x7F,0x87,0xF0,0x7F,0x87,0xF0,0x1E,0x01,0xC0,0x0E,0x03,
    0x80,0x0F,0x03,0x00,0x07,0x87,0x00,0x03,0x86,0x00,0x03,0xCE,0x00,0x01,0xCC,0x00,
    0x00,0xF8,0x00,0x00,0xF8,0x00,0x00,0x70,0x00,0x00,0x70,0x00,0x00,0x70,0x00,0x00,
    0x70,0x00,0x00,0x70,0x00,0x00,0x70,0x00,0x00,0x70,0x00,0x01,0xFE,0x00,0x01,0xFE,
    0x00,0x00,0x00,0x00,0x00,0x00,0x00,0x00,0x00,0x00,0x00,0x00,0x00,0x00,0x00,0x00,
    0x00,0x00,0x00,0x00,0x00,0x00,0x00,0x00,0x00,0x00,0x00,0x00,0x00,0x00,0x00,0x00,
    0x00,0x00,0x00,0x00,0x00,0x00,0x00,0x00,0x00,0x00,0x00,0x00,0x00,0x00,0x00,0x00,
    0x00,0x00,0x00,0x00,0x00,0x00,0x00,0x00,0x00,0x00,0x00,0x00,0x00,0x00,0x00,0x00,
    0x00,0x00,0x00,0x00,0x00,0x00,0x00,0x00,0x00,0x3F,0xE0,0x00,0x3F,0xE0,0x00,0x07,
    0x00,0x00,0x07,0x00,0x00,0x07,0xFC,0x00,0x07,0xFE,0x00,0x07,0x07,0x00,0x07,0x07,
    0x80,0x07,0x03,0x80,0x07,0x03,0x80,0x07,0x03,0x80,0x07,0x07,0x80,0x07,0x07,0x00,
    0x07,0x0F,0x00,0x07,0xFE,0x00,0x07,0xF8,0x00,0x07,0x00,0x00,0x07,0x00,0x00,0x3F,
    0xE0,0x00,0x3F,0xE0,0x00,0x00,0x00,0x00,0x00,0x00,0x00,0x00,0x00,0x00,0x00,0x00,
    0x00,0x00,0x00,0x00,0x00,0x00,0x00,0x00,0x00,0x00,0x00,0x00,0x00,0x00,0x00,0x00,
    0x00,0x00,0x00,0x00,0x00,0x00,0x00,0x00,0x00,0x00,0x00,0x00,0x00,0x00,0x00,0x00,
    0x00,0x00,0x00,0x00,0x00,0x00,0x00,0x00,0x00,0x00,0x00,0x00,0x00,0x00,0x00,0x00,
    0x00,0x00,0x00,0x00,0x01,0xFC,0x00,0x03,0xFE,0x00,0x07,0x0F,0x00,0x06,0x07,0x00,
    0x0E,0x07,0x00,0x0E,0x07,0x00,0x0E,0x0E,0x00,0x0E,0x0E,0x00,0x3E,0x1C,0x00,0x7E,
    0x38,0x00,0x0E,0x38,0x00,0x0E,0x38,0x00,0x0E,0x3C,0x00,0x0E,0x3F,0x00,0x0E,0x1F,
    0x80,0x0E,0x0F,0xC0,0x0E,0x03,0xE0,0x0E,0x01,0xE0,0x0E,0x60,0xE0,0x0E,0x60,0xE0,
    0x0E,0x71,0xE0,0x7E,0x7F,0xC0,0x7E,0x7F,0x80,0x00,0x00,0x00,0x00,0x00,0x00,0x00,
    0x00,0x00,0x00,0x00,0x00,0x00,0x00,0x00,0x00,0x00,0x00,0x00,0x00,0x00,0x00,0x00,
    0x00,0x00,0x00,0x00,0x00,0x00,0x00,0x00,0x00,0x00,0x00,0x00,0x00,0x00,0x00,0x00,
    0x00,0x00,0x00,0x00,0x00,0x00,0x00,0x00,0x00,0x00,0x00,0x00,0x00,0x00,0x06,0x00,
    0x0F,0x00,0x07,0x00,0x03,0x80,0x00,0xC0,0x00,0x00,0x00,0x00,0x0F,0xE0,0x1F,0xF0,
    0x38,0x78,0x38,0x38,0x38,0x38,0x00,0x38,0x03,0xF8,0x1F,0xF8,0x1E,0x38,0x3C,0x38,
    0x38,0x38,0x38,0x38,0x3C,0x78,0x1F,0xFF,0x0F,0x9E,0x00,0x00,0x00,0x00,0x00,0x00,
    0x00,0x00,0x00,0x00,0x00,0x00,0x00,0x00,0x00,0x00,0x00,0x00,0x00,0x00,0x00,0x00,
    0x00,0x00,0x00,0x00,0x00,0x00,0x00,0x00,0x00,0x00,0x00,0x00,0x00,0x00,0x00,0x00,
    0x00,0x00,0x00,0x00,0x00,0x00,0x00,0xE0,0x01,0xE0,0x01,0xC0,0x03,0x80,0x07,0x00,
    0x00,0x00,0x00,0x00,0x0F,0xE0,0x1F,0xF0,0x38,0x78,0x38,0x38,0x38,0x38,0x00,0x38,
    0x00,0x38,0x0F,0xF8,0x1F,0xB8,0x3C,0x38,0x38,0x38,0x38,0x38,0x3C,0x78,0x3F,0xFF,
    0x0F,0x9E,0x00,0x00,0x00,0x00,0x00,0x00,0x00,0x00,0x00,0x00,0x00,0x00,0x00,0x00,
    0x00,0x00,0x00,0x00,0x00,0x00,0x00,0x00,0x00,0x00,0x00,0x00,0x00,0x00,0x00,0x00,
    0x00,0x00,0x00,0x00,0x00,0x00,0x00,0x00,0x00,0x00,0x00,0x00,0x03,0x80,0x03,0x80,
    0x07,0xC0,0x0E,0xE0,0x0C,0x70,0x18,0x30,0x00,0x00,0x00,0x00,0x0F,0xE0,0x1F,0xF0,
    0x38,0x78,0x38,0x38,0x38,0x38,0x00,0x38,0x03,0xF8,0x1F,0xF8,0x1E,0x38,0x3C,0x38,
    0x38,0x38,0x38,0x38,0x3C,0x78,0x1F,0xFF,0x0F,0x9E,0x00,0x00,0x00,0x00,0x00,0x00,
    0x00,0x00,0x00,0x00,0x00,0x00,0x00,0x00,0x00,0x00,0x00,0x00,0x00,0x00,0x00,0x00,
    0x00,0x00,0x00,0x00,0x00,0x00,0x00,0x00,0x00,0x00,0x00,0x00,0x00,0x00,0x00,0x00,
    0x00,0x00,0x00,0x00,0x00,0x00,0x06,0x00,0x0F,0x90,0x1F,0xF0,0x11,0xE0,0x00,0x00,
    0x00,0x00,0x00,0x00,0x0F,0xE0,0x1F,0xF0,0x38,0x78,0x38,0x38,0x38,0x38,0x00,0x38,
    0x03,0xF8,0x1F,0xF8,0x1E,0x38,0x3C,0x38,0x38,0x38,0x38,0x38,0x3C,0x78,0x1F,0xFF,
    0x0F,0x9E,0x00,0x00,0x00,0x00,0x00,0x00,0x00,0x00,0x00,0x00,0x00,0x00,0x00,0x00,
    0x00,0x00,0x00,0x00,0x00,0x00,0x00,0x00,0x00,0x00,0x00,0x00,0x00,0x00,0x00,0x00,
    0x00,0x00,0x00,0x00,0x00,0x00,0x00,0x00,0x00,0x00,0x00,0x00,0x00,0x00,0x1E,0x78,
    0x1E,0x78,0x1E,0x78,0x1E,0x78,0x00,0x00,0x00,0x00,0x00,0x00,0x0F,0xE0,0x1F,0xF0,
    0x38,0x78,0x38,0x38,0x38,0x38,0x00,0x38,0x03,0xF8,0x1F,0xF8,0x1E,0x38,0x3C,0x38,
    0x38,0x38,0x38,0x38,0x3C,0x78,0x1F,0xFF,0x0F,0x9E,0x00,0x00,0x00,0x00,0x00,0x00,
    0x00,0x00,0x00,0x00,0x00,0x00,0x00,0x00,0x00,0x00,0x00,0x00,0x00,0x00,0x00,0x00,
    0x00,0x00,0x00,0x00,0x00,0x00,0x00,0x00,0x00,0x00,0x00,0x00,0x00,0x00,0x00,0x00,
    0x00,0x00,0x00,0x00,0x07,0xC0,0x0F,0xE0,0x0C,0x60,0x0C,0x60,0x0F,0xE0,0x07,0xC0,
    0x00,0x00,0x00,0x00,0x0F,0xE0,0x1F,0xF0,0x38,0x78,0x38,0x38,0x38,0x38,0x00,0x38,
    0x03,0xF8,0x1F,0xF8,0x1E,0x38,0x3C,0x38,0x38,0x38,0x38,0x38,0x3C,0x78,0x1F,0xFF,
    0x0F,0x9E,0x00,0x00,0x00,0x00,0x00,0x00,0x00,0x00,0x00,0x00,0x00,0x00,0x00,0x00,
    0x00,0x00,0x00,0x00,0x00,0x00,0x00,0x00,0x00,0x00,0x00,0x00,0x00,0x00,0x00,0x00,
    0x00,0x00,0x00,0x00,0x00,0x00,0x00,0x00,0x00,0x00,0x00,0x00,0x00,0x00,0x00,0x00,
    0x00,0x00,0x00,0x00,0x00,0x00,0x00,0x00,0x00,0x00,0x00,0x00,0x00,0x00,0x00,0x00,
    0x00,0x00,0x00,0x00,0x00,0x00,0x00,0x00,0x00,0x00,0x00,0x00,0x00,0x00,0x00,0x00,
    0x0F,0xE3,0xF0,0x1F,0xF7,0xFC,0x38,0x7E,0x1C,0x38,0x3C,0x0E,0x38,0x38,0x0E,0x00,
    0x38,0x0E,0x03,0xFF,0xFE,0x0F,0xFF,0xFE,0x1E,0x38,0x00,0x3C,0x38,0x00,0x38,0x3C,
    0x00,0x38,0x3C,0x00,0x3C,0x7E,0x0E,0x1F,0xCF,0xFC,0x0F,0x83,0xF0,0x00,0x00,0x00,
    0x00,0x00,0x00,0x00,0x00,0x00,0x00,0x00,0x00,0x00,0x00,0x00,0x00,0x00,0x00,0x00,
    0x00,0x00,0x00,0x00,0x00,0x00,0x00,0x00,0x00,0x00,0x00,0x00,0x00,0x00,0x00,0x00,
    0x00,0x00,0x00,0x00,0x00,0x00,0x00,0x00,0x00,0x00,0x00,0x00,0x00,0x00,0x00,0x00,
    0x00,0x00,0x00,0x00,0x00,0x00,0x00,0x00,0x00,0x00,0x00,0x00,0x00,0x00,0x00,0x00,
    0x07,0xE0,0x1F,0xF0,0x3C,0x38,0x38,0x78,0x78,0x78,0x70,0x70,0x70,0x00,0x70,0x00,
    0x70,0x00,0x70,0x00,0x78,0x00,0x38,0x00,0x3C,0x18,0x1F,0xF8,0x07,0xE0,0x03,0x00,
    0x03,0xC0,0x00,0xE0,0x00,0x60,0x07,0xE0,0x07,0xC0,0x00,0x00,0x00,0x00,0x00,0x00,
    0x00,0x00,0x00,0x00,0x00,0x00,0x00,0x00,0x00,0x00,0x00,0x00,0x00,0x00,0x00,0x00,
    0x00,0x00,0x00,0x00,0x00,0x00,0x00,0x00,0x00,0x00,0x06,0x00,0x0F,0x00,0x07,0x80,
    0x03,0xC0,0x00,0xC0,0x00,0x00,0x00,0x00,0x07,0xE0,0x1F,0xF8,0x1C,0x38,0x38,0x1C,
    0x70,0x1C,0x70,0x1C,0x7F,0xFC,0x7F,0xFC,0x70,0x00,0x70,0x00,0x78,0x00,0x38,0x00,
    0x3C,0x1C,0x1F,0xF8,0x07,0xF0,0x00,0x00,0x00,0x00,0x00,0x00,0x00,0x00,0x00,0x00,
    0x00,0x00,0x00,0x00,0x00,0x00,0x00,0x00,0x00,0x00,0x00,0x00,0x00,0x00,0x00,0x00,
    0x00,0x00,0x00,0x00,0x00,0x00,0x00,0x00,0x00,0x00,0x00,0x00,0x00,0x00,0x00,0x00,
    0x00,0x00,0x00,0x60,0x00,0xF0,0x01,0xE0,0x03,0xC0,0x03,0x00,0x00,0x00,0x00,0x00,
    0x07,0xE0,0x1F,0xF8,0x1C,0x38,0x38,0x1C,0x70,0x1C,0x70,0x1C,0x7F,0xFC,0x7F,0xFC,
    0x70,0x00,0x70,0x00,0x78,0x00,0x38,0x00,0x3C,0x1C,0x1F,0xF8,0x07,0xF0,0x00,0x00,
    0x00,0x00,0x00,0x00,0x00,0x00,0x00,0x00,0x00,0x00,0x00,0x00,0x00,0x00,0x00,0x00,
    0x00,0x00,0x00,0x00,0x00,0x00,0x00,0x00,0x00,0x00,0x00,0x00,0x00,0x00,0x00,0x00,
    0x00,0x00,0x00,0x00,0x00,0x00,0x00,0x00,0x01,0x80,0x03,0xC0,0x07,0xE0,0x07,0xE0,
    0x0C,0x70,0x18,0x10,0x00,0x00,0x00,0x00,0x07,0xE0,0x1F,0xF8,0x1C,0x38,0x38,0x1C,
    0x70,0x1C,0x70,0x1C,0x7F,0xFC,0x7F,0xFC,0x70,0x00,0x70,0x00,0x78,0x00,0x38,0x00,
    0x3C,0x1C,0x1F,0xF8,0x07,0xF0,0x00,0x00,0x00,0x00,0x00,0x00,0x00,0x00,0x00,0x00,
    0x00,0x00,0x00,0x00,0x00,0x00,0x00,0x00,0x00,0x00,0x00,0x00,0x00,0x00,0x00,0x00,
    0x00,0x00,0x00,0x00,0x00,0x00,0x00,0x00,0x00,0x00,0x00,0x00,0x00,0x00,0x00,0x00,
    0x00,0x00,0x1E,0x78,0x1E,0x78,0x1E,0x78,0x1E,0x78,0x00,0x00,0x00,0x00,0x00,0x00,
    0x07,0xE0,0x1F,0xF8,0x1C,0x38,0x38,0x1C,0x70,0x1C,0x70,0x1C,0x7F,0xFC,0x7F,0xFC,
    0x70,0x00,0x70,0x00,0x78,0x00,0x38,0x00,0x3C,0x1C,0x1F,0xF8,0x07,0xF0,0x00,0x00,
    0x00,0x00,0x00,0x00,0x00,0x00,0x00,0x00,0x00,0x00,0x00,0x00,0x00,0x00,0x00,0x00,
    0x00,0x00,0x00,0x00,0x00,0x00,0x00,0x00,0x00,0x00,0x00,0x00,0x00,0x00,0x00,0x00,
    0x00,0x00,0x00,0x00,0x00,0x00,0x00,0x00,0x00,0x00,0x60,0x00,0xF0,0x00,0x78,0x00,
    0x38,0x00,0x0C,0x00,0x00,0x00,0x00,0x00,0x7C,0x00,0x7C,0x00,0x1C,0x00,0x1C,0x00,
    0x1C,0x00,0x1C,0x00,0x1C,0x00,0x1C,0x00,0x1C,0x00,0x1C,0x00,0x1C,0x00,0x1C,0x00,
    0x1C,0x00,0x7F,0x80,0x7F,0x80,0x00,0x00,0x00,0x00,0x00,0x00,0x00,0x00,0x00,0x00,
    0x00,0x00,0x00,0x00,0x00,0x00,0x00,0x00,0x00,0x00,0x00,0x00,0x00,0x00,0x00,0x00,
    0x00,0x00,0x00,0x00,0x00,0x00,0x00,0x00,0x00,0x00,0x00,0x00,0x00,0x00,0x00,0x00,
    0x00,0x00,0x06,0x00,0x0E,0x00,0x1E,0x00,0x38,0x00,0x30,0x00,0x00,0x00,0x00,0x00,
    0x7C,0x00,0x7C,0x00,0x1C,0x00,0x1C,0x00,0x1C,0x00,0x1C,0x00,0x1C,0x00,0x1C,0x00,
    0x1C,0x00,0x1C,0x00,0x1C,0x00,0x1C,0x00,0x1C,0x00,0x7F,0x80,0x7F,0x80,0x00,0x00,
    0x00,0x00,0x00,0x00,0x00,0x00,0x00,0x00,0x00,0x00,0x00,0x00,0x00,0x00,0x00,0x00,
    0x00,0x00,0x00,0x00,0x00,0x00,0x00,0x00,0x00,0x00,0x00,0x00,0x00,0x00,0x00,0x00,
    0x00,0x00,0x00,0x00,0x00,0x00,0x00,0x00,0x10,0x00,0x38,0x00,0x7C,0x00,0x7E,0x00,
    0xC7,0x00,0x83,0x00,0x00,0x00,0x00,0x00,0x7C,0x00,0x7C,0x00,0x1C,0x00,0x1C,0x00,
    0x1C,0x00,0x1C,0x00,0x1C,0x00,0x1C,0x00,0x1C,0x00,0x1C,0x00,0x1C,0x00,0x1C,0x00,
    0x1C,0x00,0x7F,0x80,0x7F,0x80,0x00,0x00,0x00,0x00,0x00,0x00,0x00,0x00,0x00,0x00,
    0x00,0x00,0x00,0x00,0x00,0x00,0x00,0x00,0x00,0x00,0x00,0x00,0x00,0x00,0x00,0x00,
    0x00,0x00,0x00,0x00,0x00,0x00,0x00,0x00,0x00,0x00,0x00,0x00,0x00,0x00,0x00,0x00,
    0x00,0x00,0xF3,0xC0,0xF3,0xC0,0xF3,0xC0,0xF3,0xC0,0x00,0x00,0x00,0x00,0x00,0x00,
    0x3E,0x00,0x3E,0x00,0x0E,0x00,0x0E,0x00,0x0E,0x00,0x0E,0x00,0x0E,0x00,0x0E,0x00,
    0x0E,0x00,0x0E,0x00,0x0E,0x00,0x0E,0x00,0x0E,0x00,0x3F,0xC0,0x3F,0xC0,0x00,0x00,
    0x00,0x00,0x00,0x00,0x00,0x00,0x00,0x00,0x00,0x00,0x00,0x00,0x00,0x00,0x00,0x00,
    0x00,0x00,0x00,0x00,0x00,0x00,0x00,0x00,0x00,0x00,0x00,0x00,0x00,0x00,0x00,0x00,
    0x00,0x00,0x00,0x00,0x00,0x00,0x00,0x00,0x00,0x00,0x00,0x00,0x00,0x00,0x00,0x00,
    0x00,0x00,0x00,0x00,0x00,0x00,0x00,0x0F,0x1C,0x00,0x07,0xF8,0x00,0x00,0xF0,0x00,
    0x01,0xF8,0x00,0x03,0x38,0x00,0x00,0x1C,0x00,0x00,0x1C,0x00,0x07,0xCE,0x00,0x1F,
    0xFE,0x00,0x3C,0x3E,0x00,0x38,0x1E,0x00,0x78,0x0E,0x00,0x70,0x0E,0x00,0x70,0x0E,
    0x00,0x70,0x0E,0x00,0x70,0x0E,0x00,0x70,0x0E,0x00,0x78,0x1C,0x00,0x38,0x1C,0x00,
    0x3C,0x38,0x00,0x1F,0xF0,0x00,0x07,0xE0,0x00,0x00,0x00,0x00,0x00,0x00,0x00,0x00,
    0x00,0x00,0x00,0x00,0x00,0x00,0x00,0x00,0x00,0x00,0x00,0x00,0x00,0x00,0x00,0x00,
    0x00,0x00,0x00,0x00,0x00,0x00,0x00,0x00,0x00,0x00,0x00,0x00,0x00,0x00,0x00,0x00,
    0x00,0x00,0x00,0x00,0x00,0x00,0x00,0x00,0x00,0x00,0x00,0x00,0x00,0x00,0x00,0x00,
    0x00,0x00,0x00,0x00,0x00,0x00,0x00,0x00,0x00,0x00,0x00,0x01,0x80,0x00,0x03,0xF6,
    0x00,0x03,0xFE,0x00,0x02,0x3C,0x00,0x00,0x00,0x00,0x00,0x00,0x00,0x00,0x00,0x00,
    0x3C,0x7E,0x00,0x3E,0xFF,0x00,0x0F,0x87,0x80,0x0F,0x03,0x80,0x0E,0x03,0x80,0x0E,
    0x03,0x80,0x0E,0x03,0x80,0x0E,0x03,0x80,0x0E,0x03,0x80,0x0E,0x03,0x80,0x0E,0x03,
    0x80,0x0E,0x03,0x80,0x0E,0x03,0x80,0x3F,0x8F,0xE0,0x3F,0x8F,0xE0,0x00,0x00,0x00,
    0x00,0x00,0x00,0x00,0x00,0x00,0x00,0x00,0x00,0x00,0x00,0x00,0x00,0x00,0x00,0x00,
    0x00,0x00,0x00,0x00,0x00,0x00,0x00,0x00,0x00,0x00,0x00,0x00,0x00,0x00,0x00,0x00,
    0x00,0x00,0x00,0x00,0x00,0x00,0x00,0x00,0x00,0x00,0x00,0x00,0x00,0x00,0x00,0x00,
    0x00,0x00,0x00,0x00,0x00,0x00,0x00,0x00,0x00,0x00,0x00,0x00,0x00,0x00,0x00,0x06,
    0x00,0x00,0x07,0x00,0x00,0x07,0x80,0x00,0x01,0xC0,0x00,0x00,0xC0,0x00,0x00,0x00,
    0x00,0x00,0x00,0x00,0x07,0xE0,0x00,0x1F,0xF8,0x00,0x3C,0x3C,0x00,0x38,0x1C,0x00,
    0x70,0x1E,0x00,0x70,0x0E,0x00,0x70,0x0E,0x00,0x70,0x0E,0x00,0x70,0x0E,0x00,0x70,
    0x0E,0x00,0x78,0x0E,0x00,0x38,0x1C,0x00,0x3C,0x3C,0x00,0x1F,0xF8,0x00,0x07,0xE0,
    0x00,0x00,0x00,0x00,0x00,0x00,0x00,0x00,0x00,0x00,0x00,0x00,0x00,0x00,0x00,0x00,
    0x00,0x00,0x00,0x00,0x00,0x00,0x00,0x00,0x00,0x00,0x00,0x00,0x00,0x00,0x00,0x00,
    0x00,0x00,0x00,0x00,0x00,0x00,0x00,0x00,0x00,0x00,0x00,0x00,0x00,0x00,0x00,0x00,
    0x00,0x00,0x00,0x00,0x00,0x00,0x00,0x00,0x00,0x00,0x00,0x00,0x00,0x00,0x00,0x00,
    0x00,0x00,0x00,0x00,0x60,0x00,0x00,0xE0,0x00,0x01,0xE0,0x00,0x01,0xC0,0x00,0x03,
    0x00,0x00,0x00,0x00,0x00,0x00,0x00,0x00,0x07,0xE0,0x00,0x1F,0xF8,0x00,0x3C,0x3C,
    0x00,0x38,0x1C,0x00,0x70,0x1E,0x00,0x70,0x0E,0x00,0x70,0x0E,0x00,0x70,0x0E,0x00,
    0x70,0x0E,0x00,0x70,0x0E,0x00,0x78,0x0E,0x00,0x38,0x1C,0x00,0x3C,0x3C,0x00,0x1F,
    0xF8,0x00,0x07,0xE0,0x00,0x00,0x00,0x00,0x00,0x00,0x00,0x00,0x00,0x00,0x00,0x00,
    0x00,0x00,0x00,0x00,0x00,0x00,0x00,0x00,0x00,0x00,0x00,0x00,0x00,0x00,0x00,0x00,
    0x00,0x00,0x00,0x00,0x00,0x00,0x00,0x00,0x00,0x00,0x00,0x00,0x00,0x00,0x00,0x00,
    0x00,0x00,0x00,0x00,0x00,0x00,0x00,0x00,0x00,0x00,0x00,0x00,0x00,0x00,0x00,0x00,
    0x00,0x00,0x00,0x00,0x01,0x80,0x00,0x03,0xC0,0x00,0x03,0xE0,0x00,0x07,0xE0,0x00,
    0x0E,0x70,0x00,0x08,0x10,0x00,0x00,0x00,0x00,0x00,0x00,0x00,0x07,0xE0,0x00,0x1F,
    0xF8,0x00,0x3C,0x3C,0x00,0x38,0x1C,0x00,0x70,0x1E,0x00,0x70,0x0E,0x00,0x70,0x0E,
    0x00,0x70,0x0E,0x00,0x70,0x0E,0x00,0x70,0x0E,0x00,0x78,0x0E,0x00,0x38,0x1C,0x00,
    0x3C,0x3C,0x00,0x1F,0xF8,0x00,0x07,0xE0,0x00,0x00,0x00,0x00,0x00,0x00,0x00,0x00,
    0x00,0x00,0x00,0x00,0x00,0x00,0x00,0x00,0x00,0x00,0x00,0x00,0x00,0x00,0x00,0x00,
    0x00,0x00,0x00,0x00,0x00,0x00,0x00,0x00,0x00,0x00,0x00,0x00,0x00,0x00,0x00,0x00,
    0x00,0x00,0x00,0x00,0x00,0x00,0x00,0x00,0x00,0x00,0x00,0x00,0x00,0x00,0x00,0x00,
    0x00,0x00,0x00,0x00,0x00,0x00,0x00,0x00,0x00,0x00,0x00,0x06,0x00,0x00,0x0F,0xD8,
    0x00,0x0F,0xF0,0x00,0x08,0xF0,0x00,0x00,0x00,0x00,0x00,0x00,0x00,0x00,0x00,0x00,
    0x07,0xE0,0x00,0x1F,0xF8,0x00,0x3C,0x3C,0x00,0x38,0x1C,0x00,0x70,0x1E,0x00,0x70,
    0x0E,0x00,0x70,0x0E,0x00,0x70,0x0E,0x00,0x70,0x0E,0x00,0x70,0x0E,0x00,0x78,0x0E,
    0x00,0x38,0x1C,0x00,0x3C,0x3C,0x00,0x1F,0xF8,0x00,0x07,0xE0,0x00,0x00,0x00,0x00,
    0x00,0x00,0x00,0x00,0x00,0x00,0x00,0x00,0x00,0x00,0x00,0x00,0x00,0x00,0x00,0x00,
    0x00,0x00,0x00,0x00,0x00,0x00,0x00,0x00,0x00,0x00,0x00,0x00,0x00,0x00,0x00,0x00,
    0x00,0x00,0x00,0x00,0x00,0x00,0x00,0x00,0x00,0x00,0x00,0x00,0x00,0x00,0x00,0x00,
    0x00,0x00,0x00,0x00,0x00,0x00,0x00,0x00,0x00,0x00,0x00,0x00,0x00,0x00,0x00,0x0F,
    0x78,0x00,0x0F,0x78,0x00,0x0F,0x78,0x00,0x0F,0x78,0x00,0x00,0x00,0x00,0x00,0x00,
    0x00,0x00,0x00,0x00,0x07,0xE0,0x00,0x1F,0xF8,0x00,0x3C,0x3C,0x00,0x38,0x1C,0x00,
    0x78,0x1E,0x00,0x70,0x0E,0x00,0x70,0x0E,0x00,0x70,0x0E,0x00,0x70,0x0E,0x00,0x70,
    0x0E,0x00,0x78,0x0E,0x00,0x38,0x1C,0x00,0x3C,0x3C,0x00,0x1F,0xF8,0x00,0x07,0xE0,
    0x00,0x00,0x00,0x00,0x00,0x00,0x00,0x00,0x00,0x00,0x00,0x00,0x00,0x00,0x00,0x00,
    0x00,0x00,0x00,0x00,0x00,0x00,0x00,0x00,0x00,0x00,0x00,0x00,0x00,0x00,0x00,0x00,
    0x00,0x00,0x00,0x00,0x00,0x00,0x00,0x00,0x00,0x00,0x00,0x00,0x00,0x00,0x00,0x00,
    0x00,0x00,0x00,0x00,0x00,0x00,0x00,0x00,0x00,0x00,0x00,0x00,0x00,0x00,0x00,0x00,
    0x00,0x00,0x00,0x00,0x00,0x00,0x00,0x00,0x00,0x00,0x00,0x00,0x00,0x00,0x00,0x00,
    0x00,0x00,0x00,0x00,0x00,0x00,0x00,0x00,0x01,0x80,0x00,0x03,0xC0,0x00,0x03,0xC0,
    0x00,0x03,0x80,0x00,0x00,0x00,0x00,0x00,0x00,0x00,0x3F,0xFC,0x00,0x3F,0xFC,0x00,
    0x00,0x00,0x00,0x01,0x80,0x00,0x03,0xC0,0x00,0x03,0xC0,0x00,0x03,0x80,0x00,0x00,
    0x00,0x00,0x00,0x00,0x00,0x00,0x00,0x00,0x00,0x00,0x00,0x00,0x00,0x00,0x00,0x00,
    0x00,0x00,0x00,0x00,0x00,0x00,0x00,0x00,0x00,0x00,0x00,0x00,0x00,0x00,0x00,0x00,
    0x00,0x00,0x00,0x00,0x00,0x00,0x00,0x00,0x00,0x00,0x00,0x00,0x00,0x00,0x00,0x00,
    0x00,0x00,0x00,0x00,0x00,0x00,0x00,0x00,0x00,0x00,0x00,0x00,0x00,0x00,0x00,0x00,
    0x00,0x00,0x00,0x00,0x00,0x00,0x00,0x00,0x00,0x00,0x00,0x00,0x00,0x00,0x00,0x00,
    0x00,0x00,0x00,0x00,0x00,0x00,0x00,0x00,0x00,0x00,0x00,0x00,0x07,0xE6,0x00,0x1F,
    0xFC,0x00,0x3C,0x3C,0x00,0x38,0x3C,0x00,0x70,0x7E,0x00,0x70,0xEE,0x00,0x71,0xCE,
    0x00,0x73,0x8E,0x00,0x73,0x0E,0x00,0x7E,0x0E,0x00,0x7C,0x0E,0x00,0x38,0x1C,0x00,
    0x3C,0x3C,0x00,0x7F,0xF8,0x00,0xC7,0xE0,0x00,0x00,0x00,0x00,0x00,0x00,0x00,0x00,
    0x00,0x00,0x00,0x00,0x00,0x00,0x00,0x00,0x00,0x00,0x00,0x00,0x00,0x00,0x00,0x00,
    0x00,0x00,0x00,0x00,0x00,0x00,0x00,0x00,0x00,0x00,0x00,0x00,0x00,0x00,0x00,0x00,
    0x00,0x00,0x00,0x00,0x00,0x00,0x00,0x00,0x00,0x00,0x00,0x00,0x00,0x00,0x00,0x00,
    0x00,0x00,0x00,0x00,0x00,0x00,0x00,0x00,0x00,0x00,0x00,0x03,0x00,0x00,0x07,0x80,
    0x00,0x03,0x80,0x00,0x01,0xC0,0x00,0x00,0xE0,0x00,0x00,0x00,0x00,0x00,0x00,0x00,
    0x7C,0x3E,0x00,0x7C,0x3E,0x00,0x3C,0x0E,0x00,0x1C,0x0E,0x00,0x1C,0x0E,0x00,0x1C,
    0x0E,0x00,0x1C,0x0E,0x00,0x1C,0x0E,0x00,0x1C,0x0E,0x00,0x1C,0x0E,0x00,0x1C,0x0E,
    0x00,0x1C,0x1E,0x00,0x1E,0x1E,0x00,0x0F,0xFF,0x80,0x07,0xCF,0xC0,0x00,0x00,0x00,
    0x00,0x00,0x00,0x00,0x00,0x00,0x00,0x00,0x00,0x00,0x00,0x00,0x00,0x00,0x00,0x00,
    0x00,0x00,0x00,0x00,0x00,0x00,0x00,0x00,0x00,0x00,0x00,0x00,0x00,0x00,0x00,0x00,
    0x00,0x00,0x00,0x00,0x00,0x00,0x00,0x00,0x00,0x00,0x00,0x00,0x00,0x00,0x00,0x00,
    0x00,0x00,0x00,0x00,0x00,0x00,0x00,0x00,0x00,0x00,0x00,0x00,0x00,0x00,0x00,0x00,
    0x60,0x00,0x00,0x70,0x00,0x00,0xE0,0x00,0x01,0xC0,0x00,0x01,0x80,0x00,0x00,0x00,
    0x00,0x00,0x00,0x00,0x7C,0x3E,0x00,0x7C,0x3E,0x00,0x3C,0x0E,0x00,0x1C,0x0E,0x00,
    0x1C,0x0E,0x00,0x1C,0x0E,0x00,0x1C,0x0E,0x00,0x1C,0x0E,0x00,0x1C,0x0E,0x00,0x1C,
    0x0E,0x00,0x1C,0x0E,0x00,0x1C,0x1E,0x00,0x1E,0x1E,0x00,0x0F,0xFF,0x80,0x07,0xCF,
    0xC0,0x00,0x00,0x00,0x00,0x00,0x00,0x00,0x00,0x00,0x00,0x00,0x00,0x00,0x00,0x00,
    0x00,0x00,0x00,0x00,0x00,0x00,0x00,0x00,0x00,0x00,0x00,0x00,0x00,0x00,0x00,0x00,
    0x00,0x00,0x00,0x00,0x00,0x00,0x00,0x00,0x00,0x00,0x00,0x00,0x00,0x00,0x00,0x00,
    0x00,0x00,0x00,0x00,0x00,0x00,0x00,0x00,0x00,0x00,0x00,0x00,0x00,0x00,0x00,0x00,
    0x01,0xC0,0x00,0x01,0xC0,0x00,0x03,0xE0,0x00,0x07,0x70,0x00,0x06,0x38,0x00,0x04,
    0x18,0x00,0x00,0x00,0x00,0x00,0x00,0x00,0x7C,0x3E,0x00,0x7C,0x3E,0x00,0x1C,0x0E,
    0x00,0x1C,0x0E,0x00,0x1C,0x0E,0x00,0x1C,0x0E,0x00,0x1C,0x0E,0x00,0x1C,0x0E,0x00,
    0x1C,0x0E,0x00,0x1C,0x0E,0x00,0x1C,0x0E,0x00,0x1C,0x1E,0x00,0x1E,0x1E,0x00,0x0F,
    0xFF,0x80,0x07,0xCF,0xC0,0x00,0x00,0x00,0x00,0x00,0x00,0x00,0x00,0x00,0x00,0x00,
    0x00,0x00,0x00,0x00,0x00,0x00,0x00,0x00,0x00,0x00,0x00,0x00,0x00,0x00,0x00,0x00,
    0x00,0x00,0x00,0x00,0x00,0x00,0x00,0x00,0x00,0x00,0x00,0x00,0x00,0x00,0x00,0x00,
    0x00,0x00,0x00,0x00,0x00,0x00,0x00,0x00,0x00,0x00,0x00,0x00,0x00,0x00,0x00,0x00,
    0x00,0x00,0x00,0x00,0x00,0x00,0x00,0x0F,0x3C,0x00,0x0F,0x3C,0x00,0x0F,0x3C,0x00,
    0x0F,0x3C,0x00,0x00,0x00,0x00,0x00,0x00,0x00,0x00,0x00,0x00,0x7C,0x3E,0x00,0x7C,
    0x3E,0x00,0x1C,0x0E,0x00,0x1C,0x0E,0x00,0x1C,0x0E,0x00,0x1C,0x0E,0x00,0x1C,0x0E,
    0x00,0x1C,0x0E,0x00,0x1C,0x0E,0x00,0x1C,0x0E,0x00,0x1C,0x0E,0x00,0x1C,0x1E,0x00,
    0x1E,0x1E,0x00,0x0F,0xFF,0x80,0x07,0xC7,0xC0,0x00,0x00,0x00,0x00,0x00,0x00,0x00,
    0x00,0x00,0x00,0x00,0x00,0x00,0x00,0x00,0x00,0x00,0x00,0x00,0x00,0x00,0x00,0x00,
    0x00,0x00,0x00,0x00,0x00,0x00,0x00,0x00,0x00,0x00,0x00,0x00,0x00,0x00,0x00,0x00,
    0x00,0x00,0x00,0x00,0x00,0x00,0x00,0x00,0x00,0x00,0x00,0x00,0x00,0x00,0x00,0x00,
    0x00,0x00,0x00,0x00,0x00,0x00,0x00,0x00,0x00,0x00,0x00,0x00,0x18,0x00,0x00,0x38,
    0x00,0x00,0x78,0x00,0x00,0xE0,0x00,0x00,0x80,0x00,0x00,0x00,0x00,0x00,0x00,0x00,
    0x7F,0x9F,0x80,0x7F,0x1F,0x80,0x1E,0x07,0x00,0x1E,0x06,0x00,0x0E,0x0E,0x00,0x0F,
    0x0C,0x00,0x07,0x0C,0x00,0x07,0x98,0x00,0x03,0x98,0x00,0x03,0xB0,0x00,0x01,0xF0,
    0x00,0x01,0xF0,0x00,0x01,0xE0,0x00,0x00,0xE0,0x00,0x00,0xC0,0x00,0x00,0xC0,0x00,
    0x01,0x80,0x00,0x73,0x80,0x00,0x73,0x00,0x00,0x7F,0x00,0x00,0x3C,0x00,0x00,0x00,
    0x00,0x00,0x00,0x00,0x00,0x00,0x00,0x00,0x00,0x00,0x00,0x00,0x00,0x00,0x00,0x00,
    0x00,0x00,0x00,0x00,0x00,0x00,0x00,0x00,0x00,0x00,0x00,0x00,0x00,0x00,0x00,0x00,
    0x00,0x00,0x00,0x00,0x00,0x00,0x00,0x00,0x00,0x00,0x00,0x00,0x00,0x00,0x00,0x7C,
    0x00,0x00,0x7C,0x00,0x00,0x1C,0x00,0x00,0x1C,0x00,0x00,0x1C,0x00,0x00,0x1C,0x00,
    0x00,0x1C,0x00,0x00,0x1C,0xFC,0x00,0x1D,0xFE,0x00,0x1F,0x0F,0x00,0x1E,0x07,0x80,
    0x1C,0x07,0x80,0x1C,0x03,0x80,0x1C,0x03,0x80,0x1C,0x03,0x80,0x1C,0x03,0x80,0x1C,
    0x03,0x80,0x1C,0x07,0x80,0x1C,0x07,0x00,0x1E,0x0F,0x00,0x1F,0xFE,0x00,0x1F,0xF8,
    0x00,0x1C,0x00,0x00,0x1C,0x00,0x00,0x1C,0x00,0x00,0x1C,0x00,0x00,0x7F,0x80,0x00,
    0x7F,0x80,0x00,0x00,0x00,0x00,0x00,0x00,0x00,0x00,0x00,0x00,0x00,0x00,0x00,0x00,
    0x00,0x00,0x00,0x00,0x00,0x00,0x00,0x00,0x00,0x00,0x00,0x00,0x00,0x00,0x00,0x00,
    0x00,0x00,0x00,0x00,0x00,0x00,0x00,0x00,0x00,0x00,0x00,0x00,0x00,0x00,0x00,0x00,
    0x00,0x00,0x00,0x07,0x9E,0x00,0x07,0x9E,0x00,0x07,0x9E,0x00,0x07,0x9E,0x00,0x00,
    0x00,0x00,0x00,0x00,0x00,0x00,0x00,0x00,0x7F,0x9F,0x80,0x7F,0x1F,0x80,0x1C,0x07,
    0x00,0x1E,0x06,0x00,0x0E,0x0E,0x00,0x0F,0x0C,0x00,0x07,0x1C,0x00,0x07,0x18,0x00,
    0x03,0x98,0x00,0x03,0xB0,0x00,0x03,0xF0,0x00,0x01,0xF0,0x00,0x01,0xE0,0x00,0x00,
    0xE0,0x00,0x00,0xC0,0x00,0x01,0xC0,0x00,0x01,0x80,0x00,0x73,0x80,0x00,0x73,0x00,
    0x00,0x7F,0x00,0x00,0x3C,0x00,0x00,0x00,0x00,0x00,0x00,0x00,0x00,0x00,0x00,0x00,
    0x00,0x00,0x00,0x00,0x00,0x00,0x00,0x00,0x00,0x00,0x00,0x00,0x00,0x00,0x00,0x00,
    0x00,0x00,0x00,0x00,0x00,0x00,0x00,0x00,0x00,0x00,0x00,0x00,0x00,0x00,0x00,0x00,
    0x00,0x00,0x00,0x00,0x00,0x00,0x00,0x00,0x00,0x00,0x00,0x00,0x00,0x00,0x00,0x00,
    0x00,0x00,0x00,0x00,0x00,0x00,0x00,0x00,0x00,0x00,0x00,0x00,0x01,0xFC,0x7F,0xF0,
    0x07,0xFF,0x7F,0xF0,0x0F,0x07,0xF0,0x70,0x1C,0x01,0xF0,0x30,0x38,0x01,0xF0,0x10,
    0x38,0x00,0xF0,0x00,0x78,0x00,0xF0,0x40,0x70,0x00,0x70,0xC0,0x70,0x00,0x7F,0xC0,
    0x70,0x00,0x7F,0xC0,0x70,0x00,0x70,0xC0,0x70,0x00,0x70,0xC0,0x70,0x00,0x70,0x40,
    0x78,0x00,0xF0,0x00,0x38,0x00,0xF0,0x08,0x38,0x00,0xF0,0x18,0x1C,0x01,0xF0,0x18,
    0x0F,0x03,0xF0,0x38,0x07,0xFF,0x7F,0xF8,0x01,0xFC,0x7F,0xF8,0x00,0x00,0x00,0x00,
    0x00,0x00,0x00,0x00,0x00,0x00,0x00,0x00,0x00,0x00,0x00,0x00,0x00,0x00,0x00,0x00,
    0x00,0x00,0x00,0x00,0x00,0x00,0x00,0x00,0x00,0x00,0x00,0x00,0x00,0x00,0x00,0x00,
    0x00,0x00,0x00,0x00,0x00,0x00,0x00,0x00,0x00,0x00,0x00,0x00,0x00,0x00,0x00,0x00,
    0x00,0x00,0x00,0x00,0x00,0x00,0x00,0x00,0x00,0x00,0x00,0x00,0x00,0x00,0x00,0x00,
    0x00,0x00,0x00,0x00,0x00,0x00,0x00,0x00,0x00,0x00,0x00,0x00,0x00,0x00,0x00,0x00,
    0x00,0x00,0x00,0x00,0x00,0x00,0x00,0x00,0x00,0x00,0x00,0x00,0x00,0x00,0x00,0x00,
    0x00,0x00,0x00,0x00,0x00,0x00,0x00,0x00,0x00,0x00,0x00,0x00,0x00,0x00,0x00,0x00,
    0x07,0xE0,0xFC,0x00,0x1F,0xF9,0xFF,0x00,0x3C,0x3F,0x87,0x00,0x38,0x1F,0x03,0x80,
    0x70,0x1F,0x03,0x80,0x70,0x0E,0x03,0x80,0x70,0x0F,0xFF,0x80,0x70,0x0F,0xFF,0x80,
    0x70,0x0E,0x00,0x00,0x70,0x0E,0x00,0x00,0x78,0x0F,0x00,0x00,0x38,0x1F,0x00,0x00,
    0x3C,0x3F,0x83,0x80,0x1F,0xFB,0xFF,0x00,0x07,0xE0,0xFE,0x00,0x00,0x00,0x00,0x00,
    0x00,0x00,0x00,0x00,0x00,0x00,0x00,0x00,0x00,0x00,0x00,0x00,0x00,0x00,0x00,0x00,
    0x00,0x00,0x00,0x00,0x00,0x00,0x00,0x00,0x00,0x00,0x00,0x00,0x00,0x00,0x00,0x00,
    0x00,0x00,0x00,0x00,0x00,0x00,0x00,0x00,0x00,0x00,0x00,0x00,0x00,0x00,0x00,0x00,
    0x00,0x00,0x00,0x00,0x00,0x00,0x00,0x00,0x0C,0x38,0x00,0x0E,0x70,0x00,0x07,0xE0,
    0x00,0x03,0xC0,0x00,0x01,0x80,0x00,0x00,0x00,0x00,0x00,0x00,0x00,0x07,0xEC,0x00,
    0x1F,0xFC,0x00,0x1C,0x3C,0x00,0x38,0x0C,0x00,0x38,0x0E,0x00,0x38,0x06,0x00,0x3C,
    0x00,0x00,0x3E,0x00,0x00,0x1F,0xC0,0x00,0x0F,0xF0,0x00,0x03,0xFC,0x00,0x00,0x7C,
    0x00,0x00,0x1E,0x00,0x00,0x0E,0x00,0x60,0x0E,0x00,0x70,0x0E,0x00,0x78,0x0E,0x00,
    0x7C,0x1C,0x00,0x3F,0xF8,0x00,0x27,0xF0,0x00,0x00,0x00,0x00,0x00,0x00,0x00,0x00,
    0x00,0x00,0x00,0x00,0x00,0x00,0x00,0x00,0x00,0x00,0x00,0x00,0x00,0x00,0x00,0x00,
    0x00,0x00,0x00,0x00,0x00,0x00,0x00,0x00,0x00,0x00,0x00,0x00,0x00,0x00,0x00,0x00,
    0x00,0x00,0x00,0x00,0x00,0x00,0x00,0x00,0x00,0x00,0x00,0x00,0x10,0x20,0x18,0x70,
    0x0E,0xE0,0x07,0xC0,0x07,0x80,0x03,0x00,0x00,0x00,0x00,0x00,0x0F,0xF0,0x1F,0xF0,
    0x3C,0x70,0x38,0x30,0x38,0x10,0x3E,0x00,0x1F,0xC0,0x0F,0xF0,0x03,0xF8,0x00,0x78,
    0x30,0x38,0x30,0x38,0x38,0x78,0x3F,0xF0,0x3F,0xE0,0x00,0x00,0x00,0x00,0x00,0x00,
    0x00,0x00,0x00,0x00,0x00,0x00,0x00,0x00,0x00,0x00,0x00,0x00,0x00,0x00,0x00,0x00,
    0x00,0x00,0x00,0x00,0x00,0x00,0x00,0x00,0x00,0x00,0x00,0x00,0x00,0x00,0x00,0x00,
    0x00,0x00,0x00,0x00,0x00,0x00,0x00,0x03,0xCF,0x00,0x03,0xCF,0x00,0x03,0xCF,0x00,
    0x03,0xCF,0x00,0x00,0x00,0x00,0x00,0x00,0x00,0x7F,0x87,0xF0,0x7F,0x87,0xF0,0x1E,
    0x01,0xC0,0x0E,0x03,0x80,0x0F,0x03,0x00,0x07,0x87,0x00,0x03,0x86,0x00,0x03,0xCE,
    0x00,0x01,0xCC,0x00,0x00,0xF8,0x00,0x00,0xF8,0x00,0x00,0x70,0x00,0x00,0x70,0x00,
    0x00,0x70,0x00,0x00,0x70,0x00,0x00,0x70,0x00,0x00,0x70,0x00,0x00,0x70,0x00,0x03,
    0xFC,0x00,0x03,0xFC,0x00,0x00,0x00,0x00,0x00,0x00,0x00,0x00,0x00,0x00,0x00,0x00,
    0x00,0x00,0x00,0x00,0x00,0x00,0x00,0x00,0x00,0x00,0x00,0x00,0x00,0x00,0x00,0x00,
    0x00,0x00,0x00,0x00,0x00,0x00,0x00,0x00,0x00,0x00,0x00,0x00,0x00,0x00,0x00,0x00,
    0x00,0x00,0x00,0x00,0x00,0x00,0x00,0x00,0x04,0x04,0x00,0x07,0x1C,0x00,0x03,0xF8,
    0x00,0x01,0xF0,0x00,0x00,0xE0,0x00,0x00,0x40,0x00,0x00,0x00,0x00,0x3F,0xFF,0x80,
    0x3F,0xFF,0x80,0x38,0x07,0x80,0x38,0x0F,0x00,0x30,0x1E,0x00,0x30,0x1C,0x00,0x00,
    0x3C,0x00,0x00,0x78,0x00,0x00,0x70,0x00,0x00,0xF0,0x00,0x01,0xE0,0x00,0x03,0xC0,
    0x00,0x03,0x80,0x00,0x07,0x80,0x00,0x0F,0x00,0x80,0x0E,0x01,0x80,0x1E,0x01,0x80,
    0x3C,0x03,0x80,0x7F,0xFF,0x80,0x7F,0xFF,0x80,0x00,0x00,0x00,0x00,0x00,0x00,0x00,
    0x00,0x00,0x00,0x00,0x00,0x00,0x00,0x00,0x00,0x00,0x00,0x00,0x00,0x00,0x00,0x00,
    0x00,0x00,0x00,0x00,0x00,0x00,0x00,0x00,0x00,0x00,0x00,0x00,0x00,0x00,0x00,0x00,
    0x00,0x00,0x00,0x00,0x00,0x00,0x00,0x00,0x00,0x00,0x00,0x00,0x00,0x00,0x18,0x30,
    0x1C,0xE0,0x0F,0xC0,0x07,0x80,0x03,0x80,0x01,0x00,0x00,0x00,0x7F,0xF8,0x7F,0xF8,
    0x70,0x70,0x60,0xF0,0x60,0xE0,0x01,0xC0,0x03,0xC0,0x07,0x80,0x07,0x00,0x0E,0x00,
    0x1E,0x1C,0x3C,0x18,0x38,0x38,0x7F,0xF8,0x7F,0xF8,0x00,0x00,0x00,0x00,0x00,0x00,
    0x00,0x00,0x00,0x00,0x00,0x00,0x00,0x00,0x00,0x00,0x00,0x00,0x00,0x00,0x00,0x00,
    0x00,0x00,0x00,0x00,0x00,0x00,0x00,0x00,0x00,0x00,0x00,0x00,0x00,0x00,0x00,0x00,
    0x00,0x00,0x00,0x00,0x00,0x00,0x00,0x00,0x00,0x00,0x00,0x00,0x00,0x00,0x00,0x00,
    0x00,0x00,0x00,0x00,0x00,0x00,0x00,0x00,0x00,0x00,0x00,0x00,0x00,0x00,0x00,0x00,
    0x7F,0xFC,0x7F,0xFC,0x00,0x00,0x00,0x00,0x00,0x00,0x00,0x00,0x00,0x00,0x00,0x00,
    0x00,0x00,0x00,0x00,0x00,0x00,0x00,0x00,0x00,0x00,0x00,0x00,0x00,0x00,0x00,0x00,
    0x00,0x00,0x00,0x00,0x00,0x00,0x00,0x00,0x00,0x00,0x00,0x00,0x00,0x00,0x00,0x00,
    0x00,0x00,0x00,0x00,0x00,0x00,0x00,0x00,0x00,0x00,0x00,0x00,0x00,0x00,0x00,0x00,
    0x00,0x00,0x00,0x00,0x00,0x00,0x00,0x00,0x00,0x00,0x00,0x00,0x00,0x00,0x00,0x00,
    0x00,0x00,0x00,0x00,0x00,0x00,0x00,0x00,0x00,0x00,0x00,0x00,0x00,0x00,0x00,0x00,
    0x00,0x00,0x00,0x00,0x00,0x00,0x00,0x00,0x00,0x00,0x00,0x00,0x00,0x00,0x00,0x00,
    0x00,0x00,0x00,0x00,0x00,0x00,0x00,0x00,0x00,0x00,0x00,0x00,0x00,0x00,0x00,0x00,
    0x00,0x00,0x00,0x00,0x00,0x00,0x00,0x00,0x00,0x00,0x00,0x00,0x7F,0xFF,0xFF,0xF8,
    0x7F,0xFF,0xFF,0xF8,0x00,0x00,0x00,0x00,0x00,0x00,0x00,0x00,0x00,0x00,0x00,0x00,
    0x00,0x00,0x00,0x00,0x00,0x00,0x00,0x00,0x00,0x00,0x00,0x00,0x00,0x00,0x00,0x00,
    0x00,0x00,0x00,0x00,0x00,0x00,0x00,0x00,0x00,0x00,0x00,0x00,0x00,0x00,0x00,0x00,
    0x00,0x00,0x00,0x00,0x00,0x00,0x00,0x00,0x00,0x00,0x00,0x00,0x00,0x00,0x00,0x00,
    0x00,0x00,0x00,0x00,0x00,0x00,0x00,0x00,0x00,0x00,0x00,0x00,0x00,0x00,0x00,0x00,
    0x00,0x00,0x00,0x00,0x00,0x00,0x00,0x00,0x00,0x00,0x00,0x00,0x00,0x00,0x06,0x00,
    0x0C,0x00,0x18,0x00,0x18,0x00,0x1E,0x00,0x1E,0x00,0x0E,0x00,0x00,0x00,0x00,0x00,
    0x00,0x00,0x00,0x00,0x00,0x00,0x00,0x00,0x00,0x00,0x00,0x00,0x00,0x00,0x00,0x00,
    0x00,0x00,0x00,0x00,0x00,0x00,0x00,0x00,0x00,0x00,0x00,0x00,0x00,0x00,0x00,0x00,
    0x00,0x00,0x00,0x00,0x00,0x00,0x00,0x00,0x00,0x00,0x00,0x00,0x00,0x00,0x00,0x00,
    0x00,0x00,0x00,0x00,0x00,0x00,0x00,0x00,0x00,0x00,0x00,0x00,0x00,0x00,0x00,0x00,
    0x00,0x00,0x00,0x00,0x00,0x00,0x1C,0x00,0x1E,0x00,0x1E,0x00,0x06,0x00,0x0E,0x00,
    0x0C,0x00,0x18,0x00,0x00,0x00,0x00,0x00,0x00,0x00,0x00,0x00,0x00,0x00,0x00,0x00,
    0x00,0x00,0x00,0x00,0x00,0x00,0x00,0x00,0x00,0x00,0x00,0x00,0x00,0x00,0x00,0x00,
    0x00,0x00,0x00,0x00,0x00,0x00,0x00,0x00,0x00,0x00,0x00,0x00,0x00,0x00,0x00,0x00,
    0x00,0x00,0x00,0x00,0x00,0x00,0x00,0x00,0x00,0x00,0x00,0x00,0x00,0x00,0x00,0x00,
    0x00,0x00,0x00,0x00,0x00,0x00,0x00,0x00,0x00,0x00,0x00,0x00,0x00,0x00,0x06,0x18,
    0x0C,0x30,0x18,0x60,0x18,0x60,0x1E,0x78,0x1E,0x78,0x0E,0x38,0x00,0x00,0x00,0x00,
    0x00,0x00,0x00,0x00,0x00,0x00,0x00,0x00,0x00,0x00,0x00,0x00,0x00,0x00,0x00,0x00,
    0x00,0x00,0x00,0x00,0x00,0x00,0x00,0x00,0x00,0x00,0x00,0x00,0x00,0x00,0x00,0x00,
    0x00,0x00,0x00,0x00,0x00,0x00,0x00,0x00,0x00,0x00,0x00,0x00,0x00,0x00,0x00,0x00,
    0x00,0x00,0x00,0x00,0x00,0x00,0x00,0x00,0x00,0x00,0x00,0x00,0x00,0x00,0x00,0x00,
    0x00,0x00,0x00,0x00,0x00,0x00,0x1C,0x70,0x1E,0x78,0x1E,0x78,0x06,0x18,0x0E,0x38,
    0x0C,0x30,0x18,0x60,0x00,0x00,0x00,0x00,0x00,0x00,0x00,0x00,0x00,0x00,0x00,0x00,
    0x00,0x00,0x00,0x00,0x00,0x00,0x00,0x00,0x00,0x00,0x00,0x00,0x00,0x00,0x00,0x00,
    0x00,0x00,0x00,0x00,0x00,0x00,0x00,0x00,0x00,0x00,0x00,0x00,0x00,0x00,0x00,0x00,
    0x00,0x00,0x00,0x00,0x00,0x00,0x00,0x00,0x00,0x00,0x00,0x00,0x00,0x00,0x00,0x00,
    0x00,0x00,0x00,0x00,0x00,0x00,0x00,0x00,0x00,0x00,0x00,0x00,0x00,0x00,0x00,0x00,
    0x00,0x00,0x00,0x00,0x00,0x00,0x00,0x00,0x00,0x00,0x00,0x00,0x00,0x00,0x00,0x00,
    0x00,0x00,0x1E,0x00,0x3F,0x00,0x3F,0x00,0x3F,0x00,0x3F,0x00,0x1E,0x00,0x00,0x00,
    0x00,0x00,0x00,0x00,0x00,0x00,0x00,0x00,0x00,0x00,0x00,0x00,0x00,0x00,0x00,0x00,
    0x00,0x00,0x00,0x00,0x00,0x00,0x00,0x00,0x00,0x00,0x00,0x00,0x00,0x00,0x00,0x00,
    0x00,0x00,0x00,0x00,0x00,0x00,0x00,0x00,0x00,0x00,0x00,0x00,0x00,0x00,0x00,0x00,
    0x00,0x00,0x00,0x00,0x00,0x00,0x00,0x00,0x00,0x00,0x00,0x00,0x00,0x00,0x00,0x00,
    0x00,0x00,0x00,0x00,0x00,0x00,0x00,0x00,0x00,0x00,0x00,0x00,0x00,0x00,0x00,0x00,
    0x00,0x00,0x00,0x00,0x00,0x00,0x00,0x00,0x00,0x00,0x00,0x00,0x00,0x00,0x00,0x00,
    0x00,0x00,0x00,0x00,0x00,0x00,0x00,0x00,0x00,0x00,0x00,0x00,0x00,0x00,0x00,0x00,
    0x00,0x00,0x00,0x00,0x00,0x00,0x00,0x00,0x00,0x00,0x00,0x00,0x00,0x00,0x00,0x00,
    0x00,0x00,0x00,0x00,0x00,0x00,0x00,0x00,0x00,0x00,0x00,0x00,0x00,0x00,0x00,0x00,
    0x00,0x00,0x00,0x00,0x00,0x00,0x00,0x00,0x78,0x3C,0x1E,0x00,0x78,0x3C,0x1E,0x00,
    0x78,0x3C,0x1E,0x00,0x78,0x3C,0x1E,0x00,0x00,0x00,0x00,0x00,0x00,0x00,0x00,0x00,
    0x00,0x00,0x00,0x00,0x00,0x00,0x00,0x00,0x00,0x00,0x00,0x00,0x00,0x00,0x00,0x00,
    0x00,0x00,0x00,0x00,0x00,0x00,0x00,0x00,0x00,0x00,0x00,0x00,0x00,0x00,0x00,0x00,
    0x00,0x00,0x00,0x00,0x00,0x00,0x00,0x00,0x00,0x00,0x00,0x00,0x00,0x00,0x00,0x00,
    0x00,0x00,0x00,0x00,0x00,0x00,0x00,0x00,0x00,0x00,0x00,0x00,0x00,0x00,0x00,0x00,
    0x00,0x00,0x00,0x00,0x00,0x00,0x00,0x00,0x00,0x00,0x00,0x00,0x00,0x00,0x00,0x00,
    0x00,0x00,0x00,0x00,0x00,0x00,0x00,0x00,0x7C,0x00,0x30,0x00,0x7C,0x00,0x60,0x00,
    0x1C,0x00,0x60,0x00,0x1C,0x00,0xC0,0x00,0x1C,0x01,0xC0,0x00,0x1C,0x01,0x80,0x00,
    0x1C,0x03,0x9F,0x00,0x1C,0x07,0x3F,0x80,0x1C,0x06,0x73,0xC0,0x1C,0x0E,0x71,0xC0,
    0x1C,0x0C,0x71,0xC0,0x7F,0x9C,0x03,0x80,0x7F,0xB8,0x07,0x00,0x00,0x30,0x0F,0x80,
    0x00,0x70,0x01,0xC0,0x00,0x60,0x00,0xE0,0x00,0xE0,0x00,0xE0,0x01,0xC0,0x61,0xE0,
    0x01,0x80,0x7F,0xC0,0x03,0x80,0x1F,0x80,0x00,0x00,0x00,0x00,0x00,0x00,0x00,0x00,
    0x00,0x00,0x00,0x00,0x00,0x00,0x00,0x00,0x00,0x00,0x00,0x00,0x00,0x00,0x00,0x00,
    0x00,0x00,0x00,0x00,0x00,0x00,0x00,0x00,0x00,0x00,0x00,0x00,0x00,0x00,0x00,0x00,
    0x00,0x00,0x00,0x00,0x00,0x00,0x00,0x00,0x00,0x00,0x00,0x00,0x00,0x00,0x00,0x00,
    0x00,0x00,0x00,0x00,0x00,0x00,0x00,0x00,0x00,0x00,0x00,0x00,0x00,0x00,0x00,0x00,
    0x00,0x00,0x00,0x00,0x00,0x00,0x00,0x00,0x00,0x00,0x00,0x00,0x00,0x00,0x00,0x00,
    0x00,0x00,0x00,0x00,0x00,0x00,0x00,0x00,0x1F,0x80,0x1C,0x00,0x7F,0xC0,0x18,0x00,
    0x71,0xE0,0x30,0x00,0x70,0xE0,0x30,0x00,0x00,0xE0,0x60,0x00,0x01,0xC0,0xE0,0x00,
    0x03,0x80,0xCF,0xC0,0x07,0x01,0xDF,0xE0,0x0C,0x01,0xB8,0xF0,0x18,0x63,0xB8,0x70,
    0x7F,0xE7,0x38,0x70,0x7F,0xE6,0x01,0xE0,0x00,0x0E,0x07,0xC0,0x00,0x0C,0x01,0xE0,
    0x00,0x1C,0x00,0x70,0x00,0x18,0x00,0x70,0x00,0x38,0x00,0x70,0x00,0x70,0x30,0xF0,
    0x00,0x60,0x3F,0xE0,0x00,0xE0,0x0F,0xC0,0x00,0x00,0x00,0x00,0x00,0x00,0x00,0x00,
    0x00,0x00,0x00,0x00,0x00,0x00,0x00,0x00,0x00,0x00,0x00,0x00,0x00,0x00,0x00,0x00,
    0x00,0x00,0x00,0x00,0x00,0x00,0x00,0x00,0x00,0x00,0x00,0x00,0x00,0x00,0x00,0x00,
    0x00,0x00,0x00,0x00,0x00,0x00,0x00,0x00,0x00,0x00,0x00,0x00,0x00,0x00,0x00,0x00,
    0x00,0x00,0x00,0x00,0x00,0x00,0x00,0x00,0x00,0x00,0x00,0x00,0x00,0x00,0x00,0x00,
    0x00,0x00,0x00,0x00,0x00,0x00,0x00,0x00,0x00,0x00,0x00,0x00,0x00,0x00,0x00,0x00,
    0x00,0x00,0x00,0x00,0x00,0x00,0x00,0x00,0x7C,0x00,0x60,0x00,0x7C,0x00,0x60,0x00,
    0x1C,0x00,0xC0,0x00,0x1C,0x01,0xC0,0x00,0x1C,0x01,0x80,0x00,0x1C,0x03,0x00,0x00,
    0x1C,0x03,0x3F,0x80,0x1C,0x06,0x7F,0xC0,0x1C,0x0E,0xE1,0xC0,0x1C,0x0C,0xC0,0xC0,
    0x1C,0x1C,0xE1,0xC0,0x7F,0x98,0x7B,0x80,0x7F,0xB0,0x3F,0x80,0x00,0x70,0xFF,0xC0,
    0x00,0x60,0xE3,0xE0,0x00,0xE1,0xC0,0xE0,0x00,0xC1,0xC0,0xE0,0x01,0xC1,0xE1,0xE0,
    0x03,0x80,0xFF,0xC0,0x03,0x00,0x7F,0x00,0x00,0x00,0x00,0x00,0x00,0x00,0x00,0x00,
    0x00,0x00,0x00,0x00,0x00,0x00,0x00,0x00,0x00,0x00,0x00,0x00,0x00,0x00,0x00,0x00,
    0x00,0x00,0x00,0x00,0x00,0x00,0x00,0x00,0x00,0x00,0x00,0x00,0x00,0x00,0x00,0x00,
    0x00,0x00,0x00,0x00,0x00,0x00,0x00,0x00,0x00,0x00,0x00,0x00,0x00,0x00,0x00,0x00,
    0x00,0x00,0x00,0x00,0x00,0x00,0x00,0x00,0x00,0x00,0x00,0x00,0x00,0x00,0x00,0x00,
    0x00,0x00,0x00,0x00,0x00,0x00,0x00,0x00,0x00,0x00,0x00,0x00,0x00,0x00,0x00,0x00,
    0x00,0x00,0x00,0x00,0x00,0x00,0x00,0x00,0x3F,0x80,0x18,0x00,0x7F,0xC0,0x30,0x00,
    0x71,0xC0,0x30,0x00,0x71,0xC0,0x60,0x00,0x03,0x80,0xE0,0x00,0x0F,0x00,0xC0,0x00,
    0x03,0xC1,0x8F,0xC0,0x00,0xE3,0xBF,0xE0,0x00,0xE3,0x38,0xE0,0x40,0xE7,0x30,0x60,
    0x71,0xE6,0x38,0xE0,0x3F,0xCC,0x3E,0xC0,0x1F,0x1C,0x1F,0xC0,0x00,0x18,0x3F,0xE0,
    0x00,0x30,0x78,0xF0,0x00,0x70,0x70,0x70,0x00,0x60,0x70,0x70,0x00,0xE0,0x78,0xF0,
    0x01,0xC0,0x3F,0xE0,0x01,0x80,0x1F,0xC0,0x00,0x00,0x00,0x00,0x00,0x00,0x00,0x00,
    0x00,0x00,0x00,0x00,0x00,0x00,0x00,0x00,0x00,0x00,0x00,0x00,0x00,0x00,0x00,0x00,
    0x00,0x00,0x00,0x00,0x00,0x00,0x00,0x00,0x00,0x00,0x00,0x00,0x00,0x00,0x00,0x00,
    0x00,0x00,0x00,0x00,0x00,0x00,0x00,0x00,0x00,0x00,0x00,0x00,0x00,0x00,0x00,0x00,
    0x00,0x00,0x00,0x00,0x00,0x00,0x00,0x00,0x00,0x00,0x00,0x00,0x00,0x00,0x00,0x00,
    0x00,0x00,0x00,0x00,0x00,0x00,0x00,0x00,0x00,0x00,0x00,0x00,0x00,0x00,0x00,0x00,
    0x00,0x00,0x00,0x00,0x00,0x00,0x00,0x00,0x3F,0xE0,0x18,0x00,0x3F,0xC0,0x30,0x00,
    0x30,0x00,0x30,0x00,0x30,0x00,0x60,0x00,0x30,0x00,0x60,0x00,0x3F,0x80,0xC0,0x00,
    0x3F,0xC1,0x8F,0xC0,0x01,0xE1,0xBF,0xE0,0x00,0xE3,0x38,0xE0,0x00,0xE7,0x30,0x60,
    0x61,0xE6,0x38,0xE0,0x7F,0xCC,0x3E,0xC0,0x1F,0x9C,0x1F,0xC0,0x00,0x18,0x1F,0xE0,
    0x00,0x30,0x39,0xF0,0x00,0x30,0x70,0x70,0x00,0x60,0x70,0x70,0x00,0xE0,0x78,0xF0,
    0x00,0xC0,0x3F,0xE0,0x01,0x80,0x1F,0xC0,0x00,0x00,0x00,0x00,0x00,0x00,0x00,0x00,
    0x00,0x00,0x00,0x00,0x00,0x00,0x00,0x00,0x00,0x00,0x00,0x00,0x00,0x00,0x00,0x00,
    0x00,0x00,0x00,0x00,0x00,0x00,0x00,0x00,0x00,0x00,0x00,0x00,0x00,0x00,0x00,0x00,
    0x00,0x00,0x00,0x00,0x00,0x00,0x00,0x00,0x00,0x00,0x00,0x00,0x00,0x00,0x00,0x00,
    0x00,0x00,0x00,0x00,0x00,0x00,0x00,0x00,0x00,0x00,0x00,0x00,0x00,0x00,0x00,0x00,
    0x00,0x00,0x00,0x00,0x00,0x00,0x00,0x00,0x00,0x00,0x00,0x00,0x00,0x00,0x00,0x00,
    0x00,0x00,0x00,0x00,0x00,0x00,0x00,0x00,0xFF,0xC0,0xC0,0x00,0xFF,0xC0,0xC0,0x00,
    0xC1,0x81,0x80,0x00,0x83,0x83,0x00,0x00,0x03,0x03,0x00,0x00,0x06,0x06,0x00,0x00,
    0x0E,0x06,0x7E,0x00,0x0E,0x0C,0xFF,0x00,0x1C,0x19,0xC7,0x00,0x1C,0x19,0x83,0x00,
    0x1C,0x31,0xC3,0x00,0x1C,0x71,0xF6,0x00,0x1C,0x60,0x7E,0x00,0x00,0xC1,0xFF,0x00,
    0x00,0xC1,0xC7,0x80,0x01,0x83,0x83,0x80,0x03,0x83,0x83,0x80,0x03,0x03,0xC7,0x80,
    0x06,0x01,0xFF,0x00,0x06,0x00,0xFE,0x00,0x00,0x00,0x00,0x00,0x00,0x00,0x00,0x00,
    0x00,0x00,0x00,0x00,0x00,0x00,0x00,0x00,0x00,0x00,0x00,0x00,0x00,0x00,0x00,0x00,
    0x00,0x00,0x00,0x00,0x00,0x00,0x00,0x00,0x00,0x00,0x00,0x00,
};
const FontGlyph FONT_LIT_44_REG_GLYPHS[187] PROGMEM = {
    {6, 0},
    {9, 44},
    {11, 132},
    {19, 220},
    {16, 352},
    {25, 440},
    {23, 616},
    {7, 748},
    {10, 792},
    {10, 880},
    {13, 968},
    {17, 1056},
    {10, 1188},
    {10, 1276},
    {10, 1364},
    {12, 1452},
    {17, 1540},
    {12, 1672},
    {15, 1760},
    {16, 1848},
    {16, 1936},
    {15, 2024},
    {16, 2112},
    {15, 2200},
    {16, 2288},
    {15, 2376},
    {10, 2464},
    {10, 2552},
    {17, 2640},
    {17, 2772},
    {17, 2904},
    {16, 3036},
    {25, 3124},
    {21, 3300},
    {19, 3432},
    {20, 3564},
    {22, 3696},
    {18, 3828},
    {18, 3960},
    {22, 4092},
    {24, 4224},
    {12, 4356},
    {16, 4444},
    {22, 4532},
    {18, 4664},
    {29, 4796},
    {24, 4972},
    {22, 5104},
    {17, 5236},
    {22, 5368},
    {21, 5500},
    {17, 5632},
    {21, 5764},
    {23, 5896},
    {21, 6028},
    {32, 6160},
    {20, 6336},
    {21, 6468},
    {19, 6600},
    {10, 6732},
    {12, 6820},
    {10, 6908},
    {17, 6996},
    {14, 7128},
    {14, 7216},
    {16, 7304},
    {18, 7392},
    {14, 7524},
    {18, 7612},
    {15, 7744},
    {11, 7832},
    {16, 7920},
    {19, 8008},
    {10, 8140},
    {9, 8228},
    {18, 8316},
    {10, 8448},
    {28, 8536},
    {19, 8712},
    {17, 8844},
    {18, 8976},
    {17, 9108},
    {14, 9240},
    {13, 9328},
    {12, 9416},
    {18, 9504},
    {17, 9636},
    {25, 9768},
    {16, 9944},
    {17, 10032},
    {14, 10164},
    {11, 10252},
    {12, 10340},
    {11, 10428},
    {17, 10516},
    {10, 10648},
    {12, 10736},
    {12, 10824},
    {9, 10912},
    {26, 11000},
    {28, 11176},
    {28, 11352},
    {21, 11528},
    {21, 11660},
    {21, 11792},
    {21, 11924},
    {21, 12056},
    {21, 12188},
    {29, 12320},
    {20, 12496},
    {18, 12628},
    {18, 12760},
    {18, 12892},
    {18, 13024},
    {12, 13156},
    {12, 13244},
    {12, 13332},
    {12, 13420},
    {22, 13508},
    {24, 13640},
    {22, 13772},
    {22, 13904},
    {22, 14036},
    {22, 14168},
    {22, 14300},
    {17, 14432},
    {22, 14564},
    {23, 14696},
    {23, 14828},
    {23, 14960},
    {23, 15092},
    {21, 15224},
    {17, 15356},
    {20, 15488},
    {16, 15620},
    {16, 15708},
    {16, 15796},
    {16, 15884},
    {16, 15972},
    {16, 16060},
    {23, 16148},
    {14, 16280},
    {15, 16368},
    {15, 16456},
    {15, 16544},
    {15, 16632},
    {10, 16720},
    {10, 16808},
    {10, 16896},
    {10, 16984},
    {17, 17072},
    {19, 17204},
    {17, 17336},
    {17, 17468},
    {17, 17600},
    {17, 17732},
    {17, 17864},
    {17, 17996},
    {17, 18128},
    {18, 18260},
    {18, 18392},
    {18, 18524},
    {18, 18656},
    {17, 18788},
    {17, 18920},
    {17, 19052},
    {31, 19184},
    {26, 19360},
    {17, 19536},
    {13, 19668},
    {21, 19756},
    {19, 19888},
    {14, 20020},
    {14, 20108},
    {29, 20196},
    {10, 20372},
    {10, 20460},
    {15, 20548},
    {15, 20636},
    {11, 20724},
    {26, 20812},
    {28, 20988},
    {29, 21164},
    {27, 21340},
    {29, 21516},
    {28, 21692},
    {26, 21868},
};
const UiFont FONT_LIT_44_REG = {44, FONT_LIT_44_REG_GLYPHS, FONT_LIT_44_REG_BITS};

const uint8_t FONT_LIT_44_BOLD_BITS[] PROGMEM = {
    0x00,0x00,0x00,0x00,0x00,0x00,0x00,0x00,0x00,0x00,0x00,0x00,0x00,0x00,0x00,0x00,
    0x00,0x00,0x00,0x00,0x00,0x00,0x00,0x00,0x00,0x00,0x00,0x00,0x00,0x00,0x00,0x00,
    0x00,0x00,0x00,0x00,0x00,0x00,0x00,0x00,0x00,0x00,0x00,0x00,0x00,0x00,0x00,0x00,
    0x00,0x00,0x00,0x00,0x00,0x00,0x00,0x00,0x00,0x00,0x00,0x00,0x00,0x00,0x00,0x00,
    0x00,0x00,0x00,0x00,0x00,0x00,0x00,0x00,0x00,0x00,0x1E,0x00,0x3F,0x00,0x3F,0x00,
    0x3F,0x00,0x3F,0x00,0x3E,0x00,0x3E,0x00,0x1E,0x00,0x1E,0x00,0x1C,0x00,0x1C,0x00,
    0x1C,0x00,0x1C,0x00,0x1C,0x00,0x00,0x00,0x1E,0x00,0x3F,0x00,0x3F,0x00,0x3F,0x00,
    0x1E,0x00,0x00,0x00,0x00,0x00,0x00,0x00,0x00,0x00,0x00,0x00,0x00,0x00,0x00,0x00,
    0x00,0x00,0x00,0x00,0x00,0x00,0x00,0x00,0x00,0x00,0x00,0x00,0x00,0x00,0x00,0x00,
    0x00,0x00,0x00,0x00,0x00,0x00,0x00,0x00,0x00,0x00,0x00,0x00,0x3D,0xE0,0x3D,0xE0,
    0x3D,0xE0,0x3D,0xE0,0x3D,0xE0,0x39,0xC0,0x18,0xC0,0x18,0xC0,0x00,0x00,0x00,0x00,
    0x00,0x00,0x00,0x00,0x00,0x00,0x00,0x00,0x00,0x00,0x00,0x00,0x00,0x00,0x00,0x00,
    0x00,0x00,0x00,0x00,0x00,0x00,0x00,0x00,0x00,0x00,0x00,0x00,0x00,0x00,0x00,0x00,
    0x00,0x00,0x00,0x00,0x00,0x00,0x00,0x00,0x00,0x00,0x00,0x00,0x00,0x00,0x00,0x00,
    0x00,0x00,0x00,0x00,0x00,0x00,0x00,0x00,0x00,0x00,0x00,0x00,0x00,0x00,0x00,0x00,
    0x00,0x00,0x00,0x00,0x00,0x00,0x00,0x00,0x00,0x00,0x00,0x00,0x00,0x00,0x00,0x00,
    0x00,0x00,0x00,0x00,0x00,0x00,0x00,0x00,0x00,0x00,0x00,0x00,0x00,0x00,0x00,0x00,
    0x00,0x00,0x00,0x00,0x00,0x03,0x87,0x00,0x03,0x87,0x00,0x03,0x87,0x00,0x3F,0xFF,
    0xE0,0x3F,0xFF,0xE0,0x3F,0xFF,0xE0,0x07,0x0E,0x00,0x07,0x0E,0x00,0x07,0x0E,0x00,
    0x7F,0xFF,0xC0,0x7F,0xFF,0xC0,0x7F,0xFF,0xC0,0x0E,0x1C,0x00,0x0E,0x1C,0x00,0x0E,
    0x1C,0x00,0x0E,0x3C,0x00,0x00,0x00,0x00,0x00,0x00,0x00,0x00,0x00,0x00,0x00,0x00,
    0x00,0x00,0x00,0x00,0x00,0x00,0x00,0x00,0x00,0x00,0x00,0x00,0x00,0x00,0x00,0x00,
    0x00,0x00,0x00,0x00,0x00,0x00,0x00,0x00,0x00,0x00,0x00,0x00,0x00,0x00,0x00,0x00,
    0x00,0x00,0x00,0x00,0x00,0x00,0x00,0x00,0x00,0x00,0x00,0x00,0x00,0x00,0x00,0x00,
    0x00,0x00,0x00,0x00,0x00,0xE0,0x00,0x00,0xE0,0x00,0x00,0xE0,0x00,0x03,0xFF,0x00,
    0x0F,0xFF,0x00,0x1F,0x1F,0x00,0x3E,0x07,0x00,0x3E,0x07,0x00,0x3E,0x03,0x00,0x3F,
    0x80,0x00,0x3F,0xE0,0x00,0x3F,0xFC,0x00,0x1F,0xFE,0x00,0x0F,0xFF,0x00,0x07,0xFF,
    0x80,0x00,0xFF,0x80,0x00,0x1F,0x80,0x70,0x0F,0x80,0x78,0x0F,0x80,0x3C,0x0F,0x80,
    0x3E,0x1F,0x00,0x3F,0xFE,0x00,0x3B,0xFC,0x00,0x00,0xE0,0x00,0x00,0xE0,0x00,0x00,
    0xE0,0x00,0x00,0x00,0x00,0x00,0x00,0x00,0x00,0x00,0x00,0x00,0x00,0x00,0x00,0x00,
    0x00,0x00,0x00,0x00,0x00,0x00,0x00,0x00,0x00,0x00,0x00,0x00,0x00,0x00,0x00,0x00,
    0x00,0x00,0x00,0x00,0x00,0x00,0x00,0x00,0x00,0x00,0x00,0x00,0x00,0x00,0x00,0x00,
    0x00,0x00,0x00,0x00,0x00,0x00,0x00,0x00,0x00,0x00,0x00,0x00,0x00,0x00,0x00,0x00,
    0x00,0x00,0x00,0x00,0x00,0x00,0x00,0x00,0x00,0x00,0x00,0x00,0x00,0x00,0x00,0x00,
    0x00,0x00,0x00,0x00,0x00,0x00,0x00,0x00,0x00,0x00,0x00,0x00,0x1F,0x80,0xF8,0x00,
    0x3F,0xC0,0xF0,0x00,0x7F,0xE1,0xE0,0x00,0x79,0xE3,0xE0,0x00,0x79,0xE3,0xC0,0x00,
    0x79,0xE7,0x80,0x00,0x7F,0xEF,0x80,0x00,0x3F,0xCF,0x00,0x00,0x1F,0x9E,0x7F,0x00,
    0x00,0x1E,0xFF,0x80,0x00,0x3D,0xF7,0xC0,0x00,0x79,0xE3,0xC0,0x00,0x79,0xE3,0xC0,
    0x00,0xF1,0xE3,0xC0,0x01,0xE1,0xF7,0xC0,0x01,0xE0,0xFF,0x80,0x03,0xC0,0x7F,0x00,
    0x00,0x00,0x00,0x00,0x00,0x00,0x00,0x00,0x00,0x00,0x00,0x00,0x00,0x00,0x00,0x00,
    0x00,0x00,0x00,0x00,0x00,0x00,0x00,0x00,0x00,0x00,0x00,0x00,0x00,0x00,0x00,0x00,
    0x00,0x00,0x00,0x00,0x00,0x00,0x00,0x00,0x00,0x00,0x00,0x00,0x00,0x00,0x00,0x00,
    0x00,0x00,0x00,0x00,0x00,0x00,0x00,0x00,0x00,0x00,0x00,0x00,0x00,0x00,0x00,0x00,
    0x00,0x00,0x00,0x00,0x00,0x00,0x00,0x00,0x00,0x00,0x00,0x00,0x00,0x00,0x00,0x00,
    0x00,0x03,0xF8,0x00,0x0F,0xFC,0x00,0x1F,0xFE,0x00,0x1F,0x1E,0x00,0x1E,0x0E,0x00,
    0x1E,0x0C,0x3C,0x1F,0x1C,0x7E,0x0F,0xB0,0xFE,0x07,0xF0,0xDE,0x1F,0xF9,0xCE,0x3F,
    0xF9,0x80,0x3C,0xFF,0x80,0x78,0x7F,0x80,0x78,0x3F,0x80,0x78,0x1F,0x80,0x7C,0x0F,
    0xC0,0x7C,0x0F,0xE6,0x3F,0xFF,0xFE,0x1F,0xFD,0xFC,0x0F,0xF0,0x78,0x00,0x00,0x00,
    0x00,0x00,0x00,0x00,0x00,0x00,0x00,0x00,0x00,0x00,0x00,0x00,0x00,0x00,0x00,0x00,
    0x00,0x00,0x00,0x00,0x00,0x00,0x00,0x00,0x00,0x00,0x00,0x00,0x00,0x00,0x00,0x00,
    0x00,0x00,0x00,0x00,0x3C,0x3C,0x3C,0x3C,0x3C,0x38,0x18,0x18,0x00,0x00,0x00,0x00,
    0x00,0x00,0x00,0x00,0x00,0x00,0x00,0x00,0x00,0x00,0x00,0x00,0x00,0x00,0x00,0x00,
    0x00,0x00,0x00,0x00,0x00,0x00,0x00,0x00,0x00,0x00,0x00,0x00,0x00,0x00,0x00,0x00,
    0x00,0x00,0x00,0x00,0x00,0x00,0x00,0x00,0x00,0x00,0x01,0x00,0x03,0x80,0x03,0x80,
    0x07,0x00,0x0F,0x00,0x1F,0x00,0x1E,0x00,0x3E,0x00,0x3E,0x00,0x3E,0x00,0x7C,0x00,
    0x7C,0x00,0x7C,0x00,0x7C,0x00,0x7C,0x00,0x7C,0x00,0x7C,0x00,0x7C,0x00,0x7C,0x00,
    0x7C,0x00,0x3E,0x00,0x3E,0x00,0x3E,0x00,0x1E,0x00,0x1F,0x00,0x0F,0x00,0x0F,0x00,
    0x07,0x80,0x03,0x80,0x01,0x80,0x00,0x00,0x00,0x00,0x00,0x00,0x00,0x00,0x00,0x00,
    0x00,0x00,0x00,0x00,0x00,0x00,0x00,0x00,0x00,0x00,0x00,0x00,0x00,0x00,0x00,0x00,
    0x00,0x00,0x00,0x00,0x70,0x00,0x70,0x00,0x78,0x00,0x3C,0x00,0x3C,0x00,0x1E,0x00,
    0x1F,0x00,0x1F,0x00,0x1F,0x00,0x1F,0x80,0x0F,0x80,0x0F,0x80,0x0F,0x80,0x0F,0x80,
    0x0F,0x80,0x0F,0x80,0x0F,0x80,0x0F,0x80,0x1F,0x80,0x1F,0x00,0x1F,0x00,0x1F,0x00,
    0x1E,0x00,0x3E,0x00,0x3C,0x00,0x38,0x00,0x78,0x00,0x70,0x00,0x60,0x00,0x00,0x00,
    0x00,0x00,0x00,0x00,0x00,0x00,0x00,0x00,0x00,0x00,0x00,0x00,0x00,0x00,0x00,0x00,
    0x00,0x00,0x00,0x00,0x00,0x00,0x00,0x00,0x00,0x00,0x00,0x00,0x07,0x00,0x07,0x00,
    0x07,0x00,0x37,0x70,0x7F,0xF0,0x3F,0xF0,0x0F,0x80,0x3F,0xE0,0x7F,0xF0,0x77,0x70,
    0x07,0x00,0x07,0x00,0x00,0x00,0x00,0x00,0x00,0x00,0x00,0x00,0x00,0x00,0x00,0x00,
    0x00,0x00,0x00,0x00,0x00,0x00,0x00,0x00,0x00,0x00,0x00,0x00,0x00,0x00,0x00,0x00,
    0x00,0x00,0x00,0x00,0x00,0x00,0x00,0x00,0x00,0x00,0x00,0x00,0x00,0x00,0x00,0x00,
    0x00,0x00,0x00,0x00,0x00,0x00,0x00,0x00,0x00,0x00,0x00,0x00,0x00,0x00,0x00,0x00,
    0x00,0x00,0x00,0x00,0x00,0x00,0x00,0x00,0x00,0x00,0x00,0x00,0x00,0x00,0x00,0x00,
    0x00,0x00,0x00,0x00,0x00,0x00,0x00,0x00,0x00,0x00,0x00,0x00,0x00,0x00,0x00,0x00,
    0x00,0x00,0x00,0x00,0x00,0x00,0x00,0x00,0x01,0xC0,0x00,0x01,0xC0,0x00,0x01,0xC0,
    0x00,0x01,0xC0,0x00,0x3F,0xFC,0x00,0x3F,0xFC,0x00,0x3F,0xFC,0x00,0x01,0xC0,0x00,
    0x01,0xC0,0x00,0x01,0xC0,0x00,0x01,0xC0,0x00,0x01,0xC0,0x00,0x00,0x00,0x00,0x00,
    0x00,0x00,0x00,0x00,0x00,0x00,0x00,0x00,0x00,0x00,0x00,0x00,0x00,0x00,0x00,0x00,
    0x00,0x00,0x00,0x00,0x00,0x00,0x00,0x00,0x00,0x00,0x00,0x00,0x00,0x00,0x00,0x00,
    0x00,0x00,0x00,0x00,0x00,0x00,0x00,0x00,0x00,0x00,0x00,0x00,0x00,0x00,0x00,0x00,
    0x00,0x00,0x00,0x00,0x00,0x00,0x00,0x00,0x00,0x00,0x00,0x00,0x00,0x00,0x00,0x00,
    0x00,0x00,0x00,0x00,0x00,0x00,0x00,0x00,0x00,0x00,0x00,0x00,0x00,0x00,0x00,0x00,
    0x00,0x00,0x00,0x00,0x00,0x00,0x00,0x00,0x00,0x00,0x00,0x00,0x1E,0x00,0x3F,0x00,
    0x3F,0x00,0x3F,0x00,0x1F,0x00,0x07,0x00,0x0E,0x00,0x1E,0x00,0x3C,0x00,0x10,0x00,
    0x00,0x00,0x00,0x00,0x00,0x00,0x00,0x00,0x00,0x00,0x00,0x00,0x00,0x00,0x00,0x00,
    0x00,0x00,0x00,0x00,0x00,0x00,0x00,0x00,0x00,0x00,0x00,0x00,0x00,0x00,0x00,0x00,
    0x00,0x00,0x00,0x00,0x00,0x00,0x00,0x00,0x00,0x00,0x00,0x00,0x00,0x00,0x00,0x00,
    0x00,0x00,0x00,0x00,0x00,0x00,0x00,0x00,0x00,0x00,0x7F,0x80,0x7F,0x80,0x7F,0x80,
    0x00,0x00,0x00,0x00,0x00,0x00,0x00,0x00,0x00,0x00,0x00,0x00,0x00,0x00,0x00,0x00,
    0x00,0x00,0x00,0x00,0x00,0x00,0x00,0x00,0x00,0x00,0x00,0x00,0x00,0x00,0x00,0x00,
    0x00,0x00,0x00,0x00,0x00,0x00,0x00,0x00,0x00,0x00,0x00,0x00,0x00,0x00,0x00,0x00,
    0x00,0x00,0x00,0x00,0x00,0x00,0x00,0x00,0x00,0x00,0x00,0x00,0x00,0x00,0x00,0x00,
    0x00,0x00,0x00,0x00,0x00,0x00,0x00,0x00,0x00,0x00,0x00,0x00,0x00,0x00,0x00,0x00,
    0x00,0x00,0x00,0x00,0x00,0x00,0x00,0x00,0x00,0x00,0x00,0x00,0x1E,0x00,0x3F,0x00,
    0x3F,0x00,0x3F,0x00,0x1E,0x00,0x00,0x00,0x00,0x00,0x00,0x00,0x00,0x00,0x00,0x00,
    0x00,0x00,0x00,0x00,0x00,0x00,0x00,0x00,0x00,0x00,0x00,0x00,0x00,0x00,0x00,0x00,
    0x00,0x00,0x00,0x00,0x00,0x00,0x00,0x00,0x00,0x00,0x00,0x00,0x00,0x00,0x00,0x00,
    0x00,0x38,0x00,0x78,0x00,0x78,0x00,0xF0,0x00,0xF0,0x00,0xF0,0x01,0xE0,0x01,0xE0,
    0x01,0xC0,0x03,0xC0,0x03,0xC0,0x07,0x80,0x07,0x80,0x07,0x80,0x0F,0x00,0x0F,0x00,
    0x0E,0x00,0x1E,0x00,0x1E,0x00,0x3C,0x00,0x3C,0x00,0x3C,0x00,0x78,0x00,0x78,0x00,
    0x70,0x00,0xF0,0x00,0x00,0x00,0x00,0x00,0x00,0x00,0x00,0x00,0x00,0x00,0x00,0x00,
    0x00,0x00,0x00,0x00,0x00,0x00,0x00,0x00,0x00,0x00,0x00,0x00,0x00,0x00,0x00,0x00,
    0x00,0x00,0x00,0x00,0x00,0x00,0x00,0x00,0x00,0x00,0x00,0x00,0x00,0x00,0x00,0x00,
    0x00,0x00,0x00,0x00,0x00,0x00,0x00,0x00,0x00,0x00,0x00,0x00,0x00,0x03,0xF8,0x00,
    0x0F,0xFC,0x00,0x1F,0xFE,0x00,0x3E,0x1F,0x00,0x3E,0x1F,0x00,0x7C,0x0F,0x80,0x7C,
    0x0F,0x80,0x7C,0x0F,0x80,0x7C,0x0F,0x80,0x7C,0x0F,0x80,0x7C,0x0F,0x80,0x7C,0x0F,
    0x80,0x7C,0x0F,0x80,0x7C,0x0F,0x80,0x7E,0x0F,0x80,0x3E,0x1F,0x00,0x3E,0x1F,0x00,
    0x1F,0xFE,0x00,0x0F,0xFC,0x00,0x03,0xF0,0x00,0x00,0x00,0x00,0x00,0x00,0x00,0x00,
    0x00,0x00,0x00,0x00,0x00,0x00,0x00,0x00,0x00,0x00,0x00,0x00,0x00,0x00,0x00,0x00,
    0x00,0x00,0x00,0x00,0x00,0x00,0x00,0x00,0x00,0x00,0x00,0x00,0x00,0x00,0x00,0x00,
    0x00,0x00,0x00,0x00,0x00,0x00,0x00,0x00,0x00,0x00,0x00,0x00,0x00,0x00,0x00,0x00,
    0x00,0x00,0x7F,0x80,0x7F,0x80,0x7F,0x80,0x0F,0x80,0x0F,0x80,0x0F,0x80,0x0F,0x80,
    0x0F,0x80,0x0F,0x80,0x0F,0x80,0x0F,0x80,0x0F,0x80,0x0F,0x80,0x0F,0x80,0x0F,0x80,
    0x0F,0x80,0x0F,0x80,0x1F,0xC0,0x7F,0xF0,0x7F,0xF0,0x00,0x00,0x00,0x00,0x00,0x00,
    0x00,0x00,0x00,0x00,0x00,0x00,0x00,0x00,0x00,0x00,0x00,0x00,0x00,0x00,0x00,0x00,
    0x00,0x00,0x00,0x00,0x00,0x00,0x00,0x00,0x00,0x00,0x00,0x00,0x00,0x00,0x00,0x00,
    0x00,0x00,0x00,0x00,0x00,0x00,0x00,0x00,0x00,0x00,0x0F,0xF0,0x3F,0xF8,0x3F,0xFC,
    0x78,0x7E,0x7C,0x3E,0x7C,0x3E,0x38,0x3E,0x00,0x7E,0x00,0x7C,0x00,0xFC,0x00,0xF8,
    0x01,0xF0,0x03,0xE0,0x07,0xC0,0x0F,0x8E,0x1F,0x0E,0x3E,0x1E,0x7F,0xFE,0x7F,0xFE,
    0x7F,0xFE,0x00,0x00,0x00,0x00,0x00,0x00,0x00,0x00,0x00,0x00,0x00,0x00,0x00,0x00,
    0x00,0x00,0x00,0x00,0x00,0x00,0x00,0x00,0x00,0x00,0x00,0x00,0x00,0x00,0x00,0x00,
    0x00,0x00,0x00,0x00,0x00,0x00,0x00,0x00,0x00,0x00,0x00,0x00,0x00,0x00,0x00,0x00,
    0x00,0x00,0x0F,0xF0,0x3F,0xFC,0x7F,0xFC,0x78,0x7E,0x7C,0x3E,0x7C,0x3E,0x38,0x3E,
    0x00,0x7C,0x01,0xF8,0x07,0xE0,0x07,0xF8,0x01,0xFC,0x00,0x7E,0x00,0x3E,0x00,0x3E,
    0x60,0x3E,0x78,0xFE,0x7F,0xFC,0x3F,0xF8,0x0F,0xE0,0x00,0x00,0x00,0x00,0x00,0x00,
    0x00,0x00,0x00,0x00,0x00,0x00,0x00,0x00,0x00,0x00,0x00,0x00,0x00,0x00,0x00,0x00,
    0x00,0x00,0x00,0x00,0x00,0x00,0x00,0x00,0x00,0x00,0x00,0x00,0x00,0x00,0x00,0x00,
    0x00,0x00,0x00,0x00,0x00,0x00,0x00,0x00,0x00,0x00,0x00,0x00,0x00,0x00,0x00,0x00,
    0x00,0x00,0x00,0x00,0x00,0x00,0x00,0x00,0x00,0x00,0x7C,0x00,0x00,0xFC,0x00,0x01,
    0xFC,0x00,0x03,0xFC,0x00,0x03,0xFC,0x00,0x07,0x7C,0x00,0x0F,0x7C,0x00,0x0E,0x7C,
    0x00,0x1C,0x7C,0x00,0x38,0x7C,0x00,0x38,0x7C,0x00,0x70,0x7C,0x00,0xFF,0xFF,0x00,
    0xFF,0xFF,0x80,0xFF,0xFF,0x80,0x00,0x7C,0x00,0x00,0x7C,0x00,0x00,0xFE,0x00,0x03,
    0xFF,0x00,0x03,0xFF,0x00,0x00,0x00,0x00,0x00,0x00,0x00,0x00,0x00,0x00,0x00,0x00,
    0x00,0x00,0x00,0x00,0x00,0x00,0x00,0x00,0x00,0x00,0x00,0x00,0x00,0x00,0x00,0x00,
    0x00,0x00,0x00,0x00,0x00,0x00,0x00,0x00,0x00,0x00,0x00,0x00,0x00,0x00,0x00,0x00,
    0x00,0x00,0x00,0x00,0x00,0x00,0x00,0x00,0x00,0x00,0x00,0x00,0x00,0x00,0x3F,0xFC,
    0x3F,0xFC,0x3F,0xFC,0x38,0x00,0x38,0x00,0x38,0x00,0x38,0x00,0x3F,0xF0,0x3F,0xF8,
    0x3F,0xFC,0x00,0x7E,0x00,0x3E,0x00,0x3E,0x00,0x3E,0x00,0x3E,0x60,0x7E,0x78,0xFC,
    0x7F,0xFC,0x3F,0xF8,0x1F,0xE0,0x00,0x00,0x00,0x00,0x00,0x00,0x00,0x00,0x00,0x00,
    0x00,0x00,0x00,0x00,0x00,0x00,0x00,0x00,0x00,0x00,0x00,0x00,0x00,0x00,0x00,0x00,
    0x00,0x00,0x00,0x00,0x00,0x00,0x00,0x00,0x00,0x00,0x00,0x00,0x00,0x00,0x00,0x00,
    0x00,0x00,0x00,0x00,0x00,0x00,0x00,0x00,0x00,0x00,0x00,0x00,0x00,0x00,0x00,0x00,
    0x00,0x00,0x00,0x00,0x00,0x01,0xFC,0x00,0x07,0xFE,0x00,0x0F,0xFF,0x00,0x1F,0x1F,
    0x00,0x3E,0x1F,0x00,0x3E,0x0E,0x00,0x3C,0x00,0x00,0x7D,0xF8,0x00,0x7F,0xFE,0x00,
    0x7F,0xFE,0x00,0x7E,0x3F,0x00,0x7C,0x1F,0x00,0x7C,0x1F,0x00,0x7C,0x1F,0x00,0x7C,
    0x1F,0x00,0x7C,0x1F,0x00,0x3E,0x3E,0x00,0x3F,0xFE,0x00,0x1F,0xFC,0x00,0x07,0xF0,
    0x00,0x00,0x00,0x00,0x00,0x00,0x00,0x00,0x00,0x00,0x00,0x00,0x00,0x00,0x00,0x00,
    0x00,0x00,0x00,0x00,0x00,0x00,0x00,0x00,0x00,0x00,0x00,0x00,0x00,0x00,0x00,0x00,
    0x00,0x00,0x00,0x00,0x00,0x00,0x00,0x00,0x00,0x00,0x00,0x00,0x00,0x00,0x00,0x00,
    0x00,0x00,0x00,0x00,0x00,0x00,0x00,0x00,0x00,0x00,0x7F,0xFF,0x7F,0xFF,0x7F,0xFF,
    0x78,0x0E,0x70,0x1C,0x70,0x3C,0x00,0x78,0x00,0xF0,0x00,0xF0,0x01,0xF0,0x01,0xE0,
    0x03,0xE0,0x03,0xE0,0x03,0xE0,0x07,0xC0,0x07,0xC0,0x07,0xC0,0x07,0xC0,0x07,0xC0,
    0x07,0xC0,0x00,0x00,0x00,0x00,0x00,0x00,0x00,0x00,0x00,0x00,0x00,0x00,0x00,0x00,
    0x00,0x00,0x00,0x00,0x00,0x00,0x00,0x00,0x00,0x00,0x00,0x00,0x00,0x00,0x00,0x00,
    0x00,0x00,0x00,0x00,0x00,0x00,0x00,0x00,0x00,0x00,0x00,0x00,0x00,0x00,0x00,0x00,
    0x00,0x00,0x00,0x00,0x00,0x00,0x00,0x00,0x00,0x00,0x00,0x00,0x00,0x00,0x00,0x00,
    0x00,0x07,0xF8,0x00,0x0F,0xFE,0x00,0x1F,0xFF,0x00,0x3E,0x1F,0x00,0x3E,0x0F,0x00,
    0x3E,0x0F,0x00,0x3F,0x1F,0x00,0x3F,0x9E,0x00,0x1F,0xF8,0x00,0x07,0xFC,0x00,0x0F,
    0xFE,0x00,0x1F,0x7F,0x00,0x3E,0x1F,0x80,0x7C,0x0F,0x80,0x7C,0x0F,0x80,0x7C,0x0F,
    0x80,0x7E,0x1F,0x00,0x3F,0xFF,0x00,0x3F,0xFE,0x00,0x0F,0xF8,0x00,0x00,0x00,0x00,
    0x00,0x00,0x00,0x00,0x00,0x00,0x00,0x00,0x00,0x00,0x00,0x00,0x00,0x00,0x00,0x00,
    0x00,0x00,0x00,0x00,0x00,0x00,0x00,0x00,0x00,0x00,0x00,0x00,0x00,0x00,0x00,0x00,
    0x00,0x00,0x00,0x00,0x00,0x00,0x00,0x00,0x00,0x00,0x00,0x00,0x00,0x00,0x00,0x00,
    0x00,0x00,0x00,0x00,0x00,0x00,0x00,0x00,0x00,0x00,0x00,0x00,0x00,0x00,0x00,0x00,
    0x00,0x00,0x00,0x00,0x00,0x07,0xF0,0x00,0x1F,0xFC,0x00,0x3F,0xFE,0x00,0x3E,0x3E,
    0x00,0x7C,0x1F,0x00,0x7C,0x1F,0x00,0x7C,0x1F,0x00,0x7C,0x1F,0x00,0x7C,0x1F,0x00,
    0x7E,0x3F,0x00,0x3F,0xFF,0x00,0x1F,0xFF,0x00,0x03,0x1F,0x00,0x00,0x1F,0x00,0x00,
    0x3E,0x00,0x20,0x3E,0x00,0x38,0x7E,0x00,0x7F,0xFC,0x00,0x3F,0xF8,0x00,0x0F,0xE0,
    0x00,0x00,0x00,0x00,0x00,0x00,0x00,0x00,0x00,0x00,0x00,0x00,0x00,0x00,0x00,0x00,
    0x00,0x00,0x00,0x00,0x00,0x00,0x00,0x00,0x00,0x00,0x00,0x00,0x00,0x00,0x00,0x00,
    0x00,0x00,0x00,0x00,0x00,0x00,0x00,0x00,0x00,0x00,0x00,0x00,0x00,0x00,0x00,0x00,
    0x00,0x00,0x00,0x00,0x00,0x00,0x00,0x00,0x00,0x00,0x00,0x00,0x00,0x00,0x00,0x00,
    0x00,0x00,0x00,0x00,0x1E,0x00,0x3F,0x00,0x3F,0x00,0x3F,0x00,0x1E,0x00,0x00,0x00,
    0x00,0x00,0x00,0x00,0x00,0x00,0x00,0x00,0x1E,0x00,0x3F,0x00,0x3F,0x00,0x3F,0x00,
    0x1E,0x00,0x00,0x00,0x00,0x00,0x00,0x00,0x00,0x00,0x00,0x00,0x00,0x00,0x00,0x00,
    0x00,0x00,0x00,0x00,0x00,0x00,0x00,0x00,0x00,0x00,0x00,0x00,0x00,0x00,0x00,0x00,
    0x00,0x00,0x00,0x00,0x00,0x00,0x00,0x00,0x00,0x00,0x00,0x00,0x00,0x00,0x00,0x00,
    0x00,0x00,0x00,0x00,0x00,0x00,0x00,0x00,0x00,0x00,0x00,0x00,0x1E,0x00,0x3F,0x00,
    0x3F,0x00,0x3F,0x00,0x1E,0x00,0x00,0x00,0x00,0x00,0x00,0x00,0x00,0x00,0x00,0x00,
    0x1E,0x00,0x3F,0x00,0x3F,0x00,0x3F,0x00,0x1F,0x00,0x07,0x00,0x0E,0x00,0x1E,0x00,
    0x3C,0x00,0x10,0x00,0x00,0x00,0x00,0x00,0x00,0x00,0x00,0x00,0x00,0x00,0x00,0x00,
    0x00,0x00,0x00,0x00,0x00,0x00,0x00,0x00,0x00,0x00,0x00,0x00,0x00,0x00,0x00,0x00,
    0x00,0x00,0x00,0x00,0x00,0x00,0x00,0x00,0x00,0x00,0x00,0x00,0x00,0x00,0x00,0x00,
    0x00,0x00,0x00,0x00,0x00,0x00,0x00,0x00,0x00,0x00,0x00,0x00,0x00,0x00,0x00,0x00,
    0x00,0x00,0x00,0x00,0x00,0x00,0x00,0x00,0x00,0x18,0x00,0x00,0x7C,0x00,0x00,0xFC,
    0x00,0x03,0xF0,0x00,0x0F,0xC0,0x00,0x1F,0x80,0x00,0x3E,0x00,0x00,0x3E,0x00,0x00,
    0x1F,0x80,0x00,0x07,0xE0,0x00,0x03,0xF8,0x00,0x00,0xFC,0x00,0x00,0x38,0x00,0x00,
    0x18,0x00,0x00,0x00,0x00,0x00,0x00,0x00,0x00,0x00,0x00,0x00,0x00,0x00,0x00,0x00,
    0x00,0x00,0x00,0x00,0x00,0x00,0x00,0x00,0x00,0x00,0x00,0x00,0x00,0x00,0x00,0x00,
    0x00,0x00,0x00,0x00,0x00,0x00,0x00,0x00,0x00,0x00,0x00,0x00,0x00,0x00,0x00,0x00,
    0x00,0x00,0x00,0x00,0x00,0x00,0x00,0x00,0x00,0x00,0x00,0x00,0x00,0x00,0x00,0x00,
    0x00,0x00,0x00,0x00,0x00,0x00,0x00,0x00,0x00,0x00,0x00,0x00,0x00,0x00,0x00,0x00,
    0x00,0x00,0x00,0x00,0x00,0x00,0x00,0x00,0x00,0x00,0x00,0x00,0x00,0x00,0x00,0x00,
    0x00,0x00,0x3F,0xFC,0x00,0x3F,0xFC,0x00,0x3F,0xFC,0x00,0x00,0x00,0x00,0x00,0x00,
    0x00,0x00,0x00,0x00,0x3F,0xFC,0x00,0x3F,0xFC,0x00,0x3F,0xFC,0x00,0x00,0x00,0x00,
    0x00,0x00,0x00,0x00,0x00,0x00,0x00,0x00,0x00,0x00,0x00,0x00,0x00,0x00,0x00,0x00,
    0x00,0x00,0x00,0x00,0x00,0x00,0x00,0x00,0x00,0x00,0x00,0x00,0x00,0x00,0x00,0x00,
    0x00,0x00,0x00,0x00,0x00,0x00,0x00,0x00,0x00,0x00,0x00,0x00,0x00,0x00,0x00,0x00,
    0x00,0x00,0x00,0x00,0x00,0x00,0x00,0x00,0x00,0x00,0x00,0x00,0x00,0x00,0x00,0x00,
    0x00,0x00,0x00,0x00,0x00,0x00,0x00,0x00,0x00,0x00,0x00,0x00,0x00,0x00,0x00,0x00,
    0x00,0x00,0x00,0x00,0x00,0x00,0x00,0x00,0x00,0x00,0x00,0x00,0x00,0x00,0x00,0x00,
    0x0C,0x00,0x00,0x1F,0x00,0x00,0x1F,0x80,0x00,0x07,0xE0,0x00,0x01,0xF8,0x00,0x00,
    0xFC,0x00,0x00,0x3E,0x00,0x00,0x3E,0x00,0x00,0xFC,0x00,0x03,0xF0,0x00,0x0F,0xE0,
    0x00,0x1F,0x80,0x00,0x0E,0x00,0x00,0x0C,0x00,0x00,0x00,0x00,0x00,0x00,0x00,0x00,
    0x00,0x00,0x00,0x00,0x00,0x00,0x00,0x00,0x00,0x00,0x00,0x00,0x00,0x00,0x00,0x00,
    0x00,0x00,0x00,0x00,0x00,0x00,0x00,0x00,0x00,0x00,0x00,0x00,0x00,0x00,0x00,0x00,
    0x00,0x00,0x00,0x00,0x00,0x00,0x00,0x00,0x00,0x00,0x00,0x00,0x00,0x00,0x00,0x00,
    0x00,0x00,0x00,0x00,0x00,0x00,0x0F,0xE0,0x3F,0xF8,0x7F,0xFC,0x78,0x7C,0x78,0x7C,
    0x78,0x7C,0x00,0xFC,0x03,0xF8,0x07,0xF0,0x07,0xC0,0x07,0x80,0x07,0x00,0x07,0x00,
    0x07,0x00,0x00,0x00,0x07,0x00,0x0F,0x80,0x0F,0x80,0x0F,0x80,0x07,0x00,0x00,0x00,
    0x00,0x00,0x00,0x00,0x00,0x00,0x00,0x00,0x00,0x00,0x00,0x00,0x00,0x00,0x00,0x00,
    0x00,0x00,0x00,0x00,0x00,0x00,0x00,0x00,0x00,0x00,0x00,0x00,0x00,0x00,0x00,0x00,
    0x00,0x00,0x00,0x00,0x00,0x00,0x00,0x00,0x00,0x00,0x00,0x00,0x00,0x00,0x00,0x00,
    0x00,0x00,0x00,0x00,0x00,0x00,0x00,0x00,0x00,0x00,0x00,0x00,0x00,0x00,0x00,0x00,
    0x00,0x00,0x00,0x00,0x00,0x00,0x00,0x00,0x00,0x00,0x00,0x00,0x00,0x00,0x00,0x00,
    0x00,0x00,0x00,0x00,0x00,0x00,0x00,0x00,0x00,0x3F,0xF0,0x00,0x00,0xFF,0xFC,0x00,
    0x03,0xFF,0xFE,0x00,0x07,0xC0,0x1F,0x00,0x0F,0x0E,0x07,0x80,0x0E,0x3F,0xB3,0x80,
    0x1E,0x7F,0xF3,0xC0,0x1C,0xF8,0xF1,0xC0,0x3D,0xF0,0xF1,0xC0,0x39,0xF1,0xF1,0xC0,
    0x39,0xE1,0xF1,0xC0,0x39,0xE1,0xE1,0xC0,0x39,0xE3,0xE3,0xC0,0x39,0xE3,0xE3,0x80,
    0x39,0xFE,0xFF,0x80,0x38,0xFE,0xFF,0x00,0x3C,0x7C,0x7C,0x00,0x1C,0x00,0x00,0x00,
    0x1E,0x00,0x20,0x00,0x0F,0x80,0xE0,0x00,0x07,0xFF,0xE0,0x00,0x03,0xFF,0xC0,0x00,
    0x00,0xFF,0x00,0x00,0x00,0x00,0x00,0x00,0x00,0x00,0x00,0x00,0x00,0x00,0x00,0x00,
    0x00,0x00,0x00,0x00,0x00,0x00,0x00,0x00,0x00,0x00,0x00,0x00,0x00,0x00,0x00,0x00,
    0x00,0x00,0x00,0x00,0x00,0x00,0x00,0x00,0x00,0x00,0x00,0x00,0x00,0x00,0x00,0x00,
    0x00,0x00,0x00,0x00,0x00,0x00,0x00,0x00,0x00,0x00,0x00,0x00,0x00,0x00,0x7C,0x00,
    0x00,0x7E,0x00,0x00,0x7E,0x00,0x00,0xFE,0x00,0x00,0xFF,0x00,0x00,0xFF,0x00,0x01,
    0xCF,0x00,0x01,0xCF,0x80,0x03,0xCF,0x80,0x03,0x87,0xC0,0x03,0x87,0xC0,0x07,0xFF,
    0xC0,0x07,0xFF,0xE0,0x0F,0xFF,0xE0,0x0F,0x03,0xE0,0x0E,0x03,0xF0,0x1E,0x01,0xF0,
    0x3E,0x03,0xF8,0x7F,0x87,0xFC,0x7F,0x87,0xFC,0x00,0x00,0x00,0x00,0x00,0x00,0x00,
    0x00,0x00,0x00,0x00,0x00,0x00,0x00,0x00,0x00,0x00,0x00,0x00,0x00,0x00,0x00,0x00,
    0x00,0x00,0x00,0x00,0x00,0x00,0x00,0x00,0x00,0x00,0x00,0x00,0x00,0x00,0x00,0x00,
    0x00,0x00,0x00,0x00,0x00,0x00,0x00,0x00,0x00,0x00,0x00,0x00,0x00,0x00,0x00,0x00,
    0x00,0x00,0x00,0x00,0x00,0x00,0x00,0x00,0x00,0x00,0x00,0x00,0x00,0x00,0x00,0x00,
    0x00,0x7F,0xFC,0x00,0x7F,0xFF,0x00,0x3F,0xFF,0x80,0x1F,0x1F,0x80,0x1F,0x0F,0x80,
    0x1F,0x0F,0x80,0x1F,0x0F,0x80,0x1F,0x1F,0x00,0x1F,0xFE,0x00,0x1F,0xFC,0x00,0x1F,
    0xFF,0x00,0x1F,0x1F,0x80,0x1F,0x0F,0xC0,0x1F,0x07,0xC0,0x1F,0x07,0xC0,0x1F,0x07,
    0xC0,0x1F,0x0F,0xC0,0x3F,0xFF,0x80,0x7F,0xFF,0x00,0x7F,0xFC,0x00,0x00,0x00,0x00,
    0x00,0x00,0x00,0x00,0x00,0x00,0x00,0x00,0x00,0x00,0x00,0x00,0x00,0x00,0x00,0x00,
    0x00,0x00,0x00,0x00,0x00,0x00,0x00,0x00,0x00,0x00,0x00,0x00,0x00,0x00,0x00,0x00,
    0x00,0x00,0x00,0x00,0x00,0x00,0x00,0x00,0x00,0x00,0x00,0x00,0x00,0x00,0x00,0x00,
    0x00,0x00,0x00,0x00,0x00,0x00,0x00,0x00,0x00,0x00,0x00,0x00,0x00,0x00,0x00,0x00,
    0x00,0x00,0x00,0x00,0x00,0x01,0xFD,0xC0,0x07,0xFF,0xC0,0x0F,0xFF,0xC0,0x1F,0x03,
    0xC0,0x3E,0x01,0xC0,0x3E,0x01,0xE0,0x7C,0x00,0xE0,0x7C,0x00,0x00,0x7C,0x00,0x00,
    0x7C,0x00,0x00,0x7C,0x00,0x00,0x7C,0x00,0x00,0x7C,0x00,0x00,0x7E,0x00,0x00,0x3E,
    0x00,0x00,0x3F,0x00,0xC0,0x1F,0xC3,0xE0,0x0F,0xFF,0xC0,0x07,0xFF,0x80,0x01,0xFE,
    0x00,0x00,0x00,0x00,0x00,0x00,0x00,0x00,0x00,0x00,0x00,0x00,0x00,0x00,0x00,0x00,
    0x00,0x00,0x00,0x00,0x00,0x00,0x00,0x00,0x00,0x00,0x00,0x00,0x00,0x00,0x00,0x00,
    0x00,0x00,0x00,0x00,0x00,0x00,0x00,0x00,0x00,0x00,0x00,0x00,0x00,0x00,0x00,0x00,
    0x00,0x00,0x00,0x00,0x00,0x00,0x00,0x00,0x00,0x00,0x00,0x00,0x00,0x00,0x00,0x00,
    0x00,0x00,0x00,0x00,0x00,0x00,0x00,0x00,0x00,0x7F,0xFE,0x00,0x7F,0xFF,0x80,0x1F,
    0xFF,0xC0,0x1F,0x07,0xE0,0x1F,0x03,0xF0,0x1F,0x01,0xF0,0x1F,0x01,0xF8,0x1F,0x00,
    0xF8,0x1F,0x00,0xF8,0x1F,0x00,0xF8,0x1F,0x00,0xF8,0x1F,0x00,0xF8,0x1F,0x00,0xF8,
    0x1F,0x01,0xF0,0x1F,0x01,0xF0,0x1F,0x03,0xF0,0x1F,0x07,0xE0,0x1F,0xFF,0xC0,0x7F,
    0xFF,0x00,0x7F,0xFC,0x00,0x00,0x00,0x00,0x00,0x00,0x00,0x00,0x00,0x00,0x00,0x00,
    0x00,0x00,0x00,0x00,0x00,0x00,0x00,0x00,0x00,0x00,0x00,0x00,0x00,0x00,0x00,0x00,
    0x00,0x00,0x00,0x00,0x00,0x00,0x00,0x00,0x00,0x00,0x00,0x00,0x00,0x00,0x00,0x00,
    0x00,0x00,0x00,0x00,0x00,0x00,0x00,0x00,0x00,0x00,0x00,0x00,0x00,0x00,0x00,0x00,
    0x00,0x00,0x00,0x00,0x00,0x00,0x00,0x00,0x00,0x00,0x00,0x00,0x00,0x7F,0xFF,0x00,
    0x7F,0xFF,0x80,0x3F,0xFF,0x80,0x1F,0x07,0x80,0x1F,0x03,0x80,0x1F,0x03,0x80,0x1F,
    0x0C,0x00,0x1F,0x1C,0x00,0x1F,0xFC,0x00,0x1F,0xFC,0x00,0x1F,0xFC,0x00,0x1F,0x1C,
    0x00,0x1F,0x1C,0x00,0x1F,0x00,0x00,0x1F,0x01,0xC0,0x1F,0x03,0xC0,0x1F,0x03,0x80,
    0x3F,0xFF,0x80,0x7F,0xFF,0x80,0x7F,0xFF,0x80,0x00,0x00,0x00,0x00,0x00,0x00,0x00,
    0x00,0x00,0x00,0x00,0x00,0x00,0x00,0x00,0x00,0x00,0x00,0x00,0x00,0x00,0x00,0x00,
    0x00,0x00,0x00,0x00,0x00,0x00,0x00,0x00,0x00,0x00,0x00,0x00,0x00,0x00,0x00,0x00,
    0x00,0x00,0x00,0x00,0x00,0x00,0x00,0x00,0x00,0x00,0x00,0x00,0x00,0x00,0x00,0x00,
    0x00,0x00,0x00,0x00,0x00,0x00,0x00,0x00,0x00,0x00,0x00,0x00,0x00,0x00,0x00,0x00,
    0x00,0x7F,0xFF,0x00,0x7F,0xFF,0x80,0x3F,0xFF,0x80,0x1F,0x07,0x80,0x1F,0x03,0x80,
    0x1F,0x03,0x80,0x1F,0x00,0x00,0x1F,0x1C,0x00,0x1F,0x1C,0x00,0x1F,0xFC,0x00,0x1F,
    0xFC,0x00,0x1F,0xFC,0x00,0x1F,0x1C,0x00,0x1F,0x1C,0x00,0x1F,0x00,0x00,0x1F,0x00,
    0x00,0x1F,0x00,0x00,0x3F,0x80,0x00,0x7F,0xE0,0x00,0x7F,0xE0,0x00,0x00,0x00,0x00,
    0x00,0x00,0x00,0x00,0x00,0x00,0x00,0x00,0x00,0x00,0x00,0x00,0x00,0x00,0x00,0x00,
    0x00,0x00,0x00,0x00,0x00,0x00,0x00,0x00,0x00,0x00,0x00,0x00,0x00,0x00,0x00,0x00,
    0x00,0x00,0x00,0x00,0x00,0x00,0x00,0x00,0x00,0x00,0x00,0x00,0x00,0x00,0x00,0x00,
    0x00,0x00,0x00,0x00,0x00,0x00,0x00,0x00,0x00,0x00,0x00,0x00,0x00,0x00,0x00,0x00,
    0x00,0x00,0x00,0x00,0x00,0x01,0xFE,0xE0,0x07,0xFF,0xE0,0x0F,0xFF,0xE0,0x1F,0x01,
    0xE0,0x3E,0x00,0xF0,0x3E,0x00,0xF0,0x7C,0x00,0x70,0x7C,0x00,0x00,0x7C,0x00,0x00,
    0x7C,0x00,0x00,0x7C,0x0F,0xF8,0x7C,0x0F,0xF8,0x7C,0x03,0xF0,0x7E,0x01,0xF0,0x3E,
    0x01,0xF0,0x3F,0x01,0xF0,0x1F,0xC7,0xF0,0x0F,0xFF,0xF0,0x07,0xFF,0xF0,0x03,0xFC,
    0x70,0x00,0x00,0x00,0x00,0x00,0x00,0x00,0x00,0x00,0x00,0x00,0x00,0x00,0x00,0x00,
    0x00,0x00,0x00,0x00,0x00,0x00,0x00,0x00,0x00,0x00,0x00,0x00,0x00,0x00,0x00,0x00,
    0x00,0x00,0x00,0x00,0x00,0x00,0x00,0x00,0x00,0x00,0x00,0x00,0x00,0x00,0x00,0x00,
    0x00,0x00,0x00,0x00,0x00,0x00,0x00,0x00,0x00,0x00,0x00,0x00,0x00,0x00,0x00,0x00,
    0x00,0x00,0x00,0x00,0x00,0x00,0x00,0x00,0x00,0x7F,0xC3,0xFE,0x7F,0xC3,0xFE,0x1F,
    0x81,0xF8,0x1F,0x01,0xF0,0x1F,0x01,0xF0,0x1F,0x01,0xF0,0x1F,0x01,0xF0,0x1F,0x01,
    0xF0,0x1F,0xFF,0xF0,0x1F,0xFF,0xF0,0x1F,0xFF,0xF0,0x1F,0x01,0xF0,0x1F,0x01,0xF0,
    0x1F,0x01,0xF0,0x1F,0x01,0xF0,0x1F,0x01,0xF0,0x1F,0x01,0xF0,0x3F,0x81,0xF8,0x7F,
    0xC3,0xFE,0x7F,0xC3,0xFE,0x00,0x00,0x00,0x00,0x00,0x00,0x00,0x00,0x00,0x00,0x00,
    0x00,0x00,0x00,0x00,0x00,0x00,0x00,0x00,0x00,0x00,0x00,0x00,0x00,0x00,0x00,0x00,
    0x00,0x00,0x00,0x00,0x00,0x00,0x00,0x00,0x00,0x00,0x00,0x00,0x00,0x00,0x00,0x00,
    0x00,0x00,0x00,0x00,0x00,0x00,0x00,0x00,0x00,0x00,0x00,0x00,0x00,0x00,0x7F,0xC0,
    0x7F,0xC0,0x3F,0x80,0x1F,0x00,0x1F,0x00,0x1F,0x00,0x1F,0x00,0x1F,0x00,0x1F,0x00,
    0x1F,0x00,0x1F,0x00,0x1F,0x00,0x1F,0x00,0x1F,0x00,0x1F,0x00,0x1F,0x00,0x1F,0x00,
    0x3F,0x80,0x7F,0xC0,0x7F,0xC0,0x00,0x00,0x00,0x00,0x00,0x00,0x00,0x00,0x00,0x00,
    0x00,0x00,0x00,0x00,0x00,0x00,0x00,0x00,0x00,0x00,0x00,0x00,0x00,0x00,0x00,0x00,
    0x00,0x00,0x00,0x00,0x00,0x00,0x00,0x00,0x00,0x00,0x00,0x00,0x00,0x00,0x00,0x00,
    0x00,0x00,0x00,0x00,0x00,0x00,0x00,0x00,0x00,0x00,0x00,0x00,0x00,0x00,0x00,0x00,
    0x00,0x00,0x00,0x00,0x00,0x03,0xFF,0x00,0x03,0xFF,0x00,0x00,0xFC,0x00,0x00,0x7C,
    0x00,0x00,0x7C,0x00,0x00,0x7C,0x00,0x00,0x7C,0x00,0x00,0x7C,0x00,0x00,0x7C,0x00,
    0x00,0x7C,0x00,0x00,0x7C,0x00,0x00,0x7C,0x00,0x00,0x7C,0x00,0x78,0x7C,0x00,0x7C,
    0x7C,0x00,0xF8,0x7C,0x00,0xF8,0xF8,0x00,0x7F,0xF8,0x00,0x3F,0xF0,0x00,0x1F,0xC0,
    0x00,0x00,0x00,0x00,0x00,0x00,0x00,0x00,0x00,0x00,0x00,0x00,0x00,0x00,0x00,0x00,
    0x00,0x00,0x00,0x00,0x00,0x00,0x00,0x00,0x00,0x00,0x00,0x00,0x00,0x00,0x00,0x00,
    0x00,0x00,0x00,0x00,0x00,0x00,0x00,0x00,0x00,0x00,0x00,0x00,0x00,0x00,0x00,0x00,
    0x00,0x00,0x00,0x00,0x00,0x00,0x00,0x00,0x00,0x00,0x00,0x00,0x00,0x00,0x00,0x00,
    0x00,0x00,0x00,0x00,0x00,0x00,0x00,0x00,0x00,0x7F,0xC7,0xF8,0x7F,0xCF,0xF8,0x3F,
    0x83,0xF0,0x1F,0x03,0xC0,0x1F,0x07,0x80,0x1F,0x0F,0x00,0x1F,0x1E,0x00,0x1F,0x3C,
    0x00,0x1F,0x78,0x00,0x1F,0xFC,0x00,0x1F,0xFC,0x00,0x1F,0xFE,0x00,0x1F,0xBF,0x00,
    0x1F,0x3F,0x00,0x1F,0x1F,0x80,0x1F,0x0F,0xC0,0x1F,0x0F,0xC0,0x3F,0x87,0xFC,0x7F,
    0xC3,0xFC,0x7F,0xC1,0xFC,0x00,0x00,0x00,0x00,0x00,0x00,0x00,0x00,0x00,0x00,0x00,
    0x00,0x00,0x00,0x00,0x00,0x00,0x00,0x00,0x00,0x00,0x00,0x00,0x00,0x00,0x00,0x00,
    0x00,0x00,0x00,0x00,0x00,0x00,0x00,0x00,0x00,0x00,0x00,0x00,0x00,0x00,0x00,0x00,
    0x00,0x00,0x00,0x00,0x00,0x00,0x00,0x00,0x00,0x00,0x00,0x00,0x00,0x00,0x00,0x00,
    0x00,0x00,0x00,0x00,0x00,0x00,0x00,0x00,0x00,0x00,0x00,0x00,0x00,0x7F,0xE0,0x00,
    0x7F,0xE0,0x00,0x3F,0x80,0x00,0x1F,0x00,0x00,0x1F,0x00,0x00,0x1F,0x00,0x00,0x1F,
    0x00,0x00,0x1F,0x00,0x00,0x1F,0x00,0x00,0x1F,0x00,0x00,0x1F,0x00,0x00,0x1F,0x00,
    0x00,0x1F,0x00,0x00,0x1F,0x01,0xC0,0x1F,0x03,0xC0,0x1F,0x03,0xC0,0x1F,0x07,0x80,
    0x3F,0xFF,0x80,0x7F,0xFF,0x80,0x7F,0xFF,0x80,0x00,0x00,0x00,0x00,0x00,0x00,0x00,
    0x00,0x00,0x00,0x00,0x00,0x00,0x00,0x00,0x00,0x00,0x00,0x00,0x00,0x00,0x00,0x00,
    0x00,0x00,0x00,0x00,0x00,0x00,0x00,0x00,0x00,0x00,0x00,0x00,0x00,0x00,0x00,0x00,
    0x00,0x00,0x00,0x00,0x00,0x00,0x00,0x00,0x00,0x00,0x00,0x00,0x00,0x00,0x00,0x00,
    0x00,0x00,0x00,0x00,0x00,0x00,0x00,0x00,0x00,0x00,0x00,0x00,0x00,0x00,0x00,0x00,
    0x00,0x00,0x00,0x00,0x00,0x00,0x00,0x00,0x00,0x00,0x00,0x00,0x00,0x00,0x00,0x00,
    0x3F,0xC0,0x1F,0xE0,0x3F,0xC0,0x3F,0xE0,0x1F,0xC0,0x3F,0x80,0x0F,0xE0,0x7F,0x80,
    0x0F,0xE0,0x7F,0x80,0x0F,0xF0,0xFF,0x80,0x0F,0xF0,0xEF,0x80,0x0E,0xF0,0xEF,0x80,
    0x0E,0xF9,0xCF,0x80,0x0E,0xF9,0xCF,0x80,0x0E,0x7F,0xCF,0x80,0x0E,0x7F,0x8F,0x80,
    0x0E,0x3F,0x8F,0x80,0x0E,0x3F,0x0F,0x80,0x0E,0x3F,0x0F,0x80,0x0E,0x1E,0x0F,0x80,
    0x0E,0x1E,0x0F,0x80,0x1E,0x00,0x1F,0xC0,0x7F,0x00,0x3F,0xE0,0x7F,0x00,0x3F,0xE0,
    0x00,0x00,0x00,0x00,0x00,0x00,0x00,0x00,0x00,0x00,0x00,0x00,0x00,0x00,0x00,0x00,
    0x00,0x00,0x00,0x00,0x00,0x00,0x00,0x00,0x00,0x00,0x00,0x00,0x00,0x00,0x00,0x00,
    0x00,0x00,0x00,0x00,0x00,0x00,0x00,0x00,0x00,0x00,0x00,0x00,0x00,0x00,0x00,0x00,
    0x00,0x00,0x00,0x00,0x00,0x00,0x00,0x00,0x00,0x00,0x00,0x00,0x00,0x00,0x00,0x00,
    0x00,0x00,0x00,0x00,0x00,0x00,0x00,0x00,0x00,0x00,0x00,0x00,0x00,0x00,0x00,0x00,
    0x00,0x7F,0x81,0xFE,0x7F,0xC1,0xFE,0x3F,0xC0,0xF8,0x1F,0xE0,0x70,0x1F,0xF0,0x70,
    0x1F,0xF0,0x70,0x1F,0xF8,0x70,0x1D,0xF8,0x70,0x1C,0xFC,0x70,0x1C,0xFE,0x70,0x1C,
    0x7E,0x70,0x1C,0x3F,0x70,0x1C,0x3F,0x70,0x1C,0x1F,0xF0,0x1C,0x0F,0xF0,0x1C,0x0F,
    0xF0,0x1C,0x07,0xF0,0x3E,0x03,0xF0,0x7F,0x83,0xF0,0x7F,0x81,0xF0,0x00,0x00,0x00,
    0x00,0x00,0x00,0x00,0x00,0x00,0x00,0x00,0x00,0x00,0x00,0x00,0x00,0x00,0x00,0x00,
    0x00,0x00,0x00,0x00,0x00,0x00,0x00,0x00,0x00,0x00,0x00,0x00,0x00,0x00,0x00,0x00,
    0x00,0x00,0x00,0x00,0x00,0x00,0x00,0x00,0x00,0x00,0x00,0x00,0x00,0x00,0x00,0x00,
    0x00,0x00,0x00,0x00,0x00,0x00,0x00,0x00,0x00,0x00,0x00,0x00,0x00,0x00,0x00,0x00,
    0x00,0x00,0x00,0x00,0x00,0x01,0xFE,0x00,0x07,0xFF,0x80,0x0F,0xFF,0xE0,0x1F,0x03,
    0xE0,0x3E,0x01,0xF0,0x3E,0x01,0xF8,0x7C,0x00,0xF8,0x7C,0x00,0xF8,0x7C,0x00,0xF8,
    0x7C,0x00,0xF8,0x7C,0x00,0xF8,0x7C,0x00,0xF8,0x7C,0x00,0xF8,0x7E,0x00,0xF8,0x3E,
    0x01,0xF0,0x3E,0x01,0xF0,0x1F,0x03,0xE0,0x0F,0xFF,0xC0,0x07,0xFF,0x80,0x01,0xFE,
    0x00,0x00,0x00,0x00,0x00,0x00,0x00,0x00,0x00,0x00,0x00,0x00,0x00,0x00,0x00,0x00,
    0x00,0x00,0x00,0x00,0x00,0x00,0x00,0x00,0x00,0x00,0x00,0x00,0x00,0x00,0x00,0x00,
    0x00,0x00,0x00,0x00,0x00,0x00,0x00,0x00,0x00,0x00,0x00,0x00,0x00,0x00,0x00,0x00,
    0x00,0x00,0x00,0x00,0x00,0x00,0x00,0x00,0x00,0x00,0x00,0x00,0x00,0x00,0x00,0x00,
    0x00,0x00,0x00,0x00,0x00,0x00,0x00,0x00,0x00,0x7F,0xFC,0x00,0x7F,0xFF,0x00,0x3F,
    0xFF,0x80,0x1F,0x0F,0xC0,0x1F,0x07,0xC0,0x1F,0x07,0xC0,0x1F,0x07,0xC0,0x1F,0x07,
    0xC0,0x1F,0x0F,0xC0,0x1F,0x1F,0x80,0x1F,0xFF,0x00,0x1F,0xFE,0x00,0x1F,0xF0,0x00,
    0x1F,0x00,0x00,0x1F,0x00,0x00,0x1F,0x00,0x00,0x1F,0x00,0x00,0x3F,0x80,0x00,0x7F,
    0xE0,0x00,0x7F,0xE0,0x00,0x00,0x00,0x00,0x00,0x00,0x00,0x00,0x00,0x00,0x00,0x00,
    0x00,0x00,0x00,0x00,0x00,0x00,0x00,0x00,0x00,0x00,0x00,0x00,0x00,0x00,0x00,0x00,
    0x00,0x00,0x00,0x00,0x00,0x00,0x00,0x00,0x00,0x00,0x00,0x00,0x00,0x00,0x00,0x00,
    0x00,0x00,0x00,0x00,0x00,0x00,0x00,0x00,0x00,0x00,0x00,0x00,0x00,0x00,0x00,0x00,
    0x00,0x00,0x00,0x00,0x00,0x00,0x00,0x00,0x00,0x00,0x00,0x00,0x00,0x01,0xFE,0x00,
    0x07,0xFF,0x80,0x0F,0xFF,0xC0,0x1F,0x03,0xE0,0x3E,0x01,0xF0,0x3E,0x01,0xF0,0x7C,
    0x00,0xF8,0x7C,0x00,0xF8,0x7C,0x00,0xF8,0x7C,0x00,0xF8,0x7C,0x00,0xF8,0x7C,0xE0,
    0xF8,0x7F,0xF0,0xF8,0x7F,0xFD,0xF8,0x3F,0x3D,0xF0,0x3E,0x1F,0xF0,0x1F,0x1F,0xE0,
    0x0F,0xFF,0xC0,0x07,0xFF,0x80,0x01,0xFF,0xC0,0x00,0x03,0xE0,0x00,0x03,0xF0,0x00,
    0x01,0xFE,0x00,0x00,0xFE,0x00,0x00,0x7E,0x00,0x00,0x00,0x00,0x00,0x00,0x00,0x00,
    0x00,0x00,0x00,0x00,0x00,0x00,0x00,0x00,0x00,0x00,0x00,0x00,0x00,0x00,0x00,0x00,
    0x00,0x00,0x00,0x00,0x00,0x00,0x00,0x00,0x00,0x00,0x00,0x00,0x00,0x00,0x00,0x00,
    0x00,0x00,0x00,0x00,0x00,0x00,0x00,0x00,0x00,0x00,0x00,0x00,0x00,0x00,0x00,0x00,
    0x00,0x7F,0xFE,0x00,0x7F,0xFF,0x00,0x3F,0xFF,0x80,0x1F,0x0F,0xC0,0x1F,0x07,0xC0,
    0x1F,0x07,0xC0,0x1F,0x07,0xC0,0x1F,0x0F,0x80,0x1F,0xFF,0x00,0x1F,0xFC,0x00,0x1F,
    0xFC,0x00,0x1F,0x3F,0x00,0x1F,0x1F,0x00,0x1F,0x1F,0x80,0x1F,0x1F,0x80,0x1F,0x0F,
    0x80,0x1F,0x0F,0xC0,0x3F,0x8F,0xF0,0x7F,0xC7,0xF8,0x7F,0xC3,0xF0,0x00,0x00,0x00,
    0x00,0x00,0x00,0x00,0x00,0x00,0x00,0x00,0x00,0x00,0x00,0x00,0x00,0x00,0x00,0x00,
    0x00,0x00,0x00,0x00,0x00,0x00,0x00,0x00,0x00,0x00,0x00,0x00,0x00,0x00,0x00,0x00,
    0x00,0x00,0x00,0x00,0x00,0x00,0x00,0x00,0x00,0x00,0x00,0x00,0x00,0x00,0x00,0x00,
    0x00,0x00,0x00,0x00,0x00,0x00,0x00,0x00,0x00,0x00,0x00,0x00,0x00,0x00,0x00,0x00,
    0x00,0x00,0x00,0x00,0x00,0x07,0xF7,0x00,0x0F,0xFF,0x00,0x1F,0xFF,0x00,0x3E,0x0F,
    0x00,0x3E,0x07,0x00,0x3E,0x03,0x80,0x3F,0x00,0x00,0x3F,0xE0,0x00,0x3F,0xF8,0x00,
    0x1F,0xFE,0x00,0x0F,0xFF,0x00,0x03,0xFF,0x80,0x00,0x7F,0x80,0x10,0x1F,0x80,0x70,
    0x0F,0x80,0x78,0x0F,0x80,0x3C,0x0F,0x80,0x3F,0xFF,0x00,0x3F,0xFE,0x00,0x3B,0xF8,
    0x00,0x00,0x00,0x00,0x00,0x00,0x00,0x00,0x00,0x00,0x00,0x00,0x00,0x00,0x00,0x00,
    0x00,0x00,0x00,0x00,0x00,0x00,0x00,0x00,0x00,0x00,0x00,0x00,0x00,0x00,0x00,0x00,
    0x00,0x00,0x00,0x00,0x00,0x00,0x00,0x00,0x00,0x00,0x00,0x00,0x00,0x00,0x00,0x00,
    0x00,0x00,0x00,0x00,0x00,0x00,0x00,0x00,0x00,0x00,0x00,0x00,0x00,0x00,0x00,0x00,
    0x00,0x00,0x00,0x00,0x00,0x00,0x00,0x00,0x00,0x7F,0xFF,0xF0,0x7F,0xFF,0xF0,0x7F,
    0xFF,0xF0,0xF0,0xF8,0xF0,0xF0,0xF8,0x78,0xF0,0xF8,0x78,0x60,0xF8,0x30,0x00,0xF8,
    0x00,0x00,0xF8,0x00,0x00,0xF8,0x00,0x00,0xF8,0x00,0x00,0xF8,0x00,0x00,0xF8,0x00,
    0x00,0xF8,0x00,0x00,0xF8,0x00,0x00,0xF8,0x00,0x00,0xF8,0x00,0x01,0xFC,0x00,0x07,
    0xFF,0x00,0x07,0xFF,0x00,0x00,0x00,0x00,0x00,0x00,0x00,0x00,0x00,0x00,0x00,0x00,
    0x00,0x00,0x00,0x00,0x00,0x00,0x00,0x00,0x00,0x00,0x00,0x00,0x00,0x00,0x00,0x00,
    0x00,0x00,0x00,0x00,0x00,0x00,0x00,0x00,0x00,0x00,0x00,0x00,0x00,0x00,0x00,0x00,
    0x00,0x00,0x00,0x00,0x00,0x00,0x00,0x00,0x00,0x00,0x00,0x00,0x00,0x00,0x00,0x00,
    0x00,0x00,0x00,0x00,0x00,0x00,0x00,0x00,0x00,0x00,0x00,0x00,0x00,0x7F,0xC1,0xFC,
    0x7F,0xC1,0xFC,0x3F,0x80,0xF8,0x1F,0x00,0x70,0x1F,0x00,0x70,0x1F,0x00,0x70,0x1F,
    0x00,0x70,0x1F,0x00,0x70,0x1F,0x00,0x70,0x1F,0x00,0x70,0x1F,0x00,0x70,0x1F,0x00,
    0x70,0x1F,0x00,0x70,0x1F,0x00,0x70,0x1F,0x00,0x70,0x1F,0x80,0xF0,0x0F,0x81,0xE0,
    0x0F,0xFF,0xC0,0x07,0xFF,0x80,0x01,0xFF,0x00,0x00,0x00,0x00,0x00,0x00,0x00,0x00,
    0x00,0x00,0x00,0x00,0x00,0x00,0x00,0x00,0x00,0x00,0x00,0x00,0x00,0x00,0x00,0x00,
    0x00,0x00,0x00,0x00,0x00,0x00,0x00,0x00,0x00,0x00,0x00,0x00,0x00,0x00,0x00,0x00,
    0x00,0x00,0x00,0x00,0x00,0x00,0x00,0x00,0x00,0x00,0x00,0x00,0x00,0x00,0x00,0x00,
    0x00,0x00,0x00,0x00,0x00,0x00,0x00,0x00,0x00,0x00,0x00,0x00,0x00,0x00,0x00,0x00,
    0x00,0x7F,0xE1,0xFC,0x7F,0xE1,0xFC,0x3F,0x80,0xFC,0x1F,0x80,0x78,0x0F,0x80,0x70,
    0x0F,0xC0,0xF0,0x0F,0xC0,0xE0,0x07,0xC0,0xE0,0x07,0xE1,0xE0,0x07,0xE1,0xC0,0x03,
    0xE1,0xC0,0x03,0xF3,0xC0,0x01,0xF3,0x80,0x01,0xF3,0x80,0x01,0xFF,0x00,0x00,0xFF,
    0x00,0x00,0xFF,0x00,0x00,0xFE,0x00,0x00,0x7E,0x00,0x00,0x7E,0x00,0x00,0x00,0x00,
    0x00,0x00,0x00,0x00,0x00,0x00,0x00,0x00,0x00,0x00,0x00,0x00,0x00,0x00,0x00,0x00,
    0x00,0x00,0x00,0x00,0x00,0x00,0x00,0x00,0x00,0x00,0x00,0x00,0x00,0x00,0x00,0x00,
    0x00,0x00,0x00,0x00,0x00,0x00,0x00,0x00,0x00,0x00,0x00,0x00,0x00,0x00,0x00,0x00,
    0x00,0x00,0x00,0x00,0x00,0x00,0x00,0x00,0x00,0x00,0x00,0x00,0x00,0x00,0x00,0x00,
    0x00,0x00,0x00,0x00,0x00,0x00,0x00,0x00,0x00,0x00,0x00,0x00,0x00,0x00,0x00,0x00,
    0x00,0x00,0x00,0x00,0x7F,0xE1,0xF0,0x7F,0x7F,0xE1,0xF8,0x7F,0x3F,0x81,0xF8,0x3E,
    0x1F,0x83,0xF8,0x1C,0x0F,0x83,0xFC,0x1C,0x0F,0xC3,0xFC,0x3C,0x0F,0xC3,0xFC,0x3C,
    0x0F,0xC7,0xFC,0x38,0x07,0xC7,0x3E,0x38,0x07,0xC7,0x3E,0x38,0x07,0xE7,0x3E,0x78,
    0x07,0xE7,0x3E,0x70,0x03,0xEE,0x1F,0x70,0x03,0xEE,0x1F,0x70,0x03,0xFE,0x1F,0xF0,
    0x03,0xFE,0x1F,0xE0,0x01,0xFC,0x0F,0xE0,0x01,0xFC,0x0F,0xE0,0x01,0xFC,0x0F,0xE0,
    0x01,0xFC,0x0F,0xC0,0x00,0x00,0x00,0x00,0x00,0x00,0x00,0x00,0x00,0x00,0x00,0x00,
    0x00,0x00,0x00,0x00,0x00,0x00,0x00,0x00,0x00,0x00,0x00,0x00,0x00,0x00,0x00,0x00,
    0x00,0x00,0x00,0x00,0x00,0x00,0x00,0x00,0x00,0x00,0x00,0x00,0x00,0x00,0x00,0x00,
    0x00,0x00,0x00,0x00,0x00,0x00,0x00,0x00,0x00,0x00,0x00,0x00,0x00,0x00,0x00,0x00,
    0x00,0x00,0x00,0x00,0x00,0x00,0x00,0x00,0x00,0x00,0x00,0x00,0x00,0x00,0x00,0x00,
    0x00,0x00,0x00,0x00,0x00,0x7F,0xC3,0xFC,0x7F,0xC7,0xFC,0x3F,0x81,0xF0,0x0F,0x81,
    0xC0,0x0F,0xC3,0xC0,0x07,0xE7,0x80,0x03,0xEF,0x00,0x01,0xFE,0x00,0x01,0xFC,0x00,
    0x00,0xFC,0x00,0x00,0x7C,0x00,0x00,0xFE,0x00,0x01,0xFF,0x00,0x03,0xDF,0x80,0x03,
    0x8F,0xC0,0x07,0x07,0xC0,0x0F,0x07,0xE0,0x3E,0x07,0xF8,0x7F,0x8F,0xFC,0x7F,0x8F,
    0xFC,0x00,0x00,0x00,0x00,0x00,0x00,0x00,0x00,0x00,0x00,0x00,0x00,0x00,0x00,0x00,
    0x00,0x00,0x00,0x00,0x00,0x00,0x00,0x00,0x00,0x00,0x00,0x00,0x00,0x00,0x00,0x00,
    0x00,0x00,0x00,0x00,0x00,0x00,0x00,0x00,0x00,0x00,0x00,0x00,0x00,0x00,0x00,0x00,
    0x00,0x00,0x00,0x00,0x00,0x00,0x00,0x00,0x00,0x00,0x00,0x00,0x00,0x00,0x00,0x00,
    0x00,0x00,0x00,0x00,0x00,0x00,0x00,0x00,0x00,0x7F,0xE3,0xFC,0x7F,0xE3,0xFC,0x3F,
    0x81,0xF8,0x0F,0x80,0xE0,0x0F,0xC1,0xE0,0x07,0xC1,0xC0,0x07,0xE3,0xC0,0x03,0xF3,
    0x80,0x03,0xF7,0x00,0x01,0xFF,0x00,0x00,0xFE,0x00,0x00,0xFE,0x00,0x00,0x7C,0x00,
    0x00,0x7C,0x00,0x00,0x7C,0x00,0x00,0x7C,0x00,0x00,0x7C,0x00,0x00,0xFE,0x00,0x01,
    0xFF,0x80,0x01,0xFF,0x80,0x00,0x00,0x00,0x00,0x00,0x00,0x00,0x00,0x00,0x00,0x00,
    0x00,0x00,0x00,0x00,0x00,0x00,0x00,0x00,0x00,0x00,0x00,0x00,0x00,0x00,0x00,0x00,
    0x00,0x00,0x00,0x00,0x00,0x00,0x00,0x00,0x00,0x00,0x00,0x00,0x00,0x00,0x00,0x00,
    0x00,0x00,0x00,0x00,0x00,0x00,0x00,0x00,0x00,0x00,0x00,0x00,0x00,0x00,0x00,0x00,
    0x00,0x00,0x00,0x00,0x00,0x00,0x00,0x00,0x00,0x00,0x00,0x00,0x00,0x3F,0xFF,0xE0,
    0x3F,0xFF,0xE0,0x3F,0xFF,0xE0,0x3C,0x0F,0xC0,0x3C,0x0F,0xC0,0x38,0x1F,0x80,0x38,
    0x3F,0x00,0x00,0x7E,0x00,0x00,0xFE,0x00,0x00,0xFC,0x00,0x01,0xF8,0x00,0x03,0xF0,
    0x00,0x07,0xE0,0x00,0x07,0xE0,0xE0,0x0F,0xC0,0xE0,0x1F,0x81,0xE0,0x3F,0x01,0xE0,
    0x3F,0xFF,0xE0,0x7F,0xFF,0xE0,0x7F,0xFF,0xE0,0x00,0x00,0x00,0x00,0x00,0x00,0x00,
    0x00,0x00,0x00,0x00,0x00,0x00,0x00,0x00,0x00,0x00,0x00,0x00,0x00,0x00,0x00,0x00,
    0x00,0x00,0x00,0x00,0x00,0x00,0x00,0x00,0x00,0x00,0x00,0x00,0x00,0x00,0x00,0x00,
    0x00,0x00,0x00,0x00,0x00,0x00,0x00,0x00,0x00,0x00,0x1F,0xC0,0x1F,0xC0,0x1F,0xC0,
    0x1E,0x00,0x1E,0x00,0x1E,0x00,0x1E,0x00,0x1E,0x00,0x1E,0x00,0x1E,0x00,0x1E,0x00,
    0x1E,0x00,0x1E,0x00,0x1E,0x00,0x1E,0x00,0x1E,0x00,0x1E,0x00,0x1E,0x00,0x1E,0x00,
    0x1E,0x00,0x1E,0x00,0x1E,0x00,0x1E,0x00,0x1E,0x00,0x1E,0x00,0x1E,0x00,0x1E,0x00,
    0x1F,0x00,0x1F,0xC0,0x1F,0xC0,0x00,0x00,0x00,0x00,0x00,0x00,0x00,0x00,0x00,0x00,
    0x00,0x00,0x00,0x00,0x00,0x00,0x00,0x00,0x00,0x00,0x00,0x00,0x00,0x00,0x00,0x00,
    0x00,0x00,0x00,0x00,0xF0,0x00,0x70,0x00,0x78,0x00,0x78,0x00,0x38,0x00,0x3C,0x00,
    0x3C,0x00,0x1E,0x00,0x1E,0x00,0x0E,0x00,0x0F,0x00,0x0F,0x00,0x07,0x00,0x07,0x80,
    0x07,0x80,0x03,0xC0,0x03,0xC0,0x01,0xC0,0x01,0xE0,0x01,0xE0,0x00,0xE0,0x00,0xF0,
    0x00,0xF0,0x00,0x78,0x00,0x78,0x00,0x38,0x00,0x00,0x00,0x00,0x00,0x00,0x00,0x00,
    0x00,0x00,0x00,0x00,0x00,0x00,0x00,0x00,0x00,0x00,0x00,0x00,0x00,0x00,0x00,0x00,
    0x00,0x00,0x00,0x00,0x00,0x00,0x00,0x00,0x00,0x00,0x7E,0x00,0xFE,0x00,0xFE,0x00,
    0x1E,0x00,0x1E,0x00,0x1E,0x00,0x1E,0x00,0x1E,0x00,0x1E,0x00,0x1E,0x00,0x1E,0x00,
    0x1E,0x00,0x1E,0x00,0x1E,0x00,0x1E,0x00,0x1E,0x00,0x1E,0x00,0x1E,0x00,0x1E,0x00,
    0x1E,0x00,0x1E,0x00,0x1E,0x00,0x1E,0x00,0x1E,0x00,0x1E,0x00,0x1E,0x00,0x1E,0x00,
    0x3E,0x00,0xFE,0x00,0xFE,0x00,0x00,0x00,0x00,0x00,0x00,0x00,0x00,0x00,0x00,0x00,
    0x00,0x00,0x00,0x00,0x00,0x00,0x00,0x00,0x00,0x00,0x00,0x00,0x00,0x00,0x00,0x00,
    0x00,0x00,0x00,0x00,0x00,0x00,0x00,0x00,0x00,0x00,0x00,0x00,0x00,0x00,0x00,0x00,
    0x00,0x00,0x00,0x00,0x00,0x00,0x00,0x00,0x00,0x01,0xC0,0x00,0x03,0xE0,0x00,0x07,
    0xF0,0x00,0x07,0xF0,0x00,0x0F,0xF8,0x00,0x1F,0x7C,0x00,0x1E,0x3C,0x00,0x3C,0x1E,
    0x00,0x7C,0x1F,0x00,0x78,0x0F,0x00,0x10,0x04,0x00,0x00,0x00,0x00,0x00,0x00,0x00,
    0x00,0x00,0x00,0x00,0x00,0x00,0x00,0x00,0x00,0x00,0x00,0x00,0x00,0x00,0x00,0x00,
    0x00,0x00,0x00,0x00,0x00,0x00,0x00,0x00,0x00,0x00,0x00,0x00,0x00,0x00,0x00,0x00,
    0x00,0x00,0x00,0x00,0x00,0x00,0x00,0x00,0x00,0x00,0x00,0x00,0x00,0x00,0x00,0x00,
    0x00,0x00,0x00,0x00,0x00,0x00,0x00,0x00,0x00,0x00,0x00,0x00,0x00,0x00,0x00,0x00,
    0x00,0x00,0x00,0x00,0x00,0x00,0x00,0x00,0x00,0x00,0x00,0x00,0x00,0x00,0x00,0x00,
    0x00,0x00,0x00,0x00,0x00,0x00,0x00,0x00,0x00,0x00,0x00,0x00,0x00,0x00,0x00,0x00,
    0x00,0x00,0x00,0x00,0x00,0x00,0x00,0x00,0x00,0x00,0x00,0x00,0x00,0x00,0x00,0x00,
    0x00,0x00,0x00,0x00,0x00,0x00,0xFF,0xFC,0xFF,0xFC,0xFF,0xFC,0x00,0x00,0x00,0x00,
    0x00,0x00,0x00,0x00,0x00,0x00,0x00,0x00,0x00,0x00,0x00,0x00,0x00,0x00,0x00,0x00,
    0x00,0x00,0x00,0x00,0x00,0x00,0x00,0x00,0x00,0x00,0x00,0x00,0x00,0x00,0x00,0x00,
    0x1C,0x00,0x1E,0x00,0x1F,0x00,0x0F,0x00,0x07,0x80,0x01,0x80,0x00,0x00,0x00,0x00,
    0x00,0x00,0x00,0x00,0x00,0x00,0x00,0x00,0x00,0x00,0x00,0x00,0x00,0x00,0x00,0x00,
    0x00,0x00,0x00,0x00,0x00,0x00,0x00,0x00,0x00,0x00,0x00,0x00,0x00,0x00,0x00,0x00,
    0x00,0x00,0x00,0x00,0x00,0x00,0x00,0x00,0x00,0x00,0x00,0x00,0x00,0x00,0x00,0x00,
    0x00,0x00,0x00,0x00,0x00,0x00,0x00,0x00,0x00,0x00,0x00,0x00,0x00,0x00,0x00,0x00,
    0x00,0x00,0x00,0x00,0x00,0x00,0x00,0x00,0x00,0x00,0x00,0x00,0x00,0x00,0x00,0x00,
    0x00,0x00,0x00,0x00,0x00,0x00,0x00,0x00,0x00,0x00,0x00,0x00,0x00,0x00,0x00,0x00,
    0x00,0x00,0x00,0x00,0x00,0x00,0x00,0x00,0x00,0x00,0x00,0x00,0x0F,0xE0,0x00,0x3F,
    0xF8,0x00,0x7F,0xFC,0x00,0x7C,0x7C,0x00,0x7C,0x7C,0x00,0x00,0x7C,0x00,0x0F,0xFC,
    0x00,0x3F,0xFC,0x00,0x7E,0x7C,0x00,0x7C,0x7C,0x00,0x7C,0x7C,0x00,0x7C,0x7C,0x00,
    0x7F,0xFF,0x00,0x3F,0xBF,0x80,0x1F,0x1F,0x00,0x00,0x00,0x00,0x00,0x00,0x00,0x00,
    0x00,0x00,0x00,0x00,0x00,0x00,0x00,0x00,0x00,0x00,0x00,0x00,0x00,0x00,0x00,0x00,
    0x00,0x00,0x00,0x00,0x00,0x00,0x00,0x00,0x00,0x00,0x00,0x00,0x00,0x00,0x00,0x00,
    0x00,0x00,0x00,0x00,0x00,0x00,0x00,0x00,0x00,0x00,0x00,0x00,0x00,0x00,0x00,0x00,
    0x00,0x00,0x00,0x00,0x00,0x00,0x00,0x00,0x00,0x00,0x00,0x7F,0x00,0x00,0x7F,0x00,
    0x00,0x7F,0x00,0x00,0x1F,0x00,0x00,0x1F,0x00,0x00,0x1F,0x00,0x00,0x1F,0x00,0x00,
    0x1F,0x3E,0x00,0x1F,0xFF,0x00,0x1F,0xFF,0x80,0x1F,0x8F,0xC0,0x1F,0x07,0xC0,0x1F,
    0x07,0xC0,0x1F,0x07,0xC0,0x1F,0x07,0xC0,0x1F,0x07,0xC0,0x1F,0x07,0xC0,0x1F,0x07,
    0xC0,0x1F,0x0F,0x80,0x1F,0xFF,0x80,0x1F,0xFF,0x00,0x1C,0xFC,0x00,0x00,0x00,0x00,
    0x00,0x00,0x00,0x00,0x00,0x00,0x00,0x00,0x00,0x00,0x00,0x00,0x00,0x00,0x00,0x00,
    0x00,0x00,0x00,0x00,0x00,0x00,0x00,0x00,0x00,0x00,0x00,0x00,0x00,0x00,0x00,0x00,
    0x00,0x00,0x00,0x00,0x00,0x00,0x00,0x00,0x00,0x00,0x00,0x00,0x00,0x00,0x00,0x00,
    0x00,0x00,0x00,0x00,0x00,0x00,0x00,0x00,0x00,0x00,0x00,0x00,0x00,0x00,0x00,0x00,
    0x07,0xF8,0x0F,0xFC,0x1F,0xFE,0x3E,0x3E,0x7C,0x3E,0x7C,0x3E,0x7C,0x08,0x7C,0x00,
    0x7C,0x00,0x7C,0x00,0x7E,0x00,0x3F,0x0E,0x3F,0xFE,0x1F,0xFC,0x07,0xF0,0x00,0x00,
    0x00,0x00,0x00,0x00,0x00,0x00,0x00,0x00,0x00,0x00,0x00,0x00,0x00,0x00,0x00,0x00,
    0x00,0x00,0x00,0x00,0x00,0x00,0x00,0x00,0x00,0x00,0x00,0x00,0x00,0x00,0x00,0x00,
    0x00,0x00,0x00,0x00,0x00,0x00,0x00,0x00,0x00,0x00,0x00,0x00,0x00,0x00,0x00,0x00,
    0x00,0x00,0x00,0x00,0x00,0x00,0x00,0x00,0x7F,0x00,0x00,0x7F,0x00,0x00,0x7F,0x00,
    0x00,0x1F,0x00,0x00,0x1F,0x00,0x00,0x1F,0x00,0x00,0x1F,0x00,0x07,0xFF,0x00,0x1F,
    0xFF,0x00,0x3F,0xFF,0x00,0x3E,0x1F,0x00,0x7C,0x1F,0x00,0x7C,0x1F,0x00,0x7C,0x1F,
    0x00,0x7C,0x1F,0x00,0x7C,0x1F,0x00,0x7C,0x1F,0x00,0x7C,0x1F,0x00,0x7E,0x3F,0x00,
    0x3F,0xFF,0x80,0x1F,0xFF,0xE0,0x0F,0xCF,0xE0,0x00,0x00,0x00,0x00,0x00,0x00,0x00,
    0x00,0x00,0x00,0x00,0x00,0x00,0x00,0x00,0x00,0x00,0x00,0x00,0x00,0x00,0x00,0x00,
    0x00,0x00,0x00,0x00,0x00,0x00,0x00,0x00,0x00,0x00,0x00,0x00,0x00,0x00,0x00,0x00,
    0x00,0x00,0x00,0x00,0x00,0x00,0x00,0x00,0x00,0x00,0x00,0x00,0x00,0x00,0x00,0x00,
    0x00,0x00,0x00,0x00,0x00,0x00,0x00,0x00,0x00,0x00,0x00,0x00,0x07,0xF0,0x0F,0xFC,
    0x1F,0xFC,0x3E,0x3E,0x7C,0x3E,0x7F,0xFE,0x7F,0xFE,0x7F,0xFE,0x7C,0x00,0x7C,0x00,
    0x7E,0x04,0x3F,0x1E,0x3F,0xFE,0x1F,0xFC,0x07,0xF0,0x00,0x00,0x00,0x00,0x00,0x00,
    0x00,0x00,0x00,0x00,0x00,0x00,0x00,0x00,0x00,0x00,0x00,0x00,0x00,0x00,0x00,0x00,
    0x00,0x00,0x00,0x00,0x00,0x00,0x00,0x00,0x00,0x00,0x00,0x00,0x00,0x00,0x00,0x00,
    0x00,0x00,0x00,0x00,0x00,0x00,0x03,0xF0,0x0F,0xF0,0x0F,0xF0,0x1F,0x30,0x1F,0x30,
    0x1F,0x00,0x1F,0x00,0x7F,0xF0,0x7F,0xF0,0x7F,0xF0,0x1F,0x00,0x1F,0x00,0x1F,0x00,
    0x1F,0x00,0x1F,0x00,0x1F,0x00,0x1F,0x00,0x1F,0x00,0x1F,0x00,0x3F,0x80,0x7F,0xE0,
    0x7F,0xE0,0x00,0x00,0x00,0x00,0x00,0x00,0x00,0x00,0x00,0x00,0x00,0x00,0x00,0x00,
    0x00,0x00,0x00,0x00,0x00,0x00,0x00,0x00,0x00,0x00,0x00,0x00,0x00,0x00,0x00,0x00,
    0x00,0x00,0x00,0x00,0x00,0x00,0x00,0x00,0x00,0x00,0x00,0x00,0x00,0x00,0x00,0x00,
    0x00,0x00,0x00,0x00,0x00,0x00,0x00,0x00,0x00,0x00,0x00,0x00,0x00,0x00,0x00,0x00,
    0x00,0x00,0x00,0x00,0x00,0x00,0x00,0x00,0x03,0xC0,0x00,0x07,0xC0,0x00,0x07,0xC0,
    0x0F,0xFF,0xC0,0x1F,0xFC,0x00,0x3F,0xFE,0x00,0x7E,0x3F,0x00,0x7C,0x1F,0x00,0x7C,
    0x1F,0x00,0x7E,0x3F,0x00,0x3F,0xFE,0x00,0x1F,0xFC,0x00,0x1F,0xF0,0x00,0x38,0x00,
    0x00,0x3C,0x00,0x00,0x3F,0xFE,0x00,0x1F,0xFF,0x80,0x1F,0xFF,0x80,0x7C,0x0F,0x80,
    0x78,0x0F,0x80,0x78,0x1F,0x80,0x7F,0xFF,0x00,0x3F,0xFE,0x00,0x1F,0xF8,0x00,0x00,
    0x00,0x00,0x00,0x00,0x00,0x00,0x00,0x00,0x00,0x00,0x00,0x00,0x00,0x00,0x00,0x00,
    0x00,0x00,0x00,0x00,0x00,0x00,0x00,0x00,0x00,0x00,0x00,0x00,0x00,0x00,0x00,0x00,
    0x00,0x00,0x00,0x00,0x00,0x00,0x00,0x00,0x00,0x00,0x00,0x00,0x00,0x00,0x00,0x7F,
    0x00,0x00,0x7F,0x00,0x00,0x7F,0x00,0x00,0x1F,0x00,0x00,0x1F,0x00,0x00,0x1F,0x00,
    0x00,0x1F,0x00,0x00,0x1F,0x3E,0x00,0x1F,0xFF,0x00,0x1F,0xFF,0x80,0x1F,0x9F,0x80,
    0x1F,0x0F,0x80,0x1F,0x0F,0x80,0x1F,0x0F,0x80,0x1F,0x0F,0x80,0x1F,0x0F,0x80,0x1F,
    0x0F,0x80,0x1F,0x0F,0x80,0x1F,0x0F,0x80,0x3F,0x0F,0xC0,0x7F,0x9F,0xE0,0x7F,0x9F,
    0xE0,0x00,0x00,0x00,0x00,0x00,0x00,0x00,0x00,0x00,0x00,0x00,0x00,0x00,0x00,0x00,
    0x00,0x00,0x00,0x00,0x00,0x00,0x00,0x00,0x00,0x00,0x00,0x00,0x00,0x00,0x00,0x00,
    0x00,0x00,0x00,0x00,0x00,0x00,0x00,0x00,0x00,0x00,0x00,0x00,0x00,0x00,0x00,0x00,
    0x00,0x00,0x00,0x00,0x00,0x00,0x1E,0x00,0x3F,0x00,0x3F,0x00,0x3F,0x00,0x1E,0x00,
    0x00,0x00,0x00,0x00,0x7F,0x00,0x7F,0x00,0x7F,0x00,0x1F,0x00,0x1F,0x00,0x1F,0x00,
    0x1F,0x00,0x1F,0x00,0x1F,0x00,0x1F,0x00,0x1F,0x00,0x1F,0x00,0x3F,0x80,0x7F,0xC0,
    0x7F,0xC0,0x00,0x00,0x00,0x00,0x00,0x00,0x00,0x00,0x00,0x00,0x00,0x00,0x00,0x00,
    0x00,0x00,0x00,0x00,0x00,0x00,0x00,0x00,0x00,0x00,0x00,0x00,0x00,0x00,0x00,0x00,
    0x00,0x00,0x00,0x00,0x00,0x00,0x00,0x00,0x00,0x00,0x00,0x00,0x00,0x00,0x1E,0x00,
    0x3F,0x00,0x3F,0x00,0x3F,0x00,0x1E,0x00,0x00,0x00,0x00,0x00,0x7F,0x00,0x7F,0x00,
    0x7F,0x00,0x1F,0x00,0x1F,0x00,0x1F,0x00,0x1F,0x00,0x1F,0x00,0x1F,0x00,0x1F,0x00,
    0x1F,0x00,0x1F,0x00,0x1F,0x00,0x1F,0x00,0x1F,0x00,0x1F,0x00,0x3E,0x00,0x3E,0x00,
    0x7C,0x00,0x78,0x00,0x70,0x00,0x00,0x00,0x00,0x00,0x00,0x00,0x00,0x00,0x00,0x00,
    0x00,0x00,0x00,0x00,0x00,0x00,0x00,0x00,0x00,0x00,0x00,0x00,0x00,0x00,0x00,0x00,
    0x00,0x00,0x00,0x00,0x00,0x00,0x00,0x00,0x00,0x00,0x00,0x00,0x00,0x00,0x00,0x00,
    0x00,0x00,0x00,0x7F,0x00,0x00,0x7F,0x00,0x00,0x7F,0x00,0x00,0x1F,0x00,0x00,0x1F,
    0x00,0x00,0x1F,0x00,0x00,0x1F,0x00,0x00,0x1F,0x1F,0xE0,0x1F,0x3F,0xE0,0x1F,0x0F,
    0x80,0x1F,0x1E,0x00,0x1F,0x3C,0x00,0x1F,0x78,0x00,0x1F,0xF0,0x00,0x1F,0xF8,0x00,
    0x1F,0x7C,0x00,0x1F,0x7E,0x00,0x1F,0x3F,0x00,0x1F,0x1F,0x00,0x3F,0x0F,0xE0,0x7F,
    0x8F,0xE0,0x7F,0x83,0xE0,0x00,0x00,0x00,0x00,0x00,0x00,0x00,0x00,0x00,0x00,0x00,
    0x00,0x00,0x00,0x00,0x00,0x00,0x00,0x00,0x00,0x00,0x00,0x00,0x00,0x00,0x00,0x00,
    0x00,0x00,0x00,0x00,0x00,0x00,0x00,0x00,0x00,0x00,0x00,0x00,0x00,0x00,0x00,0x00,
    0x00,0x00,0x00,0x00,0x00,0x00,0x00,0x00,0x00,0x00,0x7F,0x00,0x7F,0x00,0x7F,0x00,
    0x1F,0x00,0x1F,0x00,0x1F,0x00,0x1F,0x00,0x1F,0x00,0x1F,0x00,0x1F,0x00,0x1F,0x00,
    0x1F,0x00,0x1F,0x00,0x1F,0x00,0x1F,0x00,0x1F,0x00,0x1F,0x00,0x1F,0x00,0x1F,0x00,
    0x3F,0x80,0x7F,0xC0,0x7F,0xC0,0x00,0x00,0x00,0x00,0x00,0x00,0x00,0x00,0x00,0x00,
    0x00,0x00,0x00,0x00,0x00,0x00,0x00,0x00,0x00,0x00,0x00,0x00,0x00,0x00,0x00,0x00,
    0x00,0x00,0x00,0x00,0x00,0x00,0x00,0x00,0x00,0x00,0x00,0x00,0x00,0x00,0x00,0x00,
    0x00,0x00,0x00,0x00,0x00,0x00,0x00,0x00,0x00,0x00,0x00,0x00,0x00,0x00,0x00,0x00,
    0x00,0x00,0x00,0x00,0x00,0x00,0x00,0x00,0x00,0x00,0x00,0x00,0x00,0x00,0x00,0x00,
    0x00,0x00,0x00,0x00,0x00,0x00,0x00,0x00,0x00,0x00,0x00,0x00,0x00,0x00,0x00,0x00,
    0x00,0x00,0x00,0x00,0x00,0x00,0x00,0x00,0x7E,0x3E,0x1F,0x00,0x7E,0xFF,0x7F,0x80,
    0x7F,0xFF,0xFF,0xC0,0x1F,0x9F,0xCF,0xC0,0x1F,0x0F,0x87,0xC0,0x1F,0x0F,0x87,0xC0,
    0x1F,0x0F,0x87,0xC0,0x1F,0x0F,0x87,0xC0,0x1F,0x0F,0x87,0xC0,0x1F,0x0F,0x87,0xC0,
    0x1F,0x0F,0x87,0xC0,0x1F,0x0F,0x87,0xC0,0x3F,0x1F,0x87,0xC0,0x7F,0xBF,0xCF,0xF0,
    0x7F,0xBF,0xCF,0xF0,0x00,0x00,0x00,0x00,0x00,0x00,0x00,0x00,0x00,0x00,0x00,0x00,
    0x00,0x00,0x00,0x00,0x00,0x00,0x00,0x00,0x00,0x00,0x00,0x00,0x00,0x00,0x00,0x00,
    0x00,0x00,0x00,0x00,0x00,0x00,0x00,0x00,0x00,0x00,0x00,0x00,0x00,0x00,0x00,0x00,
    0x00,0x00,0x00,0x00,0x00,0x00,0x00,0x00,0x00,0x00,0x00,0x00,0x00,0x00,0x00,0x00,
    0x00,0x00,0x00,0x00,0x00,0x00,0x00,0x00,0x00,0x00,0x00,0x00,0x00,0x00,0x00,0x00,
    0x00,0x00,0x00,0x00,0x00,0x00,0x00,0x00,0x00,0x00,0x00,0x00,0x00,0x00,0x00,0x00,
    0x00,0x00,0x00,0x00,0x7E,0x3E,0x00,0x7E,0xFF,0x00,0x7F,0xFF,0x80,0x1F,0x9F,0x80,
    0x1F,0x0F,0x80,0x1F,0x0F,0x80,0x1F,0x0F,0x80,0x1F,0x0F,0x80,0x1F,0x0F,0x80,0x1F,
    0x0F,0x80,0x1F,0x0F,0x80,0x1F,0x0F,0x80,0x3F,0x0F,0xC0,0x7F,0x9F,0xE0,0x7F,0x9F,
    0xE0,0x00,0x00,0x00,0x00,0x00,0x00,0x00,0x00,0x00,0x00,0x00,0x00,0x00,0x00,0x00,
    0x00,0x00,0x00,0x00,0x00,0x00,0x00,0x00,0x00,0x00,0x00,0x00,0x00,0x00,0x00,0x00,
    0x00,0x00,0x00,0x00,0x00,0x00,0x00,0x00,0x00,0x00,0x00,0x00,0x00,0x00,0x00,0x00,
    0x00,0x00,0x00,0x00,0x00,0x00,0x00,0x00,0x00,0x00,0x00,0x00,0x00,0x00,0x00,0x00,
    0x00,0x00,0x00,0x00,0x00,0x00,0x00,0x00,0x00,0x00,0x00,0x00,0x00,0x00,0x00,0x00,
    0x00,0x00,0x00,0x00,0x00,0x00,0x00,0x00,0x07,0xF8,0x00,0x0F,0xFE,0x00,0x1F,0xFF,
    0x00,0x3E,0x1F,0x00,0x7C,0x1F,0x80,0x7C,0x0F,0x80,0x7C,0x0F,0x80,0x7C,0x0F,0x80,
    0x7C,0x0F,0x80,0x7C,0x0F,0x80,0x7E,0x0F,0x80,0x3E,0x1F,0x00,0x3F,0xFE,0x00,0x1F,
    0xFC,0x00,0x07,0xF8,0x00,0x00,0x00,0x00,0x00,0x00,0x00,0x00,0x00,0x00,0x00,0x00,
    0x00,0x00,0x00,0x00,0x00,0x00,0x00,0x00,0x00,0x00,0x00,0x00,0x00,0x00,0x00,0x00,
    0x00,0x00,0x00,0x00,0x00,0x00,0x00,0x00,0x00,0x00,0x00,0x00,0x00,0x00,0x00,0x00,
    0x00,0x00,0x00,0x00,0x00,0x00,0x00,0x00,0x00,0x00,0x00,0x00,0x00,0x00,0x00,0x00,
    0x00,0x00,0x00,0x00,0x00,0x00,0x00,0x00,0x00,0x00,0x00,0x00,0x00,0x00,0x00,0x00,
    0x00,0x00,0x00,0x00,0x00,0x00,0x00,0x00,0x00,0x00,0x00,0x00,0x7E,0x3E,0x00,0x7F,
    0xFF,0x00,0x7F,0xFF,0x80,0x1F,0x8F,0xC0,0x1F,0x07,0xC0,0x1F,0x07,0xC0,0x1F,0x07,
    0xC0,0x1F,0x07,0xC0,0x1F,0x07,0xC0,0x1F,0x07,0xC0,0x1F,0x0F,0xC0,0x1F,0x0F,0x80,
    0x1F,0xFF,0x80,0x1F,0xFF,0x00,0x1F,0xFC,0x00,0x1F,0x00,0x00,0x1F,0x00,0x00,0x1F,
    0x00,0x00,0x3F,0x80,0x00,0x7F,0xC0,0x00,0x7F,0xC0,0x00,0x00,0x00,0x00,0x00,0x00,
    0x00,0x00,0x00,0x00,0x00,0x00,0x00,0x00,0x00,0x00,0x00,0x00,0x00,0x00,0x00,0x00,
    0x00,0x00,0x00,0x00,0x00,0x00,0x00,0x00,0x00,0x00,0x00,0x00,0x00,0x00,0x00,0x00,
    0x00,0x00,0x00,0x00,0x00,0x00,0x00,0x00,0x00,0x00,0x00,0x00,0x00,0x00,0x00,0x00,
    0x00,0x00,0x00,0x00,0x00,0x00,0x00,0x00,0x00,0x00,0x00,0x00,0x00,0x00,0x00,0x00,
    0x07,0xE7,0x00,0x1F,0xFF,0x00,0x3F,0xFF,0x00,0x3E,0x1F,0x00,0x7C,0x1F,0x00,0x7C,
    0x1F,0x00,0x7C,0x1F,0x00,0x7C,0x1F,0x00,0x7C,0x1F,0x00,0x7C,0x1F,0x00,0x7C,0x1F,
    0x00,0x7E,0x3F,0x00,0x3F,0xFF,0x00,0x1F,0xFF,0x00,0x0F,0xDF,0x00,0x00,0x1F,0x00,
    0x00,0x1F,0x00,0x00,0x1F,0x00,0x00,0x3F,0x80,0x00,0x7F,0xC0,0x00,0x7F,0xC0,0x00,
    0x00,0x00,0x00,0x00,0x00,0x00,0x00,0x00,0x00,0x00,0x00,0x00,0x00,0x00,0x00,0x00,
    0x00,0x00,0x00,0x00,0x00,0x00,0x00,0x00,0x00,0x00,0x00,0x00,0x00,0x00,0x00,0x00,
    0x00,0x00,0x00,0x00,0x00,0x00,0x00,0x00,0x00,0x00,0x00,0x00,0x00,0x00,0x00,0x00,
    0x7E,0x7C,0x7E,0xFE,0x7F,0xFE,0x1F,0xBE,0x1F,0x3E,0x1F,0x1C,0x1F,0x00,0x1F,0x00,
    0x1F,0x00,0x1F,0x00,0x1F,0x00,0x1F,0x00,0x3F,0x00,0x7F,0xC0,0x7F,0xC0,0x00,0x00,
    0x00,0x00,0x00,0x00,0x00,0x00,0x00,0x00,0x00,0x00,0x00,0x00,0x00,0x00,0x00,0x00,
    0x00,0x00,0x00,0x00,0x00,0x00,0x00,0x00,0x00,0x00,0x00,0x00,0x00,0x00,0x00,0x00,
    0x00,0x00,0x00,0x00,0x00,0x00,0x00,0x00,0x00,0x00,0x00,0x00,0x00,0x00,0x00,0x00,
    0x00,0x00,0x00,0x00,0x00,0x00,0x00,0x00,0x1F,0xB0,0x3F,0xF0,0x7F,0xF0,0x78,0x70,
    0x78,0x30,0x7F,0x00,0x7F,0xE0,0x3F,0xF0,0x0F,0xF8,0x01,0xF8,0x70,0x78,0x78,0x78,
    0x7F,0xF8,0x7F,0xF0,0x7F,0xE0,0x00,0x00,0x00,0x00,0x00,0x00,0x00,0x00,0x00,0x00,
    0x00,0x00,0x00,0x00,0x00,0x00,0x00,0x00,0x00,0x00,0x00,0x00,0x00,0x00,0x00,0x00,
    0x00,0x00,0x00,0x00,0x00,0x00,0x00,0x00,0x00,0x00,0x00,0x00,0x00,0x00,0x00,0x00,
    0x00,0x00,0x00,0x00,0x00,0x00,0x07,0x00,0x0F,0x00,0x0F,0x00,0x0F,0x00,0x1F,0x00,
    0x7F,0xF0,0x7F,0xF0,0x7F,0xF0,0x1F,0x00,0x1F,0x00,0x1F,0x00,0x1F,0x00,0x1F,0x00,
    0x1F,0x00,0x1F,0x00,0x1F,0x00,0x1F,0x00,0x1F,0xF8,0x0F,0xF8,0x07,0xE0,0x00,0x00,
    0x00,0x00,0x00,0x00,0x00,0x00,0x00,0x00,0x00,0x00,0x00,0x00,0x00,0x00,0x00,0x00,
    0x00,0x00,0x00,0x00,0x00,0x00,0x00,0x00,0x00,0x00,0x00,0x00,0x00,0x00,0x00,0x00,
    0x00,0x00,0x00,0x00,0x00,0x00,0x00,0x00,0x00,0x00,0x00,0x00,0x00,0x00,0x00,0x00,
    0x00,0x00,0x00,0x00,0x00,0x00,0x00,0x00,0x00,0x00,0x00,0x00,0x00,0x00,0x00,0x00,
    0x00,0x00,0x00,0x00,0x00,0x00,0x00,0x00,0x00,0x00,0x00,0x00,0x7F,0x3F,0x80,0x7F,
    0x3F,0x80,0x7F,0x1F,0x80,0x1F,0x0F,0x80,0x1F,0x0F,0x80,0x1F,0x0F,0x80,0x1F,0x0F,
    0x80,0x1F,0x0F,0x80,0x1F,0x0F,0x80,0x1F,0x0F,0x80,0x1F,0x0F,0x80,0x1F,0x9F,0x80,
    0x1F,0xFF,0xE0,0x0F,0xFF,0xE0,0x07,0xC7,0xE0,0x00,0x00,0x00,0x00,0x00,0x00,0x00,
    0x00,0x00,0x00,0x00,0x00,0x00,0x00,0x00,0x00,0x00,0x00,0x00,0x00,0x00,0x00,0x00,
    0x00,0x00,0x00,0x00,0x00,0x00,0x00,0x00,0x00,0x00,0x00,0x00,0x00,0x00,0x00,0x00,
    0x00,0x00,0x00,0x00,0x00,0x00,0x00,0x00,0x00,0x00,0x00,0x00,0x00,0x00,0x00,0x00,
    0x00,0x00,0x00,0x00,0x00,0x00,0x00,0x00,0x00,0x00,0x00,0x00,0x00,0x00,0x00,0x00,
    0x00,0x00,0x00,0x00,0x00,0x00,0x00,0x00,0x00,0x00,0x00,0x00,0x00,0x00,0x00,0x00,
    0xFF,0x9F,0xC0,0xFF,0x9F,0xC0,0x7F,0x0F,0x80,0x3F,0x07,0x00,0x1F,0x07,0x00,0x1F,
    0x0E,0x00,0x1F,0x8E,0x00,0x0F,0x9C,0x00,0x0F,0x9C,0x00,0x07,0xDC,0x00,0x07,0xF8,
    0x00,0x07,0xF8,0x00,0x03,0xF8,0x00,0x03,0xF0,0x00,0x01,0xF0,0x00,0x00,0x00,0x00,
    0x00,0x00,0x00,0x00,0x00,0x00,0x00,0x00,0x00,0x00,0x00,0x00,0x00,0x00,0x00,0x00,
    0x00,0x00,0x00,0x00,0x00,0x00,0x00,0x00,0x00,0x00,0x00,0x00,0x00,0x00,0x00,0x00,
    0x00,0x00,0x00,0x00,0x00,0x00,0x00,0x00,0x00,0x00,0x00,0x00,0x00,0x00,0x00,0x00,
    0x00,0x00,0x00,0x00,0x00,0x00,0x00,0x00,0x00,0x00,0x00,0x00,0x00,0x00,0x00,0x00,
    0x00,0x00,0x00,0x00,0x00,0x00,0x00,0x00,0x00,0x00,0x00,0x00,0x00,0x00,0x00,0x00,
    0x00,0x00,0x00,0x00,0x00,0x00,0x00,0x00,0x00,0x00,0x00,0x00,0x00,0x00,0x00,0x00,
    0x00,0x00,0x00,0x00,0x00,0x00,0x00,0x00,0x7F,0x8F,0x8F,0xC0,0xFF,0x8F,0xCF,0xC0,
    0x7F,0x1F,0xC7,0xC0,0x1F,0x1F,0xC3,0x00,0x1F,0x1F,0xC7,0x00,0x1F,0x1F,0xE7,0x00,
    0x0F,0x3B,0xE6,0x00,0x0F,0xBB,0xE6,0x00,0x0F,0xB9,0xEE,0x00,0x0F,0xB9,0xFE,0x00,
    0x07,0xF1,0xFC,0x00,0x07,0xF1,0xFC,0x00,0x07,0xF0,0xFC,0x00,0x03,0xF0,0xF8,0x00,
    0x03,0xE0,0xF8,0x00,0x00,0x00,0x00,0x00,0x00,0x00,0x00,0x00,0x00,0x00,0x00,0x00,
    0x00,0x00,0x00,0x00,0x00,0x00,0x00,0x00,0x00,0x00,0x00,0x00,0x00,0x00,0x00,0x00,
    0x00,0x00,0x00,0x00,0x00,0x00,0x00,0x00,0x00,0x00,0x00,0x00,0x00,0x00,0x00,0x00,
    0x00,0x00,0x00,0x00,0x00,0x00,0x00,0x00,0x00,0x00,0x00,0x00,0x00,0x00,0x00,0x00,
    0x00,0x00,0x00,0x00,0x00,0x00,0x00,0x00,0x00,0x00,0x00,0x00,0x00,0x00,0x00,0x00,
    0x00,0x00,0x00,0x00,0x00,0x00,0x00,0x00,0x00,0x00,0x00,0x00,0x00,0x00,0x00,0x00,
    0x00,0x00,0x00,0x00,0x7F,0xDF,0x80,0x7F,0xDF,0x80,0x7F,0x0F,0x00,0x1F,0x8E,0x00,
    0x0F,0xDC,0x00,0x07,0xF8,0x00,0x03,0xF0,0x00,0x01,0xF0,0x00,0x03,0xF8,0x00,0x07,
    0xFC,0x00,0x07,0x7E,0x00,0x0E,0x3F,0x00,0x3E,0x3F,0x80,0x7F,0x7F,0x80,0x7F,0x7F,
    0x80,0x00,0x00,0x00,0x00,0x00,0x00,0x00,0x00,0x00,0x00,0x00,0x00,0x00,0x00,0x00,
    0x00,0x00,0x00,0x00,0x00,0x00,0x00,0x00,0x00,0x00,0x00,0x00,0x00,0x00,0x00,0x00,
    0x00,0x00,0x00,0x00,0x00,0x00,0x00,0x00,0x00,0x00,0x00,0x00,0x00,0x00,0x00,0x00,
    0x00,0x00,0x00,0x00,0x00,0x00,0x00,0x00,0x00,0x00,0x00,0x00,0x00,0x00,0x00,0x00,
    0x00,0x00,0x00,0x00,0x00,0x00,0x00,0x00,0x00,0x00,0x00,0x00,0x00,0x00,0x00,0x00,
    0x00,0x00,0x00,0x00,0x00,0x00,0x00,0x00,0x7F,0xCF,0xC0,0x7F,0xCF,0xC0,0x3F,0x07,
    0x80,0x1F,0x07,0x00,0x1F,0x07,0x00,0x0F,0x8F,0x00,0x0F,0x8E,0x00,0x07,0xCE,0x00,
    0x07,0xDC,0x00,0x03,0xFC,0x00,0x03,0xF8,0x00,0x01,0xF8,0x00,0x01,0xF8,0x00,0x01,
    0xF0,0x00,0x00,0xF0,0x00,0x00,0xE0,0x00,0x39,0xE0,0x00,0x79,0xC0,0x00,0x7B,0xC0,
    0x00,0x7F,0x80,0x00,0x3F,0x00,0x00,0x00,0x00,0x00,0x00,0x00,0x00,0x00,0x00,0x00,
    0x00,0x00,0x00,0x00,0x00,0x00,0x00,0x00,0x00,0x00,0x00,0x00,0x00,0x00,0x00,0x00,
    0x00,0x00,0x00,0x00,0x00,0x00,0x00,0x00,0x00,0x00,0x00,0x00,0x00,0x00,0x00,0x00,
    0x00,0x00,0x00,0x00,0x00,0x00,0x00,0x00,0x7F,0xFC,0x7F,0xFC,0x7F,0xFC,0x70,0xF8,
    0x71,0xF0,0x63,0xF0,0x03,0xE0,0x07,0xC0,0x0F,0x80,0x1F,0x8C,0x1F,0x0C,0x3E,0x1C,
    0x7F,0xFC,0x7F,0xFC,0x7F,0xFC,0x00,0x00,0x00,0x00,0x00,0x00,0x00,0x00,0x00,0x00,
    0x00,0x00,0x00,0x00,0x00,0x00,0x00,0x00,0x00,0x00,0x00,0x00,0x00,0x00,0x00,0x00,
    0x00,0x00,0x00,0x00,0x00,0x00,0x00,0x00,0x00,0x00,0x00,0x00,0x00,0x00,0x07,0xC0,
    0x1F,0xC0,0x1E,0x00,0x1E,0x00,0x1E,0x00,0x1E,0x00,0x1F,0x00,0x1F,0x00,0x0F,0x00,
    0x0F,0x00,0x0F,0x00,0x0F,0x00,0x0F,0x00,0x7E,0x00,0x7C,0x00,0x7E,0x00,0x1F,0x00,
    0x0F,0x00,0x0F,0x00,0x0F,0x00,0x0F,0x00,0x1F,0x00,0x1E,0x00,0x1E,0x00,0x1E,0x00,
    0x1E,0x00,0x1E,0x00,0x1F,0x00,0x1F,0xC0,0x07,0xC0,0x00,0x00,0x00,0x00,0x00,0x00,
    0x00,0x00,0x00,0x00,0x00,0x00,0x00,0x00,0x00,0x00,0x00,0x00,0x00,0x00,0x00,0x00,
    0x00,0x00,0x00,0x00,0x00,0x00,0x00,0x00,0x07,0x00,0x07,0x00,0x07,0x00,0x07,0x00,
    0x07,0x00,0x07,0x00,0x07,0x00,0x07,0x00,0x07,0x00,0x07,0x00,0x07,0x00,0x07,0x00,
    0x07,0x00,0x07,0x00,0x07,0x00,0x07,0x00,0x07,0x00,0x07,0x00,0x07,0x00,0x07,0x00,
    0x07,0x00,0x07,0x00,0x07,0x00,0x07,0x00,0x07,0x00,0x07,0x00,0x00,0x00,0x00,0x00,
    0x00,0x00,0x00,0x00,0x00,0x00,0x00,0x00,0x00,0x00,0x00,0x00,0x00,0x00,0x00,0x00,
    0x00,0x00,0x00,0x00,0x00,0x00,0x00,0x00,0x00,0x00,0x00,0x00,0x00,0x00,0x7C,0x00,
    0x7F,0x00,0x1F,0x00,0x1F,0x00,0x1F,0x00,0x1F,0x00,0x1F,0x00,0x1F,0x00,0x1E,0x00,
    0x1E,0x00,0x1E,0x00,0x1E,0x00,0x1E,0x00,0x0F,0x80,0x07,0xC0,0x0F,0xC0,0x1F,0x00,
    0x1E,0x00,0x1E,0x00,0x1E,0x00,0x1E,0x00,0x1F,0x00,0x1F,0x00,0x1F,0x00,0x1F,0x00,
    0x1F,0x00,0x1F,0x00,0x3F,0x00,0x7F,0x00,0x7C,0x00,0x00,0x00,0x00,0x00,0x00,0x00,
    0x00,0x00,0x00,0x00,0x00,0x00,0x00,0x00,0x00,0x00,0x00,0x00,0x00,0x00,0x00,0x00,
    0x00,0x00,0x00,0x00,0x00,0x00,0x00,0x00,0x00,0x00,0x00,0x00,0x00,0x00,0x00,0x00,
    0x00,0x00,0x00,0x00,0x00,0x00,0x00,0x00,0x00,0x00,0x00,0x00,0x00,0x00,0x00,0x00,
    0x00,0x00,0x00,0x00,0x00,0x00,0x00,0x00,0x00,0x00,0x00,0x00,0x00,0x00,0x00,0x00,
    0x00,0x00,0x00,0x00,0x00,0x00,0x00,0x00,0x1F,0xC6,0x00,0x3F,0xFE,0x00,0x3F,0xFE,
    0x00,0x31,0xFC,0x00,0x00,0x00,0x00,0x00,0x00,0x00,0x00,0x00,0x00,0x00,0x00,0x00,
    0x00,0x00,0x00,0x00,0x00,0x00,0x00,0x00,0x00,0x00,0x00,0x00,0x00,0x00,0x00,0x00,
    0x00,0x00,0x00,0x00,0x00,0x00,0x00,0x00,0x00,0x00,0x00,0x00,0x00,0x00,0x00,0x00,
    0x00,0x00,0x00,0x00,0x00,0x00,0x00,0x00,0x00,0x00,0x00,0x00,0x00,0x00,0x00,0x00,
    0x00,0x00,0x00,0x00,0x00,0x00,0x00,0x00,0x00,0x00,0x0C,0x00,0x3F,0x00,0x7F,0x80,
    0x73,0x80,0x71,0x80,0x7F,0x80,0x7F,0x80,0x3F,0x00,0x00,0x00,0x00,0x00,0x00,0x00,
    0x00,0x00,0x00,0x00,0x00,0x00,0x00,0x00,0x00,0x00,0x00,0x00,0x00,0x00,0x00,0x00,
    0x00,0x00,0x00,0x00,0x00,0x00,0x00,0x00,0x00,0x00,0x00,0x00,0x00,0x00,0x00,0x00,
    0x00,0x00,0x00,0x00,0x00,0x00,0x00,0x00,0x00,0x00,0x00,0x00,0x00,0x00,0x00,0x00,
    0x00,0x00,0x00,0x00,0x00,0x00,0x00,0x00,0x00,0x00,0x00,0x00,0x00,0x00,0x00,0x00,
    0x00,0x00,0x1F,0x80,0x3F,0xE0,0x73,0xE0,0x71,0xE0,0x71,0xE0,0x03,0xC0,0x03,0xC0,
    0x07,0x80,0x0E,0x20,0x1C,0x70,0x3F,0xE0,0x7F,0xE0,0x7F,0xE0,0x00,0x00,0x00,0x00,
    0x00,0x00,0x00,0x00,0x00,0x00,0x00,0x00,0x00,0x00,0x00,0x00,0x00,0x00,0x00,0x00,
    0x00,0x00,0x00,0x00,0x00,0x00,0x00,0x00,0x00,0x00,0x00,0x00,0x00,0x00,0x00,0x00,
    0x00,0x00,0x00,0x00,0x00,0x00,0x00,0x00,0x00,0x00,0x00,0x00,0x00,0x00,0x00,0x00,
    0x00,0x00,0x00,0x00,0x00,0x00,0x00,0x00,0x00,0x00,0x1F,0x80,0x3F,0xE0,0x73,0xE0,
    0x71,0xE0,0x71,0xE0,0x07,0xC0,0x0F,0x00,0x0F,0xC0,0x01,0xE0,0x01,0xE0,0x63,0xE0,
    0x7F,0xC0,0x3F,0x80,0x00,0x00,0x00,0x00,0x00,0x00,0x00,0x00,0x00,0x00,0x00,0x00,
    0x00,0x00,0x00,0x00,0x00,0x00,0x00,0x00,0x00,0x00,0x00,0x00,0x00,0x00,0x00,0x00,
    0x00,0x00,0x00,0x00,0x00,0x00,0x00,0x00,0x00,0x00,0x00,0x00,0x00,0x00,0x00,0x00,
    0x00,0x00,0x00,0x00,0x00,0x00,0x00,0x00,0x00,0x00,0x00,0x00,0x00,0x00,0x00,0x00,
    0x0E,0x00,0x7E,0x00,0x7E,0x00,0x1E,0x00,0x1E,0x00,0x1E,0x00,0x1E,0x00,0x1E,0x00,
    0x1E,0x00,0x1E,0x00,0x1E,0x00,0x1E,0x00,0x7F,0x80,0x7F,0x80,0x00,0x00,0x00,0x00,
    0x00,0x00,0x00,0x00,0x00,0x00,0x00,0x00,0x00,0x00,0x00,0x00,0x00,0x00,0x00,0x00,
    0x00,0x00,0x00,0x00,0x00,0x00,0x00,0x00,0x00,0x00,0x00,0x00,0x00,0x00,0x00,0x00,
    0x00,0x00,0x00,0x00,0x00,0x00,0x00,0x00,0x00,0x00,0x00,0x00,0x00,0x00,0x00,0x00,
    0x00,0x00,0x00,0x00,0x00,0x00,0x00,0x00,0x00,0x00,0x00,0x00,0x00,0x00,0x00,0x00,
    0x00,0x00,0x00,0x00,0x00,0x00,0x00,0x00,0x00,0x00,0x00,0x00,0x00,0x00,0x00,0x00,
    0x00,0x00,0x00,0x00,0x00,0x00,0x00,0x00,0x00,0x00,0x00,0x00,0x00,0x00,0x00,0x00,
    0x7E,0x00,0x1E,0x00,0x7E,0x00,0x3C,0x00,0x7E,0x00,0x78,0x00,0x1E,0x00,0x78,0x00,
    0x1E,0x00,0xF0,0x00,0x1E,0x00,0xF0,0x00,0x1E,0x01,0xE0,0x00,0x1E,0x03,0xC1,0xE0,
    0x1E,0x03,0xC3,0xE0,0x1E,0x07,0x87,0xE0,0x1E,0x07,0x87,0xE0,0x7F,0x8F,0x0D,0xE0,
    0x7F,0x8E,0x1D,0xE0,0x00,0x1E,0x39,0xE0,0x00,0x3C,0x31,0xE0,0x00,0x3C,0x7F,0xF0,
    0x00,0x78,0xFF,0xF8,0x00,0x70,0x7F,0xF8,0x00,0xF0,0x01,0xE0,0x01,0xE0,0x01,0xE0,
    0x01,0xE0,0x01,0xE0,0x00,0x00,0x00,0x00,0x00,0x00,0x00,0x00,0x00,0x00,0x00,0x00,
    0x00,0x00,0x00,0x00,0x00,0x00,0x00,0x00,0x00,0x00,0x00,0x00,0x00,0x00,0x00,0x00,
    0x00,0x00,0x00,0x00,0x00,0x00,0x00,0x00,0x00,0x00,0x00,0x00,0x00,0x00,0x00,0x00,
    0x00,0x00,0x00,0x00,0x00,0x00,0x00,0x00,0x00,0x00,0x00,0x00,0x00,0x00,0x00,0x00,
    0x00,0x00,0x00,0x00,0x00,0x00,0x00,0x00,0x00,0x00,0x00,0x00,0x00,0x00,0x00,0x00,
    0x00,0x00,0x00,0x00,0x00,0x00,0x00,0x00,0x00,0x00,0x00,0x00,0x00,0x00,0x00,0x00,
    0x7E,0x00,0x3C,0x00,0x7E,0x00,0x38,0x00,0x7E,0x00,0x78,0x00,0x1E,0x00,0x70,0x00,
    0x1E,0x00,0xF0,0x00,0x1E,0x00,0xE0,0x00,0x1E,0x01,0xE1,0xC0,0x1E,0x03,0xCF,0xF0,
    0x1E,0x03,0x9F,0xF8,0x1E,0x07,0x9C,0xF8,0x1E,0x07,0x1C,0x78,0x7F,0x8F,0x1C,0x78,
    0x7F,0x9E,0x00,0xF0,0x7F,0x9E,0x00,0xF0,0x00,0x3C,0x01,0xE0,0x00,0x38,0x03,0x80,
    0x00,0x78,0x07,0x1C,0x00,0x70,0x0F,0xF8,0x00,0xF0,0x1F,0xF8,0x01,0xE0,0x1F,0xF8,
    0x01,0xE0,0x00,0x00,0x00,0x00,0x00,0x00,0x00,0x00,0x00,0x00,0x00,0x00,0x00,0x00,
    0x00,0x00,0x00,0x00,0x00,0x00,0x00,0x00,0x00,0x00,0x00,0x00,0x00,0x00,0x00,0x00,
    0x00,0x00,0x00,0x00,0x00,0x00,0x00,0x00,0x00,0x00,0x00,0x00,0x00,0x00,0x00,0x00,
    0x00,0x00,0x00,0x00,0x00,0x00,0x00,0x00,0x00,0x00,0x00,0x00,0x00,0x00,0x00,0x00,
    0x00,0x00,0x00,0x00,0x00,0x00,0x00,0x00,0x00,0x00,0x00,0x00,0x00,0x00,0x00,0x00,
    0x00,0x00,0x00,0x00,0x00,0x00,0x00,0x00,0x00,0x00,0x00,0x00,0x00,0x00,0x00,0x00,
    0x1F,0x80,0x0F,0x00,0x3F,0xE0,0x1E,0x00,0x71,0xE0,0x1E,0x00,0x70,0xE0,0x3C,0x00,
    0x31,0xE0,0x38,0x00,0x07,0xC0,0x78,0x00,0x0F,0x80,0x70,0x00,0x0F,0xE0,0xF0,0xF0,
    0x01,0xF1,0xE1,0xF0,0x00,0xF1,0xE1,0xF0,0x71,0xF3,0xC3,0xF0,0x7F,0xF3,0xC6,0xF0,
    0x3F,0xC7,0x86,0xF0,0x07,0x07,0x8C,0xF0,0x00,0x0F,0x18,0xF0,0x00,0x0F,0x1F,0xFC,
    0x00,0x1E,0x3F,0xFC,0x00,0x3E,0x3F,0xFC,0x00,0x3C,0x00,0xF0,0x00,0x78,0x00,0xF0,
    0x00,0x78,0x00,0xF0,0x00,0x00,0x00,0x00,0x00,0x00,0x00,0x00,0x00,0x00,0x00,0x00,
    0x00,0x00,0x00,0x00,0x00,0x00,0x00,0x00,0x00,0x00,0x00,0x00,0x00,0x00,0x00,0x00,
    0x00,0x00,0x00,0x00,0x00,0x00,0x00,0x00,0x00,0x00,0x00,0x00,0x00,0x00,0x00,0x00,
    0x00,0x00,0x00,0x00,0x00,0x00,0x00,0x00,0x00,0x00,0x00,0x00,0x00,0xE0,0x00,0x00,
    0xF0,0x00,0x00,0xF8,0x00,0x00,0x7C,0x00,0x00,0x3E,0x00,0x00,0x04,0x00,0x00,0x00,
    0x00,0x00,0x7C,0x00,0x00,0x7E,0x00,0x00,0x7E,0x00,0x00,0xFE,0x00,0x00,0xFF,0x00,
    0x00,0xFF,0x00,0x01,0xCF,0x00,0x01,0xCF,0x80,0x03,0xCF,0x80,0x03,0x87,0xC0,0x03,
    0x87,0xC0,0x07,0xFF,0xC0,0x07,0xFF,0xE0,0x0F,0xFF,0xE0,0x0F,0x03,0xE0,0x0E,0x03,
    0xF0,0x1E,0x01,0xF0,0x3E,0x03,0xF8,0x7F,0x87,0xFC,0x7F,0x87,0xFC,0x00,0x00,0x00,
    0x00,0x00,0x00,0x00,0x00,0x00,0x00,0x00,0x00,0x00,0x00,0x00,0x00,0x00,0x00,0x00,
    0x00,0x00,0x00,0x00,0x00,0x00,0x00,0x00,0x00,0x00,0x00,0x00,0x00,0x00,0x00,0x00,
    0x00,0x00,0x00,0x00,0x00,0x00,0x00,0x00,0x00,0x00,0x00,0x00,0x00,0x00,0x00,0x00,
    0x00,0x06,0x00,0x00,0x0F,0x00,0x00,0x1F,0x00,0x00,0x3E,0x00,0x00,0x78,0x00,0x00,
    0x20,0x00,0x00,0x00,0x00,0x00,0x7C,0x00,0x00,0x7E,0x00,0x00,0x7E,0x00,0x00,0xFE,
    0x00,0x00,0xFF,0x00,0x00,0xFF,0x00,0x01,0xCF,0x00,0x01,0xCF,0x80,0x03,0xCF,0x80,
    0x03,0x87,0xC0,0x03,0x87,0xC0,0x07,0xFF,0xC0,0x07,0xFF,0xE0,0x0F,0xFF,0xE0,0x0F,
    0x03,0xE0,0x0E,0x03,0xF0,0x1E,0x01,0xF0,0x3E,0x03,0xF8,0x7F,0x87,0xFC,0x7F,0x87,
    0xFC,0x00,0x00,0x00,0x00,0x00,0x00,0x00,0x00,0x00,0x00,0x00,0x00,0x00,0x00,0x00,
    0x00,0x00,0x00,0x00,0x00,0x00,0x00,0x00,0x00,0x00,0x00,0x00,0x00,0x00,0x00,0x00,
    0x00,0x00,0x00,0x00,0x00,0x00,0x00,0x00,0x00,0x00,0x00,0x00,0x00,0x00,0x00,0x00,
    0x00,0x00,0x18,0x00,0x00,0x3C,0x00,0x00,0x7E,0x00,0x00,0xFE,0x00,0x00,0xFF,0x00,
    0x01,0xC7,0x80,0x01,0x81,0x00,0x00,0x00,0x00,0x00,0x7C,0x00,0x00,0x7E,0x00,0x00,
    0x7E,0x00,0x00,0xFE,0x00,0x00,0xFF,0x00,0x00,0xFF,0x00,0x01,0xCF,0x00,0x01,0xCF,
    0x80,0x03,0xCF,0x80,0x03,0x87,0xC0,0x03,0x87,0xC0,0x07,0xFF,0xC0,0x07,0xFF,0xE0,
    0x0F,0xFF,0xE0,0x0F,0x03,0xE0,0x0E,0x03,0xF0,0x1E,0x01,0xF0,0x3E,0x03,0xF8,0x7F,
    0x87,0xFC,0x7F,0x87,0xFC,0x00,0x00,0x00,0x00,0x00,0x00,0x00,0x00,0x00,0x00,0x00,
    0x00,0x00,0x00,0x00,0x00,0x00,0x00,0x00,0x00,0x00,0x00,0x00,0x00,0x00,0x00,0x00,
    0x00,0x00,0x00,0x00,0x00,0x00,0x00,0x00,0x00,0x00,0x00,0x00,0x00,0x00,0x00,0x00,
    0x00,0x00,0x00,0x00,0x00,0x00,0x00,0x00,0x00,0x60,0x00,0x00,0xF9,0x80,0x01,0xFF,
    0x80,0x03,0xFF,0x00,0x01,0x1E,0x00,0x00,0x00,0x00,0x00,0x00,0x00,0x00,0x7C,0x00,
    0x00,0x7E,0x00,0x00,0x7E,0x00,0x00,0xFE,0x00,0x00,0xFF,0x00,0x00,0xFF,0x00,0x01,
    0xCF,0x00,0x01,0xCF,0x80,0x03,0xCF,0x80,0x03,0x87,0xC0,0x03,0x87,0xC0,0x07,0xFF,
    0xC0,0x07,0xFF,0xE0,0x0F,0xFF,0xE0,0x0F,0x03,0xE0,0x0E,0x03,0xF0,0x1E,0x01,0xF0,
    0x3E,0x03,0xF8,0x7F,0x87,0xFC,0x7F,0x87,0xFC,0x00,0x00,0x00,0x00,0x00,0x00,0x00,
    0x00,0x00,0x00,0x00,0x00,0x00,0x00,0x00,0x00,0x00,0x00,0x00,0x00,0x00,0x00,0x00,
    0x00,0x00,0x00,0x00,0x00,0x00,0x00,0x00,0x00,0x00,0x00,0x00,0x00,0x00,0x00,0x00,
    0x00,0x00,0x00,0x00,0x00,0x00,0x00,0x00,0x00,0x00,0x00,0x00,0x01,0xC3,0x80,0x03,
    0xE7,0xC0,0x03,0xE7,0xC0,0x03,0xE7,0xC0,0x01,0xC3,0x80,0x00,0x00,0x00,0x00,0x00,
    0x00,0x00,0x7E,0x00,0x00,0x7E,0x00,0x00,0x7E,0x00,0x00,0xFF,0x00,0x00,0xFF,0x00,
    0x01,0xFF,0x00,0x01,0xCF,0x80,0x01,0xCF,0x80,0x03,0xCF,0x80,0x03,0x87,0xC0,0x03,
    0x87,0xC0,0x07,0xFF,0xC0,0x07,0xFF,0xE0,0x0F,0xFF,0xE0,0x0F,0x03,0xE0,0x0E,0x01,
    0xF0,0x1E,0x01,0xF0,0x3E,0x01,0xF8,0x7F,0x87,0xFC,0x7F,0x87,0xFC,0x00,0x00,0x00,
    0x00,0x00,0x00,0x00,0x00,0x00,0x00,0x00,0x00,0x00,0x00,0x00,0x00,0x00,0x00,0x00,
    0x00,0x00,0x00,0x00,0x00,0x00,0x00,0x00,0x00,0x00,0x00,0x00,0x00,0x00,0x00,0x00,
    0x00,0x00,0x00,0x00,0x00,0x00,0x00,0x00,0x00,0x00,0x00,0x00,0x00,0x00,0x3C,0x00,
    0x00,0x7F,0x00,0x00,0xE7,0x00,0x00,0xE7,0x00,0x00,0xE7,0x00,0x00,0xFF,0x00,0x00,
    0x7E,0x00,0x00,0x00,0x00,0x00,0x7E,0x00,0x00,0x7E,0x00,0x00,0x7E,0x00,0x00,0xFF,
    0x00,0x00,0xFF,0x00,0x00,0xEF,0x00,0x01,0xCF,0x80,0x01,0xCF,0x80,0x03,0xCF,0x80,
    0x03,0x87,0xC0,0x03,0x87,0xC0,0x07,0xFF,0xC0,0x07,0xFF,0xE0,0x07,0xFF,0xE0,0x0F,
    0x03,0xE0,0x0E,0x01,0xF0,0x1E,0x01,0xF0,0x3E,0x01,0xF8,0x7F,0x87,0xFC,0x7F,0x87,
    0xFC,0x00,0x00,0x00,0x00,0x00,0x00,0x00,0x00,0x00,0x00,0x00,0x00,0x00,0x00,0x00,
    0x00,0x00,0x00,0x00,0x00,0x00,0x00,0x00,0x00,0x00,0x00,0x00,0x00,0x00,0x00,0x00,
    0x00,0x00,0x00,0x00,0x00,0x00,0x00,0x00,0x00,0x00,0x00,0x00,0x00,0x00,0x00,0x00,
    0x00,0x00,0x00,0x00,0x00,0x00,0x00,0x00,0x00,0x00,0x00,0x00,0x00,0x00,0x00,0x00,
    0x00,0x00,0x00,0x00,0x00,0x00,0x00,0x00,0x00,0x00,0x00,0x00,0x00,0x00,0x00,0x00,
    0x00,0x00,0x00,0x00,0x00,0x00,0x00,0x00,0x00,0xFF,0xFF,0xF0,0x00,0xFF,0xFF,0xF8,
    0x00,0x3F,0xFF,0xF8,0x00,0x39,0xF0,0x78,0x00,0x79,0xF0,0x38,0x00,0x71,0xF0,0x38,
    0x00,0xF1,0xF0,0x00,0x00,0xE1,0xF1,0xC0,0x01,0xE1,0xF1,0xC0,0x01,0xFF,0xFF,0xC0,
    0x03,0xFF,0xFF,0xC0,0x03,0xFF,0xFF,0xC0,0x07,0x81,0xF1,0xC0,0x07,0x81,0xF0,0x80,
    0x0F,0x01,0xF0,0x1C,0x0F,0x01,0xF0,0x3C,0x1E,0x01,0xF0,0x38,0x3E,0x03,0xFF,0xF8,
    0x7F,0x87,0xFF,0xF8,0x7F,0x87,0xFF,0xF8,0x00,0x00,0x00,0x00,0x00,0x00,0x00,0x00,
    0x00,0x00,0x00,0x00,0x00,0x00,0x00,0x00,0x00,0x00,0x00,0x00,0x00,0x00,0x00,0x00,
    0x00,0x00,0x00,0x00,0x00,0x00,0x00,0x00,0x00,0x00,0x00,0x00,0x00,0x00,0x00,0x00,
    0x00,0x00,0x00,0x00,0x00,0x00,0x00,0x00,0x00,0x00,0x00,0x00,0x00,0x00,0x00,0x00,
    0x00,0x00,0x00,0x00,0x00,0x00,0x00,0x00,0x00,0x00,0x00,0x00,0x00,0x00,0x00,0x00,
    0x00,0x00,0x00,0x00,0x00,0x00,0x00,0x00,0x00,0x01,0xFD,0xC0,0x07,0xFF,0xC0,0x0F,
    0xFF,0xC0,0x1F,0x03,0xC0,0x3E,0x01,0xC0,0x3E,0x01,0xC0,0x7C,0x00,0xC0,0x7C,0x00,
    0x00,0x7C,0x00,0x00,0x7C,0x00,0x00,0x7C,0x00,0x00,0x7C,0x00,0x00,0x7C,0x00,0x00,
    0x7E,0x00,0x00,0x7E,0x00,0x00,0x3F,0x00,0xC0,0x3F,0x83,0xE0,0x1F,0xFF,0xC0,0x0F,
    0xFF,0x80,0x03,0xFE,0x00,0x00,0xF0,0x00,0x00,0xF8,0x00,0x00,0xFC,0x00,0x00,0x1C,
    0x00,0x00,0x1C,0x00,0x01,0xFC,0x00,0x00,0xF8,0x00,0x00,0x00,0x00,0x00,0x00,0x00,
    0x00,0x00,0x00,0x00,0x00,0x00,0x00,0x00,0x00,0x00,0x00,0x00,0x00,0x00,0x00,0x00,
    0x00,0x00,0x00,0x00,0x00,0x00,0x00,0x00,0x07,0x00,0x00,0x07,0x80,0x00,0x07,0xC0,
    0x00,0x03,0xE0,0x00,0x00,0xF0,0x00,0x00,0x30,0x00,0x00,0x00,0x00,0x7F,0xFF,0x00,
    0x7F,0xFF,0x80,0x3F,0xFF,0x80,0x1F,0x07,0x80,0x1F,0x03,0x80,0x1F,0x03,0x80,0x1F,
    0x0C,0x00,0x1F,0x1C,0x00,0x1F,0xFC,0x00,0x1F,0xFC,0x00,0x1F,0xFC,0x00,0x1F,0x1C,
    0x00,0x1F,0x1C,0x00,0x1F,0x00,0x00,0x1F,0x01,0xC0,0x1F,0x03,0xC0,0x1F,0x03,0x80,
    0x3F,0xFF,0x80,0x7F,0xFF,0x80,0x7F,0xFF,0x80,0x00,0x00,0x00,0x00,0x00,0x00,0x00,
    0x00,0x00,0x00,0x00,0x00,0x00,0x00,0x00,0x00,0x00,0x00,0x00,0x00,0x00,0x00,0x00,
    0x00,0x00,0x00,0x00,0x00,0x00,0x00,0x00,0x00,0x00,0x00,0x00,0x00,0x00,0x00,0x00,
    0x00,0x00,0x00,0x00,0x00,0x00,0x00,0x00,0x00,0x00,0x00,0x00,0x00,0x38,0x00,0x00,
    0x7C,0x00,0x00,0xFC,0x00,0x01,0xF8,0x00,0x03,0xE0,0x00,0x01,0x00,0x00,0x00,0x00,
    0x00,0x7F,0xFF,0x00,0x7F,0xFF,0x80,0x3F,0xFF,0x80,0x1F,0x07,0x80,0x1F,0x03,0x80,
    0x1F,0x03,0x80,0x1F,0x0C,0x00,0x1F,0x1C,0x00,0x1F,0xFC,0x00,0x1F,0xFC,0x00,0x1F,
    0xFC,0x00,0x1F,0x1C,0x00,0x1F,0x1C,0x00,0x1F,0x00,0x00,0x1F,0x01,0xC0,0x1F,0x03,
    0xC0,0x1F,0x03,0x80,0x3F,0xFF,0x80,0x7F,0xFF,0x80,0x7F,0xFF,0x80,0x00,0x00,0x00,
    0x00,0x00,0x00,0x00,0x00,0x00,0x00,0x00,0x00,0x00,0x00,0x00,0x00,0x00,0x00,0x00,
    0x00,0x00,0x00,0x00,0x00,0x00,0x00,0x00,0x00,0x00,0x00,0x00,0x00,0x00,0x00,0x00,
    0x00,0x00,0x00,0x00,0x00,0x00,0x00,0x00,0x00,0x00,0x00,0x00,0x00,0x00,0xC0,0x00,
    0x01,0xE0,0x00,0x03,0xF0,0x00,0x03,0xF8,0x00,0x07,0xFC,0x00,0x0E,0x1C,0x00,0x0C,
    0x0C,0x00,0x00,0x00,0x00,0x7F,0xFF,0x00,0x7F,0xFF,0x80,0x3F,0xFF,0x80,0x1F,0x07,
    0x80,0x1F,0x03,0x80,0x1F,0x03,0x80,0x1F,0x0C,0x00,0x1F,0x1C,0x00,0x1F,0xFC,0x00,
    0x1F,0xFC,0x00,0x1F,0xFC,0x00,0x1F,0x1C,0x00,0x1F,0x1C,0x00,0x1F,0x00,0x00,0x1F,
    0x01,0xC0,0x1F,0x03,0xC0,0x1F,0x03,0x80,0x3F,0xFF,0x80,0x7F,0xFF,0x80,0x7F,0xFF,
    0x80,0x00,0x00,0x00,0x00,0x00,0x00,0x00,0x00,0x00,0x00,0x00,0x00,0x00,0x00,0x00,
    0x00,0x00,0x00,0x00,0x00,0x00,0x00,0x00,0x00,0x00,0x00,0x00,0x00,0x00,0x00,0x00,
    0x00,0x00,0x00,0x00,0x00,0x00,0x00,0x00,0x00,0x00,0x00,0x00,0x00,0x00,0x00,0x00,
    0x00,0x00,0x00,0x00,0x0E,0x1C,0x00,0x1F,0x3E,0x00,0x1F,0x3E,0x00,0x1F,0x3E,0x00,
    0x0E,0x1C,0x00,0x00,0x00,0x00,0x00,0x00,0x00,0x7F,0xFF,0x00,0x7F,0xFF,0x80,0x3F,
    0xFF,0x80,0x1F,0x07,0x80,0x1F,0x03,0x80,0x1F,0x03,0x80,0x1F,0x08,0x00,0x1F,0x1C,
    0x00,0x1F,0xFC,0x00,0x1F,0xFC,0x00,0x1F,0xFC,0x00,0x1F,0x1C,0x00,0x1F,0x1C,0x00,
    0x1F,0x00,0x00,0x1F,0x01,0xC0,0x1F,0x03,0xC0,0x1F,0x03,0x80,0x3F,0xFF,0x80,0x7F,
    0xFF,0x80,0x7F,0xFF,0x80,0x00,0x00,0x00,0x00,0x00,0x00,0x00,0x00,0x00,0x00,0x00,
    0x00,0x00,0x00,0x00,0x00,0x00,0x00,0x00,0x00,0x00,0x00,0x00,0x00,0x00,0x00,0x00,
    0x00,0x00,0x00,0x00,0x00,0x00,0x00,0x00,0x00,0x00,0x00,0x00,0x00,0x00,0x00,0x00,
    0x30,0x00,0x7C,0x00,0x7E,0x00,0x3F,0x00,0x0F,0x00,0x01,0x00,0x00,0x00,0x7F,0xC0,
    0x7F,0xC0,0x3F,0x80,0x1F,0x00,0x1F,0x00,0x1F,0x00,0x1F,0x00,0x1F,0x00,0x1F,0x00,
    0x1F,0x00,0x1F,0x00,0x1F,0x00,0x1F,0x00,0x1F,0x00,0x1F,0x00,0x1F,0x00,0x1F,0x00,
    0x3F,0x80,0x7F,0xC0,0x7F,0xC0,0x00,0x00,0x00,0x00,0x00,0x00,0x00,0x00,0x00,0x00,
    0x00,0x00,0x00,0x00,0x00,0x00,0x00,0x00,0x00,0x00,0x00,0x00,0x00,0x00,0x00,0x00,
    0x00,0x00,0x00,0x00,0x00,0x00,0x00,0x00,0x01,0xC0,0x03,0xC0,0x07,0xC0,0x0F,0x80,
    0x1E,0x00,0x18,0x00,0x00,0x00,0x7F,0xC0,0x7F,0xC0,0x3F,0x80,0x1F,0x00,0x1F,0x00,
    0x1F,0x00,0x1F,0x00,0x1F,0x00,0x1F,0x00,0x1F,0x00,0x1F,0x00,0x1F,0x00,0x1F,0x00,
    0x1F,0x00,0x1F,0x00,0x1F,0x00,0x1F,0x00,0x3F,0x80,0x7F,0xC0,0x7F,0xC0,0x00,0x00,
    0x00,0x00,0x00,0x00,0x00,0x00,0x00,0x00,0x00,0x00,0x00,0x00,0x00,0x00,0x00,0x00,
    0x00,0x00,0x00,0x00,0x00,0x00,0x00,0x00,0x00,0x00,0x00,0x00,0x00,0x00,0x04,0x00,
    0x0F,0x00,0x1F,0x00,0x3F,0x80,0x7F,0xC0,0xF1,0xE0,0x40,0x40,0x00,0x00,0x7F,0xC0,
    0x7F,0xC0,0x3F,0x80,0x1F,0x00,0x1F,0x00,0x1F,0x00,0x1F,0x00,0x1F,0x00,0x1F,0x00,
    0x1F,0x00,0x1F,0x00,0x1F,0x00,0x1F,0x00,0x1F,0x00,0x1F,0x00,0x1F,0x00,0x1F,0x00,
    0x3F,0x80,0x7F,0xC0,0x7F,0xC0,0x00,0x00,0x00,0x00,0x00,0x00,0x00,0x00,0x00,0x00,
    0x00,0x00,0x00,0x00,0x00,0x00,0x00,0x00,0x00,0x00,0x00,0x00,0x00,0x00,0x00,0x00,
    0x00,0x00,0x00,0x00,0x00,0x00,0x00,0x00,0x38,0x70,0x7C,0xF0,0x7C,0xF0,0x7C,0xF0,
    0x38,0x70,0x00,0x00,0x00,0x00,0x3F,0xE0,0x3F,0xE0,0x1F,0xC0,0x0F,0x80,0x0F,0x80,
    0x0F,0x80,0x0F,0x80,0x0F,0x80,0x0F,0x80,0x0F,0x80,0x0F,0x80,0x0F,0x80,0x0F,0x80,
    0x0F,0x80,0x0F,0x80,0x0F,0x80,0x0F,0x80,0x1F,0xC0,0x3F,0xE0,0x3F,0xE0,0x00,0x00,
    0x00,0x00,0x00,0x00,0x00,0x00,0x00,0x00,0x00,0x00,0x00,0x00,0x00,0x00,0x00,0x00,
    0x00,0x00,0x00,0x00,0x00,0x00,0x00,0x00,0x00,0x00,0x00,0x00,0x00,0x00,0x00,0x00,
    0x00,0x00,0x00,0x00,0x00,0x00,0x00,0x00,0x00,0x00,0x00,0x00,0x00,0x00,0x00,0x00,
    0x00,0x00,0x00,0x00,0x00,0x00,0x00,0x00,0x00,0x00,0x00,0x00,0x00,0x7F,0xFE,0x00,
    0x7F,0xFF,0x80,0x3F,0xFF,0xC0,0x1F,0x07,0xE0,0x1F,0x03,0xF0,0x1F,0x01,0xF0,0x1F,
    0x01,0xF8,0x1F,0x00,0xF8,0xFF,0xF0,0xF8,0xFF,0xF0,0xF8,0xFF,0xF0,0xF8,0x1F,0x00,
    0xF8,0x1F,0x00,0xF8,0x1F,0x01,0xF0,0x1F,0x01,0xF0,0x1F,0x03,0xF0,0x1F,0x07,0xE0,
    0x1F,0xFF,0xC0,0x7F,0xFF,0x00,0x7F,0xFC,0x00,0x00,0x00,0x00,0x00,0x00,0x00,0x00,
    0x00,0x00,0x00,0x00,0x00,0x00,0x00,0x00,0x00,0x00,0x00,0x00,0x00,0x00,0x00,0x00,
    0x00,0x00,0x00,0x00,0x00,0x00,0x00,0x00,0x00,0x00,0x00,0x00,0x00,0x00,0x00,0x00,
    0x00,0x00,0x00,0x00,0x00,0x00,0x00,0x00,0x00,0x00,0x00,0x00,0x00,0xC0,0x00,0x01,
    0xF9,0x80,0x03,0xFF,0x80,0x03,0xFF,0x00,0x01,0x1E,0x00,0x00,0x00,0x00,0x00,0x00,
    0x00,0x7F,0x81,0xFE,0x7F,0xC1,0xFE,0x3F,0xC0,0xF8,0x1F,0xE0,0x70,0x1F,0xF0,0x70,
    0x1F,0xF0,0x70,0x1F,0xF8,0x70,0x1D,0xF8,0x70,0x1C,0xFC,0x70,0x1C,0xFE,0x70,0x1C,
    0x7E,0x70,0x1C,0x3F,0x70,0x1C,0x3F,0x70,0x1C,0x1F,0xF0,0x1C,0x0F,0xF0,0x1C,0x0F,
    0xF0,0x1C,0x07,0xF0,0x3E,0x03,0xF0,0x7F,0x83,0xF0,0x7F,0x81,0xF0,0x00,0x00,0x00,
    0x00,0x00,0x00,0x00,0x00,0x00,0x00,0x00,0x00,0x00,0x00,0x00,0x00,0x00,0x00,0x00,
    0x00,0x00,0x00,0x00,0x00,0x00,0x00,0x00,0x00,0x00,0x00,0x00,0x00,0x00,0x00,0x00,
    0x00,0x00,0x00,0x00,0x00,0x00,0x00,0x00,0x00,0x00,0x00,0x00,0x00,0x00,0x80,0x00,
    0x01,0xC0,0x00,0x03,0xE0,0x00,0x01,0xF0,0x00,0x01,0xF8,0x00,0x00,0x7C,0x00,0x00,
    0x0C,0x00,0x00,0x00,0x00,0x01,0xFE,0x00,0x07,0xFF,0x80,0x0F,0xFF,0xE0,0x1F,0x03,
    0xE0,0x3E,0x01,0xF0,0x3E,0x01,0xF8,0x7C,0x00,0xF8,0x7C,0x00,0xF8,0x7C,0x00,0xF8,
    0x7C,0x00,0xF8,0x7C,0x00,0xF8,0x7C,0x00,0xF8,0x7C,0x00,0xF8,0x7E,0x00,0xF8,0x3E,
    0x01,0xF0,0x3E,0x01,0xF0,0x1F,0x03,0xE0,0x0F,0xFF,0xC0,0x07,0xFF,0x80,0x01,0xFE,
    0x00,0x00,0x00,0x00,0x00,0x00,0x00,0x00,0x00,0x00,0x00,0x00,0x00,0x00,0x00,0x00,
    0x00,0x00,0x00,0x00,0x00,0x00,0x00,0x00,0x00,0x00,0x00,0x00,0x00,0x00,0x00,0x00,
    0x00,0x00,0x00,0x00,0x00,0x00,0x00,0x00,0x00,0x00,0x00,0x00,0x00,0x00,0x00,0x00,
    0x00,0x00,0x04,0x00,0x00,0x0E,0x00,0x00,0x1F,0x00,0x00,0x3E,0x00,0x00,0x7E,0x00,
    0x00,0xF8,0x00,0x00,0xC0,0x00,0x00,0x00,0x00,0x01,0xFE,0x00,0x07,0xFF,0x80,0x0F,
    0xFF,0xE0,0x1F,0x03,0xE0,0x3E,0x01,0xF0,0x3E,0x01,0xF8,0x7C,0x00,0xF8,0x7C,0x00,
    0xF8,0x7C,0x00,0xF8,0x7C,0x00,0xF8,0x7C,0x00,0xF8,0x7C,0x00,0xF8,0x7C,0x00,0xF8,
    0x7E,0x00,0xF8,0x3E,0x01,0xF0,0x3E,0x01,0xF0,0x1F,0x03,0xE0,0x0F,0xFF,0xC0,0x07,
    0xFF,0x80,0x01,0xFE,0x00,0x00,0x00,0x00,0x00,0x00,0x00,0x00,0x00,0x00,0x00,0x00,
    0x00,0x00,0x00,0x00,0x00,0x00,0x00,0x00,0x00,0x00,0x00,0x00,0x00,0x00,0x00,0x00,
    0x00,0x00,0x00,0x00,0x00,0x00,0x00,0x00,0x00,0x00,0x00,0x00,0x00,0x00,0x00,0x00,
    0x00,0x00,0x00,0x00,0x00,0x00,0x30,0x00,0x00,0x78,0x00,0x00,0xFC,0x00,0x01,0xFE,
    0x00,0x03,0xFF,0x00,0x03,0x87,0x00,0x03,0x03,0x00,0x00,0x00,0x00,0x01,0xFE,0x00,
    0x07,0xFF,0x80,0x0F,0xFF,0xE0,0x1F,0x03,0xE0,0x3E,0x01,0xF0,0x3E,0x01,0xF8,0x7C,
    0x00,0xF8,0x7C,0x00,0xF8,0x7C,0x00,0xF8,0x7C,0x00,0xF8,0x7C,0x00,0xF8,0x7C,0x00,
    0xF8,0x7C,0x00,0xF8,0x7E,0x00,0xF8,0x3E,0x01,0xF0,0x3E,0x01,0xF0,0x1F,0x03,0xE0,
    0x0F,0xFF,0xC0,0x07,0xFF,0x80,0x01,0xFE,0x00,0x00,0x00,0x00,0x00,0x00,0x00,0x00,
    0x00,0x00,0x00,0x00,0x00,0x00,0x00,0x00,0x00,0x00,0x00,0x00,0x00,0x00,0x00,0x00,
    0x00,0x00,0x00,0x00,0x00,0x00,0x00,0x00,0x00,0x00,0x00,0x00,0x00,0x00,0x00,0x00,
    0x00,0x00,0x00,0x00,0x00,0x00,0x00,0x00,0x00,0x00,0x00,0x00,0x00,0xC0,0x00,0x01,
    0xF9,0x80,0x03,0xFF,0x80,0x07,0xFF,0x00,0x02,0x1E,0x00,0x00,0x00,0x00,0x00,0x00,
    0x00,0x01,0xFE,0x00,0x07,0xFF,0x80,0x0F,0xFF,0xE0,0x1F,0x03,0xE0,0x3E,0x01,0xF0,
    0x3E,0x01,0xF8,0x7C,0x00,0xF8,0x7C,0x00,0xF8,0x7C,0x00,0xF8,0x7C,0x00,0xF8,0x7C,
    0x00,0xF8,0x7C,0x00,0xF8,0x7C,0x00,0xF8,0x7E,0x00,0xF8,0x3E,0x01,0xF0,0x3E,0x01,
    0xF0,0x1F,0x03,0xE0,0x0F,0xFF,0xC0,0x07,0xFF,0x80,0x01,0xFE,0x00,0x00,0x00,0x00,
    0x00,0x00,0x00,0x00,0x00,0x00,0x00,0x00,0x00,0x00,0x00,0x00,0x00,0x00,0x00,0x00,
    0x00,0x00,0x00,0x00,0x00,0x00,0x00,0x00,0x00,0x00,0x00,0x00,0x00,0x00,0x00,0x00,
    0x00,0x00,0x00,0x00,0x00,0x00,0x00,0x00,0x00,0x00,0x00,0x00,0x00,0x00,0x00,0x00,
    0x03,0x87,0x00,0x07,0xCF,0x80,0x07,0xCF,0x80,0x07,0xCF,0x80,0x03,0x87,0x00,0x00,
    0x00,0x00,0x00,0x00,0x00,0x01,0xFE,0x00,0x07,0xFF,0x80,0x0F,0xFF,0xE0,0x1F,0x03,
    0xE0,0x3E,0x01,0xF0,0x3E,0x01,0xF8,0x7C,0x00,0xF8,0x7C,0x00,0xF8,0x7C,0x00,0xF8,
    0x7C,0x00,0xF8,0x7C,0x00,0xF8,0x7C,0x00,0xF8,0x7C,0x00,0xF8,0x7E,0x00,0xF8,0x3E,
    0x01,0xF0,0x3E,0x01,0xF0,0x1F,0x03,0xE0,0x0F,0xFF,0xC0,0x07,0xFF,0x80,0x01,0xFE,
    0x00,0x00,0x00,0x00,0x00,0x00,0x00,0x00,0x00,0x00,0x00,0x00,0x00,0x00,0x00,0x00,
    0x00,0x00,0x00,0x00,0x00,0x00,0x00,0x00,0x00,0x00,0x00,0x00,0x00,0x00,0x00,0x00,
    0x00,0x00,0x00,0x00,0x00,0x00,0x00,0x00,0x00,0x00,0x00,0x00,0x00,0x00,0x00,0x00,
    0x00,0x00,0x00,0x00,0x00,0x00,0x00,0x00,0x00,0x00,0x00,0x00,0x00,0x00,0x00,0x00,
    0x00,0x00,0x00,0x00,0x00,0x00,0x00,0x00,0x00,0x00,0x00,0x00,0x00,0x00,0x00,0x00,
    0x00,0x00,0x00,0x00,0x00,0x00,0x00,0x00,0x00,0x00,0x00,0x0C,0x18,0x00,0x1E,0x3C,
    0x00,0x1F,0x7C,0x00,0x0F,0xF8,0x00,0x07,0xF0,0x00,0x03,0xE0,0x00,0x07,0xF0,0x00,
    0x0F,0xF8,0x00,0x1F,0x7C,0x00,0x1C,0x38,0x00,0x08,0x10,0x00,0x00,0x00,0x00,0x00,
    0x00,0x00,0x00,0x00,0x00,0x00,0x00,0x00,0x00,0x00,0x00,0x00,0x00,0x00,0x00,0x00,
    0x00,0x00,0x00,0x00,0x00,0x00,0x00,0x00,0x00,0x00,0x00,0x00,0x00,0x00,0x00,0x00,
    0x00,0x00,0x00,0x00,0x00,0x00,0x00,0x00,0x00,0x00,0x00,0x00,0x00,0x00,0x00,0x00,
    0x00,0x00,0x00,0x00,0x00,0x00,0x00,0x00,0x00,0x00,0x00,0x00,0x00,0x00,0x00,0x00,
    0x00,0x00,0x00,0x00,0x00,0x00,0x00,0x00,0x00,0x00,0x00,0x00,0x00,0x01,0xFF,0x38,
    0x07,0xFF,0xF0,0x0F,0xFF,0xE0,0x1F,0x03,0xF0,0x3E,0x03,0xF0,0x3E,0x07,0xF8,0x7C,
    0x0F,0xF8,0x7C,0x1E,0xF8,0x7C,0x1C,0xF8,0x7C,0x38,0xF8,0x7C,0x70,0xF8,0x7C,0xF0,
    0xF8,0x7D,0xE0,0xF8,0x7F,0xC0,0xF8,0x7F,0x81,0xF0,0x3F,0x01,0xF0,0x3F,0x03,0xE0,
    0x1F,0xFF,0xC0,0x3F,0xFF,0x80,0x73,0xFE,0x00,0x00,0x00,0x00,0x00,0x00,0x00,0x00,
    0x00,0x00,0x00,0x00,0x00,0x00,0x00,0x00,0x00,0x00,0x00,0x00,0x00,0x00,0x00,0x00,
    0x00,0x00,0x00,0x00,0x00,0x00,0x00,0x00,0x00,0x00,0x00,0x00,0x00,0x00,0x00,0x00,
    0x00,0x00,0x00,0x00,0x00,0x00,0x00,0x00,0x00,0x00,0x40,0x00,0x00,0xF0,0x00,0x00,
    0xF8,0x00,0x00,0xFC,0x00,0x00,0x7E,0x00,0x00,0x1E,0x00,0x00,0x02,0x00,0x00,0x00,
    0x00,0x7F,0xC1,0xFC,0x7F,0xC1,0xFC,0x3F,0x80,0xF8,0x1F,0x00,0x70,0x1F,0x00,0x70,
    0x1F,0x00,0x70,0x1F,0x00,0x70,0x1F,0x00,0x70,0x1F,0x00,0x70,0x1F,0x00,0x70,0x1F,
    0x00,0x70,0x1F,0x00,0x70,0x1F,0x00,0x70,0x1F,0x00,0x70,0x1F,0x00,0x70,0x1F,0x80,
    0xF0,0x0F,0x81,0xE0,0x0F,0xFF,0xC0,0x07,0xFF,0x80,0x01,0xFF,0x00,0x00,0x00,0x00,
    0x00,0x00,0x00,0x00,0x00,0x00,0x00,0x00,0x00,0x00,0x00,0x00,0x00,0x00,0x00,0x00,
    0x00,0x00,0x00,0x00,0x00,0x00,0x00,0x00,0x00,0x00,0x00,0x00,0x00,0x00,0x00,0x00,
    0x00,0x00,0x00,0x00,0x00,0x00,0x00,0x00,0x00,0x00,0x00,0x00,0x00,0x00,0x03,0x00,
    0x00,0x07,0x80,0x00,0x0F,0x80,0x00,0x1F,0x80,0x00,0x3F,0x00,0x00,0x78,0x00,0x00,
    0x20,0x00,0x00,0x00,0x00,0x7F,0xC1,0xFC,0x7F,0xC1,0xFC,0x3F,0x80,0xF8,0x1F,0x00,
    0x70,0x1F,0x00,0x70,0x1F,0x00,0x70,0x1F,0x00,0x70,0x1F,0x00,0x70,0x1F,0x00,0x70,
    0x1F,0x00,0x70,0x1F,0x00,0x70,0x1F,0x00,0x70,0x1F,0x00,0x70,0x1F,0x00,0x70,0x1F,
    0x00,0x70,0x1F,0x80,0xF0,0x0F,0x81,0xE0,0x0F,0xFF,0xC0,0x07,0xFF,0x80,0x01,0xFF,
    0x00,0x00,0x00,0x00,0x00,0x00,0x00,0x00,0x00,0x00,0x00,0x00,0x00,0x00,0x00,0x00,
    0x00,0x00,0x00,0x00,0x00,0x00,0x00,0x00,0x00,0x00,0x00,0x00,0x00,0x00,0x00,0x00,
    0x00,0x00,0x00,0x00,0x00,0x00,0x00,0x00,0x00,0x00,0x00,0x00,0x00,0x00,0x00,0x00,
    0x00,0x00,0x08,0x00,0x00,0x3C,0x00,0x00,0x7E,0x00,0x00,0xFF,0x00,0x00,0xFF,0x80,
    0x01,0xC3,0xC0,0x01,0x80,0x80,0x00,0x00,0x00,0x7F,0xC1,0xFC,0x7F,0xC1,0xFC,0x3F,
    0x80,0xF8,0x1F,0x00,0x70,0x1F,0x00,0x70,0x1F,0x00,0x70,0x1F,0x00,0x70,0x1F,0x00,
    0x70,0x1F,0x00,0x70,0x1F,0x00,0x70,0x1F,0x00,0x70,0x1F,0x00,0x70,0x1F,0x00,0x70,
    0x1F,0x00,0x70,0x1F,0x00,0x70,0x1F,0x80,0xF0,0x0F,0x81,0xE0,0x0F,0xFF,0xC0,0x07,
    0xFF,0x80,0x01,0xFF,0x00,0x00,0x00,0x00,0x00,0x00,0x00,0x00,0x00,0x00,0x00,0x00,
    0x00,0x00,0x00,0x00,0x00,0x00,0x00,0x00,0x00,0x00,0x00,0x00,0x00,0x00,0x00,0x00,
    0x00,0x00,0x00,0x00,0x00,0x00,0x00,0x00,0x00,0x00,0x00,0x00,0x00,0x00,0x00,0x00,
    0x00,0x00,0x00,0x00,0x00,0x00,0x00,0x00,0x01,0xC3,0x80,0x03,0xE7,0xC0,0x03,0xE7,
    0xC0,0x03,0xE7,0xC0,0x01,0xC3,0x80,0x00,0x00,0x00,0x00,0x00,0x00,0x7F,0xC1,0xFC,
    0x7F,0xC1,0xFC,0x3F,0x80,0xF8,0x1F,0x00,0x70,0x1F,0x00,0x70,0x1F,0x00,0x70,0x1F,
    0x00,0x70,0x1F,0x00,0x70,0x1F,0x00,0x70,0x1F,0x00,0x70,0x1F,0x00,0x70,0x1F,0x00,
    0x70,0x1F,0x00,0x70,0x1F,0x00,0x70,0x1F,0x00,0x70,0x1F,0x80,0xF0,0x0F,0x81,0xE0,
    0x0F,0xFF,0xC0,0x07,0xFF,0x80,0x01,0xFF,0x00,0x00,0x00,0x00,0x00,0x00,0x00,0x00,
    0x00,0x00,0x00,0x00,0x00,0x00,0x00,0x00,0x00,0x00,0x00,0x00,0x00,0x00,0x00,0x00,
    0x00,0x00,0x00,0x00,0x00,0x00,0x00,0x00,0x00,0x00,0x00,0x00,0x00,0x00,0x00,0x00,
    0x00,0x00,0x00,0x00,0x00,0x00,0x00,0x00,0x00,0x00,0x00,0x00,0x00,0x03,0x80,0x00,
    0x0F,0x80,0x00,0x1F,0x80,0x00,0x3F,0x00,0x00,0x7C,0x00,0x00,0x20,0x00,0x00,0x00,
    0x00,0x7F,0xE3,0xFC,0x7F,0xE3,0xFC,0x3F,0x81,0xF8,0x0F,0x80,0xE0,0x0F,0xC1,0xE0,
    0x07,0xC1,0xC0,0x07,0xE3,0xC0,0x03,0xF3,0x80,0x03,0xF7,0x00,0x01,0xFF,0x00,0x00,
    0xFE,0x00,0x00,0xFE,0x00,0x00,0x7C,0x00,0x00,0x7C,0x00,0x00,0x7C,0x00,0x00,0x7C,
    0x00,0x00,0x7C,0x00,0x00,0xFE,0x00,0x01,0xFF,0x80,0x01,0xFF,0x80,0x00,0x00,0x00,
    0x00,0x00,0x00,0x00,0x00,0x00,0x00,0x00,0x00,0x00,0x00,0x00,0x00,0x00,0x00,0x00,
    0x00,0x00,0x00,0x00,0x00,0x00,0x00,0x00,0x00,0x00,0x00,0x00,0x00,0x00,0x00,0x00,
    0x00,0x00,0x00,0x00,0x00,0x00,0x00,0x00,0x00,0x00,0x00,0x00,0x00,0x00,0x00,0x00,
    0x00,0x00,0x00,0x00,0x00,0x00,0x00,0x00,0x00,0x00,0x00,0x00,0x00,0x00,0x00,0x00,
    0x00,0x00,0x00,0x00,0x00,0x7F,0xE0,0x00,0x7F,0xE0,0x00,0x1F,0x00,0x00,0x1F,0x00,
    0x00,0x1F,0xFE,0x00,0x1F,0xFF,0x00,0x1F,0x1F,0x80,0x1F,0x0F,0xC0,0x1F,0x07,0xC0,
    0x1F,0x07,0xC0,0x1F,0x07,0xC0,0x1F,0x0F,0xC0,0x1F,0x1F,0x80,0x1F,0xFF,0x00,0x1F,
    0xFE,0x00,0x1F,0xF0,0x00,0x1F,0x00,0x00,0x3F,0x80,0x00,0x7F,0xE0,0x00,0x7F,0xE0,
    0x00,0x00,0x00,0x00,0x00,0x00,0x00,0x00,0x00,0x00,0x00,0x00,0x00,0x00,0x00,0x00,
    0x00,0x00,0x00,0x00,0x00,0x00,0x00,0x00,0x00,0x00,0x00,0x00,0x00,0x00,0x00,0x00,
    0x00,0x00,0x00,0x00,0x00,0x00,0x00,0x00,0x00,0x00,0x00,0x00,0x00,0x00,0x00,0x00,
    0x00,0x00,0x00,0x00,0x00,0x00,0x00,0x00,0x00,0x00,0x00,0x00,0x00,0x00,0x00,0x00,
    0x00,0x00,0x00,0x01,0xFF,0x00,0x07,0xFF,0x80,0x0F,0xFF,0xC0,0x0F,0x87,0xC0,0x1F,
    0x03,0xC0,0x1F,0x03,0xC0,0x1F,0x07,0x80,0x1F,0x07,0x00,0x7F,0x0E,0x00,0x7F,0x1E,
    0x00,0x1F,0x1E,0x00,0x1F,0x1F,0x00,0x1F,0x1F,0xC0,0x1F,0x1F,0xF0,0x1F,0x0F,0xF8,
    0x1F,0x03,0xF8,0x1F,0x00,0xF8,0x1F,0x70,0x78,0x1F,0x78,0x78,0x7F,0x7F,0xF0,0x7F,
    0x7F,0xF0,0x7F,0x3F,0xC0,0x00,0x00,0x00,0x00,0x00,0x00,0x00,0x00,0x00,0x00,0x00,
    0x00,0x00,0x00,0x00,0x00,0x00,0x00,0x00,0x00,0x00,0x00,0x00,0x00,0x00,0x00,0x00,
    0x00,0x00,0x00,0x00,0x00,0x00,0x00,0x00,0x00,0x00,0x00,0x00,0x00,0x00,0x00,0x00,
    0x00,0x00,0x00,0x00,0x00,0x00,0x00,0x00,0x00,0x00,0x00,0x00,0x00,0x00,0x00,0x00,
    0x00,0x04,0x00,0x00,0x0E,0x00,0x00,0x0F,0x00,0x00,0x0F,0x80,0x00,0x07,0x80,0x00,
    0x03,0xC0,0x00,0x00,0xC0,0x00,0x00,0x00,0x00,0x00,0x00,0x00,0x0F,0xE0,0x00,0x3F,
    0xF8,0x00,0x7F,0xFC,0x00,0x7C,0x7C,0x00,0x7C,0x7C,0x00,0x00,0x7C,0x00,0x0F,0xFC,
    0x00,0x3F,0xFC,0x00,0x7E,0x7C,0x00,0x7C,0x7C,0x00,0x7C,0x7C,0x00,0x7C,0x7C,0x00,
    0x7F,0xFF,0x80,0x3F,0xBF,0x80,0x1F,0x1F,0x00,0x00,0x00,0x00,0x00,0x00,0x00,0x00,
    0x00,0x00,0x00,0x00,0x00,0x00,0x00,0x00,0x00,0x00,0x00,0x00,0x00,0x00,0x00,0x00,
    0x00,0x00,0x00,0x00,0x00,0x00,0x00,0x00,0x00,0x00,0x00,0x00,0x00,0x00,0x00,0x00,
    0x00,0x00,0x00,0x00,0x00,0x00,0x00,0x00,0x00,0x00,0x00,0x00,0x00,0x00,0x00,0x00,
    0x00,0x00,0x00,0x00,0x00,0x00,0x60,0x00,0x00,0x70,0x00,0x00,0xF0,0x00,0x01,0xF0,
    0x00,0x01,0xE0,0x00,0x03,0xC0,0x00,0x03,0x00,0x00,0x00,0x00,0x00,0x00,0x00,0x00,
    0x0F,0xE0,0x00,0x3F,0xF8,0x00,0x7F,0xFC,0x00,0x7C,0x7C,0x00,0x7C,0x7C,0x00,0x00,
    0x7C,0x00,0x0F,0xFC,0x00,0x3F,0xFC,0x00,0x7E,0x7C,0x00,0x7C,0x7C,0x00,0x7C,0x7C,
    0x00,0x7C,0x7C,0x00,0x7F,0xFF,0x00,0x3F,0xBF,0x80,0x1F,0x1F,0x00,0x00,0x00,0x00,
    0x00,0x00,0x00,0x00,0x00,0x00,0x00,0x00,0x00,0x00,0x00,0x00,0x00,0x00,0x00,0x00,
    0x00,0x00,0x00,0x00,0x00,0x00,0x00,0x00,0x00,0x00,0x00,0x00,0x00,0x00,0x00,0x00,
    0x00,0x00,0x00,0x00,0x00,0x00,0x00,0x00,0x00,0x00,0x00,0x00,0x00,0x00,0x00,0x00,
    0x00,0x00,0x00,0x00,0x00,0x00,0x00,0x00,0x00,0x01,0x80,0x00,0x03,0xC0,0x00,0x07,
    0xE0,0x00,0x07,0xE0,0x00,0x0F,0xF0,0x00,0x1E,0x78,0x00,0x18,0x38,0x00,0x00,0x00,
    0x00,0x00,0x00,0x00,0x0F,0xE0,0x00,0x3F,0xF8,0x00,0x7F,0xFC,0x00,0x7C,0x7C,0x00,
    0x7C,0x7C,0x00,0x00,0x7C,0x00,0x0F,0xFC,0x00,0x3F,0xFC,0x00,0x7E,0x7C,0x00,0x7C,
    0x7C,0x00,0x7C,0x7C,0x00,0x7C,0x7C,0x00,0x7F,0xFF,0x00,0x3F,0xBF,0x80,0x1F,0x1F,
    0x00,0x00,0x00,0x00,0x00,0x00,0x00,0x00,0x00,0x00,0x00,0x00,0x00,0x00,0x00,0x00,
    0x00,0x00,0x00,0x00,0x00,0x00,0x00,0x00,0x00,0x00,0x00,0x00,0x00,0x00,0x00,0x00,
    0x00,0x00,0x00,0x00,0x00,0x00,0x00,0x00,0x00,0x00,0x00,0x00,0x00,0x00,0x00,0x00,
    0x00,0x00,0x00,0x00,0x00,0x00,0x00,0x00,0x00,0x00,0x00,0x00,0x00,0x00,0x00,0x00,
    0x00,0x00,0x00,0x06,0x00,0x00,0x0F,0x98,0x00,0x1F,0xF8,0x00,0x1F,0xF0,0x00,0x11,
    0xF0,0x00,0x00,0x00,0x00,0x00,0x00,0x00,0x0F,0xE0,0x00,0x3F,0xF8,0x00,0x7F,0xFC,
    0x00,0x7C,0x7C,0x00,0x7C,0x7C,0x00,0x00,0x7C,0x00,0x0F,0xFC,0x00,0x3F,0xFC,0x00,
    0x7E,0x7C,0x00,0x7C,0x7C,0x00,0x7C,0x7C,0x00,0x7C,0x7C,0x00,0x7F,0xFF,0x00,0x3F,
    0xBF,0x80,0x1F,0x1F,0x00,0x00,0x00,0x00,0x00,0x00,0x00,0x00,0x00,0x00,0x00,0x00,
    0x00,0x00,0x00,0x00,0x00,0x00,0x00,0x00,0x00,0x00,0x00,0x00,0x00,0x00,0x00,0x00,
    0x00,0x00,0x00,0x00,0x00,0x00,0x00,0x00,0x00,0x00,0x00,0x00,0x00,0x00,0x00,0x00,
    0x00,0x00,0x00,0x00,0x00,0x00,0x00,0x00,0x00,0x00,0x00,0x00,0x00,0x00,0x00,0x00,
    0x00,0x00,0x00,0x00,0x00,0x00,0x00,0x1C,0x38,0x00,0x3E,0x7C,0x00,0x3E,0x7C,0x00,
    0x3E,0x7C,0x00,0x1C,0x38,0x00,0x00,0x00,0x00,0x00,0x00,0x00,0x0F,0xE0,0x00,0x3F,
    0xF8,0x00,0x7F,0xFC,0x00,0x7C,0x7C,0x00,0x7C,0x7C,0x00,0x00,0x7C,0x00,0x0F,0xFC,
    0x00,0x3F,0xFC,0x00,0x7E,0x7C,0x00,0x7C,0x7C,0x00,0x7C,0x7C,0x00,0x7C,0x7C,0x00,
    0x7F,0xFF,0x00,0x3F,0xBF,0x80,0x1F,0x1F,0x00,0x00,0x00,0x00,0x00,0x00,0x00,0x00,
    0x00,0x00,0x00,0x00,0x00,0x00,0x00,0x00,0x00,0x00,0x00,0x00,0x00,0x00,0x00,0x00,
    0x00,0x00,0x00,0x00,0x00,0x00,0x00,0x00,0x00,0x00,0x00,0x00,0x00,0x00,0x00,0x00,
    0x00,0x00,0x00,0x00,0x00,0x00,0x00,0x00,0x00,0x00,0x00,0x00,0x00,0x00,0x00,0x00,
    0x00,0x00,0x00,0x00,0x00,0x03,0xC0,0x00,0x07,0xE0,0x00,0x0E,0x70,0x00,0x0E,0x70,
    0x00,0x0E,0x70,0x00,0x0F,0xE0,0x00,0x07,0xC0,0x00,0x00,0x00,0x00,0x00,0x00,0x00,
    0x0F,0xE0,0x00,0x3F,0xF8,0x00,0x7F,0xFC,0x00,0x7C,0x7C,0x00,0x7C,0x7C,0x00,0x00,
    0x7C,0x00,0x0F,0xFC,0x00,0x3F,0xFC,0x00,0x7E,0x7C,0x00,0x7C,0x7C,0x00,0x7C,0x7C,
    0x00,0x7C,0x7C,0x00,0x7F,0xFF,0x00,0x3F,0xBF,0x80,0x1F,0x1F,0x00,0x00,0x00,0x00,
    0x00,0x00,0x00,0x00,0x00,0x00,0x00,0x00,0x00,0x00,0x00,0x00,0x00,0x00,0x00,0x00,
    0x00,0x00,0x00,0x00,0x00,0x00,0x00,0x00,0x00,0x00,0x00,0x00,0x00,0x00,0x00,0x00,
    0x00,0x00,0x00,0x00,0x00,0x00,0x00,0x00,0x00,0x00,0x00,0x00,0x00,0x00,0x00,0x00,
    0x00,0x00,0x00,0x00,0x00,0x00,0x00,0x00,0x00,0x00,0x00,0x00,0x00,0x00,0x00,0x00,
    0x00,0x00,0x00,0x00,0x00,0x00,0x00,0x00,0x00,0x00,0x00,0x00,0x00,0x00,0x00,0x00,
    0x00,0x00,0x00,0x00,0x00,0x00,0x00,0x00,0x00,0x00,0x00,0x00,0x00,0x00,0x00,0x00,
    0x00,0x00,0x00,0x00,0x00,0x00,0x00,0x00,0x0F,0xE3,0xF8,0x00,0x3F,0xF7,0xFC,0x00,
    0x7F,0xFF,0xFE,0x00,0x7C,0x7E,0x1F,0x00,0x7C,0x7C,0x1F,0x00,0x00,0x7F,0xFF,0x00,
    0x0F,0xFF,0xFF,0x00,0x3F,0xFF,0xFF,0x00,0x7E,0x7C,0x00,0x00,0x7C,0x7C,0x00,0x00,
    0x7C,0x7E,0x02,0x00,0x7C,0x7F,0x0F,0x00,0x7F,0xFF,0xFF,0x00,0x3F,0xDF,0xFE,0x00,
    0x1F,0x87,0xF8,0x00,0x00,0x00,0x00,0x00,0x00,0x00,0x00,0x00,0x00,0x00,0x00,0x00,
    0x00,0x00,0x00,0x00,0x00,0x00,0x00,0x00,0x00,0x00,0x00,0x00,0x00,0x00,0x00,0x00,
    0x00,0x00,0x00,0x00,0x00,0x00,0x00,0x00,0x00,0x00,0x00,0x00,0x00,0x00,0x00,0x00,
    0x00,0x00,0x00,0x00,0x00,0x00,0x00,0x00,0x00,0x00,0x00,0x00,0x00,0x00,0x00,0x00,
    0x00,0x00,0x00,0x00,0x00,0x00,0x00,0x00,0x00,0x00,0x00,0x00,0x00,0x00,0x00,0x00,
    0x07,0xF8,0x0F,0xFC,0x1F,0xFE,0x3E,0x3E,0x7C,0x3E,0x7C,0x3E,0x7C,0x08,0x7C,0x00,
    0x7C,0x00,0x7C,0x00,0x7E,0x00,0x7F,0x0E,0x3F,0xFE,0x1F,0xFC,0x0F,0xF8,0x01,0xC0,
    0x01,0xC0,0x03,0xF0,0x00,0x70,0x00,0x70,0x07,0xF0,0x07,0xE0,0x01,0xC0,0x00,0x00,
    0x00,0x00,0x00,0x00,0x00,0x00,0x00,0x00,0x00,0x00,0x00,0x00,0x00,0x00,0x00,0x00,
    0x00,0x00,0x00,0x00,0x00,0x00,0x02,0x00,0x07,0x00,0x07,0x00,0x07,0x80,0x03,0xC0,
    0x01,0xC0,0x00,0xC0,0x00,0x00,0x00,0x00,0x07,0xF0,0x0F,0xFC,0x1F,0xFC,0x3E,0x3E,
    0x7C,0x3E,0x7C,0x3E,0x7F,0xFE,0x7F,0xFE,0x7C,0x00,0x7C,0x00,0x7E,0x04,0x3F,0x1E,
    0x3F,0xFE,0x1F,0xFC,0x07,0xF0,0x00,0x00,0x00,0x00,0x00,0x00,0x00,0x00,0x00,0x00,
    0x00,0x00,0x00,0x00,0x00,0x00,0x00,0x00,0x00,0x00,0x00,0x00,0x00,0x00,0x00,0x00,
    0x00,0x00,0x00,0x00,0x00,0x00,0x00,0x00,0x00,0x00,0x00,0x00,0x00,0x00,0x00,0x20,
    0x00,0x70,0x00,0xF0,0x00,0xF0,0x01,0xE0,0x01,0xC0,0x03,0x80,0x00,0x00,0x00,0x00,
    0x07,0xF0,0x0F,0xFC,0x1F,0xFC,0x3E,0x3E,0x7C,0x3E,0x7C,0x3E,0x7F,0xFE,0x7F,0xFE,
    0x7C,0x00,0x7C,0x00,0x7E,0x04,0x3F,0x0E,0x3F,0xFE,0x1F,0xFC,0x07,0xF0,0x00,0x00,
    0x00,0x00,0x00,0x00,0x00,0x00,0x00,0x00,0x00,0x00,0x00,0x00,0x00,0x00,0x00,0x00,
    0x00,0x00,0x00,0x00,0x00,0x00,0x00,0x00,0x00,0x00,0x00,0x00,0x00,0x00,0x00,0x00,
    0x00,0x00,0x00,0x00,0x00,0x00,0x00,0x80,0x01,0xC0,0x03,0xE0,0x07,0xF0,0x0F,0xF0,
    0x0E,0x38,0x0C,0x18,0x00,0x00,0x00,0x00,0x07,0xF0,0x0F,0xFC,0x1F,0xFC,0x3E,0x3E,
    0x7C,0x3E,0x7F,0xFE,0x7F,0xFE,0x7F,0xFE,0x7C,0x00,0x7C,0x00,0x7E,0x04,0x3F,0x1E,
    0x3F,0xFE,0x1F,0xFC,0x07,0xF0,0x00,0x00,0x00,0x00,0x00,0x00,0x00,0x00,0x00,0x00,
    0x00,0x00,0x00,0x00,0x00,0x00,0x00,0x00,0x00,0x00,0x00,0x00,0x00,0x00,0x00,0x00,
    0x00,0x00,0x00,0x00,0x00,0x00,0x00,0x00,0x00,0x00,0x00,0x00,0x00,0x00,0x00,0x00,
    0x00,0x00,0x0E,0x1C,0x1F,0x3E,0x1F,0x3E,0x1F,0x3E,0x0E,0x1C,0x00,0x00,0x00,0x00,
    0x07,0xF0,0x0F,0xFC,0x1F,0xFC,0x3E,0x3E,0x7C,0x3E,0x7F,0xFE,0x7F,0xFE,0x7F,0xFE,
    0x7C,0x00,0x7C,0x00,0x7E,0x00,0x3F,0x0E,0x3F,0xFE,0x1F,0xFC,0x07,0xF0,0x00,0x00,
    0x00,0x00,0x00,0x00,0x00,0x00,0x00,0x00,0x00,0x00,0x00,0x00,0x00,0x00,0x00,0x00,
    0x00,0x00,0x00,0x00,0x00,0x00,0x00,0x00,0x00,0x00,0x00,0x00,0x00,0x00,0x00,0x00,
    0x00,0x00,0x00,0x00,0x00,0x00,0x00,0x00,0x70,0x00,0xF0,0x00,0xF8,0x00,0x7C,0x00,
    0x1E,0x00,0x0E,0x00,0x00,0x00,0x00,0x00,0x7F,0x00,0x7F,0x00,0x7F,0x00,0x1F,0x00,
    0x1F,0x00,0x1F,0x00,0x1F,0x00,0x1F,0x00,0x1F,0x00,0x1F,0x00,0x1F,0x00,0x1F,0x00,
    0x3F,0x80,0x7F,0xC0,0x7F,0xC0,0x00,0x00,0x00,0x00,0x00,0x00,0x00,0x00,0x00,0x00,
    0x00,0x00,0x00,0x00,0x00,0x00,0x00,0x00,0x00,0x00,0x00,0x00,0x00,0x00,0x00,0x00,
    0x00,0x00,0x00,0x00,0x00,0x00,0x00,0x00,0x00,0x00,0x00,0x00,0x00,0x00,0x00,0x00,
    0x07,0x00,0x07,0x80,0x0F,0x80,0x1F,0x00,0x3C,0x00,0x38,0x00,0x00,0x00,0x00,0x00,
    0x7F,0x00,0x7F,0x00,0x7F,0x00,0x1F,0x00,0x1F,0x00,0x1F,0x00,0x1F,0x00,0x1F,0x00,
    0x1F,0x00,0x1F,0x00,0x1F,0x00,0x1F,0x00,0x3F,0x80,0x7F,0xC0,0x7F,0xC0,0x00,0x00,
    0x00,0x00,0x00,0x00,0x00,0x00,0x00,0x00,0x00,0x00,0x00,0x00,0x00,0x00,0x00,0x00,
    0x00,0x00,0x00,0x00,0x00,0x00,0x00,0x00,0x00,0x00,0x00,0x00,0x00,0x00,0x00,0x00,
    0x00,0x00,0x00,0x00,0x00,0x00,0x00,0x00,0x1C,0x00,0x3E,0x00,0x7F,0x00,0xFF,0x80,
    0xE3,0x80,0xC1,0xC0,0x00,0x00,0x00,0x00,0x7F,0x00,0x7F,0x00,0x7F,0x00,0x1F,0x00,
    0x1F,0x00,0x1F,0x00,0x1F,0x00,0x1F,0x00,0x1F,0x00,0x1F,0x00,0x1F,0x00,0x1F,0x00,
    0x3F,0x80,0x7F,0xC0,0x7F,0xC0,0x00,0x00,0x00,0x00,0x00,0x00,0x00,0x00,0x00,0x00,
    0x00,0x00,0x00,0x00,0x00,0x00,0x00,0x00,0x00,0x00,0x00,0x00,0x00,0x00,0x00,0x00,
    0x00,0x00,0x00,0x00,0x00,0x00,0x00,0x00,0x00,0x00,0x00,0x00,0x00,0x00,0x00,0x00,
    0x00,0x00,0xE1,0xC0,0xF3,0xE0,0xF3,0xE0,0xF3,0xE0,0xE1,0xC0,0x00,0x00,0x00,0x00,
    0x7F,0x00,0x7F,0x00,0x7F,0x00,0x1F,0x00,0x1F,0x00,0x1F,0x00,0x1F,0x00,0x1F,0x00,
    0x1F,0x00,0x1F,0x00,0x1F,0x00,0x1F,0x00,0x3F,0x80,0x7F,0xC0,0x7F,0xC0,0x00,0x00,
    0x00,0x00,0x00,0x00,0x00,0x00,0x00,0x00,0x00,0x00,0x00,0x00,0x00,0x00,0x00,0x00,
    0x00,0x00,0x00,0x00,0x00,0x00,0x00,0x00,0x00,0x00,0x00,0x00,0x00,0x00,0x00,0x00,
    0x00,0x00,0x00,0x00,0x00,0x00,0x00,0x00,0x00,0x00,0x00,0x00,0x00,0x00,0x00,0x00,
    0x00,0x00,0x00,0x00,0x00,0x06,0x00,0x1F,0x9E,0x00,0x1F,0xFC,0x00,0x03,0xF8,0x00,
    0x03,0xFC,0x00,0x07,0xBE,0x00,0x02,0x1F,0x00,0x00,0x1F,0x00,0x07,0xEF,0x00,0x1F,
    0xFF,0x80,0x3F,0xFF,0x80,0x3E,0x1F,0x80,0x7E,0x0F,0x80,0x7C,0x0F,0x80,0x7C,0x0F,
    0x80,0x7C,0x0F,0x80,0x7C,0x0F,0x80,0x7C,0x0F,0x00,0x7C,0x1F,0x00,0x3E,0x1F,0x00,
    0x3F,0xFE,0x00,0x1F,0xFC,0x00,0x07,0xF0,0x00,0x00,0x00,0x00,0x00,0x00,0x00,0x00,
    0x00,0x00,0x00,0x00,0x00,0x00,0x00,0x00,0x00,0x00,0x00,0x00,0x00,0x00,0x00,0x00,
    0x00,0x00,0x00,0x00,0x00,0x00,0x00,0x00,0x00,0x00,0x00,0x00,0x00,0x00,0x00,0x00,
    0x00,0x00,0x00,0x00,0x00,0x00,0x00,0x00,0x00,0x00,0x00,0x00,0x00,0x00,0x00,0x00,
    0x00,0x00,0x00,0x00,0x00,0x00,0x00,0x00,0x00,0x00,0x00,0x01,0x80,0x00,0x03,0xE6,
    0x00,0x07,0xFE,0x00,0x07,0xFC,0x00,0x06,0x3C,0x00,0x00,0x00,0x00,0x00,0x00,0x00,
    0x7E,0x3E,0x00,0x7E,0xFF,0x00,0x7F,0xFF,0x80,0x1F,0x9F,0x80,0x1F,0x0F,0x80,0x1F,
    0x0F,0x80,0x1F,0x0F,0x80,0x1F,0x0F,0x80,0x1F,0x0F,0x80,0x1F,0x0F,0x80,0x1F,0x0F,
    0x80,0x1F,0x0F,0x80,0x3F,0x0F,0xC0,0x7F,0x9F,0xE0,0x7F,0x9F,0xE0,0x00,0x00,0x00,
    0x00,0x00,0x00,0x00,0x00,0x00,0x00,0x00,0x00,0x00,0x00,0x00,0x00,0x00,0x00,0x00,
    0x00,0x00,0x00,0x00,0x00,0x00,0x00,0x00,0x00,0x00,0x00,0x00,0x00,0x00,0x00,0x00,
    0x00,0x00,0x00,0x00,0x00,0x00,0x00,0x00,0x00,0x00,0x00,0x00,0x00,0x00,0x00,0x00,
    0x00,0x00,0x00,0x00,0x00,0x00,0x00,0x00,0x00,0x03,0x00,0x00,0x07,0x80,0x00,0x07,
    0x80,0x00,0x07,0xC0,0x00,0x03,0xC0,0x00,0x01,0xE0,0x00,0x00,0x60,0x00,0x00,0x00,
    0x00,0x00,0x00,0x00,0x07,0xF8,0x00,0x0F,0xFE,0x00,0x1F,0xFF,0x00,0x3E,0x1F,0x00,
    0x7C,0x1F,0x80,0x7C,0x0F,0x80,0x7C,0x0F,0x80,0x7C,0x0F,0x80,0x7C,0x0F,0x80,0x7C,
    0x0F,0x80,0x7E,0x0F,0x80,0x3E,0x1F,0x00,0x3F,0xFE,0x00,0x1F,0xFC,0x00,0x07,0xF8,
    0x00,0x00,0x00,0x00,0x00,0x00,0x00,0x00,0x00,0x00,0x00,0x00,0x00,0x00,0x00,0x00,
    0x00,0x00,0x00,0x00,0x00,0x00,0x00,0x00,0x00,0x00,0x00,0x00,0x00,0x00,0x00,0x00,
    0x00,0x00,0x00,0x00,0x00,0x00,0x00,0x00,0x00,0x00,0x00,0x00,0x00,0x00,0x00,0x00,
    0x00,0x00,0x00,0x00,0x00,0x00,0x00,0x00,0x00,0x00,0x00,0x00,0x00,0x00,0x10,0x00,
    0x00,0x38,0x00,0x00,0x78,0x00,0x00,0xF8,0x00,0x00,0xF0,0x00,0x01,0xE0,0x00,0x01,
    0x80,0x00,0x00,0x00,0x00,0x00,0x00,0x00,0x07,0xF8,0x00,0x0F,0xFE,0x00,0x1F,0xFF,
    0x00,0x3E,0x1F,0x00,0x7C,0x1F,0x80,0x7C,0x0F,0x80,0x7C,0x0F,0x80,0x7C,0x0F,0x80,
    0x7C,0x0F,0x80,0x7C,0x0F,0x80,0x7E,0x0F,0x80,0x3E,0x1F,0x00,0x3F,0xFE,0x00,0x1F,
    0xFC,0x00,0x07,0xF8,0x00,0x00,0x00,0x00,0x00,0x00,0x00,0x00,0x00,0x00,0x00,0x00,
    0x00,0x00,0x00,0x00,0x00,0x00,0x00,0x00,0x00,0x00,0x00,0x00,0x00,0x00,0x00,0x00,
    0x00,0x00,0x00,0x00,0x00,0x00,0x00,0x00,0x00,0x00,0x00,0x00,0x00,0x00,0x00,0x00,
    0x00,0x00,0x00,0x00,0x00,0x00,0x00,0x00,0x00,0x00,0x00,0x00,0x00,0x00,0x00,0x00,
    0x00,0x00,0xC0,0x00,0x01,0xE0,0x00,0x03,0xF0,0x00,0x03,0xF0,0x00,0x07,0xF8,0x00,
    0x0F,0x3C,0x00,0x0C,0x0C,0x00,0x00,0x00,0x00,0x00,0x00,0x00,0x07,0xF8,0x00,0x0F,
    0xFE,0x00,0x1F,0xFF,0x00,0x3E,0x1F,0x00,0x7C,0x1F,0x80,0x7C,0x0F,0x80,0x7C,0x0F,
    0x80,0x7C,0x0F,0x80,0x7C,0x0F,0x80,0x7C,0x0F,0x80,0x7E,0x0F,0x80,0x3E,0x1F,0x00,
    0x3F,0xFE,0x00,0x1F,0xFC,0x00,0x07,0xF8,0x00,0x00,0x00,0x00,0x00,0x00,0x00,0x00,
    0x00,0x00,0x00,0x00,0x00,0x00,0x00,0x00,0x00,0x00,0x00,0x00,0x00,0x00,0x00,0x00,
    0x00,0x00,0x00,0x00,0x00,0x00,0x00,0x00,0x00,0x00,0x00,0x00,0x00,0x00,0x00,0x00,
    0x00,0x00,0x00,0x00,0x00,0x00,0x00,0x00,0x00,0x00,0x00,0x00,0x00,0x00,0x00,0x00,
    0x00,0x00,0x00,0x00,0x00,0x00,0x00,0x00,0x00,0x00,0x00,0x03,0x00,0x00,0x07,0xEC,
    0x00,0x0F,0xFC,0x00,0x0F,0xFC,0x00,0x08,0xF8,0x00,0x00,0x00,0x00,0x00,0x00,0x00,
    0x07,0xF8,0x00,0x0F,0xFE,0x00,0x1F,0xFF,0x00,0x3E,0x1F,0x00,0x7C,0x1F,0x80,0x7C,
    0x0F,0x80,0x7C,0x0F,0x80,0x7C,0x0F,0x80,0x7C,0x0F,0x80,0x7C,0x0F,0x80,0x7E,0x0F,
    0x80,0x3E,0x1F,0x00,0x3F,0xFE,0x00,0x1F,0xFC,0x00,0x07,0xF8,0x00,0x00,0x00,0x00,
    0x00,0x00,0x00,0x00,0x00,0x00,0x00,0x00,0x00,0x00,0x00,0x00,0x00,0x00,0x00,0x00,
    0x00,0x00,0x00,0x00,0x00,0x00,0x00,0x00,0x00,0x00,0x00,0x00,0x00,0x00,0x00,0x00,
    0x00,0x00,0x00,0x00,0x00,0x00,0x00,0x00,0x00,0x00,0x00,0x00,0x00,0x00,0x00,0x00,
    0x00,0x00,0x00,0x00,0x00,0x00,0x00,0x00,0x00,0x00,0x00,0x00,0x00,0x00,0x00,0x0E,
    0x1C,0x00,0x1F,0x3E,0x00,0x1F,0x3E,0x00,0x1F,0x3E,0x00,0x0E,0x1C,0x00,0x00,0x00,
    0x00,0x00,0x00,0x00,0x07,0xF8,0x00,0x0F,0xFE,0x00,0x1F,0xFF,0x00,0x3E,0x1F,0x00,
    0x7C,0x1F,0x80,0x7C,0x0F,0x80,0x7C,0x0F,0x80,0x7C,0x0F,0x80,0x7C,0x0F,0x80,0x7C,
    0x0F,0x80,0x7E,0x0F,0x80,0x3E,0x1F,0x00,0x3F,0xFE,0x00,0x1F,0xFC,0x00,0x07,0xF8,
    0x00,0x00,0x00,0x00,0x00,0x00,0x00,0x00,0x00,0x00,0x00,0x00,0x00,0x00,0x00,0x00,
    0x00,0x00,0x00,0x00,0x00,0x00,0x00,0x00,0x00,0x00,0x00,0x00,0x00,0x00,0x00,0x00,
    0x00,0x00,0x00,0x00,0x00,0x00,0x00,0x00,0x00,0x00,0x00,0x00,0x00,0x00,0x00,0x00,
    0x00,0x00,0x00,0x00,0x00,0x00,0x00,0x00,0x00,0x00,0x00,0x00,0x00,0x00,0x00,0x00,
    0x00,0x00,0x00,0x00,0x00,0x00,0x00,0x00,0x00,0x00,0x00,0x00,0x00,0x00,0x00,0x00,
    0x00,0x00,0x00,0x00,0x00,0x00,0x00,0x00,0x01,0xC0,0x00,0x03,0xE0,0x00,0x03,0xE0,
    0x00,0x01,0xC0,0x00,0x00,0x00,0x00,0x3F,0xFE,0x00,0x3F,0xFE,0x00,0x3F,0xFE,0x00,
    0x00,0x00,0x00,0x00,0x00,0x00,0x01,0xC0,0x00,0x03,0xE0,0x00,0x03,0xE0,0x00,0x01,
    0xC0,0x00,0x00,0x00,0x00,0x00,0x00,0x00,0x00,0x00,0x00,0x00,0x00,0x00,0x00,0x00,
    0x00,0x00,0x00,0x00,0x00,0x00,0x00,0x00,0x00,0x00,0x00,0x00,0x00,0x00,0x00,0x00,
    0x00,0x00,0x00,0x00,0x00,0x00,0x00,0x00,0x00,0x00,0x00,0x00,0x00,0x00,0x00,0x00,
    0x00,0x00,0x00,0x00,0x00,0x00,0x00,0x00,0x00,0x00,0x00,0x00,0x00,0x00,0x00,0x00,
    0x00,0x00,0x00,0x00,0x00,0x00,0x00,0x00,0x00,0x00,0x00,0x00,0x00,0x00,0x00,0x00,
    0x00,0x00,0x00,0x00,0x00,0x00,0x00,0x00,0x00,0x00,0x00,0x00,0x07,0xFF,0x80,0x0F,
    0xFF,0x00,0x1F,0xFF,0x00,0x3E,0x1F,0x00,0x7C,0x3F,0x80,0x7C,0x7F,0x80,0x7C,0xEF,
    0x80,0x7D,0xCF,0x80,0x7F,0xCF,0x80,0x7F,0x8F,0x80,0x7F,0x0F,0x80,0x3E,0x1F,0x00,
    0x3F,0xFE,0x00,0x3F,0xFC,0x00,0x77,0xF8,0x00,0x00,0x00,0x00,0x00,0x00,0x00,0x00,
    0x00,0x00,0x00,0x00,0x00,0x00,0x00,0x00,0x00,0x00,0x00,0x00,0x00,0x00,0x00,0x00,
    0x00,0x00,0x00,0x00,0x00,0x00,0x00,0x00,0x00,0x00,0x00,0x00,0x00,0x00,0x00,0x00,
    0x00,0x00,0x00,0x00,0x00,0x00,0x00,0x00,0x00,0x00,0x00,0x00,0x00,0x00,0x00,0x00,
    0x00,0x00,0x00,0x00,0x00,0x01,0x00,0x00,0x03,0x80,0x00,0x03,0xC0,0x00,0x03,0xC0,
    0x00,0x01,0xE0,0x00,0x00,0xF0,0x00,0x00,0x30,0x00,0x00,0x00,0x00,0x00,0x00,0x00,
    0x7F,0x3F,0x80,0x7F,0x3F,0x80,0x7F,0x1F,0x80,0x1F,0x0F,0x80,0x1F,0x0F,0x80,0x1F,
    0x0F,0x80,0x1F,0x0F,0x80,0x1F,0x0F,0x80,0x1F,0x0F,0x80,0x1F,0x0F,0x80,0x1F,0x0F,
    0x80,0x1F,0x9F,0x80,0x1F,0xFF,0xE0,0x0F,0xFF,0xE0,0x07,0xC7,0xE0,0x00,0x00,0x00,
    0x00,0x00,0x00,0x00,0x00,0x00,0x00,0x00,0x00,0x00,0x00,0x00,0x00,0x00,0x00,0x00,
    0x00,0x00,0x00,0x00,0x00,0x00,0x00,0x00,0x00,0x00,0x00,0x00,0x00,0x00,0x00,0x00,
    0x00,0x00,0x00,0x00,0x00,0x00,0x00,0x00,0x00,0x00,0x00,0x00,0x00,0x00,0x00,0x00,
    0x00,0x00,0x00,0x00,0x00,0x00,0x00,0x00,0x00,0x00,0x10,0x00,0x00,0x38,0x00,0x00,
    0x78,0x00,0x00,0x78,0x00,0x00,0xF0,0x00,0x00,0xE0,0x00,0x00,0x80,0x00,0x00,0x00,
    0x00,0x00,0x00,0x00,0x7F,0x3F,0x80,0x7F,0x3F,0x80,0x7F,0x1F,0x80,0x1F,0x0F,0x80,
    0x1F,0x0F,0x80,0x1F,0x0F,0x80,0x1F,0x0F,0x80,0x1F,0x0F,0x80,0x1F,0x0F,0x80,0x1F,
    0x0F,0x80,0x1F,0x0F,0x80,0x1F,0x9F,0x80,0x1F,0xFF,0xE0,0x0F,0xFF,0xE0,0x07,0xC7,
    0xE0,0x00,0x00,0x00,0x00,0x00,0x00,0x00,0x00,0x00,0x00,0x00,0x00,0x00,0x00,0x00,
    0x00,0x00,0x00,0x00,0x00,0x00,0x00,0x00,0x00,0x00,0x00,0x00,0x00,0x00,0x00,0x00,
    0x00,0x00,0x00,0x00,0x00,0x00,0x00,0x00,0x00,0x00,0x00,0x00,0x00,0x00,0x00,0x00,
    0x00,0x00,0x00,0x00,0x00,0x00,0x00,0x00,0x00,0x00,0x00,0x00,0x00,0x00,0x40,0x00,
    0x00,0xF0,0x00,0x01,0xF0,0x00,0x03,0xF8,0x00,0x07,0xFC,0x00,0x07,0x1C,0x00,0x06,
    0x0C,0x00,0x00,0x00,0x00,0x00,0x00,0x00,0x7F,0x3F,0x80,0x7F,0x3F,0x80,0x7F,0x1F,
    0x80,0x1F,0x0F,0x80,0x1F,0x0F,0x80,0x1F,0x0F,0x80,0x1F,0x0F,0x80,0x1F,0x0F,0x80,
    0x1F,0x0F,0x80,0x1F,0x0F,0x80,0x1F,0x0F,0x80,0x1F,0x9F,0x80,0x1F,0xFF,0xE0,0x0F,
    0xFF,0xE0,0x07,0xC7,0xE0,0x00,0x00,0x00,0x00,0x00,0x00,0x00,0x00,0x00,0x00,0x00,
    0x00,0x00,0x00,0x00,0x00,0x00,0x00,0x00,0x00,0x00,0x00,0x00,0x00,0x00,0x00,0x00,
    0x00,0x00,0x00,0x00,0x00,0x00,0x00,0x00,0x00,0x00,0x00,0x00,0x00,0x00,0x00,0x00,
    0x00,0x00,0x00,0x00,0x00,0x00,0x00,0x00,0x00,0x00,0x00,0x00,0x00,0x00,0x00,0x00,
    0x00,0x00,0x00,0x00,0x00,0x00,0x00,0x07,0x0E,0x00,0x0F,0x9F,0x00,0x0F,0x9F,0x00,
    0x0F,0x9F,0x00,0x07,0x0E,0x00,0x00,0x00,0x00,0x00,0x00,0x00,0x7F,0x1F,0x80,0x7F,
    0x1F,0x80,0x7F,0x1F,0x80,0x1F,0x0F,0x80,0x1F,0x0F,0x80,0x1F,0x0F,0x80,0x1F,0x0F,
    0x80,0x1F,0x0F,0x80,0x1F,0x0F,0x80,0x1F,0x0F,0x80,0x1F,0x0F,0x80,0x1F,0x9F,0x80,
    0x1F,0xFF,0xE0,0x0F,0xF7,0xE0,0x07,0xC7,0xE0,0x00,0x00,0x00,0x00,0x00,0x00,0x00,
    0x00,0x00,0x00,0x00,0x00,0x00,0x00,0x00,0x00,0x00,0x00,0x00,0x00,0x00,0x00,0x00,
    0x00,0x00,0x00,0x00,0x00,0x00,0x00,0x00,0x00,0x00,0x00,0x00,0x00,0x00,0x00,0x00,
    0x00,0x00,0x00,0x00,0x00,0x00,0x00,0x00,0x00,0x00,0x00,0x00,0x00,0x00,0x00,0x00,
    0x00,0x00,0x00,0x00,0x00,0x00,0x08,0x00,0x00,0x1C,0x00,0x00,0x3C,0x00,0x00,0x7C,
    0x00,0x00,0x78,0x00,0x00,0xE0,0x00,0x00,0xC0,0x00,0x00,0x00,0x00,0x00,0x00,0x00,
    0x7F,0xCF,0xC0,0x7F,0xDF,0xC0,0x3F,0x07,0x80,0x1F,0x07,0x00,0x1F,0x07,0x00,0x0F,
    0x8F,0x00,0x0F,0x8E,0x00,0x07,0xCE,0x00,0x07,0xDC,0x00,0x03,0xFC,0x00,0x03,0xF8,
    0x00,0x01,0xF8,0x00,0x01,0xF8,0x00,0x01,0xF0,0x00,0x00,0xF0,0x00,0x00,0xE0,0x00,
    0x39,0xE0,0x00,0x79,0xC0,0x00,0x7B,0xC0,0x00,0x7F,0x80,0x00,0x3F,0x00,0x00,0x00,
    0x00,0x00,0x00,0x00,0x00,0x00,0x00,0x00,0x00,0x00,0x00,0x00,0x00,0x00,0x00,0x00,
    0x00,0x00,0x00,0x00,0x00,0x00,0x00,0x00,0x00,0x00,0x00,0x00,0x00,0x00,0x00,0x00,
    0x00,0x00,0x00,0x00,0x00,0x00,0x00,0x00,0x00,0x00,0x00,0x00,0x00,0x00,0x00,0x7F,
    0x00,0x00,0x7F,0x00,0x00,0x7F,0x00,0x00,0x1F,0x00,0x00,0x1F,0x00,0x00,0x1F,0x00,
    0x00,0x1F,0x00,0x00,0x1F,0x3E,0x00,0x1F,0xFF,0x00,0x1F,0xFF,0x80,0x1F,0x8F,0xC0,
    0x1F,0x07,0xC0,0x1F,0x07,0xC0,0x1F,0x07,0xC0,0x1F,0x07,0xC0,0x1F,0x07,0xC0,0x1F,
    0x07,0xC0,0x1F,0x07,0xC0,0x1F,0x0F,0x80,0x1F,0xFF,0x80,0x1F,0xFF,0x00,0x1F,0xFC,
    0x00,0x1F,0x00,0x00,0x1F,0x00,0x00,0x1F,0x00,0x00,0x3F,0x00,0x00,0x7F,0xC0,0x00,
    0x7F,0xC0,0x00,0x00,0x00,0x00,0x00,0x00,0x00,0x00,0x00,0x00,0x00,0x00,0x00,0x00,
    0x00,0x00,0x00,0x00,0x00,0x00,0x00,0x00,0x00,0x00,0x00,0x00,0x00,0x00,0x00,0x00,
    0x00,0x00,0x00,0x00,0x00,0x00,0x00,0x00,0x00,0x00,0x00,0x00,0x00,0x00,0x00,0x00,
    0x00,0x00,0x00,0x03,0x8E,0x00,0x07,0xDF,0x00,0x07,0xDF,0x00,0x07,0xDF,0x00,0x03,
    0x8E,0x00,0x00,0x00,0x00,0x00,0x00,0x00,0x7F,0xCF,0xC0,0x7F,0xCF,0xC0,0x3F,0x07,
    0x80,0x1F,0x07,0x00,0x0F,0x87,0x00,0x0F,0x87,0x00,0x0F,0xCE,0x00,0x07,0xCE,0x00,
    0x07,0xDC,0x00,0x03,0xFC,0x00,0x03,0xF8,0x00,0x01,0xF8,0x00,0x01,0xF8,0x00,0x00,
    0xF0,0x00,0x00,0xF0,0x00,0x00,0xE0,0x00,0x38,0xE0,0x00,0x79,0xC0,0x00,0x7B,0xC0,
    0x00,0x7F,0x80,0x00,0x3F,0x00,0x00,0x00,0x00,0x00,0x00,0x00,0x00,0x00,0x00,0x00,
    0x00,0x00,0x00,0x00,0x00,0x00,0x00,0x00,0x00,0x00,0x00,0x00,0x00,0x00,0x00,0x00,
    0x00,0x00,0x00,0x00,0x00,0x00,0x00,0x00,0x00,0x00,0x00,0x00,0x00,0x00,0x00,0x00,
    0x00,0x00,0x00,0x00,0x00,0x00,0x00,0x00,0x00,0x00,0x00,0x00,0x00,0x00,0x00,0x00,
    0x00,0x00,0x00,0x00,0x00,0x00,0x00,0x00,0x00,0x00,0x00,0x00,0x01,0xFC,0xFF,0xF8,
    0x07,0xFF,0xFF,0xFC,0x0F,0xFF,0xFF,0xFC,0x1F,0x03,0xF8,0x3C,0x3E,0x01,0xF8,0x1C,
    0x3E,0x01,0xF8,0x00,0x7C,0x01,0xF8,0xE0,0x7C,0x00,0xF8,0xE0,0x7C,0x00,0xFF,0xE0,
    0x7C,0x00,0xFF,0xE0,0x7C,0x00,0xFF,0xE0,0x7C,0x00,0xF8,0xE0,0x7C,0x00,0xF8,0xE0,
    0x7E,0x00,0xF8,0x0C,0x3E,0x01,0xF8,0x0E,0x3E,0x01,0xF8,0x1E,0x1F,0x03,0xF8,0x1C,
    0x0F,0xFF,0xFF,0xFC,0x07,0xFF,0xFF,0xFC,0x01,0xFC,0xFF,0xFC,0x00,0x00,0x00,0x00,
    0x00,0x00,0x00,0x00,0x00,0x00,0x00,0x00,0x00,0x00,0x00,0x00,0x00,0x00,0x00,0x00,
    0x00,0x00,0x00,0x00,0x00,0x00,0x00,0x00,0x00,0x00,0x00,0x00,0x00,0x00,0x00,0x00,
    0x00,0x00,0x00,0x00,0x00,0x00,0x00,0x00,0x00,0x00,0x00,0x00,0x00,0x00,0x00,0x00,
    0x00,0x00,0x00,0x00,0x00,0x00,0x00,0x00,0x00,0x00,0x00,0x00,0x00,0x00,0x00,0x00,
    0x00,0x00,0x00,0x00,0x00,0x00,0x00,0x00,0x00,0x00,0x00,0x00,0x00,0x00,0x00,0x00,
    0x00,0x00,0x00,0x00,0x00,0x00,0x00,0x00,0x00,0x00,0x00,0x00,0x00,0x00,0x00,0x00,
    0x00,0x00,0x00,0x00,0x00,0x00,0x00,0x00,0x00,0x00,0x00,0x00,0x00,0x00,0x00,0x00,
    0x07,0xF0,0x7F,0x00,0x0F,0xFD,0xFF,0x80,0x3F,0xFF,0xFF,0xC0,0x3E,0x1F,0xC3,0xE0,
    0x7C,0x1F,0x83,0xE0,0x7C,0x0F,0xFF,0xE0,0x7C,0x0F,0xFF,0xE0,0x7C,0x0F,0xFF,0xE0,
    0x7C,0x0F,0x80,0x00,0x7C,0x0F,0x80,0x00,0x7E,0x1F,0xC0,0x40,0x3E,0x1F,0xE1,0xE0,
    0x3F,0xFF,0xFF,0xE0,0x1F,0xF9,0xFF,0xC0,0x07,0xF0,0xFF,0x00,0x00,0x00,0x00,0x00,
    0x00,0x00,0x00,0x00,0x00,0x00,0x00,0x00,0x00,0x00,0x00,0x00,0x00,0x00,0x00,0x00,
    0x00,0x00,0x00,0x00,0x00,0x00,0x00,0x00,0x00,0x00,0x00,0x00,0x00,0x00,0x00,0x00,
    0x00,0x00,0x00,0x00,0x00,0x00,0x00,0x00,0x00,0x00,0x00,0x00,0x00,0x00,0x00,0x00,
    0x00,0x00,0x00,0x00,0x00,0x0E,0x0E,0x00,0x0F,0x1C,0x00,0x07,0xFC,0x00,0x03,0xF8,
    0x00,0x01,0xF0,0x00,0x00,0xE0,0x00,0x00,0x00,0x00,0x00,0x00,0x00,0x07,0xF7,0x00,
    0x0F,0xFF,0x00,0x1F,0xFF,0x00,0x3E,0x0F,0x00,0x3E,0x07,0x00,0x3E,0x03,0x80,0x3F,
    0x00,0x00,0x3F,0xE0,0x00,0x3F,0xF8,0x00,0x1F,0xFE,0x00,0x0F,0xFF,0x00,0x03,0xFF,
    0x80,0x00,0x7F,0x80,0x10,0x1F,0x80,0x70,0x0F,0x80,0x78,0x0F,0x80,0x3C,0x0F,0x80,
    0x3F,0xFF,0x00,0x3F,0xFE,0x00,0x3B,0xF8,0x00,0x00,0x00,0x00,0x00,0x00,0x00,0x00,
    0x00,0x00,0x00,0x00,0x00,0x00,0x00,0x00,0x00,0x00,0x00,0x00,0x00,0x00,0x00,0x00,
    0x00,0x00,0x00,0x00,0x00,0x00,0x00,0x00,0x00,0x00,0x00,0x00,0x00,0x00,0x00,0x00,
    0x00,0x00,0x00,0x00,0x00,0x00,0x00,0x00,0x00,0x00,0x00,0x20,0x38,0x70,0x3C,0xE0,
    0x1F,0xE0,0x0F,0xC0,0x0F,0x80,0x07,0x00,0x00,0x00,0x00,0x00,0x1F,0xB0,0x3F,0xF0,
    0x7F,0xF0,0x78,0x70,0x78,0x30,0x7F,0x00,0x7F,0xE0,0x3F,0xF0,0x0F,0xF8,0x01,0xF8,
    0x70,0x78,0x78,0x78,0x7F,0xF8,0x7F,0xF0,0x7F,0xE0,0x00,0x00,0x00,0x00,0x00,0x00,
    0x00,0x00,0x00,0x00,0x00,0x00,0x00,0x00,0x00,0x00,0x00,0x00,0x00,0x00,0x00,0x00,
    0x00,0x00,0x00,0x00,0x00,0x00,0x00,0x00,0x00,0x00,0x00,0x00,0x00,0x00,0x00,0x00,
    0x00,0x00,0x00,0x00,0x01,0xC3,0x80,0x03,0xE7,0xC0,0x03,0xE7,0xC0,0x03,0xE7,0xC0,
    0x01,0xC3,0x80,0x00,0x00,0x00,0x00,0x00,0x00,0x7F,0xE3,0xFC,0x7F,0xE3,0xFC,0x3F,
    0x81,0xF8,0x0F,0x80,0xE0,0x0F,0xC1,0xE0,0x07,0xC1,0xC0,0x07,0xE3,0xC0,0x03,0xE7,
    0x80,0x03,0xF7,0x00,0x01,0xFF,0x00,0x00,0xFE,0x00,0x00,0xFE,0x00,0x00,0x7C,0x00,
    0x00,0x7C,0x00,0x00,0x7C,0x00,0x00,0x7C,0x00,0x00,0x7C,0x00,0x00,0xFE,0x00,0x03,
    0xFF,0x00,0x03,0xFF,0x00,0x00,0x00,0x00,0x00,0x00,0x00,0x00,0x00,0x00,0x00,0x00,
    0x00,0x00,0x00,0x00,0x00,0x00,0x00,0x00,0x00,0x00,0x00,0x00,0x00,0x00,0x00,0x00,
    0x00,0x00,0x00,0x00,0x00,0x00,0x00,0x00,0x00,0x00,0x00,0x00,0x00,0x00,0x00,0x00,
    0x00,0x00,0x00,0x00,0x00,0x06,0x02,0x00,0x07,0x0F,0x00,0x03,0xDE,0x00,0x03,0xFC,
    0x00,0x01,0xF8,0x00,0x00,0xF0,0x00,0x00,0x20,0x00,0x00,0x00,0x00,0x3F,0xFF,0xE0,
    0x3F,0xFF,0xE0,0x3F,0xFF,0xE0,0x3C,0x0F,0xC0,0x3C,0x0F,0xC0,0x38,0x1F,0x80,0x38,
    0x3F,0x00,0x00,0x7E,0x00,0x00,0xFE,0x00,0x00,0xFC,0x00,0x01,0xF8,0x00,0x03,0xF0,
    0x00,0x07,0xE0,0x00,0x07,0xE0,0xE0,0x0F,0xC0,0xE0,0x1F,0x81,0xE0,0x3F,0x01,0xE0,
    0x3F,0xFF,0xE0,0x7F,0xFF,0xE0,0x7F,0xFF,0xE0,0x00,0x00,0x00,0x00,0x00,0x00,0x00,
    0x00,0x00,0x00,0x00,0x00,0x00,0x00,0x00,0x00,0x00,0x00,0x00,0x00,0x00,0x00,0x00,
    0x00,0x00,0x00,0x00,0x00,0x00,0x00,0x00,0x00,0x00,0x00,0x00,0x00,0x00,0x00,0x00,
    0x00,0x00,0x00,0x00,0x00,0x00,0x00,0x00,0x00,0x00,0x00,0x00,0x18,0x10,0x1C,0x78,
    0x1E,0xF0,0x0F,0xE0,0x07,0xC0,0x03,0xC0,0x01,0x00,0x00,0x00,0x7F,0xFC,0x7F,0xFC,
    0x7F,0xFC,0x70,0xF8,0x71,0xF0,0x63,0xF0,0x03,0xE0,0x07,0xC0,0x0F,0x80,0x1F,0x8C,
    0x1F,0x0C,0x3E,0x1C,0x7F,0xFC,0x7F,0xFC,0x7F,0xFC,0x00,0x00,0x00,0x00,0x00,0x00,
    0x00,0x00,0x00,0x00,0x00,0x00,0x00,0x00,0x00,0x00,0x00,0x00,0x00,0x00,0x00,0x00,
    0x00,0x00,0x00,0x00,0x00,0x00,0x00,0x00,0x00,0x00,0x00,0x00,0x00,0x00,0x00,0x00,
    0x00,0x00,0x00,0x00,0x00,0x00,0x00,0x00,0x00,0x00,0x00,0x00,0x00,0x00,0x00,0x00,
    0x00,0x00,0x00,0x00,0x00,0x00,0x00,0x00,0x00,0x00,0x00,0x00,0x00,0x00,0x7F,0xFC,
    0x7F,0xFC,0x7F,0xFC,0x00,0x00,0x00,0x00,0x00,0x00,0x00,0x00,0x00,0x00,0x00,0x00,
    0x00,0x00,0x00,0x00,0x00,0x00,0x00,0x00,0x00,0x00,0x00,0x00,0x00,0x00,0x00,0x00,
    0x00,0x00,0x00,0x00,0x00,0x00,0x00,0x00,0x00,0x00,0x00,0x00,0x00,0x00,0x00,0x00,
    0x00,0x00,0x00,0x00,0x00,0x00,0x00,0x00,0x00,0x00,0x00,0x00,0x00,0x00,0x00,0x00,
    0x00,0x00,0x00,0x00,0x00,0x00,0x00,0x00,0x00,0x00,0x00,0x00,0x00,0x00,0x00,0x00,
    0x00,0x00,0x00,0x00,0x00,0x00,0x00,0x00,0x00,0x00,0x00,0x00,0x00,0x00,0x00,0x00,
    0x00,0x00,0x00,0x00,0x00,0x00,0x00,0x00,0x00,0x00,0x00,0x00,0x00,0x00,0x00,0x00,
    0x00,0x00,0x00,0x00,0x00,0x00,0x00,0x00,0x00,0x00,0x00,0x00,0x00,0x00,0x00,0x00,
    0x00,0x00,0x00,0x00,0x00,0x00,0x00,0x00,0x7F,0xFF,0xFF,0xF8,0x7F,0xFF,0xFF,0xF8,
    0x7F,0xFF,0xFF,0xF8,0x00,0x00,0x00,0x00,0x00,0x00,0x00,0x00,0x00,0x00,0x00,0x00,
    0x00,0x00,0x00,0x00,0x00,0x00,0x00,0x00,0x00,0x00,0x00,0x00,0x00,0x00,0x00,0x00,
    0x00,0x00,0x00,0x00,0x00,0x00,0x00,0x00,0x00,0x00,0x00,0x00,0x00,0x00,0x00,0x00,
    0x00,0x00,0x00,0x00,0x00,0x00,0x00,0x00,0x00,0x00,0x00,0x00,0x00,0x00,0x00,0x00,
    0x00,0x00,0x00,0x00,0x00,0x00,0x00,0x00,0x00,0x00,0x00,0x00,0x00,0x00,0x00,0x00,
    0x00,0x00,0x00,0x00,0x00,0x00,0x00,0x00,0x00,0x00,0x00,0x00,0x00,0x00,0x0C,0x00,
    0x1C,0x00,0x18,0x00,0x38,0x00,0x3E,0x00,0x3E,0x00,0x3E,0x00,0x1C,0x00,0x00,0x00,
    0x00,0x00,0x00,0x00,0x00,0x00,0x00,0x00,0x00,0x00,0x00,0x00,0x00,0x00,0x00,0x00,
    0x00,0x00,0x00,0x00,0x00,0x00,0x00,0x00,0x00,0x00,0x00,0x00,0x00,0x00,0x00,0x00,
    0x00,0x00,0x00,0x00,0x00,0x00,0x00,0x00,0x00,0x00,0x00,0x00,0x00,0x00,0x00,0x00,
    0x00,0x00,0x00,0x00,0x00,0x00,0x00,0x00,0x00,0x00,0x00,0x00,0x00,0x00,0x00,0x00,
    0x00,0x00,0x00,0x00,0x00,0x00,0x1C,0x00,0x3E,0x00,0x3E,0x00,0x3E,0x00,0x0E,0x00,
    0x0C,0x00,0x1C,0x00,0x38,0x00,0x00,0x00,0x00,0x00,0x00,0x00,0x00,0x00,0x00,0x00,
    0x00,0x00,0x00,0x00,0x00,0x00,0x00,0x00,0x00,0x00,0x00,0x00,0x00,0x00,0x00,0x00,
    0x00,0x00,0x00,0x00,0x00,0x00,0x00,0x00,0x00,0x00,0x00,0x00,0x00,0x00,0x00,0x00,
    0x00,0x00,0x00,0x00,0x00,0x00,0x00,0x00,0x00,0x00,0x00,0x00,0x00,0x00,0x00,0x00,
    0x00,0x00,0x00,0x00,0x00,0x00,0x00,0x00,0x00,0x00,0x00,0x00,0x00,0x00,0x0C,0x1C,
    0x1C,0x38,0x18,0x30,0x38,0x70,0x3E,0x7C,0x3E,0x7C,0x3E,0x7C,0x1C,0x38,0x00,0x00,
    0x00,0x00,0x00,0x00,0x00,0x00,0x00,0x00,0x00,0x00,0x00,0x00,0x00,0x00,0x00,0x00,
    0x00,0x00,0x00,0x00,0x00,0x00,0x00,0x00,0x00,0x00,0x00,0x00,0x00,0x00,0x00,0x00,
    0x00,0x00,0x00,0x00,0x00,0x00,0x00,0x00,0x00,0x00,0x00,0x00,0x00,0x00,0x00,0x00,
    0x00,0x00,0x00,0x00,0x00,0x00,0x00,0x00,0x00,0x00,0x00,0x00,0x00,0x00,0x00,0x00,
    0x00,0x00,0x00,0x00,0x00,0x00,0x1C,0x38,0x3E,0x7C,0x3E,0x7C,0x3E,0x7C,0x0E,0x1C,
    0x0C,0x18,0x1C,0x38,0x38,0x70,0x00,0x00,0x00,0x00,0x00,0x00,0x00,0x00,0x00,0x00,
    0x00,0x00,0x00,0x00,0x00,0x00,0x00,0x00,0x00,0x00,0x00,0x00,0x00,0x00,0x00,0x00,
    0x00,0x00,0x00,0x00,0x00,0x00,0x00,0x00,0x00,0x00,0x00,0x00,0x00,0x00,0x00,0x00,
    0x00,0x00,0x00,0x00,0x00,0x00,0x00,0x00,0x00,0x00,0x00,0x00,0x00,0x00,0x00,0x00,
    0x00,0x00,0x00,0x00,0x00,0x00,0x00,0x00,0x00,0x00,0x00,0x00,0x00,0x00,0x00,0x00,
    0x00,0x00,0x00,0x00,0x00,0x00,0x00,0x00,0x00,0x00,0x00,0x00,0x00,0x00,0x00,0x00,
    0x00,0x00,0x0F,0x80,0x3F,0xC0,0x3F,0xC0,0x3F,0xC0,0x3F,0xC0,0x3F,0xC0,0x1F,0x80,
    0x00,0x00,0x00,0x00,0x00,0x00,0x00,0x00,0x00,0x00,0x00,0x00,0x00,0x00,0x00,0x00,
    0x00,0x00,0x00,0x00,0x00,0x00,0x00,0x00,0x00,0x00,0x00,0x00,0x00,0x00,0x00,0x00,
    0x00,0x00,0x00,0x00,0x00,0x00,0x00,0x00,0x00,0x00,0x00,0x00,0x00,0x00,0x00,0x00,
    0x00,0x00,0x00,0x00,0x00,0x00,0x00,0x00,0x00,0x00,0x00,0x00,0x00,0x00,0x00,0x00,
    0x00,0x00,0x00,0x00,0x00,0x00,0x00,0x00,0x00,0x00,0x00,0x00,0x00,0x00,0x00,0x00,
    0x00,0x00,0x00,0x00,0x00,0x00,0x00,0x00,0x00,0x00,0x00,0x00,0x00,0x00,0x00,0x00,
    0x00,0x00,0x00,0x00,0x00,0x00,0x00,0x00,0x00,0x00,0x00,0x00,0x00,0x00,0x00,0x00,
    0x00,0x00,0x00,0x00,0x00,0x00,0x00,0x00,0x00,0x00,0x00,0x00,0x00,0x00,0x00,0x00,
    0x00,0x00,0x00,0x00,0x00,0x00,0x00,0x00,0x00,0x00,0x00,0x00,0x00,0x00,0x00,0x00,
    0x00,0x00,0x00,0x00,0x3C,0x1E,0x0F,0x00,0x7E,0x3F,0x1F,0x80,0x7E,0x3F,0x1F,0x80,
    0x7E,0x3F,0x1F,0x80,0x3C,0x1E,0x0F,0x00,0x00,0x00,0x00,0x00,0x00,0x00,0x00,0x00,
    0x00,0x00,0x00,0x00,0x00,0x00,0x00,0x00,0x00,0x00,0x00,0x00,0x00,0x00,0x00,0x00,
    0x00,0x00,0x00,0x00,0x00,0x00,0x00,0x00,0x00,0x00,0x00,0x00,0x00,0x00,0x00,0x00,
    0x00,0x00,0x00,0x00,0x00,0x00,0x00,0x00,0x00,0x00,0x00,0x00,0x00,0x00,0x00,0x00,
    0x00,0x00,0x00,0x00,0x00,0x00,0x00,0x00,0x00,0x00,0x00,0x00,0x00,0x00,0x00,0x00,
    0x00,0x00,0x00,0x00,0x00,0x00,0x00,0x00,0x00,0x00,0x00,0x00,0x00,0x00,0x00,0x00,
    0x00,0x00,0x00,0x00,0x00,0x00,0x00,0x00,0x3E,0x00,0x3C,0x00,0x7E,0x00,0x38,0x00,
    0x7E,0x00,0x78,0x00,0x1E,0x00,0x70,0x00,0x1E,0x00,0xF0,0x00,0x1E,0x01,0xE0,0x00,
    0x1E,0x01,0xC7,0xE0,0x1E,0x03,0xCF,0xF0,0x1E,0x03,0x9C,0x78,0x1E,0x07,0x9C,0x38,
    0x1E,0x0F,0x1C,0x38,0x7F,0x8E,0x1C,0x78,0x7F,0x9E,0x03,0xF0,0x7F,0x9C,0x03,0xE0,
    0x00,0x3C,0x03,0xF8,0x00,0x78,0x00,0x3C,0x00,0x70,0x00,0x3C,0x00,0xF0,0x1F,0xFC,
    0x00,0xE0,0x1F,0xF8,0x01,0xE0,0x07,0xF0,0x00,0x00,0x00,0x00,0x00,0x00,0x00,0x00,
    0x00,0x00,0x00,0x00,0x00,0x00,0x00,0x00,0x00,0x00,0x00,0x00,0x00,0x00,0x00,0x00,
    0x00,0x00,0x00,0x00,0x00,0x00,0x00,0x00,0x00,0x00,0x00,0x00,0x00,0x00,0x00,0x00,
    0x00,0x00,0x00,0x00,0x00,0x00,0x00,0x00,0x00,0x00,0x00,0x00,0x00,0x00,0x00,0x00,
    0x00,0x00,0x00,0x00,0x00,0x00,0x00,0x00,0x00,0x00,0x00,0x00,0x00,0x00,0x00,0x00,
    0x00,0x00,0x00,0x00,0x00,0x00,0x00,0x00,0x00,0x00,0x00,0x00,0x00,0x00,0x00,0x00,
    0x00,0x00,0x00,0x00,0x00,0x00,0x00,0x00,0x1F,0x80,0x07,0x00,0x7F,0xE0,0x0F,0x00,
    0x7F,0xE0,0x1E,0x00,0x71,0xE0,0x1C,0x00,0x31,0xE0,0x3C,0x00,0x03,0xC0,0x38,0x00,
    0x03,0x80,0x79,0xF8,0x07,0x00,0xF3,0xFC,0x0E,0x70,0xE7,0x1E,0x38,0xF1,0xE7,0x0E,
    0x7F,0xE3,0xC7,0x0E,0x7F,0xE3,0xC7,0x1C,0x7F,0xE7,0x80,0xF8,0x00,0x07,0x00,0xFE,
    0x00,0x0F,0x00,0x1F,0x00,0x1E,0x00,0x0F,0x00,0x1E,0x02,0x0F,0x00,0x3C,0x07,0xFF,
    0x00,0x78,0x07,0xFE,0x00,0x78,0x01,0xFC,0x00,0x00,0x00,0x00,0x00,0x00,0x00,0x00,
    0x00,0x00,0x00,0x00,0x00,0x00,0x00,0x00,0x00,0x00,0x00,0x00,0x00,0x00,0x00,0x00,
    0x00,0x00,0x00,0x00,0x00,0x00,0x00,0x00,0x00,0x00,0x00,0x00,0x00,0x00,0x00,0x00,
    0x00,0x00,0x00,0x00,0x00,0x00,0x00,0x00,0x00,0x00,0x00,0x00,0x00,0x00,0x00,0x00,
    0x00,0x00,0x00,0x00,0x00,0x00,0x00,0x00,0x00,0x00,0x00,0x00,0x00,0x00,0x00,0x00,
    0x00,0x00,0x00,0x00,0x00,0x00,0x00,0x00,0x00,0x00,0x00,0x00,0x00,0x00,0x00,0x00,
    0x00,0x00,0x00,0x00,0x00,0x00,0x00,0x00,0x3E,0x00,0x3C,0x00,0x7E,0x00,0x38,0x00,
    0x7E,0x00,0x78,0x00,0x1E,0x00,0x70,0x00,0x1E,0x00,0xF0,0x00,0x1E,0x01,0xE0,0x00,
    0x1E,0x01,0xC7,0xE0,0x1E,0x03,0xCF,0xF8,0x1E,0x07,0x9E,0x78,0x1E,0x07,0x1C,0x38,
    0x7F,0x8F,0x1E,0x78,0x7F,0x8E,0x1F,0xF0,0x7F,0x9E,0x0F,0xF0,0x00,0x3C,0x0F,0xF8,
    0x00,0x38,0x3C,0xFC,0x00,0x78,0x38,0x3C,0x00,0xF0,0x38,0x3C,0x00,0xF0,0x3C,0x7C,
    0x01,0xE0,0x1F,0xF8,0x01,0xC0,0x0F,0xE0,0x00,0x00,0x00,0x00,0x00,0x00,0x00,0x00,
    0x00,0x00,0x00,0x00,0x00,0x00,0x00,0x00,0x00,0x00,0x00,0x00,0x00,0x00,0x00,0x00,
    0x00,0x00,0x00,0x00,0x00,0x00,0x00,0x00,0x00,0x00,0x00,0x00,0x00,0x00,0x00,0x00,
    0x00,0x00,0x00,0x00,0x00,0x00,0x00,0x00,0x00,0x00,0x00,0x00,0x00,0x00,0x00,0x00,
    0x00,0x00,0x00,0x00,0x00,0x00,0x00,0x00,0x00,0x00,0x00,0x00,0x00,0x00,0x00,0x00,
    0x00,0x00,0x00,0x00,0x00,0x00,0x00,0x00,0x00,0x00,0x00,0x00,0x00,0x00,0x00,0x00,
    0x00,0x00,0x00,0x00,0x00,0x00,0x00,0x00,0x1F,0x80,0x0E,0x00,0x7F,0xE0,0x1E,0x00,
    0x71,0xE0,0x3C,0x00,0x70,0xE0,0x38,0x00,0x01,0xC0,0x78,0x00,0x0F,0x80,0x70,0x00,
    0x0F,0xE0,0xF3,0xF0,0x01,0xF1,0xE7,0xFC,0x00,0xF1,0xEF,0x3C,0x60,0xF3,0xCE,0x1C,
    0x7F,0xF3,0x8F,0x3C,0x7F,0xE7,0x8F,0xF8,0x1F,0xCF,0x07,0xF8,0x00,0x0F,0x07,0xFC,
    0x00,0x1E,0x0E,0x7E,0x00,0x1E,0x1C,0x3E,0x00,0x3C,0x1C,0x1E,0x00,0x3C,0x1E,0x3E,
    0x00,0x78,0x0F,0xFC,0x00,0xF0,0x07,0xF8,0x00,0x00,0x00,0x00,0x00,0x00,0x00,0x00,
    0x00,0x00,0x00,0x00,0x00,0x00,0x00,0x00,0x00,0x00,0x00,0x00,0x00,0x00,0x00,0x00,
    0x00,0x00,0x00,0x00,0x00,0x00,0x00,0x00,0x00,0x00,0x00,0x00,0x00,0x00,0x00,0x00,
    0x00,0x00,0x00,0x00,0x00,0x00,0x00,0x00,0x00,0x00,0x00,0x00,0x00,0x00,0x00,0x00,
    0x00,0x00,0x00,0x00,0x00,0x00,0x00,0x00,0x00,0x00,0x00,0x00,0x00,0x00,0x00,0x00,
    0x00,0x00,0x00,0x00,0x00,0x00,0x00,0x00,0x00,0x00,0x00,0x00,0x00,0x00,0x00,0x00,
    0x00,0x00,0x00,0x00,0x00,0x00,0x00,0x00,0x3F,0xE0,0x1E,0x00,0x3F,0xC0,0x1C,0x00,
    0x3F,0xC0,0x3C,0x00,0x30,0x00,0x38,0x00,0x70,0x00,0x78,0x00,0x7F,0x80,0xF0,0x00,
    0x37,0xC0,0xE3,0xF0,0x01,0xE1,0xE7,0xFC,0x01,0xE1,0xCF,0x3C,0x43,0xE3,0xCE,0x1C,
    0x7F,0xE7,0x8F,0x3C,0x7F,0xC7,0x0F,0xF8,0x3F,0x8F,0x07,0xF8,0x00,0x1E,0x07,0xFC,
    0x00,0x1E,0x0E,0x7E,0x00,0x3C,0x1C,0x3E,0x00,0x3C,0x1C,0x1E,0x00,0x78,0x1E,0x3E,
    0x00,0xF0,0x0F,0xFC,0x00,0xF0,0x07,0xF0,0x00,0x00,0x00,0x00,0x00,0x00,0x00,0x00,
    0x00,0x00,0x00,0x00,0x00,0x00,0x00,0x00,0x00,0x00,0x00,0x00,0x00,0x00,0x00,0x00,
    0x00,0x00,0x00,0x00,0x00,0x00,0x00,0x00,0x00,0x00,0x00,0x00,0x00,0x00,0x00,0x00,
    0x00,0x00,0x00,0x00,0x00,0x00,0x00,0x00,0x00,0x00,0x00,0x00,0x00,0x00,0x00,0x00,
    0x00,0x00,0x00,0x00,0x00,0x00,0x00,0x00,0x00,0x00,0x00,0x00,0x00,0x00,0x00,0x00,
    0x00,0x00,0x00,0x00,0x00,0x00,0x00,0x00,0x00,0x00,0x00,0x00,0x00,0x00,0x00,0x00,
    0x00,0x00,0x00,0x00,0x00,0x00,0x00,0x00,0xFF,0xE0,0x78,0x00,0xFF,0xE0,0x70,0x00,
    0xFF,0xC0,0xF0,0x00,0xC1,0xC0,0xE0,0x00,0x03,0x81,0xE0,0x00,0x07,0x03,0xC0,0x00,
    0x0F,0x03,0x8F,0x80,0x0F,0x07,0x9F,0xE0,0x1E,0x0F,0x3D,0xE0,0x1E,0x0F,0x38,0xE0,
    0x1E,0x1E,0x3C,0xE0,0x1E,0x1C,0x3F,0xC0,0x1E,0x3C,0x1F,0xC0,0x00,0x78,0x1F,0xE0,
    0x00,0x78,0x7B,0xF0,0x00,0xF0,0x70,0xF0,0x01,0xE0,0x70,0xF0,0x01,0xE0,0x79,0xF0,
    0x03,0xC0,0x3F,0xE0,0x03,0xC0,0x1F,0xC0,0x00,0x00,0x00,0x00,0x00,0x00,0x00,0x00,
    0x00,0x00,0x00,0x00,0x00,0x00,0x00,0x00,0x00,0x00,0x00,0x00,0x00,0x00,0x00,0x00,
    0x00,0x00,0x00,0x00,0x00,0x00,0x00,0x00,0x00,0x00,0x00,0x00,
};
const FontGlyph FONT_LIT_44_BOLD_GLYPHS[187] PROGMEM = {
    {6, 0},
    {10, 44},
    {13, 132},
    {20, 220},
    {17, 352},
    {26, 484},
    {24, 660},
    {7, 792},
    {10, 836},
    {10, 924},
    {13, 1012},
    {17, 1100},
    {9, 1232},
    {10, 1320},
    {10, 1408},
    {14, 1496},
    {18, 1584},
    {12, 1716},
    {16, 1804},
    {16, 1892},
    {17, 1980},
    {16, 2112},
    {17, 2200},
    {16, 2332},
    {17, 2420},
    {17, 2552},
    {10, 2684},
    {9, 2772},
    {17, 2860},
    {17, 2992},
    {17, 3124},
    {16, 3256},
    {27, 3344},
    {22, 3520},
    {20, 3652},
    {21, 3784},
    {23, 3916},
    {19, 4048},
    {18, 4180},
    {22, 4312},
    {24, 4444},
    {12, 4576},
    {17, 4664},
    {23, 4796},
    {19, 4928},
    {29, 5060},
    {24, 5236},
    {23, 5368},
    {19, 5500},
    {23, 5632},
    {22, 5764},
    {18, 5896},
    {22, 6028},
    {23, 6160},
    {22, 6292},
    {32, 6424},
    {22, 6600},
    {22, 6732},
    {20, 6864},
    {10, 6996},
    {14, 7084},
    {10, 7172},
    {17, 7260},
    {14, 7392},
    {14, 7480},
    {17, 7568},
    {19, 7700},
    {16, 7832},
    {19, 7920},
    {16, 8052},
    {12, 8140},
    {18, 8228},
    {20, 8360},
    {11, 8492},
    {10, 8580},
    {19, 8668},
    {10, 8800},
    {29, 8888},
    {20, 9064},
    {18, 9196},
    {19, 9328},
    {19, 9460},
    {16, 9592},
    {14, 9680},
    {13, 9768},
    {20, 9856},
    {18, 9988},
    {26, 10120},
    {17, 10296},
    {18, 10428},
    {15, 10560},
    {11, 10648},
    {13, 10736},
    {11, 10824},
    {17, 10912},
    {11, 11044},
    {12, 11132},
    {12, 11220},
    {10, 11308},
    {29, 11396},
    {30, 11572},
    {30, 11748},
    {22, 11924},
    {22, 12056},
    {22, 12188},
    {22, 12320},
    {22, 12452},
    {22, 12584},
    {30, 12716},
    {21, 12892},
    {19, 13024},
    {19, 13156},
    {19, 13288},
    {19, 13420},
    {12, 13552},
    {12, 13640},
    {12, 13728},
    {12, 13816},
    {23, 13904},
    {24, 14036},
    {23, 14168},
    {23, 14300},
    {23, 14432},
    {23, 14564},
    {23, 14696},
    {17, 14828},
    {23, 14960},
    {23, 15092},
    {23, 15224},
    {23, 15356},
    {23, 15488},
    {22, 15620},
    {19, 15752},
    {22, 15884},
    {17, 16016},
    {17, 16148},
    {17, 16280},
    {17, 16412},
    {17, 16544},
    {17, 16676},
    {25, 16808},
    {16, 16984},
    {16, 17072},
    {16, 17160},
    {16, 17248},
    {16, 17336},
    {11, 17424},
    {11, 17512},
    {11, 17600},
    {11, 17688},
    {17, 17776},
    {20, 17908},
    {18, 18040},
    {18, 18172},
    {18, 18304},
    {18, 18436},
    {18, 18568},
    {17, 18700},
    {18, 18832},
    {20, 18964},
    {20, 19096},
    {20, 19228},
    {20, 19360},
    {18, 19492},
    {19, 19624},
    {18, 19756},
    {32, 19888},
    {27, 20064},
    {18, 20240},
    {14, 20372},
    {22, 20460},
    {20, 20592},
    {15, 20724},
    {14, 20812},
    {29, 20900},
    {9, 21076},
    {9, 21164},
    {15, 21252},
    {15, 21340},
    {11, 21428},
    {27, 21516},
    {30, 21692},
    {32, 21868},
    {30, 22044},
    {31, 22220},
    {31, 22396},
    {29, 22572},
};
const UiFont FONT_LIT_44_BOLD = {44, FONT_LIT_44_BOLD_GLYPHS, FONT_LIT_44_BOLD_BITS};

const uint8_t FONT_LIT_44_ITAL_BITS[] PROGMEM = {
    0x00,0x00,0x00,0x00,0x00,0x00,0x00,0x00,0x00,0x00,0x00,0x00,0x00,0x00,0x00,0x00,
    0x00,0x00,0x00,0x00,0x00,0x00,0x00,0x00,0x00,0x00,0x00,0x00,0x00,0x00,0x00,0x00,
    0x00,0x00,0x00,0x00,0x00,0x00,0x00,0x00,0x00,0x00,0x00,0x00,0x00,0x00,0x00,0x00,
    0x00,0x00,0x00,0x00,0x00,0x00,0x00,0x00,0x00,0x00,0x00,0x00,0x00,0x00,0x00,0x00,
    0x00,0x00,0x00,0x00,0x00,0x00,0x00,0x00,0x00,0x00,0x07,0x00,0x0F,0x00,0x0E,0x00,
    0x0E,0x00,0x0E,0x00,0x0E,0x00,0x0E,0x00,0x0C,0x00,0x0C,0x00,0x0C,0x00,0x0C,0x00,
    0x0C,0x00,0x0C,0x00,0x0C,0x00,0x0C,0x00,0x00,0x00,0x1C,0x00,0x1E,0x00,0x1E,0x00,
    0x1C,0x00,0x00,0x00,0x00,0x00,0x00,0x00,0x00,0x00,0x00,0x00,0x00,0x00,0x00,0x00,
    0x00,0x00,0x00,0x00,0x00,0x00,0x00,0x00,0x00,0x00,0x00,0x00,0x00,0x00,0x00,0x00,
    0x00,0x00,0x00,0x00,0x00,0x00,0x00,0x00,0x00,0x00,0x00,0x00,0x1C,0xC0,0x1D,0xC0,
    0x1D,0xC0,0x19,0xC0,0x19,0xC0,0x18,0x80,0x18,0x80,0x00,0x00,0x00,0x00,0x00,0x00,
    0x00,0x00,0x00,0x00,0x00,0x00,0x00,0x00,0x00,0x00,0x00,0x00,0x00,0x00,0x00,0x00,
    0x00,0x00,0x00,0x00,0x00,0x00,0x00,0x00,0x00,0x00,0x00,0x00,0x00,0x00,0x00,0x00,
    0x00,0x00,0x00,0x00,0x00,0x00,0x00,0x00,0x00,0x00,0x00,0x00,0x00,0x00,0x00,0x00,
    0x00,0x00,0x00,0x00,0x00,0x00,0x00,0x00,0x00,0x00,0x00,0x00,0x00,0x00,0x00,0x00,
    0x00,0x00,0x00,0x00,0x00,0x00,0x00,0x00,0x00,0x00,0x00,0x00,0x00,0x00,0x00,0x00,
    0x00,0x00,0x00,0x00,0x00,0x00,0x00,0x00,0x00,0x00,0x00,0x00,0x00,0x00,0x00,0x00,
    0x00,0x00,0x00,0x00,0x00,0x01,0x83,0x00,0x01,0x83,0x00,0x01,0x82,0x00,0x03,0x86,
    0x00,0x1F,0xFF,0xE0,0x1F,0xFF,0xC0,0x03,0x06,0x00,0x03,0x06,0x00,0x02,0x0C,0x00,
    0x06,0x0C,0x00,0x3F,0xFF,0xC0,0x7F,0xFF,0xC0,0x06,0x0C,0x00,0x06,0x08,0x00,0x0C,
    0x18,0x00,0x0C,0x18,0x00,0x00,0x00,0x00,0x00,0x00,0x00,0x00,0x00,0x00,0x00,0x00,
    0x00,0x00,0x00,0x00,0x00,0x00,0x00,0x00,0x00,0x00,0x00,0x00,0x00,0x00,0x00,0x00,
    0x00,0x00,0x00,0x00,0x00,0x00,0x00,0x00,0x00,0x00,0x00,0x00,0x00,0x00,0x00,0x00,
    0x00,0x00,0x00,0x00,0x00,0x00,0x00,0x00,0x00,0x80,0x00,0x80,0x01,0x80,0x07,0xF0,
    0x0F,0xF8,0x1D,0x9C,0x39,0x9C,0x39,0xBC,0x39,0x88,0x39,0x80,0x1F,0x80,0x1F,0x80,
    0x07,0xC0,0x03,0xF0,0x01,0xF8,0x01,0xBC,0x01,0x9C,0x31,0x9C,0x79,0x1C,0x79,0x18,
    0x79,0x38,0x3F,0xF0,0x1F,0xC0,0x01,0x00,0x01,0x00,0x00,0x00,0x00,0x00,0x00,0x00,
    0x00,0x00,0x00,0x00,0x00,0x00,0x00,0x00,0x00,0x00,0x00,0x00,0x00,0x00,0x00,0x00,
    0x00,0x00,0x00,0x00,0x00,0x00,0x00,0x00,0x00,0x00,0x00,0x00,0x00,0x00,0x00,0x00,
    0x00,0x00,0x00,0x00,0x00,0x00,0x00,0x00,0x00,0x00,0x00,0x00,0x00,0x00,0x00,0x00,
    0x00,0x00,0x00,0x00,0x00,0x00,0x00,0x00,0x00,0x00,0x00,0x0F,0x00,0xC0,0x1F,0x80,
    0xC0,0x39,0xC1,0x80,0x30,0xC3,0x80,0x70,0xC3,0x00,0x70,0xC6,0x00,0x70,0xCE,0x00,
    0x31,0xCC,0x00,0x3F,0x9C,0x00,0x1F,0x18,0xF8,0x00,0x33,0xFC,0x00,0x73,0x0C,0x00,
    0x63,0x0E,0x00,0xC3,0x0E,0x01,0xC3,0x0C,0x01,0x83,0x9C,0x03,0x83,0xF8,0x03,0x01,
    0xF0,0x00,0x00,0x00,0x00,0x00,0x00,0x00,0x00,0x00,0x00,0x00,0x00,0x00,0x00,0x00,
    0x00,0x00,0x00,0x00,0x00,0x00,0x00,0x00,0x00,0x00,0x00,0x00,0x00,0x00,0x00,0x00,
    0x00,0x00,0x00,0x00,0x00,0x00,0x00,0x00,0x00,0x00,0x00,0x00,0x00,0x00,0x00,0x00,
    0x00,0x00,0x00,0x00,0x00,0x00,0x00,0x00,0x00,0x00,0x00,0x00,0x00,0x00,0x00,0x00,
    0x00,0x00,0x00,0x00,0x00,0x00,0x00,0x00,0x00,0x01,0xFC,0x00,0x07,0xFF,0x00,0x0E,
    0x07,0x00,0x1C,0x07,0x00,0x1C,0x06,0x00,0x3C,0x00,0x00,0x1C,0x00,0x38,0x1C,0x00,
    0x38,0x0F,0xE1,0x78,0x03,0xE3,0xF0,0x0F,0x03,0x00,0x1C,0x03,0x80,0x1C,0x01,0x80,
    0x38,0x01,0x80,0x38,0x03,0x80,0x38,0x03,0x80,0x3C,0x03,0x00,0x1C,0x0F,0x00,0x1F,
    0xFE,0x00,0x07,0xF8,0x00,0x00,0x00,0x00,0x00,0x00,0x00,0x00,0x00,0x00,0x00,0x00,
    0x00,0x00,0x00,0x00,0x00,0x00,0x00,0x00,0x00,0x00,0x00,0x00,0x00,0x00,0x00,0x00,
    0x00,0x00,0x00,0x00,0x00,0x00,0x00,0x00,0x00,0x00,0x00,0x00,0x1C,0x1C,0x1C,0x18,
    0x18,0x18,0x18,0x00,0x00,0x00,0x00,0x00,0x00,0x00,0x00,0x00,0x00,0x00,0x00,0x00,
    0x00,0x00,0x00,0x00,0x00,0x00,0x00,0x00,0x00,0x00,0x00,0x00,0x00,0x00,0x00,0x00,
    0x00,0x00,0x00,0x00,0x00,0x00,0x00,0x00,0x00,0x00,0x00,0x00,0x00,0x00,0x00,0x00,
    0x00,0x00,0x00,0x00,0x00,0x80,0x01,0x80,0x03,0x00,0x03,0x00,0x06,0x00,0x0E,0x00,
    0x0E,0x00,0x0C,0x00,0x1C,0x00,0x1C,0x00,0x1C,0x00,0x1C,0x00,0x38,0x00,0x38,0x00,
    0x38,0x00,0x38,0x00,0x38,0x00,0x38,0x00,0x1C,0x00,0x1C,0x00,0x1C,0x00,0x1C,0x00,
    0x0C,0x00,0x0E,0x00,0x0E,0x00,0x06,0x00,0x07,0x00,0x03,0x00,0x01,0x00,0x00,0x00,
    0x00,0x00,0x00,0x00,0x00,0x00,0x00,0x00,0x00,0x00,0x00,0x00,0x00,0x00,0x00,0x00,
    0x00,0x00,0x00,0x00,0x00,0x00,0x00,0x00,0x00,0x00,0x00,0x00,0x30,0x00,0x30,0x00,
    0x18,0x00,0x18,0x00,0x1C,0x00,0x0C,0x00,0x0E,0x00,0x0E,0x00,0x0E,0x00,0x0E,0x00,
    0x07,0x00,0x07,0x00,0x07,0x00,0x07,0x00,0x07,0x00,0x07,0x00,0x07,0x00,0x0F,0x00,
    0x0E,0x00,0x0E,0x00,0x0E,0x00,0x0C,0x00,0x1C,0x00,0x1C,0x00,0x38,0x00,0x30,0x00,
    0x30,0x00,0x60,0x00,0x40,0x00,0x00,0x00,0x00,0x00,0x00,0x00,0x00,0x00,0x00,0x00,
    0x00,0x00,0x00,0x00,0x00,0x00,0x00,0x00,0x00,0x00,0x00,0x00,0x00,0x00,0x00,0x00,
    0x00,0x00,0x00,0x00,0x03,0x80,0x03,0x80,0x1B,0x30,0x1D,0x70,0x1F,0xF0,0x07,0x80,
    0x1F,0xE0,0x3F,0x70,0x13,0x30,0x03,0x00,0x03,0x00,0x00,0x00,0x00,0x00,0x00,0x00,
    0x00,0x00,0x00,0x00,0x00,0x00,0x00,0x00,0x00,0x00,0x00,0x00,0x00,0x00,0x00,0x00,
    0x00,0x00,0x00,0x00,0x00,0x00,0x00,0x00,0x00,0x00,0x00,0x00,0x00,0x00,0x00,0x00,
    0x00,0x00,0x00,0x00,0x00,0x00,0x00,0x00,0x00,0x00,0x00,0x00,0x00,0x00,0x00,0x00,
    0x00,0x00,0x00,0x00,0x00,0x00,0x00,0x00,0x00,0x00,0x00,0x00,0x00,0x00,0x00,0x00,
    0x00,0x00,0x00,0x00,0x00,0x00,0x00,0x00,0x00,0x00,0x00,0x00,0x00,0x00,0x00,0x00,
    0x00,0x00,0x00,0x00,0x00,0x00,0x00,0x00,0x00,0x00,0x00,0x00,0x00,0x00,0x00,0x00,
    0x00,0xC0,0x00,0x00,0xC0,0x00,0x00,0xC0,0x00,0x00,0xC0,0x00,0x00,0xC0,0x00,0x3F,
    0xFE,0x00,0x3F,0xFE,0x00,0x01,0xC0,0x00,0x01,0xC0,0x00,0x01,0xC0,0x00,0x01,0xC0,
    0x00,0x01,0xC0,0x00,0x00,0x80,0x00,0x00,0x00,0x00,0x00,0x00,0x00,0x00,0x00,0x00,
    0x00,0x00,0x00,0x00,0x00,0x00,0x00,0x00,0x00,0x00,0x00,0x00,0x00,0x00,0x00,0x00,
    0x00,0x00,0x00,0x00,0x00,0x00,0x00,0x00,0x00,0x00,0x00,0x00,0x00,0x00,0x00,0x00,
    0x00,0x00,0x00,0x00,0x00,0x00,0x00,0x00,0x00,0x00,0x00,0x00,0x00,0x00,0x00,0x00,
    0x00,0x00,0x00,0x00,0x00,0x00,0x00,0x00,0x00,0x00,0x00,0x00,0x00,0x00,0x00,0x00,
    0x00,0x00,0x00,0x00,0x00,0x00,0x00,0x00,0x00,0x00,0x00,0x00,0x00,0x00,0x00,0x00,
    0x00,0x00,0x00,0x00,0x00,0x00,0x00,0x00,0x1E,0x00,0x1E,0x00,0x1F,0x00,0x0E,0x00,
    0x06,0x00,0x0C,0x00,0x1C,0x00,0x18,0x00,0x00,0x00,0x00,0x00,0x00,0x00,0x00,0x00,
    0x00,0x00,0x00,0x00,0x00,0x00,0x00,0x00,0x00,0x00,0x00,0x00,0x00,0x00,0x00,0x00,
    0x00,0x00,0x00,0x00,0x00,0x00,0x00,0x00,0x00,0x00,0x00,0x00,0x00,0x00,0x00,0x00,
    0x00,0x00,0x00,0x00,0x00,0x00,0x00,0x00,0x00,0x00,0x00,0x00,0x00,0x00,0x00,0x00,
    0x00,0x00,0x00,0x00,0x7F,0x80,0x7F,0x80,0x00,0x00,0x00,0x00,0x00,0x00,0x00,0x00,
    0x00,0x00,0x00,0x00,0x00,0x00,0x00,0x00,0x00,0x00,0x00,0x00,0x00,0x00,0x00,0x00,
    0x00,0x00,0x00,0x00,0x00,0x00,0x00,0x00,0x00,0x00,0x00,0x00,0x00,0x00,0x00,0x00,
    0x00,0x00,0x00,0x00,0x00,0x00,0x00,0x00,0x00,0x00,0x00,0x00,0x00,0x00,0x00,0x00,
    0x00,0x00,0x00,0x00,0x00,0x00,0x00,0x00,0x00,0x00,0x00,0x00,0x00,0x00,0x00,0x00,
    0x00,0x00,0x00,0x00,0x00,0x00,0x00,0x00,0x00,0x00,0x00,0x00,0x00,0x00,0x00,0x00,
    0x00,0x00,0x00,0x00,0x00,0x00,0x1E,0x00,0x1E,0x00,0x3E,0x00,0x1E,0x00,0x00,0x00,
    0x00,0x00,0x00,0x00,0x00,0x00,0x00,0x00,0x00,0x00,0x00,0x00,0x00,0x00,0x00,0x00,
    0x00,0x00,0x00,0x00,0x00,0x00,0x00,0x00,0x00,0x00,0x00,0x00,0x00,0x00,0x00,0x00,
    0x00,0x00,0x00,0x00,0x00,0x00,0x00,0x18,0x00,0x38,0x00,0x30,0x00,0x30,0x00,0x60,
    0x00,0x60,0x00,0xE0,0x00,0xC0,0x00,0xC0,0x01,0x80,0x01,0x80,0x01,0x80,0x03,0x00,
    0x03,0x00,0x07,0x00,0x06,0x00,0x06,0x00,0x0C,0x00,0x0C,0x00,0x1C,0x00,0x18,0x00,
    0x18,0x00,0x30,0x00,0x30,0x00,0x70,0x00,0x60,0x00,0x60,0x00,0x00,0x00,0x00,0x00,
    0x00,0x00,0x00,0x00,0x00,0x00,0x00,0x00,0x00,0x00,0x00,0x00,0x00,0x00,0x00,0x00,
    0x00,0x00,0x00,0x00,0x00,0x00,0x00,0x00,0x00,0x00,0x00,0x00,0x00,0x00,0x00,0x00,
    0x00,0x00,0x00,0x00,0x00,0x00,0x00,0x00,0x00,0x00,0x00,0x00,0x00,0x00,0x00,0x00,
    0x00,0x00,0x00,0x00,0x00,0x03,0xF0,0x00,0x07,0xFC,0x00,0x0E,0x1C,0x00,0x1C,0x0E,
    0x00,0x1C,0x0E,0x00,0x38,0x07,0x00,0x38,0x07,0x00,0x38,0x07,0x00,0x78,0x07,0x00,
    0x70,0x07,0x00,0x70,0x07,0x00,0x70,0x07,0x00,0x70,0x07,0x00,0x78,0x0E,0x00,0x38,
    0x0E,0x00,0x38,0x0E,0x00,0x3C,0x1C,0x00,0x1C,0x38,0x00,0x0F,0xF0,0x00,0x07,0xE0,
    0x00,0x00,0x00,0x00,0x00,0x00,0x00,0x00,0x00,0x00,0x00,0x00,0x00,0x00,0x00,0x00,
    0x00,0x00,0x00,0x00,0x00,0x00,0x00,0x00,0x00,0x00,0x00,0x00,0x00,0x00,0x00,0x00,
    0x00,0x00,0x00,0x00,0x00,0x00,0x00,0x00,0x00,0x00,0x00,0x00,0x00,0x00,0x00,0x00,
    0x00,0x00,0x00,0x00,0x00,0x00,0x00,0x00,0x0F,0x00,0x7F,0x00,0x3F,0x00,0x07,0x00,
    0x07,0x00,0x07,0x00,0x07,0x00,0x07,0x00,0x07,0x00,0x07,0x00,0x07,0x00,0x06,0x00,
    0x06,0x00,0x06,0x00,0x06,0x00,0x0E,0x00,0x0E,0x00,0x0E,0x00,0x0E,0x00,0x3F,0xC0,
    0x7F,0xC0,0x00,0x00,0x00,0x00,0x00,0x00,0x00,0x00,0x00,0x00,0x00,0x00,0x00,0x00,
    0x00,0x00,0x00,0x00,0x00,0x00,0x00,0x00,0x00,0x00,0x00,0x00,0x00,0x00,0x00,0x00,
    0x00,0x00,0x00,0x00,0x00,0x00,0x00,0x00,0x00,0x00,0x00,0x00,0x00,0x00,0x00,0x00,
    0x00,0x00,0x0F,0xC0,0x3F,0xF0,0x38,0x78,0x70,0x38,0x78,0x38,0x78,0x38,0x00,0x38,
    0x00,0x38,0x00,0x78,0x00,0x70,0x00,0xE0,0x01,0xC0,0x01,0x80,0x03,0x00,0x06,0x04,
    0x0C,0x0C,0x18,0x0C,0x38,0x3C,0x7F,0xFC,0x7F,0xFC,0x00,0x00,0x00,0x00,0x00,0x00,
    0x00,0x00,0x00,0x00,0x00,0x00,0x00,0x00,0x00,0x00,0x00,0x00,0x00,0x00,0x00,0x00,
    0x00,0x00,0x00,0x00,0x00,0x00,0x00,0x00,0x00,0x00,0x00,0x00,0x00,0x00,0x00,0x00,
    0x00,0x00,0x00,0x00,0x00,0x00,0x00,0x00,0x00,0x00,0x0F,0xE0,0x1F,0xF8,0x38,0x38,
    0x38,0x3C,0x38,0x1C,0x38,0x1C,0x00,0x38,0x00,0x70,0x00,0xE0,0x07,0xE0,0x07,0xF8,
    0x00,0x3C,0x00,0x1C,0x00,0x1C,0x00,0x1C,0x70,0x1C,0x70,0x3C,0x70,0x78,0x7F,0xF0,
    0x1F,0xC0,0x00,0x00,0x00,0x00,0x00,0x00,0x00,0x00,0x00,0x00,0x00,0x00,0x00,0x00,
    0x00,0x00,0x00,0x00,0x00,0x00,0x00,0x00,0x00,0x00,0x00,0x00,0x00,0x00,0x00,0x00,
    0x00,0x00,0x00,0x00,0x00,0x00,0x00,0x00,0x00,0x00,0x00,0x00,0x00,0x00,0x00,0x00,
    0x00,0x00,0x00,0x38,0x00,0x78,0x00,0xF8,0x00,0xF8,0x01,0xB8,0x03,0xB8,0x03,0x38,
    0x06,0x38,0x0E,0x38,0x1C,0x38,0x18,0x38,0x30,0x38,0x70,0x38,0x7F,0xFF,0xFF,0xFF,
    0x00,0x38,0x00,0x30,0x00,0x30,0x03,0xFE,0x03,0xFE,0x00,0x00,0x00,0x00,0x00,0x00,
    0x00,0x00,0x00,0x00,0x00,0x00,0x00,0x00,0x00,0x00,0x00,0x00,0x00,0x00,0x00,0x00,
    0x00,0x00,0x00,0x00,0x00,0x00,0x00,0x00,0x00,0x00,0x00,0x00,0x00,0x00,0x00,0x00,
    0x00,0x00,0x00,0x00,0x00,0x00,0x00,0x00,0x00,0x00,0x0F,0xFC,0x1F,0xFC,0x1F,0xF8,
    0x18,0x00,0x18,0x00,0x18,0x00,0x1B,0xE0,0x1F,0xF8,0x1C,0x78,0x00,0x1C,0x00,0x1C,
    0x00,0x1C,0x00,0x1C,0x00,0x1C,0x30,0x1C,0x70,0x3C,0x70,0x38,0x70,0x70,0x7F,0xE0,
    0x1F,0x80,0x00,0x00,0x00,0x00,0x00,0x00,0x00,0x00,0x00,0x00,0x00,0x00,0x00,0x00,
    0x00,0x00,0x00,0x00,0x00,0x00,0x00,0x00,0x00,0x00,0x00,0x00,0x00,0x00,0x00,0x00,
    0x00,0x00,0x00,0x00,0x00,0x00,0x00,0x00,0x00,0x00,0x00,0x00,0x00,0x00,0x00,0x00,
    0x00,0x00,0x01,0xFC,0x03,0xFE,0x07,0x0E,0x0E,0x0E,0x1C,0x0C,0x18,0x00,0x38,0xF0,
    0x3B,0xF8,0x37,0x3C,0x3C,0x1C,0x78,0x0E,0x70,0x0E,0x70,0x0E,0x70,0x0E,0x38,0x0E,
    0x38,0x1C,0x38,0x1C,0x1C,0x38,0x0F,0xF0,0x07,0xE0,0x00,0x00,0x00,0x00,0x00,0x00,
    0x00,0x00,0x00,0x00,0x00,0x00,0x00,0x00,0x00,0x00,0x00,0x00,0x00,0x00,0x00,0x00,
    0x00,0x00,0x00,0x00,0x00,0x00,0x00,0x00,0x00,0x00,0x00,0x00,0x00,0x00,0x00,0x00,
    0x00,0x00,0x00,0x00,0x00,0x00,0x00,0x00,0x00,0x00,0x3F,0xFE,0x3F,0xFE,0x7F,0xFE,
    0x70,0x0C,0x60,0x0C,0x60,0x1C,0x00,0x18,0x00,0x38,0x00,0x30,0x00,0x70,0x00,0x70,
    0x00,0xE0,0x00,0xE0,0x01,0xC0,0x01,0xC0,0x03,0xC0,0x03,0x80,0x07,0x80,0x07,0x00,
    0x0F,0x00,0x00,0x00,0x00,0x00,0x00,0x00,0x00,0x00,0x00,0x00,0x00,0x00,0x00,0x00,
    0x00,0x00,0x00,0x00,0x00,0x00,0x00,0x00,0x00,0x00,0x00,0x00,0x00,0x00,0x00,0x00,
    0x00,0x00,0x00,0x00,0x00,0x00,0x00,0x00,0x00,0x00,0x00,0x00,0x00,0x00,0x00,0x00,
    0x00,0x00,0x07,0xF0,0x0F,0xF8,0x1C,0x1C,0x18,0x1C,0x38,0x0C,0x38,0x0C,0x1C,0x1C,
    0x1E,0x38,0x0F,0xF0,0x07,0xF0,0x0C,0x78,0x18,0x3C,0x38,0x1E,0x70,0x0E,0x70,0x0E,
    0x70,0x0E,0x78,0x1C,0x3C,0x3C,0x1F,0xF8,0x0F,0xE0,0x00,0x00,0x00,0x00,0x00,0x00,
    0x00,0x00,0x00,0x00,0x00,0x00,0x00,0x00,0x00,0x00,0x00,0x00,0x00,0x00,0x00,0x00,
    0x00,0x00,0x00,0x00,0x00,0x00,0x00,0x00,0x00,0x00,0x00,0x00,0x00,0x00,0x00,0x00,
    0x00,0x00,0x00,0x00,0x00,0x00,0x00,0x00,0x00,0x00,0x07,0xE0,0x0F,0xF8,0x1C,0x3C,
    0x38,0x1C,0x38,0x1C,0x38,0x0E,0x70,0x0E,0x78,0x0E,0x38,0x1E,0x38,0x7E,0x1F,0xEE,
    0x0F,0x8E,0x00,0x0C,0x00,0x1C,0x00,0x1C,0x00,0x1C,0x20,0x38,0x70,0x70,0x3F,0xE0,
    0x0F,0xC0,0x00,0x00,0x00,0x00,0x00,0x00,0x00,0x00,0x00,0x00,0x00,0x00,0x00,0x00,
    0x00,0x00,0x00,0x00,0x00,0x00,0x00,0x00,0x00,0x00,0x00,0x00,0x00,0x00,0x00,0x00,
    0x00,0x00,0x00,0x00,0x00,0x00,0x00,0x00,0x00,0x00,0x00,0x00,0x00,0x00,0x00,0x00,
    0x00,0x00,0x00,0x00,0x00,0x00,0x00,0x00,0x00,0x00,0x00,0x00,0x0E,0x00,0x1F,0x00,
    0x1F,0x00,0x1E,0x00,0x00,0x00,0x00,0x00,0x00,0x00,0x00,0x00,0x00,0x00,0x00,0x00,
    0x00,0x00,0x1E,0x00,0x3E,0x00,0x3E,0x00,0x1C,0x00,0x00,0x00,0x00,0x00,0x00,0x00,
    0x00,0x00,0x00,0x00,0x00,0x00,0x00,0x00,0x00,0x00,0x00,0x00,0x00,0x00,0x00,0x00,
    0x00,0x00,0x00,0x00,0x00,0x00,0x00,0x00,0x00,0x00,0x00,0x00,0x00,0x00,0x00,0x00,
    0x00,0x00,0x00,0x00,0x00,0x00,0x00,0x00,0x00,0x00,0x00,0x00,0x00,0x00,0x00,0x00,
    0x00,0x00,0x00,0x00,0x0E,0x00,0x1F,0x00,0x1F,0x00,0x0E,0x00,0x00,0x00,0x00,0x00,
    0x00,0x00,0x00,0x00,0x00,0x00,0x00,0x00,0x00,0x00,0x0C,0x00,0x1E,0x00,0x1E,0x00,
    0x1E,0x00,0x0E,0x00,0x0E,0x00,0x1C,0x00,0x38,0x00,0x10,0x00,0x00,0x00,0x00,0x00,
    0x00,0x00,0x00,0x00,0x00,0x00,0x00,0x00,0x00,0x00,0x00,0x00,0x00,0x00,0x00,0x00,
    0x00,0x00,0x00,0x00,0x00,0x00,0x00,0x00,0x00,0x00,0x00,0x00,0x00,0x00,0x00,0x00,
    0x00,0x00,0x00,0x00,0x00,0x00,0x00,0x00,0x00,0x00,0x00,0x00,0x00,0x00,0x00,0x00,
    0x00,0x00,0x00,0x00,0x00,0x00,0x00,0x00,0x00,0x00,0x00,0x00,0x00,0x00,0x00,0x00,
    0x00,0x0C,0x00,0x00,0x3C,0x00,0x00,0xF0,0x00,0x01,0xE0,0x00,0x07,0x80,0x00,0x1E,
    0x00,0x00,0x38,0x00,0x00,0x3C,0x00,0x00,0x0F,0x00,0x00,0x07,0x80,0x00,0x01,0xE0,
    0x00,0x00,0x78,0x00,0x00,0x3C,0x00,0x00,0x08,0x00,0x00,0x00,0x00,0x00,0x00,0x00,
    0x00,0x00,0x00,0x00,0x00,0x00,0x00,0x00,0x00,0x00,0x00,0x00,0x00,0x00,0x00,0x00,
    0x00,0x00,0x00,0x00,0x00,0x00,0x00,0x00,0x00,0x00,0x00,0x00,0x00,0x00,0x00,0x00,
    0x00,0x00,0x00,0x00,0x00,0x00,0x00,0x00,0x00,0x00,0x00,0x00,0x00,0x00,0x00,0x00,
    0x00,0x00,0x00,0x00,0x00,0x00,0x00,0x00,0x00,0x00,0x00,0x00,0x00,0x00,0x00,0x00,
    0x00,0x00,0x00,0x00,0x00,0x00,0x00,0x00,0x00,0x00,0x00,0x00,0x00,0x00,0x00,0x00,
    0x00,0x00,0x00,0x00,0x00,0x00,0x00,0x00,0x00,0x00,0x00,0x00,0x00,0x1F,0xFE,0x00,
    0x1F,0xFE,0x00,0x00,0x00,0x00,0x00,0x00,0x00,0x00,0x00,0x00,0x1F,0xFE,0x00,0x3F,
    0xFE,0x00,0x00,0x00,0x00,0x00,0x00,0x00,0x00,0x00,0x00,0x00,0x00,0x00,0x00,0x00,
    0x00,0x00,0x00,0x00,0x00,0x00,0x00,0x00,0x00,0x00,0x00,0x00,0x00,0x00,0x00,0x00,
    0x00,0x00,0x00,0x00,0x00,0x00,0x00,0x00,0x00,0x00,0x00,0x00,0x00,0x00,0x00,0x00,
    0x00,0x00,0x00,0x00,0x00,0x00,0x00,0x00,0x00,0x00,0x00,0x00,0x00,0x00,0x00,0x00,
    0x00,0x00,0x00,0x00,0x00,0x00,0x00,0x00,0x00,0x00,0x00,0x00,0x00,0x00,0x00,0x00,
    0x00,0x00,0x00,0x00,0x00,0x00,0x00,0x00,0x00,0x00,0x00,0x00,0x00,0x00,0x00,0x00,
    0x00,0x00,0x00,0x00,0x00,0x00,0x00,0x00,0x0C,0x00,0x00,0x0F,0x00,0x00,0x07,0x80,
    0x00,0x01,0xE0,0x00,0x00,0x78,0x00,0x00,0x3C,0x00,0x00,0x0E,0x00,0x00,0x1E,0x00,
    0x00,0x78,0x00,0x00,0xF0,0x00,0x03,0xC0,0x00,0x0F,0x00,0x00,0x1E,0x00,0x00,0x18,
    0x00,0x00,0x00,0x00,0x00,0x00,0x00,0x00,0x00,0x00,0x00,0x00,0x00,0x00,0x00,0x00,
    0x00,0x00,0x00,0x00,0x00,0x00,0x00,0x00,0x00,0x00,0x00,0x00,0x00,0x00,0x00,0x00,
    0x00,0x00,0x00,0x00,0x00,0x00,0x00,0x00,0x00,0x00,0x00,0x00,0x00,0x00,0x00,0x00,
    0x00,0x00,0x00,0x00,0x00,0x00,0x00,0x00,0x00,0x00,0x00,0x00,0x00,0x00,0x0F,0xE0,
    0x1F,0xF0,0x38,0x78,0x38,0x38,0x38,0x38,0x38,0x38,0x00,0x38,0x00,0x70,0x01,0xF0,
    0x07,0xC0,0x07,0x00,0x06,0x00,0x03,0x00,0x03,0x00,0x00,0x00,0x00,0x00,0x07,0x80,
    0x07,0x80,0x07,0x80,0x07,0x80,0x00,0x00,0x00,0x00,0x00,0x00,0x00,0x00,0x00,0x00,
    0x00,0x00,0x00,0x00,0x00,0x00,0x00,0x00,0x00,0x00,0x00,0x00,0x00,0x00,0x00,0x00,
    0x00,0x00,0x00,0x00,0x00,0x00,0x00,0x00,0x00,0x00,0x00,0x00,0x00,0x00,0x00,0x00,
    0x00,0x00,0x00,0x00,0x00,0x00,0x00,0x00,0x00,0x00,0x00,0x00,0x00,0x00,0x00,0x00,
    0x00,0x00,0x00,0x00,0x00,0x00,0x00,0x00,0x00,0x00,0x00,0x00,0x00,0x00,0x00,0x00,
    0x00,0x00,0x00,0x00,0x00,0x00,0x00,0x00,0x00,0x00,0x00,0x00,0x00,0x00,0x00,0x00,
    0x00,0x3F,0x00,0x00,0x01,0xFF,0xE0,0x00,0x03,0xC0,0xF8,0x00,0x07,0x00,0x1C,0x00,
    0x0E,0x00,0x0C,0x00,0x1C,0x3F,0xCE,0x00,0x18,0x7F,0xC6,0x00,0x38,0xE1,0xC6,0x00,
    0x30,0xC1,0xC7,0x00,0x31,0xC3,0xC7,0x00,0x31,0xC3,0xC7,0x00,0x31,0xC3,0xC6,0x00,
    0x31,0xC7,0xC6,0x00,0x31,0xC7,0xC6,0x00,0x31,0xCD,0xCC,0x00,0x38,0xFD,0xFC,0x00,
    0x18,0x78,0xF0,0x00,0x1C,0x00,0x00,0x00,0x0E,0x00,0x20,0x00,0x07,0x80,0xE0,0x00,
    0x03,0xFF,0xC0,0x00,0x00,0xFF,0x00,0x00,0x00,0x00,0x00,0x00,0x00,0x00,0x00,0x00,
    0x00,0x00,0x00,0x00,0x00,0x00,0x00,0x00,0x00,0x00,0x00,0x00,0x00,0x00,0x00,0x00,
    0x00,0x00,0x00,0x00,0x00,0x00,0x00,0x00,0x00,0x00,0x00,0x00,0x00,0x00,0x00,0x00,
    0x00,0x00,0x00,0x00,0x00,0x00,0x00,0x00,0x00,0x00,0x00,0x00,0x00,0x00,0x00,0x00,
    0x00,0x00,0x00,0x00,0x00,0x00,0x78,0x00,0x00,0x78,0x00,0x00,0xF8,0x00,0x00,0xFC,
    0x00,0x00,0xDC,0x00,0x01,0x9C,0x00,0x01,0x9C,0x00,0x01,0x8E,0x00,0x03,0x0E,0x00,
    0x03,0x0E,0x00,0x07,0x0F,0x00,0x06,0x07,0x00,0x07,0xFF,0x00,0x0F,0xFF,0x00,0x0C,
    0x07,0x80,0x0C,0x03,0x80,0x1C,0x03,0x80,0x18,0x03,0xC0,0x7E,0x07,0xF0,0xFE,0x0F,
    0xF0,0x00,0x00,0x00,0x00,0x00,0x00,0x00,0x00,0x00,0x00,0x00,0x00,0x00,0x00,0x00,
    0x00,0x00,0x00,0x00,0x00,0x00,0x00,0x00,0x00,0x00,0x00,0x00,0x00,0x00,0x00,0x00,
    0x00,0x00,0x00,0x00,0x00,0x00,0x00,0x00,0x00,0x00,0x00,0x00,0x00,0x00,0x00,0x00,
    0x00,0x00,0x00,0x00,0x00,0x00,0x00,0x00,0x00,0x00,0x00,0x00,0x00,0x00,0x00,0x00,
    0x00,0x00,0x00,0x00,0x00,0x00,0x00,0x00,0x00,0x3F,0xFC,0x00,0x1F,0xFE,0x00,0x07,
    0x0F,0x00,0x07,0x07,0x00,0x07,0x07,0x80,0x06,0x07,0x00,0x06,0x07,0x00,0x06,0x0E,
    0x00,0x0E,0x1C,0x00,0x0E,0xF8,0x00,0x0E,0xFE,0x00,0x0E,0x07,0x80,0x0E,0x03,0x80,
    0x0E,0x03,0x80,0x0E,0x03,0x80,0x0E,0x03,0x80,0x0E,0x07,0x80,0x0E,0x0F,0x00,0x3F,
    0xFE,0x00,0x7F,0xF8,0x00,0x00,0x00,0x00,0x00,0x00,0x00,0x00,0x00,0x00,0x00,0x00,
    0x00,0x00,0x00,0x00,0x00,0x00,0x00,0x00,0x00,0x00,0x00,0x00,0x00,0x00,0x00,0x00,
    0x00,0x00,0x00,0x00,0x00,0x00,0x00,0x00,0x00,0x00,0x00,0x00,0x00,0x00,0x00,0x00,
    0x00,0x00,0x00,0x00,0x00,0x00,0x00,0x00,0x00,0x00,0x00,0x00,0x00,0x00,0x00,0x00,
    0x00,0x00,0x00,0x00,0x00,0x00,0x00,0x00,0x00,0x00,0x00,0x00,0x00,0x01,0xFC,0x00,
    0x03,0xFF,0x00,0x0F,0x03,0x80,0x0E,0x03,0x80,0x1C,0x03,0x80,0x38,0x03,0x80,0x38,
    0x00,0x00,0x38,0x00,0x00,0x38,0x00,0x00,0x38,0x00,0x00,0x38,0x00,0x00,0x38,0x00,
    0x00,0x38,0x00,0x00,0x38,0x00,0x00,0x38,0x00,0x00,0x1C,0x01,0x00,0x1C,0x03,0x80,
    0x0F,0x07,0x00,0x07,0xFE,0x00,0x03,0xF8,0x00,0x00,0x00,0x00,0x00,0x00,0x00,0x00,
    0x00,0x00,0x00,0x00,0x00,0x00,0x00,0x00,0x00,0x00,0x00,0x00,0x00,0x00,0x00,0x00,
    0x00,0x00,0x00,0x00,0x00,0x00,0x00,0x00,0x00,0x00,0x00,0x00,0x00,0x00,0x00,0x00,
    0x00,0x00,0x00,0x00,0x00,0x00,0x00,0x00,0x00,0x00,0x00,0x00,0x00,0x00,0x00,0x00,
    0x00,0x00,0x00,0x00,0x00,0x00,0x00,0x00,0x00,0x00,0x00,0x00,0x00,0x00,0x00,0x00,
    0x00,0x3F,0xFE,0x00,0x1F,0xFF,0x80,0x07,0x03,0xC0,0x07,0x01,0xE0,0x07,0x00,0xE0,
    0x06,0x00,0xF0,0x06,0x00,0x70,0x06,0x00,0x70,0x0E,0x00,0x70,0x0E,0x00,0x70,0x0E,
    0x00,0x70,0x0E,0x00,0x70,0x0E,0x00,0x70,0x0E,0x00,0xF0,0x0E,0x00,0xE0,0x0E,0x01,
    0xC0,0x0E,0x03,0xC0,0x0E,0x0F,0x80,0x3F,0xFE,0x00,0x7F,0xF8,0x00,0x00,0x00,0x00,
    0x00,0x00,0x00,0x00,0x00,0x00,0x00,0x00,0x00,0x00,0x00,0x00,0x00,0x00,0x00,0x00,
    0x00,0x00,0x00,0x00,0x00,0x00,0x00,0x00,0x00,0x00,0x00,0x00,0x00,0x00,0x00,0x00,
    0x00,0x00,0x00,0x00,0x00,0x00,0x00,0x00,0x00,0x00,0x00,0x00,0x00,0x00,0x00,0x00,
    0x00,0x00,0x00,0x00,0x00,0x00,0x00,0x00,0x00,0x00,0x00,0x00,0x00,0x00,0x00,0x00,
    0x00,0x00,0x00,0x00,0x00,0x3F,0xFF,0x00,0x1F,0xFF,0x00,0x06,0x07,0x00,0x0E,0x03,
    0x00,0x0E,0x03,0x00,0x0E,0x00,0x00,0x0E,0x00,0x00,0x0E,0x00,0x00,0x0E,0x00,0x00,
    0x0F,0xFC,0x00,0x0F,0xFC,0x00,0x0E,0x00,0x00,0x0E,0x00,0x00,0x0E,0x00,0x00,0x0E,
    0x00,0x00,0x0E,0x03,0x00,0x0E,0x03,0x00,0x0E,0x07,0x00,0x3F,0xFF,0x00,0x7F,0xFF,
    0x00,0x00,0x00,0x00,0x00,0x00,0x00,0x00,0x00,0x00,0x00,0x00,0x00,0x00,0x00,0x00,
    0x00,0x00,0x00,0x00,0x00,0x00,0x00,0x00,0x00,0x00,0x00,0x00,0x00,0x00,0x00,0x00,
    0x00,0x00,0x00,0x00,0x00,0x00,0x00,0x00,0x00,0x00,0x00,0x00,0x00,0x00,0x00,0x00,
    0x00,0x00,0x00,0x00,0x00,0x00,0x00,0x00,0x00,0x00,0x3F,0xFF,0x1F,0xFF,0x06,0x07,
    0x0E,0x03,0x0E,0x03,0x0E,0x00,0x0E,0x00,0x0E,0x00,0x0E,0x00,0x0F,0xFC,0x0F,0xFC,
    0x0E,0x00,0x0E,0x00,0x0E,0x00,0x0E,0x00,0x0E,0x00,0x0E,0x00,0x0E,0x00,0x3F,0xC0,
    0x7F,0xC0,0x00,0x00,0x00,0x00,0x00,0x00,0x00,0x00,0x00,0x00,0x00,0x00,0x00,0x00,
    0x00,0x00,0x00,0x00,0x00,0x00,0x00,0x00,0x00,0x00,0x00,0x00,0x00,0x00,0x00,0x00,
    0x00,0x00,0x00,0x00,0x00,0x00,0x00,0x00,0x00,0x00,0x00,0x00,0x00,0x00,0x00,0x00,
    0x00,0x00,0x00,0x00,0x00,0x00,0x00,0x00,0x00,0x00,0x00,0x00,0x00,0x00,0x00,0x00,
    0x00,0x00,0xFE,0x00,0x03,0xFF,0x80,0x07,0x03,0xC0,0x0E,0x01,0xC0,0x1C,0x03,0xC0,
    0x1C,0x01,0x80,0x38,0x00,0x00,0x38,0x00,0x00,0x38,0x00,0x00,0x38,0x00,0x00,0x38,
    0x07,0x80,0x38,0x0F,0xC0,0x38,0x03,0xC0,0x38,0x01,0x80,0x38,0x01,0x80,0x1C,0x03,
    0x80,0x1E,0x03,0x80,0x0F,0x03,0x80,0x07,0xFF,0x80,0x01,0xFC,0x00,0x00,0x00,0x00,
    0x00,0x00,0x00,0x00,0x00,0x00,0x00,0x00,0x00,0x00,0x00,0x00,0x00,0x00,0x00,0x00,
    0x00,0x00,0x00,0x00,0x00,0x00,0x00,0x00,0x00,0x00,0x00,0x00,0x00,0x00,0x00,0x00,
    0x00,0x00,0x00,0x00,0x00,0x00,0x00,0x00,0x00,0x00,0x00,0x00,0x00,0x00,0x00,0x00,
    0x00,0x00,0x00,0x00,0x00,0x00,0x00,0x00,0x00,0x00,0x00,0x00,0x00,0x00,0x00,0x00,
    0x00,0x00,0x00,0x00,0x00,0x3F,0xC3,0xFC,0x1F,0x83,0xF8,0x06,0x00,0xE0,0x0E,0x00,
    0xE0,0x0E,0x00,0xE0,0x0E,0x00,0xE0,0x0E,0x00,0xE0,0x0E,0x00,0xE0,0x0E,0x00,0xE0,
    0x0F,0xFF,0xE0,0x0F,0xFF,0xE0,0x0E,0x00,0xE0,0x0E,0x00,0xE0,0x0E,0x00,0xE0,0x0E,
    0x00,0xE0,0x0E,0x00,0xE0,0x0E,0x00,0xC0,0x0E,0x00,0xC0,0x3F,0x83,0xF8,0x7F,0x87,
    0xF8,0x00,0x00,0x00,0x00,0x00,0x00,0x00,0x00,0x00,0x00,0x00,0x00,0x00,0x00,0x00,
    0x00,0x00,0x00,0x00,0x00,0x00,0x00,0x00,0x00,0x00,0x00,0x00,0x00,0x00,0x00,0x00,
    0x00,0x00,0x00,0x00,0x00,0x00,0x00,0x00,0x00,0x00,0x00,0x00,0x00,0x00,0x00,0x00,
    0x00,0x00,0x00,0x00,0x00,0x00,0x00,0x00,0x00,0x00,0x3F,0xC0,0x1F,0x80,0x06,0x00,
    0x06,0x00,0x0E,0x00,0x0E,0x00,0x0E,0x00,0x0E,0x00,0x0E,0x00,0x0E,0x00,0x0E,0x00,
    0x0E,0x00,0x0E,0x00,0x0E,0x00,0x0E,0x00,0x0E,0x00,0x0E,0x00,0x0E,0x00,0x3F,0x80,
    0x7F,0x80,0x00,0x00,0x00,0x00,0x00,0x00,0x00,0x00,0x00,0x00,0x00,0x00,0x00,0x00,
    0x00,0x00,0x00,0x00,0x00,0x00,0x00,0x00,0x00,0x00,0x00,0x00,0x00,0x00,0x00,0x00,
    0x00,0x00,0x00,0x00,0x00,0x00,0x00,0x00,0x00,0x00,0x00,0x00,0x00,0x00,0x00,0x00,
    0x00,0x00,0x3F,0xC0,0x3F,0x80,0x0E,0x00,0x0E,0x00,0x0E,0x00,0x0E,0x00,0x0E,0x00,
    0x0E,0x00,0x0E,0x00,0x0E,0x00,0x0E,0x00,0x0E,0x00,0x0E,0x00,0x0E,0x00,0x0E,0x00,
    0x0E,0x00,0x0E,0x00,0x0E,0x00,0x0E,0x00,0x0E,0x00,0x0C,0x00,0x1C,0x00,0x1C,0x00,
    0x38,0x00,0x30,0x00,0x60,0x00,0x40,0x00,0x00,0x00,0x00,0x00,0x00,0x00,0x00,0x00,
    0x00,0x00,0x00,0x00,0x00,0x00,0x00,0x00,0x00,0x00,0x00,0x00,0x00,0x00,0x00,0x00,
    0x00,0x00,0x00,0x00,0x00,0x00,0x00,0x00,0x00,0x00,0x00,0x00,0x00,0x00,0x00,0x00,
    0x00,0x00,0x00,0x00,0x00,0x00,0x00,0x00,0x00,0x3F,0xC7,0xF0,0x1F,0x87,0xE0,0x06,
    0x03,0x80,0x06,0x07,0x00,0x0E,0x0E,0x00,0x0E,0x1C,0x00,0x0E,0x38,0x00,0x0E,0x70,
    0x00,0x0E,0xE0,0x00,0x0E,0xF0,0x00,0x0E,0x78,0x00,0x0E,0x3C,0x00,0x0E,0x1C,0x00,
    0x0E,0x1E,0x00,0x0E,0x0E,0x00,0x0E,0x0E,0x00,0x0E,0x0F,0x00,0x0E,0x07,0x00,0x3F,
    0x87,0xF0,0x7F,0x83,0xE0,0x00,0x00,0x00,0x00,0x00,0x00,0x00,0x00,0x00,0x00,0x00,
    0x00,0x00,0x00,0x00,0x00,0x00,0x00,0x00,0x00,0x00,0x00,0x00,0x00,0x00,0x00,0x00,
    0x00,0x00,0x00,0x00,0x00,0x00,0x00,0x00,0x00,0x00,0x00,0x00,0x00,0x00,0x00,0x00,
    0x00,0x00,0x00,0x00,0x00,0x00,0x00,0x00,0x00,0x00,0x00,0x00,0x00,0x00,0x00,0x00,
    0x00,0x00,0x00,0x00,0x00,0x00,0x00,0x00,0x00,0x00,0x00,0x00,0x00,0x3F,0xE0,0x00,
    0x1F,0xC0,0x00,0x06,0x00,0x00,0x0E,0x00,0x00,0x0E,0x00,0x00,0x0E,0x00,0x00,0x0E,
    0x00,0x00,0x0E,0x00,0x00,0x0E,0x00,0x00,0x0E,0x00,0x00,0x0E,0x00,0x00,0x0E,0x00,
    0x00,0x0E,0x00,0x00,0x0E,0x00,0x00,0x0E,0x03,0x00,0x0E,0x03,0x00,0x0E,0x03,0x00,
    0x0E,0x07,0x00,0x3F,0xFF,0x00,0x7F,0xFE,0x00,0x00,0x00,0x00,0x00,0x00,0x00,0x00,
    0x00,0x00,0x00,0x00,0x00,0x00,0x00,0x00,0x00,0x00,0x00,0x00,0x00,0x00,0x00,0x00,
    0x00,0x00,0x00,0x00,0x00,0x00,0x00,0x00,0x00,0x00,0x00,0x00,0x00,0x00,0x00,0x00,
    0x00,0x00,0x00,0x00,0x00,0x00,0x00,0x00,0x00,0x00,0x00,0x00,0x00,0x00,0x00,0x00,
    0x00,0x00,0x00,0x00,0x00,0x00,0x00,0x00,0x00,0x00,0x00,0x00,0x00,0x00,0x00,0x00,
    0x00,0x00,0x00,0x00,0x00,0x00,0x00,0x00,0x00,0x00,0x00,0x00,0x00,0x00,0x00,0x00,
    0x1F,0x80,0x0F,0xC0,0x1F,0xC0,0x1F,0x80,0x07,0xC0,0x1F,0x00,0x07,0xC0,0x1F,0x00,
    0x07,0xC0,0x37,0x00,0x06,0xE0,0x37,0x00,0x06,0xE0,0x37,0x00,0x0E,0xE0,0x67,0x00,
    0x0E,0x70,0x67,0x00,0x0E,0x70,0x67,0x00,0x0E,0x70,0xC7,0x00,0x0C,0x70,0xC7,0x00,
    0x0C,0x38,0xC7,0x00,0x0C,0x39,0x87,0x00,0x0C,0x39,0x87,0x00,0x0C,0x1D,0x87,0x00,
    0x0C,0x1F,0x07,0x00,0x0C,0x1F,0x07,0x00,0x3F,0x0F,0x1F,0xC0,0x7F,0x0E,0x1F,0xE0,
    0x00,0x00,0x00,0x00,0x00,0x00,0x00,0x00,0x00,0x00,0x00,0x00,0x00,0x00,0x00,0x00,
    0x00,0x00,0x00,0x00,0x00,0x00,0x00,0x00,0x00,0x00,0x00,0x00,0x00,0x00,0x00,0x00,
    0x00,0x00,0x00,0x00,0x00,0x00,0x00,0x00,0x00,0x00,0x00,0x00,0x00,0x00,0x00,0x00,
    0x00,0x00,0x00,0x00,0x00,0x00,0x00,0x00,0x00,0x00,0x00,0x00,0x00,0x00,0x00,0x00,
    0x00,0x00,0x00,0x00,0x00,0x00,0x00,0x00,0x00,0x00,0x00,0x00,0x00,0x00,0x00,0x00,
    0x00,0x3F,0x83,0xFC,0x1F,0x81,0xF8,0x07,0xC0,0x60,0x0F,0xC0,0x60,0x0F,0xE0,0x60,
    0x0E,0xE0,0x60,0x0E,0xF0,0xE0,0x0E,0x70,0xE0,0x0E,0x78,0xE0,0x0C,0x38,0xE0,0x0C,
    0x3C,0xE0,0x0C,0x1C,0xE0,0x0C,0x1E,0xE0,0x0C,0x0E,0xC0,0x0C,0x0F,0xC0,0x0C,0x07,
    0xC0,0x0C,0x07,0xC0,0x0C,0x03,0xC0,0x3F,0x03,0xC0,0x7F,0x81,0xC0,0x00,0x00,0x00,
    0x00,0x00,0x00,0x00,0x00,0x00,0x00,0x00,0x00,0x00,0x00,0x00,0x00,0x00,0x00,0x00,
    0x00,0x00,0x00,0x00,0x00,0x00,0x00,0x00,0x00,0x00,0x00,0x00,0x00,0x00,0x00,0x00,
    0x00,0x00,0x00,0x00,0x00,0x00,0x00,0x00,0x00,0x00,0x00,0x00,0x00,0x00,0x00,0x00,
    0x00,0x00,0x00,0x00,0x00,0x00,0x00,0x00,0x00,0x00,0x00,0x00,0x00,0x00,0x00,0x00,
    0x00,0x00,0x00,0x00,0x00,0x01,0xFE,0x00,0x03,0xFF,0x00,0x0F,0x03,0x80,0x0E,0x01,
    0xC0,0x1C,0x01,0xE0,0x38,0x00,0xE0,0x38,0x00,0xE0,0x38,0x00,0xF0,0x38,0x00,0xF0,
    0x38,0x00,0x70,0x38,0x00,0xF0,0x38,0x00,0xF0,0x38,0x00,0xE0,0x38,0x00,0xE0,0x38,
    0x00,0xE0,0x1C,0x01,0xC0,0x1E,0x01,0xC0,0x0F,0x07,0x80,0x07,0xFF,0x00,0x01,0xFC,
    0x00,0x00,0x00,0x00,0x00,0x00,0x00,0x00,0x00,0x00,0x00,0x00,0x00,0x00,0x00,0x00,
    0x00,0x00,0x00,0x00,0x00,0x00,0x00,0x00,0x00,0x00,0x00,0x00,0x00,0x00,0x00,0x00,
    0x00,0x00,0x00,0x00,0x00,0x00,0x00,0x00,0x00,0x00,0x00,0x00,0x00,0x00,0x00,0x00,
    0x00,0x00,0x00,0x00,0x00,0x00,0x00,0x00,0x00,0x00,0x00,0x00,0x00,0x00,0x00,0x00,
    0x00,0x00,0x00,0x00,0x00,0x00,0x00,0x00,0x00,0x3F,0xF8,0x00,0x1F,0xFE,0x00,0x07,
    0x0F,0x00,0x07,0x07,0x00,0x07,0x07,0x80,0x06,0x03,0x80,0x06,0x03,0x80,0x06,0x07,
    0x80,0x0E,0x07,0x00,0x0E,0x0F,0x00,0x0E,0xFE,0x00,0x0E,0xF8,0x00,0x0E,0x00,0x00,
    0x0E,0x00,0x00,0x0E,0x00,0x00,0x0E,0x00,0x00,0x0E,0x00,0x00,0x0E,0x00,0x00,0x3F,
    0xC0,0x00,0x7F,0xE0,0x00,0x00,0x00,0x00,0x00,0x00,0x00,0x00,0x00,0x00,0x00,0x00,
    0x00,0x00,0x00,0x00,0x00,0x00,0x00,0x00,0x00,0x00,0x00,0x00,0x00,0x00,0x00,0x00,
    0x00,0x00,0x00,0x00,0x00,0x00,0x00,0x00,0x00,0x00,0x00,0x00,0x00,0x00,0x00,0x00,
    0x00,0x00,0x00,0x00,0x00,0x00,0x00,0x00,0x00,0x00,0x00,0x00,0x00,0x00,0x00,0x00,
    0x00,0x00,0x00,0x00,0x00,0x00,0x00,0x00,0x00,0x00,0x00,0x00,0x00,0x01,0xFE,0x00,
    0x07,0xFF,0x00,0x0F,0x03,0xC0,0x1E,0x01,0xC0,0x1C,0x00,0xE0,0x38,0x00,0xE0,0x38,
    0x00,0xF0,0x38,0x00,0xF0,0x38,0x00,0x70,0x38,0x00,0x70,0x38,0x00,0xF0,0x38,0x00,
    0xF0,0x38,0x00,0xE0,0x38,0x00,0xE0,0x1C,0x01,0xC0,0x1E,0x03,0xC0,0x0F,0x07,0x80,
    0x07,0xFE,0x00,0x01,0xF0,0x00,0x07,0xFC,0x00,0x02,0x1F,0x30,0x00,0x07,0xF0,0x00,
    0x01,0xF0,0x00,0x00,0xF0,0x00,0x00,0x00,0x00,0x00,0x00,0x00,0x00,0x00,0x00,0x00,
    0x00,0x00,0x00,0x00,0x00,0x00,0x00,0x00,0x00,0x00,0x00,0x00,0x00,0x00,0x00,0x00,
    0x00,0x00,0x00,0x00,0x00,0x00,0x00,0x00,0x00,0x00,0x00,0x00,0x00,0x00,0x00,0x00,
    0x00,0x00,0x00,0x00,0x00,0x00,0x00,0x00,0x00,0x00,0x00,0x00,0x00,0x00,0x00,0x00,
    0x00,0x3F,0xFC,0x00,0x1F,0xFE,0x00,0x07,0x0F,0x00,0x07,0x07,0x00,0x07,0x07,0x80,
    0x06,0x07,0x00,0x06,0x07,0x00,0x06,0x0E,0x00,0x0E,0x1C,0x00,0x0E,0xF8,0x00,0x0E,
    0xF0,0x00,0x0E,0x78,0x00,0x0E,0x38,0x00,0x0E,0x1C,0x00,0x0E,0x1C,0x00,0x0E,0x1E,
    0x00,0x0E,0x0E,0x00,0x0E,0x0F,0x00,0x3F,0xC7,0xF0,0x7F,0xC3,0xE0,0x00,0x00,0x00,
    0x00,0x00,0x00,0x00,0x00,0x00,0x00,0x00,0x00,0x00,0x00,0x00,0x00,0x00,0x00,0x00,
    0x00,0x00,0x00,0x00,0x00,0x00,0x00,0x00,0x00,0x00,0x00,0x00,0x00,0x00,0x00,0x00,
    0x00,0x00,0x00,0x00,0x00,0x00,0x00,0x00,0x00,0x00,0x00,0x00,0x00,0x00,0x00,0x00,
    0x00,0x00,0x00,0x00,0x00,0x00,0x07,0xF0,0x0F,0xF8,0x1C,0x1C,0x38,0x1C,0x38,0x3C,
    0x38,0x08,0x38,0x00,0x3E,0x00,0x1F,0x80,0x0F,0xC0,0x03,0xF0,0x00,0xF8,0x00,0x3C,
    0x00,0x1C,0x30,0x1C,0x78,0x1C,0x78,0x18,0x78,0x38,0x3F,0xF0,0x1F,0xC0,0x00,0x00,
    0x00,0x00,0x00,0x00,0x00,0x00,0x00,0x00,0x00,0x00,0x00,0x00,0x00,0x00,0x00,0x00,
    0x00,0x00,0x00,0x00,0x00,0x00,0x00,0x00,0x00,0x00,0x00,0x00,0x00,0x00,0x00,0x00,
    0x00,0x00,0x00,0x00,0x00,0x00,0x00,0x00,0x00,0x00,0x00,0x00,0x00,0x00,0x00,0x00,
    0x00,0x00,0x00,0x00,0x00,0x00,0x00,0x00,0x00,0x00,0x00,0x00,0x00,0x7F,0xFF,0xC0,
    0x7F,0xFF,0xC0,0x70,0xE1,0xC0,0x60,0xE0,0xC0,0x60,0xE0,0xC0,0x00,0xE0,0x00,0x00,
    0xE0,0x00,0x00,0xE0,0x00,0x00,0xE0,0x00,0x00,0xE0,0x00,0x00,0xE0,0x00,0x00,0xE0,
    0x00,0x00,0xE0,0x00,0x00,0xE0,0x00,0x00,0xE0,0x00,0x00,0xE0,0x00,0x00,0xC0,0x00,
    0x00,0xC0,0x00,0x07,0xF8,0x00,0x0F,0xF8,0x00,0x00,0x00,0x00,0x00,0x00,0x00,0x00,
    0x00,0x00,0x00,0x00,0x00,0x00,0x00,0x00,0x00,0x00,0x00,0x00,0x00,0x00,0x00,0x00,
    0x00,0x00,0x00,0x00,0x00,0x00,0x00,0x00,0x00,0x00,0x00,0x00,0x00,0x00,0x00,0x00,
    0x00,0x00,0x00,0x00,0x00,0x00,0x00,0x00,0x00,0x00,0x00,0x00,0x00,0x00,0x00,0x00,
    0x00,0x00,0x00,0x00,0x00,0x00,0x00,0x00,0x00,0x00,0x00,0x00,0x00,0x00,0x00,0x00,
    0x00,0x3F,0x83,0xF8,0x3F,0x83,0xF0,0x0E,0x00,0xE0,0x0E,0x00,0xE0,0x0E,0x00,0xE0,
    0x0E,0x00,0xE0,0x0E,0x01,0xE0,0x0C,0x01,0xC0,0x0C,0x01,0xC0,0x1C,0x01,0xC0,0x1C,
    0x01,0xC0,0x1C,0x03,0xC0,0x1C,0x03,0xC0,0x1C,0x02,0xC0,0x1C,0x06,0xC0,0x1C,0x06,
    0xC0,0x0C,0x0C,0xC0,0x0E,0x19,0xC0,0x07,0xF9,0xF0,0x03,0xE1,0xF0,0x00,0x00,0x00,
    0x00,0x00,0x00,0x00,0x00,0x00,0x00,0x00,0x00,0x00,0x00,0x00,0x00,0x00,0x00,0x00,
    0x00,0x00,0x00,0x00,0x00,0x00,0x00,0x00,0x00,0x00,0x00,0x00,0x00,0x00,0x00,0x00,
    0x00,0x00,0x00,0x00,0x00,0x00,0x00,0x00,0x00,0x00,0x00,0x00,0x00,0x00,0x00,0x00,
    0x00,0x00,0x00,0x00,0x00,0x00,0x00,0x00,0x00,0x00,0x00,0x00,0x00,0x00,0x00,0x00,
    0x00,0x00,0x00,0x00,0x00,0x7F,0x83,0xF0,0x7F,0x03,0xF0,0x1C,0x00,0xC0,0x1C,0x01,
    0xC0,0x1E,0x01,0x80,0x0E,0x01,0x80,0x0E,0x03,0x80,0x0F,0x03,0x00,0x07,0x03,0x00,
    0x07,0x06,0x00,0x07,0x06,0x00,0x03,0x8E,0x00,0x03,0x8C,0x00,0x03,0x8C,0x00,0x03,
    0x9C,0x00,0x01,0xD8,0x00,0x01,0xD8,0x00,0x01,0xF0,0x00,0x00,0xF0,0x00,0x00,0xF0,
    0x00,0x00,0xC0,0x00,0x00,0x00,0x00,0x00,0x00,0x00,0x00,0x00,0x00,0x00,0x00,0x00,
    0x00,0x00,0x00,0x00,0x00,0x00,0x00,0x00,0x00,0x00,0x00,0x00,0x00,0x00,0x00,0x00,
    0x00,0x00,0x00,0x00,0x00,0x00,0x00,0x00,0x00,0x00,0x00,0x00,0x00,0x00,0x00,0x00,
    0x00,0x00,0x00,0x00,0x00,0x00,0x00,0x00,0x00,0x00,0x00,0x00,0x00,0x00,0x00,0x00,
    0x00,0x00,0x00,0x00,0x00,0x00,0x00,0x00,0x00,0x00,0x00,0x00,0x00,0x00,0x00,0x00,
    0x00,0x00,0x00,0x00,0x00,0x00,0x00,0x00,0x7F,0x87,0x01,0xF8,0x7F,0x07,0x01,0xF8,
    0x1C,0x07,0x00,0x60,0x1C,0x03,0x80,0xE0,0x1E,0x03,0x80,0xE0,0x0E,0x03,0x80,0xC0,
    0x0E,0x03,0xC0,0xC0,0x0E,0x07,0xC1,0xC0,0x0E,0x07,0xC1,0x80,0x07,0x07,0xC1,0x80,
    0x07,0x0C,0xE3,0x80,0x07,0x0C,0xE3,0x00,0x07,0x1C,0xE3,0x00,0x03,0x98,0xE3,0x00,
    0x03,0x98,0x76,0x00,0x03,0xB8,0x76,0x00,0x03,0xB0,0x76,0x00,0x01,0xF0,0x7E,0x00,
    0x01,0xE0,0x3C,0x00,0x01,0xE0,0x3C,0x00,0x00,0x80,0x10,0x00,0x00,0x00,0x00,0x00,
    0x00,0x00,0x00,0x00,0x00,0x00,0x00,0x00,0x00,0x00,0x00,0x00,0x00,0x00,0x00,0x00,
    0x00,0x00,0x00,0x00,0x00,0x00,0x00,0x00,0x00,0x00,0x00,0x00,0x00,0x00,0x00,0x00,
    0x00,0x00,0x00,0x00,0x00,0x00,0x00,0x00,0x00,0x00,0x00,0x00,0x00,0x00,0x00,0x00,
    0x00,0x00,0x00,0x00,0x00,0x00,0x00,0x00,0x00,0x00,0x00,0x00,0x00,0x00,0x00,0x00,
    0x00,0x00,0x00,0x00,0x00,0x00,0x00,0x00,0x00,0x7F,0x87,0xF0,0x7F,0x07,0xE0,0x0E,
    0x03,0x80,0x0F,0x03,0x00,0x07,0x06,0x00,0x07,0x8E,0x00,0x03,0xDC,0x00,0x01,0xD8,
    0x00,0x01,0xF0,0x00,0x00,0xF0,0x00,0x00,0xF0,0x00,0x00,0xF8,0x00,0x01,0xBC,0x00,
    0x03,0x1C,0x00,0x07,0x1E,0x00,0x06,0x0E,0x00,0x0C,0x07,0x00,0x1C,0x07,0x80,0x7E,
    0x0F,0xE0,0xFE,0x0F,0xF0,0x00,0x00,0x00,0x00,0x00,0x00,0x00,0x00,0x00,0x00,0x00,
    0x00,0x00,0x00,0x00,0x00,0x00,0x00,0x00,0x00,0x00,0x00,0x00,0x00,0x00,0x00,0x00,
    0x00,0x00,0x00,0x00,0x00,0x00,0x00,0x00,0x00,0x00,0x00,0x00,0x00,0x00,0x00,0x00,
    0x00,0x00,0x00,0x00,0x00,0x00,0x00,0x00,0x00,0x00,0x00,0x00,0x00,0x00,0x00,0x00,
    0x00,0x00,0x00,0x00,0x00,0x00,0x00,0x00,0x00,0x00,0x00,0x00,0x00,0x7F,0x07,0xE0,
    0x7F,0x03,0xE0,0x1C,0x01,0x80,0x0E,0x03,0x80,0x0E,0x03,0x00,0x07,0x07,0x00,0x07,
    0x06,0x00,0x03,0x8C,0x00,0x03,0x8C,0x00,0x01,0xD8,0x00,0x01,0xF8,0x00,0x00,0xF0,
    0x00,0x00,0xE0,0x00,0x00,0x60,0x00,0x00,0xE0,0x00,0x00,0xE0,0x00,0x00,0xE0,0x00,
    0x00,0xE0,0x00,0x03,0xF8,0x00,0x03,0xFC,0x00,0x00,0x00,0x00,0x00,0x00,0x00,0x00,
    0x00,0x00,0x00,0x00,0x00,0x00,0x00,0x00,0x00,0x00,0x00,0x00,0x00,0x00,0x00,0x00,
    0x00,0x00,0x00,0x00,0x00,0x00,0x00,0x00,0x00,0x00,0x00,0x00,0x00,0x00,0x00,0x00,
    0x00,0x00,0x00,0x00,0x00,0x00,0x00,0x00,0x00,0x00,0x00,0x00,0x00,0x00,0x00,0x00,
    0x00,0x00,0x00,0x00,0x00,0x00,0x00,0x00,0x00,0x00,0x00,0x00,0x00,0x00,0x00,0x00,
    0x00,0x1F,0xFF,0x80,0x1F,0xFF,0x80,0x1C,0x07,0x00,0x18,0x0F,0x00,0x38,0x0E,0x00,
    0x00,0x1C,0x00,0x00,0x38,0x00,0x00,0x78,0x00,0x00,0x70,0x00,0x00,0xE0,0x00,0x01,
    0xE0,0x00,0x01,0xC0,0x00,0x03,0x80,0x00,0x07,0x80,0x00,0x07,0x01,0x80,0x0E,0x01,
    0x80,0x1C,0x03,0x80,0x3C,0x03,0x00,0x3F,0xFF,0x00,0x3F,0xFF,0x00,0x00,0x00,0x00,
    0x00,0x00,0x00,0x00,0x00,0x00,0x00,0x00,0x00,0x00,0x00,0x00,0x00,0x00,0x00,0x00,
    0x00,0x00,0x00,0x00,0x00,0x00,0x00,0x00,0x00,0x00,0x00,0x00,0x00,0x00,0x00,0x00,
    0x00,0x00,0x00,0x00,0x00,0x00,0x00,0x00,0x00,0x00,0x00,0x00,0x00,0x00,0x00,0x00,
    0x0F,0x80,0x1F,0x80,0x1C,0x00,0x1C,0x00,0x1C,0x00,0x1C,0x00,0x1C,0x00,0x1C,0x00,
    0x1C,0x00,0x1C,0x00,0x1C,0x00,0x1C,0x00,0x1C,0x00,0x1C,0x00,0x1C,0x00,0x1C,0x00,
    0x1C,0x00,0x1C,0x00,0x1C,0x00,0x1C,0x00,0x1C,0x00,0x1C,0x00,0x18,0x00,0x18,0x00,
    0x18,0x00,0x18,0x00,0x18,0x00,0x18,0x00,0x3F,0x00,0x3F,0x00,0x00,0x00,0x00,0x00,
    0x00,0x00,0x00,0x00,0x00,0x00,0x00,0x00,0x00,0x00,0x00,0x00,0x00,0x00,0x00,0x00,
    0x00,0x00,0x00,0x00,0x00,0x00,0x60,0x00,0x60,0x00,0x30,0x00,0x30,0x00,0x30,0x00,
    0x18,0x00,0x18,0x00,0x18,0x00,0x1C,0x00,0x0C,0x00,0x0C,0x00,0x0E,0x00,0x06,0x00,
    0x06,0x00,0x07,0x00,0x03,0x00,0x03,0x00,0x03,0x80,0x01,0x80,0x01,0x80,0x01,0xC0,
    0x00,0xC0,0x00,0xC0,0x00,0xC0,0x00,0x60,0x00,0x60,0x00,0x60,0x00,0x00,0x00,0x00,
    0x00,0x00,0x00,0x00,0x00,0x00,0x00,0x00,0x00,0x00,0x00,0x00,0x00,0x00,0x00,0x00,
    0x00,0x00,0x00,0x00,0x00,0x00,0x00,0x00,0x00,0x00,0x00,0x00,0x00,0x00,0x00,0x00,
    0x3E,0x00,0x3E,0x00,0x06,0x00,0x06,0x00,0x06,0x00,0x06,0x00,0x06,0x00,0x0E,0x00,
    0x0E,0x00,0x0E,0x00,0x0E,0x00,0x0E,0x00,0x0E,0x00,0x0E,0x00,0x0E,0x00,0x0E,0x00,
    0x0E,0x00,0x0E,0x00,0x0E,0x00,0x0E,0x00,0x0E,0x00,0x0E,0x00,0x0E,0x00,0x0E,0x00,
    0x0E,0x00,0x0E,0x00,0x0E,0x00,0x0E,0x00,0x7C,0x00,0x7C,0x00,0x00,0x00,0x00,0x00,
    0x00,0x00,0x00,0x00,0x00,0x00,0x00,0x00,0x00,0x00,0x00,0x00,0x00,0x00,0x00,0x00,
    0x00,0x00,0x00,0x00,0x00,0x00,0x00,0x00,0x00,0x00,0x00,0x00,0x00,0x00,0x00,0x00,
    0x00,0x00,0x00,0x00,0x00,0x00,0x00,0x00,0x00,0x00,0x00,0xC0,0x00,0x01,0xE0,0x00,
    0x01,0xE0,0x00,0x03,0x30,0x00,0x07,0x38,0x00,0x0E,0x18,0x00,0x0C,0x0C,0x00,0x18,
    0x0E,0x00,0x38,0x06,0x00,0x30,0x03,0x00,0x00,0x02,0x00,0x00,0x00,0x00,0x00,0x00,
    0x00,0x00,0x00,0x00,0x00,0x00,0x00,0x00,0x00,0x00,0x00,0x00,0x00,0x00,0x00,0x00,
    0x00,0x00,0x00,0x00,0x00,0x00,0x00,0x00,0x00,0x00,0x00,0x00,0x00,0x00,0x00,0x00,
    0x00,0x00,0x00,0x00,0x00,0x00,0x00,0x00,0x00,0x00,0x00,0x00,0x00,0x00,0x00,0x00,
    0x00,0x00,0x00,0x00,0x00,0x00,0x00,0x00,0x00,0x00,0x00,0x00,0x00,0x00,0x00,0x00,
    0x00,0x00,0x00,0x00,0x00,0x00,0x00,0x00,0x00,0x00,0x00,0x00,0x00,0x00,0x00,0x00,
    0x00,0x00,0x00,0x00,0x00,0x00,0x00,0x00,0x00,0x00,0x00,0x00,0x00,0x00,0x00,0x00,
    0x00,0x00,0x00,0x00,0x00,0x00,0x00,0x00,0x00,0x00,0x00,0x00,0x00,0x00,0x00,0x00,
    0x00,0x00,0x00,0x00,0x00,0x00,0x00,0x00,0x00,0x00,0x00,0x00,0xFF,0xFC,0xFF,0xFC,
    0x00,0x00,0x00,0x00,0x00,0x00,0x00,0x00,0x00,0x00,0x00,0x00,0x00,0x00,0x00,0x00,
    0x00,0x00,0x00,0x00,0x00,0x00,0x00,0x00,0x00,0x00,0x00,0x00,0x00,0x00,0x00,0x00,
    0x00,0x00,0x00,0x00,0x00,0x00,0x06,0x00,0x07,0x00,0x07,0x80,0x03,0x80,0x00,0xC0,
    0x00,0x00,0x00,0x00,0x00,0x00,0x00,0x00,0x00,0x00,0x00,0x00,0x00,0x00,0x00,0x00,
    0x00,0x00,0x00,0x00,0x00,0x00,0x00,0x00,0x00,0x00,0x00,0x00,0x00,0x00,0x00,0x00,
    0x00,0x00,0x00,0x00,0x00,0x00,0x00,0x00,0x00,0x00,0x00,0x00,0x00,0x00,0x00,0x00,
    0x00,0x00,0x00,0x00,0x00,0x00,0x00,0x00,0x00,0x00,0x00,0x00,0x00,0x00,0x00,0x00,
    0x00,0x00,0x00,0x00,0x00,0x00,0x00,0x00,0x00,0x00,0x00,0x00,0x00,0x00,0x00,0x00,
    0x00,0x00,0x00,0x00,0x00,0x00,0x00,0x00,0x00,0x00,0x00,0x00,0x00,0x00,0x00,0x00,
    0x00,0x00,0x00,0x00,0x00,0x00,0x00,0x00,0x00,0x00,0x00,0x00,0x00,0x00,0x00,0x00,
    0x07,0xFC,0x00,0x0F,0xFC,0x00,0x1C,0x1C,0x00,0x3C,0x1C,0x00,0x38,0x1C,0x00,0x38,
    0x3C,0x00,0x70,0x3C,0x00,0x70,0x3C,0x00,0x70,0x3C,0x00,0x70,0x7C,0x00,0x70,0x7C,
    0x00,0x30,0xDC,0x00,0x38,0xDC,0x00,0x3F,0x9F,0x00,0x0F,0x0E,0x00,0x00,0x00,0x00,
    0x00,0x00,0x00,0x00,0x00,0x00,0x00,0x00,0x00,0x00,0x00,0x00,0x00,0x00,0x00,0x00,
    0x00,0x00,0x00,0x00,0x00,0x00,0x00,0x00,0x00,0x00,0x00,0x00,0x00,0x00,0x00,0x00,
    0x00,0x00,0x00,0x00,0x00,0x00,0x00,0x00,0x00,0x00,0x00,0x00,0x00,0x00,0x00,0x00,
    0x00,0x00,0xFC,0x00,0x7C,0x00,0x1C,0x00,0x1C,0x00,0x1C,0x00,0x1C,0x00,0x18,0x00,
    0x18,0xF8,0x19,0xFC,0x19,0x8E,0x1B,0x0E,0x1B,0x0E,0x3E,0x0E,0x3E,0x0E,0x3E,0x0E,
    0x3C,0x0E,0x3C,0x0E,0x3C,0x1C,0x3C,0x1C,0x38,0x38,0x3F,0xF0,0x0F,0xE0,0x00,0x00,
    0x00,0x00,0x00,0x00,0x00,0x00,0x00,0x00,0x00,0x00,0x00,0x00,0x00,0x00,0x00,0x00,
    0x00,0x00,0x00,0x00,0x00,0x00,0x00,0x00,0x00,0x00,0x00,0x00,0x00,0x00,0x00,0x00,
    0x00,0x00,0x00,0x00,0x00,0x00,0x00,0x00,0x00,0x00,0x00,0x00,0x00,0x00,0x00,0x00,
    0x00,0x00,0x00,0x00,0x00,0x00,0x00,0x00,0x07,0xE0,0x0F,0xF0,0x1C,0x38,0x38,0x38,
    0x38,0x78,0x30,0x30,0x70,0x00,0x70,0x00,0x70,0x00,0x70,0x00,0x70,0x00,0x38,0x10,
    0x3C,0x30,0x1F,0xE0,0x0F,0xC0,0x00,0x00,0x00,0x00,0x00,0x00,0x00,0x00,0x00,0x00,
    0x00,0x00,0x00,0x00,0x00,0x00,0x00,0x00,0x00,0x00,0x00,0x00,0x00,0x00,0x00,0x00,
    0x00,0x00,0x00,0x00,0x00,0x00,0x00,0x00,0x00,0x00,0x00,0x00,0x00,0x00,0x00,0x00,
    0x00,0x00,0x00,0x00,0x00,0x00,0x00,0x00,0x00,0x00,0x00,0x00,0x00,0x00,0x00,0x00,
    0x7C,0x00,0x00,0x7C,0x00,0x00,0x1C,0x00,0x00,0x1C,0x00,0x00,0x1C,0x00,0x00,0x1C,
    0x00,0x00,0x1C,0x00,0x07,0xFC,0x00,0x0F,0xFC,0x00,0x1C,0x1C,0x00,0x38,0x1C,0x00,
    0x38,0x1C,0x00,0x38,0x3C,0x00,0x70,0x3C,0x00,0x70,0x3C,0x00,0x70,0x3C,0x00,0x70,
    0x7C,0x00,0x70,0x7C,0x00,0x30,0xDC,0x00,0x38,0xDC,0x00,0x3F,0x9F,0x00,0x1F,0x0F,
    0x00,0x00,0x00,0x00,0x00,0x00,0x00,0x00,0x00,0x00,0x00,0x00,0x00,0x00,0x00,0x00,
    0x00,0x00,0x00,0x00,0x00,0x00,0x00,0x00,0x00,0x00,0x00,0x00,0x00,0x00,0x00,0x00,
    0x00,0x00,0x00,0x00,0x00,0x00,0x00,0x00,0x00,0x00,0x00,0x00,0x00,0x00,0x00,0x00,
    0x00,0x00,0x00,0x00,0x00,0x00,0x00,0x00,0x00,0x00,0x00,0x00,0x00,0x00,0x00,0x00,
    0x00,0x00,0x00,0x00,0x07,0xE0,0x0F,0xF0,0x1C,0x78,0x38,0x38,0x38,0x38,0x30,0x70,
    0x71,0xF0,0x7F,0xC0,0x7F,0x00,0x70,0x00,0x70,0x00,0x38,0x00,0x3C,0x30,0x1F,0xF0,
    0x0F,0xC0,0x00,0x00,0x00,0x00,0x00,0x00,0x00,0x00,0x00,0x00,0x00,0x00,0x00,0x00,
    0x00,0x00,0x00,0x00,0x00,0x00,0x00,0x00,0x00,0x00,0x00,0x00,0x00,0x00,0x00,0x00,
    0x00,0x00,0x00,0x00,0x00,0x00,0x00,0x00,0x00,0x00,0x00,0x00,0x00,0x00,0x01,0xE0,
    0x07,0xE0,0x06,0x00,0x0E,0x20,0x0E,0x00,0x0C,0x00,0x0C,0x00,0x7F,0xE0,0x7F,0xC0,
    0x1C,0x00,0x1C,0x00,0x1C,0x00,0x1C,0x00,0x1C,0x00,0x1C,0x00,0x1C,0x00,0x1C,0x00,
    0x1C,0x00,0x1C,0x00,0x1C,0x00,0x1C,0x00,0x1C,0x00,0x18,0x00,0x18,0x00,0x18,0x00,
    0x18,0x00,0xF0,0x00,0xF0,0x00,0xE0,0x00,0x00,0x00,0x00,0x00,0x00,0x00,0x00,0x00,
    0x00,0x00,0x00,0x00,0x00,0x00,0x00,0x00,0x00,0x00,0x00,0x00,0x00,0x00,0x00,0x00,
    0x00,0x00,0x00,0x00,0x00,0x00,0x00,0x00,0x00,0x00,0x00,0x00,0x00,0x00,0x00,0x00,
    0x00,0x00,0x00,0x00,0x07,0xFC,0x0F,0xFC,0x1C,0x1C,0x3C,0x1C,0x38,0x1C,0x38,0x3C,
    0x70,0x3C,0x70,0x3C,0x70,0x3C,0x70,0x7C,0x70,0x7C,0x38,0xDC,0x38,0xDC,0x3F,0x9C,
    0x0F,0x18,0x00,0x18,0x10,0x38,0x38,0x38,0x78,0x70,0x78,0xF0,0x3F,0xE0,0x1F,0x80,
    0x00,0x00,0x00,0x00,0x00,0x00,0x00,0x00,0x00,0x00,0x00,0x00,0x00,0x00,0x00,0x00,
    0x00,0x00,0x00,0x00,0x00,0x00,0x00,0x00,0x00,0x00,0x00,0x00,0x00,0x00,0x00,0x00,
    0x00,0x00,0x00,0x00,0x00,0x00,0x00,0x00,0x00,0x00,0x00,0xFC,0x00,0x00,0x7C,0x00,
    0x00,0x1C,0x00,0x00,0x1C,0x00,0x00,0x1C,0x00,0x00,0x1C,0x00,0x00,0x1C,0x00,0x00,
    0x1C,0x78,0x00,0x18,0xFC,0x00,0x19,0xCC,0x00,0x19,0x8E,0x00,0x19,0x8E,0x00,0x1B,
    0x0C,0x00,0x1B,0x1C,0x00,0x1B,0x1C,0x00,0x3E,0x1C,0x00,0x3E,0x1C,0x00,0x3E,0x1C,
    0x00,0x3C,0x1C,0x00,0x3C,0x1C,0x00,0x38,0x1F,0x80,0x38,0x1F,0x00,0x00,0x00,0x00,
    0x00,0x00,0x00,0x00,0x00,0x00,0x00,0x00,0x00,0x00,0x00,0x00,0x00,0x00,0x00,0x00,
    0x00,0x00,0x00,0x00,0x00,0x00,0x00,0x00,0x00,0x00,0x00,0x00,0x00,0x00,0x00,0x00,
    0x00,0x00,0x00,0x00,0x00,0x00,0x00,0x00,0x00,0x00,0x00,0x00,0x00,0x00,0x00,0x00,
    0x00,0x00,0x1C,0x00,0x1E,0x00,0x1E,0x00,0x1C,0x00,0x00,0x00,0x00,0x00,0x00,0x00,
    0x78,0x00,0xFC,0x00,0x1C,0x00,0x1C,0x00,0x1C,0x00,0x1C,0x00,0x1C,0x00,0x1C,0x00,
    0x1C,0x00,0x1C,0x00,0x1C,0x00,0x18,0x00,0x19,0x00,0x1F,0x00,0x1E,0x00,0x00,0x00,
    0x00,0x00,0x00,0x00,0x00,0x00,0x00,0x00,0x00,0x00,0x00,0x00,0x00,0x00,0x00,0x00,
    0x00,0x00,0x00,0x00,0x00,0x00,0x00,0x00,0x00,0x00,0x00,0x00,0x00,0x00,0x00,0x00,
    0x00,0x00,0x00,0x00,0x00,0x00,0x00,0x00,0x00,0x00,0x1C,0x00,0x1C,0x00,0x1C,0x00,
    0x1C,0x00,0x00,0x00,0x00,0x00,0x00,0x00,0x7C,0x00,0x7C,0x00,0x0C,0x00,0x0C,0x00,
    0x1C,0x00,0x1C,0x00,0x1C,0x00,0x1C,0x00,0x1C,0x00,0x1C,0x00,0x1C,0x00,0x1C,0x00,
    0x1C,0x00,0x1C,0x00,0x1C,0x00,0x18,0x00,0x18,0x00,0x18,0x00,0x18,0x00,0xF0,0x00,
    0xF0,0x00,0xE0,0x00,0x00,0x00,0x00,0x00,0x00,0x00,0x00,0x00,0x00,0x00,0x00,0x00,
    0x00,0x00,0x00,0x00,0x00,0x00,0x00,0x00,0x00,0x00,0x00,0x00,0x00,0x00,0x00,0x00,
    0x00,0x00,0xFC,0x00,0x7C,0x00,0x1C,0x00,0x1C,0x00,0x1C,0x00,0x1C,0x00,0x1C,0x00,
    0x18,0x38,0x18,0x7C,0x18,0x3C,0x18,0x38,0x18,0x70,0x19,0xE0,0x3F,0x80,0x3F,0x80,
    0x39,0xC0,0x39,0xE0,0x38,0xE0,0x38,0x70,0x38,0x70,0x38,0x3F,0x38,0x1E,0x00,0x00,
    0x00,0x00,0x00,0x00,0x00,0x00,0x00,0x00,0x00,0x00,0x00,0x00,0x00,0x00,0x00,0x00,
    0x00,0x00,0x00,0x00,0x00,0x00,0x00,0x00,0x00,0x00,0x00,0x00,0x00,0xFC,0x7C,0x1C,
    0x1C,0x1C,0x1C,0x1C,0x1C,0x1C,0x18,0x18,0x18,0x18,0x38,0x38,0x38,0x38,0x38,0x38,
    0x38,0x3F,0x1E,0x00,0x00,0x00,0x00,0x00,0x00,0x00,0x00,0x00,0x00,0x00,0x00,0x00,
    0x00,0x00,0x00,0x00,0x00,0x00,0x00,0x00,0x00,0x00,0x00,0x00,0x00,0x00,0x00,0x00,
    0x00,0x00,0x00,0x00,0x00,0x00,0x00,0x00,0x00,0x00,0x00,0x00,0x00,0x00,0x00,0x00,
    0x00,0x00,0x00,0x00,0x00,0x00,0x00,0x00,0x00,0x00,0x00,0x00,0x00,0x00,0x00,0x00,
    0x00,0x00,0x00,0x00,0x00,0x00,0x00,0x00,0x00,0x00,0x00,0x00,0x00,0x00,0x00,0x00,
    0x00,0x00,0x00,0x00,0x00,0x00,0x00,0x00,0x00,0x00,0x00,0x00,0xF8,0x78,0x3C,0x00,
    0xFC,0xFC,0x7E,0x00,0x1D,0x9C,0xCE,0x00,0x1D,0x8C,0xCE,0x00,0x1D,0x8D,0x8E,0x00,
    0x1B,0x1D,0x8E,0x00,0x1B,0x1D,0x8E,0x00,0x1B,0x1F,0x0E,0x00,0x1E,0x1F,0x0E,0x00,
    0x1E,0x1E,0x0C,0x00,0x1E,0x1E,0x1C,0x00,0x1C,0x1E,0x1C,0x00,0x1C,0x1C,0x1C,0x00,
    0x1C,0x1C,0x1F,0x80,0x18,0x1C,0x0F,0x00,0x00,0x00,0x00,0x00,0x00,0x00,0x00,0x00,
    0x00,0x00,0x00,0x00,0x00,0x00,0x00,0x00,0x00,0x00,0x00,0x00,0x00,0x00,0x00,0x00,
    0x00,0x00,0x00,0x00,0x00,0x00,0x00,0x00,0x00,0x00,0x00,0x00,0x00,0x00,0x00,0x00,
    0x00,0x00,0x00,0x00,0x00,0x00,0x00,0x00,0x00,0x00,0x00,0x00,0x00,0x00,0x00,0x00,
    0x00,0x00,0x00,0x00,0x00,0x00,0x00,0x00,0x00,0x00,0x00,0x00,0x00,0x00,0x00,0x00,
    0x00,0x00,0x00,0x00,0x00,0x00,0x00,0x00,0x00,0x00,0x00,0x00,0x00,0x00,0x00,0x00,
    0x00,0x00,0x00,0x00,0x00,0x00,0x00,0x00,0xF8,0x7C,0x00,0xFC,0xFC,0x00,0x1C,0xCE,
    0x00,0x1D,0x8E,0x00,0x1D,0x8E,0x00,0x19,0x8E,0x00,0x1B,0x0E,0x00,0x1B,0x0E,0x00,
    0x1A,0x0C,0x00,0x1E,0x1C,0x00,0x1E,0x1C,0x00,0x1C,0x1C,0x00,0x1C,0x1C,0x00,0x1C,
    0x1F,0x80,0x18,0x0F,0x00,0x00,0x00,0x00,0x00,0x00,0x00,0x00,0x00,0x00,0x00,0x00,
    0x00,0x00,0x00,0x00,0x00,0x00,0x00,0x00,0x00,0x00,0x00,0x00,0x00,0x00,0x00,0x00,
    0x00,0x00,0x00,0x00,0x00,0x00,0x00,0x00,0x00,0x00,0x00,0x00,0x00,0x00,0x00,0x00,
    0x00,0x00,0x00,0x00,0x00,0x00,0x00,0x00,0x00,0x00,0x00,0x00,0x00,0x00,0x00,0x00,
    0x00,0x00,0x00,0x00,0x00,0x00,0x00,0x00,0x07,0xE0,0x0F,0xF0,0x1C,0x38,0x38,0x1C,
    0x38,0x1C,0x78,0x1C,0x70,0x1C,0x70,0x1C,0x70,0x1C,0x70,0x1C,0x78,0x1C,0x38,0x38,
    0x3C,0x38,0x1F,0xF0,0x0F,0xE0,0x00,0x00,0x00,0x00,0x00,0x00,0x00,0x00,0x00,0x00,
    0x00,0x00,0x00,0x00,0x00,0x00,0x00,0x00,0x00,0x00,0x00,0x00,0x00,0x00,0x00,0x00,
    0x00,0x00,0x00,0x00,0x00,0x00,0x00,0x00,0x00,0x00,0x00,0x00,0x00,0x00,0x00,0x00,
    0x00,0x00,0x00,0x00,0x00,0x00,0x00,0x00,0x00,0x00,0x00,0x00,0x00,0x00,0x00,0x00,
    0x00,0x00,0x00,0x00,0x00,0x00,0x00,0x00,0x00,0x00,0x00,0x00,0x00,0x00,0x00,0x00,
    0x00,0x00,0x00,0x00,0x78,0x78,0x00,0xFC,0xFC,0x00,0x1D,0x8E,0x00,0x1D,0x8E,0x00,
    0x1F,0x06,0x00,0x1B,0x07,0x00,0x1A,0x07,0x00,0x1E,0x0E,0x00,0x1E,0x0E,0x00,0x1E,
    0x0E,0x00,0x1C,0x0E,0x00,0x1C,0x1C,0x00,0x1C,0x3C,0x00,0x1F,0xF8,0x00,0x1F,0xE0,
    0x00,0x38,0x00,0x00,0x38,0x00,0x00,0x38,0x00,0x00,0x38,0x00,0x00,0x38,0x00,0x00,
    0x3E,0x00,0x00,0x3F,0x00,0x00,0x00,0x00,0x00,0x00,0x00,0x00,0x00,0x00,0x00,0x00,
    0x00,0x00,0x00,0x00,0x00,0x00,0x00,0x00,0x00,0x00,0x00,0x00,0x00,0x00,0x00,0x00,
    0x00,0x00,0x00,0x00,0x00,0x00,0x00,0x00,0x00,0x00,0x00,0x00,0x00,0x00,0x00,0x00,
    0x00,0x00,0x00,0x00,0x07,0xFC,0x0F,0xFC,0x1C,0x1C,0x38,0x1C,0x38,0x1C,0x38,0x3C,
    0x70,0x3C,0x70,0x3C,0x70,0x3C,0x70,0x7C,0x70,0x7C,0x38,0xD8,0x38,0xD8,0x3F,0x98,
    0x1F,0x18,0x00,0x18,0x00,0x18,0x00,0x18,0x00,0x18,0x00,0x18,0x00,0x1F,0x00,0x1E,
    0x00,0x00,0x00,0x00,0x00,0x00,0x00,0x00,0x00,0x00,0x00,0x00,0x00,0x00,0x00,0x00,
    0x00,0x00,0x00,0x00,0x00,0x00,0x00,0x00,0x00,0x00,0x00,0x00,0x00,0x00,0x00,0x00,
    0x00,0x00,0x00,0x00,0x00,0x00,0x00,0x00,0x00,0x00,0x00,0x00,0x78,0xF0,0xFC,0xF8,
    0x1D,0xF8,0x1D,0xB0,0x1F,0x00,0x1F,0x00,0x1E,0x00,0x1E,0x00,0x1C,0x00,0x1C,0x00,
    0x1C,0x00,0x18,0x00,0x18,0x00,0x38,0x00,0x38,0x00,0x00,0x00,0x00,0x00,0x00,0x00,
    0x00,0x00,0x00,0x00,0x00,0x00,0x00,0x00,0x00,0x00,0x00,0x00,0x00,0x00,0x00,0x00,
    0x00,0x00,0x00,0x00,0x00,0x00,0x00,0x00,0x00,0x00,0x00,0x00,0x00,0x00,0x00,0x00,
    0x00,0x00,0x00,0x00,0x00,0x00,0x00,0x00,0x00,0x00,0x00,0x00,0x00,0x00,0x00,0x00,
    0x00,0x00,0x00,0x00,0x0F,0xC0,0x1F,0xE0,0x38,0x70,0x38,0x70,0x38,0x00,0x3C,0x00,
    0x1F,0x00,0x0F,0xC0,0x03,0xE0,0x00,0xE0,0x00,0x60,0x70,0x60,0x70,0xE0,0x7F,0xC0,
    0x1F,0x80,0x00,0x00,0x00,0x00,0x00,0x00,0x00,0x00,0x00,0x00,0x00,0x00,0x00,0x00,
    0x00,0x00,0x00,0x00,0x00,0x00,0x00,0x00,0x00,0x00,0x00,0x00,0x00,0x00,0x00,0x00,
    0x00,0x00,0x00,0x00,0x00,0x00,0x00,0x00,0x00,0x00,0x00,0x00,0x00,0x00,0x00,0x00,
    0x00,0x00,0x0C,0x00,0x0C,0x00,0x0C,0x00,0x0C,0x00,0x1C,0x00,0x7F,0xE0,0x7F,0xC0,
    0x1C,0x00,0x1C,0x00,0x1C,0x00,0x1C,0x00,0x1C,0x00,0x1C,0x00,0x1C,0x00,0x1C,0x00,
    0x1C,0x00,0x1C,0x00,0x1C,0x60,0x1F,0xE0,0x0F,0x80,0x00,0x00,0x00,0x00,0x00,0x00,
    0x00,0x00,0x00,0x00,0x00,0x00,0x00,0x00,0x00,0x00,0x00,0x00,0x00,0x00,0x00,0x00,
    0x00,0x00,0x00,0x00,0x00,0x00,0x00,0x00,0x00,0x00,0x00,0x00,0x00,0x00,0x00,0x00,
    0x00,0x00,0x00,0x00,0x00,0x00,0x00,0x00,0x00,0x00,0x00,0x00,0x00,0x00,0x00,0x00,
    0x00,0x00,0x00,0x00,0x00,0x00,0x00,0x00,0x00,0x00,0x00,0x00,0x00,0x00,0x00,0x00,
    0x00,0x00,0x00,0x00,0x00,0x00,0x00,0x00,0x7C,0x0E,0x00,0x7C,0x1E,0x00,0x1C,0x1E,
    0x00,0x1C,0x1C,0x00,0x1C,0x3C,0x00,0x1C,0x3C,0x00,0x1C,0x3C,0x00,0x1C,0x6C,0x00,
    0x1C,0x6C,0x00,0x1C,0x6C,0x00,0x18,0xCC,0x00,0x18,0xDC,0x00,0x1D,0xDC,0x00,0x1F,
    0x9F,0x80,0x0F,0x0F,0x00,0x00,0x00,0x00,0x00,0x00,0x00,0x00,0x00,0x00,0x00,0x00,
    0x00,0x00,0x00,0x00,0x00,0x00,0x00,0x00,0x00,0x00,0x00,0x00,0x00,0x00,0x00,0x00,
    0x00,0x00,0x00,0x00,0x00,0x00,0x00,0x00,0x00,0x00,0x00,0x00,0x00,0x00,0x00,0x00,
    0x00,0x00,0x00,0x00,0x00,0x00,0x00,0x00,0x00,0x00,0x00,0x00,0x00,0x00,0x00,0x00,
    0x00,0x00,0x00,0x00,0x00,0x00,0x00,0x00,0x78,0x3C,0xFC,0x3C,0x1C,0x3C,0x1C,0x0C,
    0x1C,0x0C,0x1C,0x0C,0x18,0x0C,0x18,0x1C,0x18,0x18,0x38,0x18,0x38,0x38,0x38,0x30,
    0x18,0x60,0x1F,0xE0,0x0F,0x80,0x00,0x00,0x00,0x00,0x00,0x00,0x00,0x00,0x00,0x00,
    0x00,0x00,0x00,0x00,0x00,0x00,0x00,0x00,0x00,0x00,0x00,0x00,0x00,0x00,0x00,0x00,
    0x00,0x00,0x00,0x00,0x00,0x00,0x00,0x00,0x00,0x00,0x00,0x00,0x00,0x00,0x00,0x00,
    0x00,0x00,0x00,0x00,0x00,0x00,0x00,0x00,0x00,0x00,0x00,0x00,0x00,0x00,0x00,0x00,
    0x00,0x00,0x00,0x00,0x00,0x00,0x00,0x00,0x00,0x00,0x00,0x00,0x00,0x00,0x00,0x00,
    0x00,0x00,0x00,0x00,0x78,0x18,0x38,0xFC,0x18,0x78,0x1C,0x18,0x7C,0x1C,0x18,0x1C,
    0x1C,0x18,0x1C,0x1C,0x18,0x1C,0x18,0x18,0x18,0x18,0x18,0x18,0x18,0x38,0x38,0x38,
    0x38,0x38,0x38,0x38,0x30,0x38,0x78,0x70,0x1C,0x78,0xE0,0x1F,0xDF,0xC0,0x0F,0x8F,
    0x80,0x00,0x00,0x00,0x00,0x00,0x00,0x00,0x00,0x00,0x00,0x00,0x00,0x00,0x00,0x00,
    0x00,0x00,0x00,0x00,0x00,0x00,0x00,0x00,0x00,0x00,0x00,0x00,0x00,0x00,0x00,0x00,
    0x00,0x00,0x00,0x00,0x00,0x00,0x00,0x00,0x00,0x00,0x00,0x00,0x00,0x00,0x00,0x00,
    0x00,0x00,0x00,0x00,0x00,0x00,0x00,0x00,0x00,0x00,0x00,0x00,0x00,0x00,0x00,0x00,
    0x00,0x00,0x00,0x00,0x7C,0x1C,0xFC,0x3C,0x0E,0x1C,0x0E,0x1C,0x07,0x38,0x07,0x60,
    0x03,0xC0,0x03,0x80,0x0F,0xC0,0x1D,0xC0,0x38,0xE0,0x70,0xE0,0x70,0x70,0x78,0x7E,
    0x70,0x3C,0x00,0x00,0x00,0x00,0x00,0x00,0x00,0x00,0x00,0x00,0x00,0x00,0x00,0x00,
    0x00,0x00,0x00,0x00,0x00,0x00,0x00,0x00,0x00,0x00,0x00,0x00,0x00,0x00,0x00,0x00,
    0x00,0x00,0x00,0x00,0x00,0x00,0x00,0x00,0x00,0x00,0x00,0x00,0x00,0x00,0x00,0x00,
    0x00,0x00,0x00,0x00,0x00,0x00,0x00,0x00,0x00,0x00,0x00,0x00,0x78,0x1C,0xFC,0x3C,
    0x1C,0x3E,0x1C,0x0C,0x1C,0x0C,0x1C,0x0C,0x1C,0x18,0x1C,0x18,0x1C,0x38,0x1C,0x30,
    0x0C,0x70,0x0E,0x60,0x0E,0x60,0x07,0xC0,0x03,0xC0,0x01,0xC0,0x01,0x80,0x03,0x80,
    0x63,0x00,0x73,0x00,0x7E,0x00,0x7C,0x00,0x00,0x00,0x00,0x00,0x00,0x00,0x00,0x00,
    0x00,0x00,0x00,0x00,0x00,0x00,0x00,0x00,0x00,0x00,0x00,0x00,0x00,0x00,0x00,0x00,
    0x00,0x00,0x00,0x00,0x00,0x00,0x00,0x00,0x00,0x00,0x00,0x00,0x00,0x00,0x00,0x00,
    0x00,0x00,0x00,0x00,0x3F,0xF8,0x3F,0xF8,0x30,0x70,0x30,0x70,0x20,0xE0,0x01,0xC0,
    0x03,0x80,0x03,0x80,0x07,0x00,0x0E,0x00,0x1C,0x18,0x1C,0x18,0x38,0x38,0x7F,0xF8,
    0x3F,0xF0,0x00,0x00,0x00,0x00,0x00,0x00,0x00,0x00,0x00,0x00,0x00,0x00,0x00,0x00,
    0x00,0x00,0x00,0x00,0x00,0x00,0x00,0x00,0x00,0x00,0x00,0x00,0x00,0x00,0x00,0x00,
    0x00,0x00,0x00,0x00,0x00,0x00,0x00,0x00,0x00,0x00,0x00,0x00,0x03,0xC0,0x07,0xC0,
    0x0E,0x00,0x0E,0x00,0x0E,0x00,0x0E,0x00,0x0E,0x00,0x06,0x00,0x06,0x00,0x07,0x00,
    0x07,0x00,0x07,0x00,0x0E,0x00,0x0E,0x00,0x38,0x00,0x3C,0x00,0x0E,0x00,0x0E,0x00,
    0x0E,0x00,0x0E,0x00,0x0E,0x00,0x0E,0x00,0x0E,0x00,0x0E,0x00,0x0E,0x00,0x0C,0x00,
    0x1C,0x00,0x0E,0x00,0x0F,0x80,0x07,0x80,0x00,0x00,0x00,0x00,0x00,0x00,0x00,0x00,
    0x00,0x00,0x00,0x00,0x00,0x00,0x00,0x00,0x00,0x00,0x00,0x00,0x00,0x00,0x00,0x00,
    0x00,0x00,0x02,0x00,0x03,0x00,0x03,0x00,0x07,0x00,0x07,0x00,0x07,0x00,0x06,0x00,
    0x06,0x00,0x06,0x00,0x06,0x00,0x06,0x00,0x06,0x00,0x06,0x00,0x06,0x00,0x06,0x00,
    0x06,0x00,0x06,0x00,0x06,0x00,0x06,0x00,0x06,0x00,0x06,0x00,0x06,0x00,0x06,0x00,
    0x06,0x00,0x06,0x00,0x06,0x00,0x06,0x00,0x00,0x00,0x00,0x00,0x00,0x00,0x00,0x00,
    0x00,0x00,0x00,0x00,0x00,0x00,0x00,0x00,0x00,0x00,0x00,0x00,0x00,0x00,0x00,0x00,
    0x00,0x00,0x00,0x00,0x00,0x00,0x00,0x00,0x00,0x00,0x00,0x00,0x3C,0x00,0x3E,0x00,
    0x0E,0x00,0x07,0x00,0x07,0x00,0x0E,0x00,0x0E,0x00,0x0E,0x00,0x0E,0x00,0x0E,0x00,
    0x0E,0x00,0x0E,0x00,0x0E,0x00,0x07,0x00,0x03,0x80,0x07,0x80,0x0E,0x00,0x0E,0x00,
    0x0C,0x00,0x0C,0x00,0x0E,0x00,0x0E,0x00,0x0E,0x00,0x0E,0x00,0x0E,0x00,0x0E,0x00,
    0x0E,0x00,0x0E,0x00,0x7C,0x00,0x78,0x00,0x00,0x00,0x00,0x00,0x00,0x00,0x00,0x00,
    0x00,0x00,0x00,0x00,0x00,0x00,0x00,0x00,0x00,0x00,0x00,0x00,0x00,0x00,0x00,0x00,
    0x00,0x00,0x00,0x00,0x00,0x00,0x00,0x00,0x00,0x00,0x00,0x00,0x00,0x00,0x00,0x00,
    0x00,0x00,0x00,0x00,0x00,0x00,0x00,0x00,0x00,0x00,0x00,0x00,0x00,0x00,0x00,0x00,
    0x00,0x00,0x00,0x00,0x00,0x00,0x00,0x00,0x00,0x00,0x00,0x00,0x00,0x00,0x00,0x00,
    0x00,0x00,0x00,0x00,0x00,0x00,0x00,0x0F,0xC3,0x00,0x1F,0xFF,0x00,0x18,0x3E,0x00,
    0x00,0x00,0x00,0x00,0x00,0x00,0x00,0x00,0x00,0x00,0x00,0x00,0x00,0x00,0x00,0x00,
    0x00,0x00,0x00,0x00,0x00,0x00,0x00,0x00,0x00,0x00,0x00,0x00,0x00,0x00,0x00,0x00,
    0x00,0x00,0x00,0x00,0x00,0x00,0x00,0x00,0x00,0x00,0x00,0x00,0x00,0x00,0x00,0x00,
    0x00,0x00,0x00,0x00,0x00,0x00,0x00,0x00,0x00,0x00,0x00,0x00,0x00,0x00,0x00,0x00,
    0x00,0x00,0x00,0x00,0x00,0x00,0x00,0x00,0x1E,0x00,0x3F,0x00,0x33,0x80,0x61,0x80,
    0x73,0x80,0x3F,0x00,0x1E,0x00,0x00,0x00,0x00,0x00,0x00,0x00,0x00,0x00,0x00,0x00,
    0x00,0x00,0x00,0x00,0x00,0x00,0x00,0x00,0x00,0x00,0x00,0x00,0x00,0x00,0x00,0x00,
    0x00,0x00,0x00,0x00,0x00,0x00,0x00,0x00,0x00,0x00,0x00,0x00,0x00,0x00,0x00,0x00,
    0x00,0x00,0x00,0x00,0x00,0x00,0x00,0x00,0x00,0x00,0x00,0x00,0x00,0x00,0x00,0x00,
    0x00,0x00,0x00,0x00,0x00,0x00,0x00,0x00,0x00,0x00,0x00,0x00,0x00,0x00,0x1F,0x80,
    0x3F,0xC0,0x70,0xE0,0x70,0xE0,0x30,0xC0,0x00,0xC0,0x01,0x80,0x03,0x00,0x06,0x00,
    0x0C,0x60,0x18,0x60,0x3F,0xE0,0x7F,0xE0,0x00,0x00,0x00,0x00,0x00,0x00,0x00,0x00,
    0x00,0x00,0x00,0x00,0x00,0x00,0x00,0x00,0x00,0x00,0x00,0x00,0x00,0x00,0x00,0x00,
    0x00,0x00,0x00,0x00,0x00,0x00,0x00,0x00,0x00,0x00,0x00,0x00,0x00,0x00,0x00,0x00,
    0x00,0x00,0x00,0x00,0x00,0x00,0x00,0x00,0x00,0x00,0x00,0x00,0x00,0x00,0x00,0x00,
    0x00,0x00,0x00,0x00,0x00,0x00,0x1F,0x80,0x3F,0xC0,0x30,0xE0,0x38,0xC0,0x00,0xC0,
    0x07,0x80,0x0F,0xC0,0x00,0xE0,0x00,0xE0,0x30,0xE0,0x70,0xE0,0x7F,0xC0,0x3F,0x00,
    0x00,0x00,0x00,0x00,0x00,0x00,0x00,0x00,0x00,0x00,0x00,0x00,0x00,0x00,0x00,0x00,
    0x00,0x00,0x00,0x00,0x00,0x00,0x00,0x00,0x00,0x00,0x00,0x00,0x00,0x00,0x00,0x00,
    0x00,0x00,0x00,0x00,0x00,0x00,0x00,0x00,0x00,0x00,0x00,0x00,0x00,0x00,0x00,0x00,
    0x00,0x00,0x00,0x00,0x00,0x00,0x00,0x00,0x00,0x00,0x00,0x00,0x00,0x00,0x3C,0x00,
    0x3C,0x00,0x0C,0x00,0x0C,0x00,0x0C,0x00,0x0C,0x00,0x0C,0x00,0x0C,0x00,0x0C,0x00,
    0x0C,0x00,0x0C,0x00,0x1E,0x00,0x7F,0x00,0x00,0x00,0x00,0x00,0x00,0x00,0x00,0x00,
    0x00,0x00,0x00,0x00,0x00,0x00,0x00,0x00,0x00,0x00,0x00,0x00,0x00,0x00,0x00,0x00,
    0x00,0x00,0x00,0x00,0x00,0x00,0x00,0x00,0x00,0x00,0x00,0x00,0x00,0x00,0x00,0x00,
    0x00,0x00,0x00,0x00,0x00,0x00,0x00,0x00,0x00,0x00,0x00,0x00,0x00,0x00,0x00,0x00,
    0x00,0x00,0x00,0x00,0x00,0x00,0x00,0x00,0x00,0x00,0x00,0x00,0x00,0x00,0x00,0x00,
    0x00,0x00,0x00,0x00,0x00,0x00,0x00,0x00,0x00,0x00,0x00,0x00,0x00,0x00,0x00,0x00,
    0x00,0x00,0x00,0x00,0x00,0x00,0x00,0x00,0x00,0x00,0x00,0x00,0x3E,0x00,0x18,0x00,
    0x3E,0x00,0x30,0x00,0x0E,0x00,0x70,0x00,0x0E,0x00,0x60,0x00,0x0E,0x00,0xC0,0x00,
    0x0E,0x00,0xC0,0x00,0x0E,0x01,0x80,0x00,0x0E,0x03,0x87,0x00,0x0C,0x03,0x07,0x00,
    0x0C,0x07,0x0F,0x00,0x0C,0x06,0x1B,0x00,0x1E,0x0C,0x33,0x00,0x7F,0x9C,0x33,0x00,
    0x00,0x18,0x67,0x00,0x00,0x38,0xC7,0x00,0x00,0x30,0xC7,0x00,0x00,0x61,0xFF,0xC0,
    0x00,0x61,0xFF,0xC0,0x00,0xC0,0x07,0x00,0x01,0xC0,0x07,0x00,0x01,0x80,0x00,0x00,
    0x00,0x00,0x00,0x00,0x00,0x00,0x00,0x00,0x00,0x00,0x00,0x00,0x00,0x00,0x00,0x00,
    0x00,0x00,0x00,0x00,0x00,0x00,0x00,0x00,0x00,0x00,0x00,0x00,0x00,0x00,0x00,0x00,
    0x00,0x00,0x00,0x00,0x00,0x00,0x00,0x00,0x00,0x00,0x00,0x00,0x00,0x00,0x00,0x00,
    0x00,0x00,0x00,0x00,0x00,0x00,0x00,0x00,0x00,0x00,0x00,0x00,0x00,0x00,0x00,0x00,
    0x00,0x00,0x00,0x00,0x00,0x00,0x00,0x00,0x00,0x00,0x00,0x00,0x00,0x00,0x00,0x00,
    0x00,0x00,0x00,0x00,0x00,0x00,0x00,0x00,0x00,0x00,0x30,0x00,0x3E,0x00,0x30,0x00,
    0x3E,0x00,0x60,0x00,0x0E,0x00,0xE0,0x00,0x0E,0x00,0xC0,0x00,0x0C,0x01,0xC0,0x00,
    0x0C,0x01,0x80,0x00,0x0C,0x03,0x00,0x00,0x0C,0x03,0x3F,0x00,0x0C,0x06,0x73,0x80,
    0x0C,0x0E,0xE1,0xC0,0x0C,0x0C,0xE1,0xC0,0x0C,0x1C,0x61,0xC0,0x7F,0x18,0x01,0x80,
    0x00,0x30,0x03,0x80,0x00,0x30,0x07,0x00,0x00,0x60,0x0E,0x00,0x00,0xE0,0x1C,0x40,
    0x00,0xC0,0x30,0xC0,0x01,0xC0,0x7F,0xC0,0x01,0x80,0x7F,0xC0,0x01,0x00,0x00,0x00,
    0x00,0x00,0x00,0x00,0x00,0x00,0x00,0x00,0x00,0x00,0x00,0x00,0x00,0x00,0x00,0x00,
    0x00,0x00,0x00,0x00,0x00,0x00,0x00,0x00,0x00,0x00,0x00,0x00,0x00,0x00,0x00,0x00,
    0x00,0x00,0x00,0x00,0x00,0x00,0x00,0x00,0x00,0x00,0x00,0x00,0x00,0x00,0x00,0x00,
    0x00,0x00,0x00,0x00,0x00,0x00,0x00,0x00,0x00,0x00,0x00,0x00,0x00,0x00,0x00,0x00,
    0x00,0x00,0x00,0x00,0x00,0x00,0x00,0x00,0x00,0x00,0x00,0x00,0x00,0x00,0x00,0x00,
    0x00,0x00,0x00,0x00,0x00,0x00,0x00,0x00,0x07,0x80,0x0C,0x00,0x1F,0xE0,0x0C,0x00,
    0x18,0xE0,0x18,0x00,0x18,0x60,0x18,0x00,0x18,0x60,0x30,0x00,0x00,0xE0,0x70,0x00,
    0x03,0xC0,0x60,0x00,0x07,0xE0,0xE0,0x00,0x00,0x60,0xC3,0x80,0x00,0x71,0x87,0x80,
    0x10,0x71,0x87,0x80,0x38,0x63,0x0F,0x80,0x39,0xE7,0x1B,0x80,0x3F,0xC6,0x13,0x80,
    0x0F,0x0E,0x33,0x80,0x00,0x0C,0x63,0x80,0x00,0x18,0xC3,0x80,0x00,0x18,0xFF,0xE0,
    0x00,0x30,0xFF,0xE0,0x00,0x70,0x03,0x80,0x00,0x60,0x03,0x80,0x00,0x40,0x00,0x00,
    0x00,0x00,0x00,0x00,0x00,0x00,0x00,0x00,0x00,0x00,0x00,0x00,0x00,0x00,0x00,0x00,
    0x00,0x00,0x00,0x00,0x00,0x00,0x00,0x00,0x00,0x00,0x00,0x00,0x00,0x00,0x00,0x00,
    0x00,0x00,0x00,0x00,0x00,0x00,0x00,0x00,0x00,0x00,0x00,0x00,0x00,0x00,0x00,0x00,
    0x00,0x00,0x00,0x00,0x00,0x00,0x00,0x00,0x00,0x00,0x00,0x01,0xC0,0x00,0x01,0xE0,
    0x00,0x00,0xF0,0x00,0x00,0x38,0x00,0x00,0x08,0x00,0x00,0x00,0x00,0x00,0x78,0x00,
    0x00,0x78,0x00,0x00,0xF8,0x00,0x00,0xFC,0x00,0x00,0xDC,0x00,0x01,0x9C,0x00,0x01,
    0x9C,0x00,0x01,0x8E,0x00,0x03,0x0E,0x00,0x03,0x0E,0x00,0x07,0x0F,0x00,0x06,0x07,
    0x00,0x07,0xFF,0x00,0x0F,0xFF,0x00,0x0C,0x07,0x80,0x0C,0x03,0x80,0x1C,0x03,0x80,
    0x18,0x03,0xC0,0x7E,0x07,0xF0,0xFE,0x0F,0xF0,0x00,0x00,0x00,0x00,0x00,0x00,0x00,
    0x00,0x00,0x00,0x00,0x00,0x00,0x00,0x00,0x00,0x00,0x00,0x00,0x00,0x00,0x00,0x00,
    0x00,0x00,0x00,0x00,0x00,0x00,0x00,0x00,0x00,0x00,0x00,0x00,0x00,0x00,0x00,0x00,
    0x00,0x00,0x00,0x00,0x00,0x00,0x00,0x00,0x00,0x00,0x00,0x00,0x00,0x04,0x00,0x00,
    0x0E,0x00,0x00,0x1E,0x00,0x00,0x3C,0x00,0x00,0x70,0x00,0x00,0x00,0x00,0x00,0x00,
    0x00,0x00,0x78,0x00,0x00,0x78,0x00,0x00,0xF8,0x00,0x00,0xDC,0x00,0x00,0xDC,0x00,
    0x01,0x9C,0x00,0x01,0x9C,0x00,0x01,0x8E,0x00,0x03,0x0E,0x00,0x03,0x0E,0x00,0x07,
    0x0F,0x00,0x06,0x07,0x00,0x07,0xFF,0x00,0x0F,0xFF,0x00,0x0C,0x07,0x80,0x0C,0x03,
    0x80,0x1C,0x03,0x80,0x18,0x03,0xC0,0x7E,0x07,0xF0,0xFE,0x0F,0xF0,0x00,0x00,0x00,
    0x00,0x00,0x00,0x00,0x00,0x00,0x00,0x00,0x00,0x00,0x00,0x00,0x00,0x00,0x00,0x00,
    0x00,0x00,0x00,0x00,0x00,0x00,0x00,0x00,0x00,0x00,0x00,0x00,0x00,0x00,0x00,0x00,
    0x00,0x00,0x00,0x00,0x00,0x00,0x00,0x00,0x00,0x00,0x00,0x00,0x00,0x00,0x00,0x00,
    0x00,0x30,0x00,0x00,0x78,0x00,0x00,0xFC,0x00,0x01,0xCE,0x00,0x03,0x87,0x00,0x00,
    0x00,0x00,0x00,0x00,0x00,0x00,0x78,0x00,0x00,0x78,0x00,0x00,0xF8,0x00,0x00,0xDC,
    0x00,0x00,0xDC,0x00,0x01,0x9C,0x00,0x01,0x9C,0x00,0x01,0x8E,0x00,0x03,0x0E,0x00,
    0x03,0x0E,0x00,0x07,0x0F,0x00,0x06,0x07,0x00,0x07,0xFF,0x00,0x0F,0xFF,0x00,0x0C,
    0x07,0x80,0x0C,0x03,0x80,0x1C,0x03,0x80,0x18,0x03,0xC0,0x7E,0x07,0xF0,0xFE,0x0F,
    0xF0,0x00,0x00,0x00,0x00,0x00,0x00,0x00,0x00,0x00,0x00,0x00,0x00,0x00,0x00,0x00,
    0x00,0x00,0x00,0x00,0x00,0x00,0x00,0x00,0x00,0x00,0x00,0x00,0x00,0x00,0x00,0x00,
    0x00,0x00,0x00,0x00,0x00,0x00,0x00,0x00,0x00,0x00,0x00,0x00,0x00,0x00,0x00,0x00,
    0x00,0x00,0x00,0x00,0x00,0x00,0x00,0x00,0xC0,0x00,0x01,0xFB,0x00,0x03,0xFE,0x00,
    0x00,0x1E,0x00,0x00,0x00,0x00,0x00,0x00,0x00,0x00,0x78,0x00,0x00,0x78,0x00,0x00,
    0xF8,0x00,0x00,0xFC,0x00,0x00,0xDC,0x00,0x01,0x9C,0x00,0x01,0x9C,0x00,0x01,0x8E,
    0x00,0x03,0x0E,0x00,0x03,0x0E,0x00,0x07,0x0F,0x00,0x06,0x07,0x00,0x07,0xFF,0x00,
    0x0F,0xFF,0x00,0x0C,0x07,0x80,0x0C,0x03,0x80,0x1C,0x03,0x80,0x18,0x03,0xC0,0x7E,
    0x07,0xF0,0xFE,0x0F,0xF0,0x00,0x00,0x00,0x00,0x00,0x00,0x00,0x00,0x00,0x00,0x00,
    0x00,0x00,0x00,0x00,0x00,0x00,0x00,0x00,0x00,0x00,0x00,0x00,0x00,0x00,0x00,0x00,
    0x00,0x00,0x00,0x00,0x00,0x00,0x00,0x00,0x00,0x00,0x00,0x00,0x00,0x00,0x00,0x00,
    0x00,0x00,0x00,0x00,0x00,0x00,0x00,0x00,0x00,0x00,0x00,0x01,0xC6,0x00,0x03,0xCF,
    0x00,0x03,0xCF,0x00,0x01,0xCE,0x00,0x00,0x00,0x00,0x00,0x00,0x00,0x00,0x78,0x00,
    0x00,0x78,0x00,0x00,0xF8,0x00,0x00,0xFC,0x00,0x00,0xDC,0x00,0x01,0x9C,0x00,0x01,
    0x9C,0x00,0x01,0x8E,0x00,0x03,0x0E,0x00,0x03,0x0E,0x00,0x07,0x0F,0x00,0x06,0x07,
    0x00,0x07,0xFF,0x00,0x0F,0xFF,0x00,0x0C,0x07,0x80,0x0C,0x03,0x80,0x1C,0x03,0x80,
    0x18,0x03,0xC0,0x7E,0x07,0xF0,0xFE,0x0F,0xF0,0x00,0x00,0x00,0x00,0x00,0x00,0x00,
    0x00,0x00,0x00,0x00,0x00,0x00,0x00,0x00,0x00,0x00,0x00,0x00,0x00,0x00,0x00,0x00,
    0x00,0x00,0x00,0x00,0x00,0x00,0x00,0x00,0x00,0x00,0x00,0x00,0x00,0x00,0x00,0x00,
    0x00,0x00,0x00,0x00,0x00,0x00,0x00,0x00,0x00,0x00,0x38,0x00,0x00,0xFC,0x00,0x00,
    0xCC,0x00,0x00,0xCC,0x00,0x00,0xCC,0x00,0x00,0xFC,0x00,0x00,0x70,0x00,0x00,0x00,
    0x00,0x00,0x78,0x00,0x00,0x78,0x00,0x00,0xF8,0x00,0x00,0xDC,0x00,0x00,0xDC,0x00,
    0x01,0x9C,0x00,0x01,0x9C,0x00,0x01,0x8E,0x00,0x03,0x0E,0x00,0x03,0x0E,0x00,0x07,
    0x0F,0x00,0x06,0x07,0x00,0x07,0xFF,0x00,0x0F,0xFF,0x00,0x0C,0x07,0x80,0x0C,0x03,
    0x80,0x1C,0x03,0x80,0x18,0x03,0xC0,0x7E,0x07,0xF0,0xFE,0x0F,0xF0,0x00,0x00,0x00,
    0x00,0x00,0x00,0x00,0x00,0x00,0x00,0x00,0x00,0x00,0x00,0x00,0x00,0x00,0x00,0x00,
    0x00,0x00,0x00,0x00,0x00,0x00,0x00,0x00,0x00,0x00,0x00,0x00,0x00,0x00,0x00,0x00,
    0x00,0x00,0x00,0x00,0x00,0x00,0x00,0x00,0x00,0x00,0x00,0x00,0x00,0x00,0x00,0x00,
    0x00,0x00,0x00,0x00,0x00,0x00,0x00,0x00,0x00,0x00,0x00,0x00,0x00,0x00,0x00,0x00,
    0x00,0x00,0x00,0x00,0x00,0x00,0x00,0x00,0x00,0x00,0x00,0x00,0x00,0x00,0x00,0x00,
    0x00,0x00,0x00,0x00,0x00,0x7F,0xFE,0x00,0x00,0x7F,0xFE,0x00,0x00,0xF8,0x0E,0x00,
    0x00,0xDC,0x0E,0x00,0x00,0xDC,0x06,0x00,0x01,0x9C,0x00,0x00,0x01,0x9C,0x00,0x00,
    0x01,0x8E,0x00,0x00,0x03,0x0E,0x00,0x00,0x03,0x0F,0xFC,0x00,0x07,0x0F,0xFC,0x00,
    0x06,0x07,0x00,0x00,0x07,0xFF,0x00,0x00,0x0F,0xFF,0x00,0x00,0x0C,0x07,0x80,0x00,
    0x0C,0x03,0x80,0xC0,0x1C,0x03,0x81,0xC0,0x18,0x03,0x81,0xC0,0x7E,0x07,0xFF,0x80,
    0xFE,0x0F,0xFF,0x80,0x00,0x00,0x00,0x00,0x00,0x00,0x00,0x00,0x00,0x00,0x00,0x00,
    0x00,0x00,0x00,0x00,0x00,0x00,0x00,0x00,0x00,0x00,0x00,0x00,0x00,0x00,0x00,0x00,
    0x00,0x00,0x00,0x00,0x00,0x00,0x00,0x00,0x00,0x00,0x00,0x00,0x00,0x00,0x00,0x00,
    0x00,0x00,0x00,0x00,0x00,0x00,0x00,0x00,0x00,0x00,0x00,0x00,0x00,0x00,0x00,0x00,
    0x00,0x00,0x00,0x00,0x00,0x00,0x00,0x00,0x00,0x00,0x00,0x00,0x00,0x00,0x00,0x00,
    0x00,0x00,0x00,0x00,0x00,0x01,0xFC,0x00,0x03,0xFF,0x00,0x0F,0x03,0x80,0x0E,0x03,
    0x80,0x1C,0x03,0x80,0x38,0x03,0x80,0x38,0x00,0x00,0x38,0x00,0x00,0x38,0x00,0x00,
    0x38,0x00,0x00,0x38,0x00,0x00,0x38,0x00,0x00,0x38,0x00,0x00,0x38,0x00,0x00,0x38,
    0x00,0x00,0x3C,0x01,0x00,0x1C,0x03,0x80,0x0F,0x07,0x00,0x07,0xFE,0x00,0x03,0xF8,
    0x00,0x00,0x40,0x00,0x00,0xF0,0x00,0x00,0x78,0x00,0x00,0x38,0x00,0x00,0x38,0x00,
    0x01,0xF0,0x00,0x00,0x40,0x00,0x00,0x00,0x00,0x00,0x00,0x00,0x00,0x00,0x00,0x00,
    0x00,0x00,0x00,0x00,0x00,0x00,0x00,0x00,0x00,0x00,0x00,0x00,0x00,0x00,0x00,0x00,
    0x00,0x00,0x00,0x00,0x00,0x00,0x00,0x03,0x80,0x00,0x03,0xC0,0x00,0x01,0xE0,0x00,
    0x00,0x70,0x00,0x00,0x10,0x00,0x00,0x00,0x00,0x3F,0xFF,0x00,0x1F,0xFF,0x00,0x06,
    0x07,0x00,0x0E,0x03,0x00,0x0E,0x03,0x00,0x0E,0x00,0x00,0x0E,0x00,0x00,0x0E,0x00,
    0x00,0x0E,0x00,0x00,0x0F,0xFC,0x00,0x0F,0xFC,0x00,0x0E,0x00,0x00,0x0E,0x00,0x00,
    0x0E,0x00,0x00,0x0E,0x00,0x00,0x0E,0x03,0x00,0x0E,0x03,0x00,0x0E,0x07,0x00,0x3F,
    0xFF,0x00,0x7F,0xFF,0x00,0x00,0x00,0x00,0x00,0x00,0x00,0x00,0x00,0x00,0x00,0x00,
    0x00,0x00,0x00,0x00,0x00,0x00,0x00,0x00,0x00,0x00,0x00,0x00,0x00,0x00,0x00,0x00,
    0x00,0x00,0x00,0x00,0x00,0x00,0x00,0x00,0x00,0x00,0x00,0x00,0x00,0x00,0x00,0x00,
    0x00,0x00,0x00,0x00,0x00,0x00,0x00,0x00,0x00,0x08,0x00,0x00,0x1C,0x00,0x00,0x3C,
    0x00,0x00,0x78,0x00,0x00,0xC0,0x00,0x00,0x00,0x00,0x00,0x00,0x00,0x3F,0xFF,0x00,
    0x1F,0xFF,0x00,0x06,0x07,0x00,0x0E,0x03,0x00,0x0E,0x03,0x00,0x0E,0x00,0x00,0x0E,
    0x00,0x00,0x0E,0x00,0x00,0x0E,0x00,0x00,0x0F,0xFC,0x00,0x0F,0xFC,0x00,0x0E,0x00,
    0x00,0x0E,0x00,0x00,0x0E,0x00,0x00,0x0E,0x00,0x00,0x0E,0x03,0x00,0x0E,0x03,0x00,
    0x0E,0x07,0x00,0x3F,0xFF,0x00,0x7F,0xFF,0x00,0x00,0x00,0x00,0x00,0x00,0x00,0x00,
    0x00,0x00,0x00,0x00,0x00,0x00,0x00,0x00,0x00,0x00,0x00,0x00,0x00,0x00,0x00,0x00,
    0x00,0x00,0x00,0x00,0x00,0x00,0x00,0x00,0x00,0x00,0x00,0x00,0x00,0x00,0x00,0x00,
    0x00,0x00,0x00,0x00,0x00,0x00,0x00,0x00,0x00,0x00,0x00,0x00,0x00,0x60,0x00,0x00,
    0xF0,0x00,0x01,0xF8,0x00,0x03,0x9C,0x00,0x07,0x0E,0x00,0x00,0x00,0x00,0x00,0x00,
    0x00,0x3F,0xFF,0x00,0x1F,0xFF,0x00,0x06,0x07,0x00,0x0E,0x03,0x00,0x0E,0x03,0x00,
    0x0E,0x00,0x00,0x0E,0x00,0x00,0x0E,0x00,0x00,0x0E,0x00,0x00,0x0F,0xFC,0x00,0x0F,
    0xFC,0x00,0x0E,0x00,0x00,0x0E,0x00,0x00,0x0E,0x00,0x00,0x0E,0x00,0x00,0x0E,0x03,
    0x00,0x0E,0x03,0x00,0x0E,0x07,0x00,0x3F,0xFF,0x00,0x7F,0xFF,0x00,0x00,0x00,0x00,
    0x00,0x00,0x00,0x00,0x00,0x00,0x00,0x00,0x00,0x00,0x00,0x00,0x00,0x00,0x00,0x00,
    0x00,0x00,0x00,0x00,0x00,0x00,0x00,0x00,0x00,0x00,0x00,0x00,0x00,0x00,0x00,0x00,
    0x00,0x00,0x00,0x00,0x00,0x00,0x00,0x00,0x00,0x00,0x00,0x00,0x00,0x00,0x00,0x00,
    0x00,0x00,0x00,0x03,0x9C,0x00,0x07,0x9E,0x00,0x07,0x9E,0x00,0x03,0x1C,0x00,0x00,
    0x00,0x00,0x00,0x00,0x00,0x3F,0xFF,0x00,0x1F,0xFF,0x00,0x06,0x07,0x00,0x0E,0x03,
    0x00,0x0E,0x03,0x00,0x0E,0x00,0x00,0x0E,0x00,0x00,0x0E,0x00,0x00,0x0E,0x00,0x00,
    0x0F,0xFC,0x00,0x0F,0xFC,0x00,0x0E,0x00,0x00,0x0E,0x00,0x00,0x0E,0x00,0x00,0x0E,
    0x00,0x00,0x0E,0x03,0x00,0x0E,0x03,0x00,0x0E,0x07,0x00,0x3F,0xFF,0x00,0x7F,0xFF,
    0x00,0x00,0x00,0x00,0x00,0x00,0x00,0x00,0x00,0x00,0x00,0x00,0x00,0x00,0x00,0x00,
    0x00,0x00,0x00,0x00,0x00,0x00,0x00,0x00,0x00,0x00,0x00,0x00,0x00,0x00,0x00,0x00,
    0x00,0x00,0x00,0x00,0x00,0x00,0x00,0x00,0x00,0x00,0x00,0x00,0x00,0x00,0x38,0x00,
    0x3C,0x00,0x1E,0x00,0x07,0x00,0x01,0x00,0x00,0x00,0x3F,0xC0,0x1F,0x80,0x06,0x00,
    0x06,0x00,0x0E,0x00,0x0E,0x00,0x0E,0x00,0x0E,0x00,0x0E,0x00,0x0E,0x00,0x0E,0x00,
    0x0E,0x00,0x0E,0x00,0x0E,0x00,0x0E,0x00,0x0E,0x00,0x0E,0x00,0x0E,0x00,0x3F,0x80,
    0x7F,0x80,0x00,0x00,0x00,0x00,0x00,0x00,0x00,0x00,0x00,0x00,0x00,0x00,0x00,0x00,
    0x00,0x00,0x00,0x00,0x00,0x00,0x00,0x00,0x00,0x00,0x00,0x00,0x00,0x00,0x00,0x00,
    0x00,0x00,0x00,0x00,0x00,0x80,0x01,0xC0,0x03,0xC0,0x07,0x80,0x0E,0x00,0x00,0x00,
    0x00,0x00,0x3F,0xC0,0x1F,0x80,0x06,0x00,0x06,0x00,0x0E,0x00,0x0E,0x00,0x0E,0x00,
    0x0E,0x00,0x0E,0x00,0x0E,0x00,0x0E,0x00,0x0E,0x00,0x0E,0x00,0x0E,0x00,0x0E,0x00,
    0x0E,0x00,0x0E,0x00,0x0E,0x00,0x3F,0x80,0x7F,0x80,0x00,0x00,0x00,0x00,0x00,0x00,
    0x00,0x00,0x00,0x00,0x00,0x00,0x00,0x00,0x00,0x00,0x00,0x00,0x00,0x00,0x00,0x00,
    0x00,0x00,0x00,0x00,0x00,0x00,0x00,0x00,0x00,0x00,0x00,0x00,0x06,0x00,0x0F,0x00,
    0x1F,0x80,0x39,0xC0,0x30,0xC0,0x00,0x00,0x00,0x00,0x3F,0xC0,0x1F,0x80,0x06,0x00,
    0x06,0x00,0x0E,0x00,0x0E,0x00,0x0E,0x00,0x0E,0x00,0x0E,0x00,0x0E,0x00,0x0E,0x00,
    0x0E,0x00,0x0E,0x00,0x0E,0x00,0x0E,0x00,0x0E,0x00,0x0E,0x00,0x0E,0x00,0x3F,0x80,
    0x7F,0x80,0x00,0x00,0x00,0x00,0x00,0x00,0x00,0x00,0x00,0x00,0x00,0x00,0x00,0x00,
    0x00,0x00,0x00,0x00,0x00,0x00,0x00,0x00,0x00,0x00,0x00,0x00,0x00,0x00,0x00,0x00,
    0x00,0x00,0x00,0x00,0x00,0x00,0x38,0xC0,0x79,0xC0,0x79,0xC0,0x38,0xC0,0x00,0x00,
    0x00,0x00,0x3F,0xC0,0x1F,0x80,0x06,0x00,0x06,0x00,0x0E,0x00,0x0E,0x00,0x0E,0x00,
    0x0E,0x00,0x0E,0x00,0x0E,0x00,0x0E,0x00,0x0E,0x00,0x0E,0x00,0x0E,0x00,0x0E,0x00,
    0x0E,0x00,0x0E,0x00,0x0E,0x00,0x3F,0x80,0x7F,0x80,0x00,0x00,0x00,0x00,0x00,0x00,
    0x00,0x00,0x00,0x00,0x00,0x00,0x00,0x00,0x00,0x00,0x00,0x00,0x00,0x00,0x00,0x00,
    0x00,0x00,0x00,0x00,0x00,0x00,0x00,0x00,0x00,0x00,0x00,0x00,0x00,0x00,0x00,0x00,
    0x00,0x00,0x00,0x00,0x00,0x00,0x00,0x00,0x00,0x00,0x00,0x00,0x00,0x00,0x00,0x00,
    0x00,0x00,0x00,0x00,0x00,0x00,0x00,0x00,0x00,0x3F,0xFE,0x00,0x1F,0xFF,0x80,0x07,
    0x03,0xC0,0x07,0x01,0xE0,0x07,0x00,0xE0,0x06,0x00,0xF0,0x06,0x00,0x70,0x06,0x00,
    0x70,0x0E,0x00,0x70,0x7F,0xF8,0x70,0x7F,0xF8,0x70,0x0E,0x00,0x70,0x0E,0x00,0x70,
    0x0E,0x00,0xF0,0x0E,0x00,0xE0,0x0E,0x01,0xC0,0x0E,0x03,0xC0,0x0E,0x0F,0x80,0x3F,
    0xFE,0x00,0x7F,0xF8,0x00,0x00,0x00,0x00,0x00,0x00,0x00,0x00,0x00,0x00,0x00,0x00,
    0x00,0x00,0x00,0x00,0x00,0x00,0x00,0x00,0x00,0x00,0x00,0x00,0x00,0x00,0x00,0x00,
    0x00,0x00,0x00,0x00,0x00,0x00,0x00,0x00,0x00,0x00,0x00,0x00,0x00,0x00,0x00,0x00,
    0x00,0x00,0x00,0x00,0x00,0x00,0x00,0x00,0x00,0x00,0x00,0x00,0x60,0x00,0x00,0xFD,
    0x80,0x01,0xFF,0x00,0x00,0x1E,0x00,0x00,0x00,0x00,0x00,0x00,0x00,0x3F,0x83,0xFC,
    0x1F,0x81,0xF8,0x07,0xC0,0x60,0x0F,0xC0,0x60,0x0F,0xE0,0x60,0x0E,0xE0,0x60,0x0E,
    0xF0,0xE0,0x0E,0x70,0xE0,0x0E,0x78,0xE0,0x0C,0x38,0xE0,0x0C,0x3C,0xE0,0x0C,0x1C,
    0xE0,0x0C,0x1E,0xE0,0x0C,0x0E,0xC0,0x0C,0x0F,0xC0,0x0C,0x07,0xC0,0x0C,0x07,0xC0,
    0x0C,0x03,0xC0,0x3F,0x03,0xC0,0x7F,0x81,0xC0,0x00,0x00,0x00,0x00,0x00,0x00,0x00,
    0x00,0x00,0x00,0x00,0x00,0x00,0x00,0x00,0x00,0x00,0x00,0x00,0x00,0x00,0x00,0x00,
    0x00,0x00,0x00,0x00,0x00,0x00,0x00,0x00,0x00,0x00,0x00,0x00,0x00,0x00,0x00,0x00,
    0x00,0x00,0x00,0x00,0x00,0x00,0x00,0x00,0x00,0x00,0x00,0x00,0x00,0x00,0x00,0x00,
    0xC0,0x00,0x01,0xE0,0x00,0x00,0xF0,0x00,0x00,0x78,0x00,0x00,0x08,0x00,0x00,0x00,
    0x00,0x01,0xFE,0x00,0x03,0xFF,0x00,0x0F,0x03,0x80,0x0E,0x01,0xC0,0x1C,0x01,0xE0,
    0x38,0x00,0xE0,0x38,0x00,0xE0,0x38,0x00,0xF0,0x38,0x00,0xF0,0x38,0x00,0x70,0x38,
    0x00,0xF0,0x38,0x00,0xF0,0x38,0x00,0xE0,0x38,0x00,0xE0,0x38,0x00,0xE0,0x1C,0x01,
    0xC0,0x1E,0x01,0xC0,0x0F,0x07,0x80,0x07,0xFF,0x00,0x01,0xFC,0x00,0x00,0x00,0x00,
    0x00,0x00,0x00,0x00,0x00,0x00,0x00,0x00,0x00,0x00,0x00,0x00,0x00,0x00,0x00,0x00,
    0x00,0x00,0x00,0x00,0x00,0x00,0x00,0x00,0x00,0x00,0x00,0x00,0x00,0x00,0x00,0x00,
    0x00,0x00,0x00,0x00,0x00,0x00,0x00,0x00,0x00,0x00,0x00,0x00,0x00,0x00,0x00,0x00,
    0x00,0x06,0x00,0x00,0x0E,0x00,0x00,0x1E,0x00,0x00,0x3C,0x00,0x00,0x70,0x00,0x00,
    0x40,0x00,0x00,0x00,0x00,0x01,0xFE,0x00,0x03,0xFF,0x00,0x0F,0x03,0x80,0x0E,0x01,
    0xC0,0x1C,0x01,0xE0,0x38,0x00,0xE0,0x38,0x00,0xE0,0x38,0x00,0xF0,0x38,0x00,0xF0,
    0x38,0x00,0x70,0x38,0x00,0xF0,0x38,0x00,0xF0,0x38,0x00,0xE0,0x38,0x00,0xE0,0x38,
    0x00,0xE0,0x1C,0x01,0xC0,0x1E,0x01,0xC0,0x0F,0x07,0x80,0x07,0xFF,0x00,0x01,0xFC,
    0x00,0x00,0x00,0x00,0x00,0x00,0x00,0x00,0x00,0x00,0x00,0x00,0x00,0x00,0x00,0x00,
    0x00,0x00,0x00,0x00,0x00,0x00,0x00,0x00,0x00,0x00,0x00,0x00,0x00,0x00,0x00,0x00,
    0x00,0x00,0x00,0x00,0x00,0x00,0x00,0x00,0x00,0x00,0x00,0x00,0x00,0x00,0x00,0x00,
    0x00,0x00,0x10,0x00,0x00,0x38,0x00,0x00,0x7C,0x00,0x00,0xFC,0x00,0x00,0xEE,0x00,
    0x01,0x87,0x00,0x01,0x01,0x00,0x00,0x00,0x00,0x01,0xFE,0x00,0x03,0xFF,0x00,0x0F,
    0x03,0x80,0x0E,0x01,0xC0,0x1C,0x01,0xE0,0x38,0x00,0xE0,0x38,0x00,0xE0,0x38,0x00,
    0xF0,0x38,0x00,0xF0,0x38,0x00,0x70,0x38,0x00,0xF0,0x38,0x00,0xF0,0x38,0x00,0xE0,
    0x38,0x00,0xE0,0x38,0x00,0xE0,0x1C,0x01,0xC0,0x1E,0x01,0xC0,0x0F,0x07,0x80,0x07,
    0xFF,0x00,0x01,0xFC,0x00,0x00,0x00,0x00,0x00,0x00,0x00,0x00,0x00,0x00,0x00,0x00,
    0x00,0x00,0x00,0x00,0x00,0x00,0x00,0x00,0x00,0x00,0x00,0x00,0x00,0x00,0x00,0x00,
    0x00,0x00,0x00,0x00,0x00,0x00,0x00,0x00,0x00,0x00,0x00,0x00,0x00,0x00,0x00,0x00,
    0x00,0x00,0x00,0x00,0x00,0x00,0x00,0x00,0x00,0x00,0x00,0x00,0xE0,0x00,0x01,0xFB,
    0x00,0x01,0xFF,0x00,0x00,0x1E,0x00,0x00,0x00,0x00,0x00,0x00,0x00,0x01,0xFE,0x00,
    0x03,0xFF,0x00,0x0F,0x03,0x80,0x0E,0x01,0xC0,0x1C,0x01,0xE0,0x38,0x00,0xE0,0x38,
    0x00,0xE0,0x38,0x00,0xF0,0x38,0x00,0xF0,0x38,0x00,0x70,0x38,0x00,0xF0,0x38,0x00,
    0xF0,0x38,0x00,0xE0,0x38,0x00,0xE0,0x38,0x00,0xE0,0x1C,0x01,0xC0,0x1E,0x01,0xC0,
    0x0F,0x07,0x80,0x07,0xFF,0x00,0x01,0xFC,0x00,0x00,0x00,0x00,0x00,0x00,0x00,0x00,
    0x00,0x00,0x00,0x00,0x00,0x00,0x00,0x00,0x00,0x00,0x00,0x00,0x00,0x00,0x00,0x00,
    0x00,0x00,0x00,0x00,0x00,0x00,0x00,0x00,0x00,0x00,0x00,0x00,0x00,0x00,0x00,0x00,
    0x00,0x00,0x00,0x00,0x00,0x00,0x00,0x00,0x00,0x00,0x00,0x00,0x01,0xC7,0x00,0x03,
    0xCF,0x00,0x03,0xCF,0x00,0x01,0xC6,0x00,0x00,0x00,0x00,0x00,0x00,0x00,0x00,0x00,
    0x00,0x01,0xFE,0x00,0x03,0xFF,0x00,0x0F,0x03,0x80,0x0E,0x01,0xC0,0x1C,0x01,0xE0,
    0x38,0x00,0xE0,0x38,0x00,0xE0,0x38,0x00,0xF0,0x38,0x00,0xF0,0x38,0x00,0x70,0x38,
    0x00,0xF0,0x38,0x00,0xF0,0x38,0x00,0xE0,0x38,0x00,0xE0,0x38,0x00,0xE0,0x1C,0x01,
    0xC0,0x1E,0x01,0xC0,0x0F,0x07,0x80,0x07,0xFF,0x00,0x01,0xFC,0x00,0x00,0x00,0x00,
    0x00,0x00,0x00,0x00,0x00,0x00,0x00,0x00,0x00,0x00,0x00,0x00,0x00,0x00,0x00,0x00,
    0x00,0x00,0x00,0x00,0x00,0x00,0x00,0x00,0x00,0x00,0x00,0x00,0x00,0x00,0x00,0x00,
    0x00,0x00,0x00,0x00,0x00,0x00,0x00,0x00,0x00,0x00,0x00,0x00,0x00,0x00,0x00,0x00,
    0x00,0x00,0x00,0x00,0x00,0x00,0x00,0x00,0x00,0x00,0x00,0x00,0x00,0x00,0x00,0x00,
    0x00,0x00,0x00,0x00,0x00,0x00,0x00,0x00,0x00,0x00,0x00,0x00,0x00,0x00,0x00,0x00,
    0x00,0x00,0x00,0x00,0x00,0x00,0x00,0x08,0x08,0x00,0x1C,0x1C,0x00,0x0E,0x38,0x00,
    0x07,0x70,0x00,0x03,0xC0,0x00,0x01,0xC0,0x00,0x07,0xE0,0x00,0x0E,0x70,0x00,0x1C,
    0x38,0x00,0x18,0x18,0x00,0x00,0x00,0x00,0x00,0x00,0x00,0x00,0x00,0x00,0x00,0x00,
    0x00,0x00,0x00,0x00,0x00,0x00,0x00,0x00,0x00,0x00,0x00,0x00,0x00,0x00,0x00,0x00,
    0x00,0x00,0x00,0x00,0x00,0x00,0x00,0x00,0x00,0x00,0x00,0x00,0x00,0x00,0x00,0x00,
    0x00,0x00,0x00,0x00,0x00,0x00,0x00,0x00,0x00,0x00,0x00,0x00,0x00,0x00,0x00,0x00,
    0x00,0x00,0x00,0x00,0x00,0x00,0x00,0x00,0x00,0x00,0x00,0x00,0x00,0x00,0x00,0x00,
    0x00,0x00,0x00,0x00,0x00,0x00,0x00,0x00,0x00,0x01,0xFE,0x70,0x03,0xFF,0xE0,0x0F,
    0x03,0xC0,0x0E,0x01,0xC0,0x1C,0x03,0xE0,0x38,0x07,0xE0,0x38,0x06,0xE0,0x38,0x0C,
    0xF0,0x38,0x18,0xF0,0x38,0x38,0x70,0x38,0x70,0xF0,0x38,0x60,0xF0,0x38,0xC0,0xE0,
    0x39,0x80,0xE0,0x3B,0x00,0xE0,0x1F,0x01,0xC0,0x1E,0x01,0xC0,0x1F,0x07,0x80,0x1F,
    0xFF,0x00,0x31,0xFC,0x00,0x00,0x00,0x00,0x00,0x00,0x00,0x00,0x00,0x00,0x00,0x00,
    0x00,0x00,0x00,0x00,0x00,0x00,0x00,0x00,0x00,0x00,0x00,0x00,0x00,0x00,0x00,0x00,
    0x00,0x00,0x00,0x00,0x00,0x00,0x00,0x00,0x00,0x00,0x00,0x00,0x00,0x00,0x00,0x00,
    0x00,0x00,0x00,0x00,0x00,0x00,0x00,0x00,0x00,0x00,0x00,0x00,0xC0,0x00,0x00,0xF0,
    0x00,0x00,0x78,0x00,0x00,0x1C,0x00,0x00,0x00,0x00,0x00,0x00,0x00,0x3F,0x83,0xF8,
    0x3F,0x83,0xF0,0x0E,0x00,0xE0,0x0E,0x00,0xE0,0x0E,0x00,0xE0,0x0E,0x00,0xE0,0x0E,
    0x01,0xE0,0x0C,0x01,0xC0,0x0C,0x01,0xC0,0x1C,0x01,0xC0,0x1C,0x01,0xC0,0x1C,0x03,
    0xC0,0x1C,0x03,0xC0,0x1C,0x02,0xC0,0x1C,0x06,0xC0,0x1C,0x06,0xC0,0x0C,0x0C,0xC0,
    0x0E,0x19,0xC0,0x07,0xF9,0xF0,0x03,0xE1,0xF0,0x00,0x00,0x00,0x00,0x00,0x00,0x00,
    0x00,0x00,0x00,0x00,0x00,0x00,0x00,0x00,0x00,0x00,0x00,0x00,0x00,0x00,0x00,0x00,
    0x00,0x00,0x00,0x00,0x00,0x00,0x00,0x00,0x00,0x00,0x00,0x00,0x00,0x00,0x00,0x00,
    0x00,0x00,0x00,0x00,0x00,0x00,0x00,0x00,0x00,0x00,0x00,0x00,0x00,0x06,0x00,0x00,
    0x0F,0x00,0x00,0x1E,0x00,0x00,0x3C,0x00,0x00,0x70,0x00,0x00,0x00,0x00,0x00,0x00,
    0x00,0x3F,0x83,0xF8,0x3F,0x83,0xF0,0x0E,0x00,0xE0,0x0E,0x00,0xE0,0x0E,0x00,0xE0,
    0x0E,0x00,0xE0,0x0E,0x01,0xE0,0x0C,0x01,0xC0,0x0C,0x01,0xC0,0x1C,0x01,0xC0,0x1C,
    0x01,0xC0,0x1C,0x03,0xC0,0x1C,0x03,0xC0,0x1C,0x02,0xC0,0x1C,0x06,0xC0,0x1C,0x06,
    0xC0,0x0C,0x0C,0xC0,0x0E,0x19,0xC0,0x07,0xF9,0xF0,0x03,0xE1,0xF0,0x00,0x00,0x00,
    0x00,0x00,0x00,0x00,0x00,0x00,0x00,0x00,0x00,0x00,0x00,0x00,0x00,0x00,0x00,0x00,
    0x00,0x00,0x00,0x00,0x00,0x00,0x00,0x00,0x00,0x00,0x00,0x00,0x00,0x00,0x00,0x00,
    0x00,0x00,0x00,0x00,0x00,0x00,0x00,0x00,0x00,0x00,0x00,0x00,0x00,0x00,0x10,0x00,
    0x00,0x38,0x00,0x00,0x7C,0x00,0x00,0xFE,0x00,0x00,0xE7,0x00,0x01,0x83,0x00,0x00,
    0x00,0x00,0x00,0x00,0x00,0x3F,0x83,0xF8,0x3F,0x83,0xF0,0x0E,0x00,0xE0,0x0E,0x00,
    0xE0,0x0E,0x00,0xE0,0x0E,0x00,0xE0,0x0E,0x01,0xE0,0x0C,0x01,0xC0,0x0C,0x01,0xC0,
    0x1C,0x01,0xC0,0x1C,0x01,0xC0,0x1C,0x03,0xC0,0x1C,0x03,0xC0,0x1C,0x02,0xC0,0x1C,
    0x06,0xC0,0x1C,0x06,0xC0,0x0C,0x0C,0xC0,0x0E,0x19,0xC0,0x07,0xF9,0xF0,0x03,0xE1,
    0xF0,0x00,0x00,0x00,0x00,0x00,0x00,0x00,0x00,0x00,0x00,0x00,0x00,0x00,0x00,0x00,
    0x00,0x00,0x00,0x00,0x00,0x00,0x00,0x00,0x00,0x00,0x00,0x00,0x00,0x00,0x00,0x00,
    0x00,0x00,0x00,0x00,0x00,0x00,0x00,0x00,0x00,0x00,0x00,0x00,0x00,0x00,0x00,0x00,
    0x00,0x00,0x00,0x00,0x01,0xC7,0x00,0x01,0xE7,0x00,0x01,0xE7,0x00,0x01,0xC7,0x00,
    0x00,0x00,0x00,0x00,0x00,0x00,0x00,0x00,0x00,0x3F,0x83,0xF8,0x3F,0x83,0xF0,0x0E,
    0x00,0xE0,0x0E,0x00,0xE0,0x0E,0x00,0xE0,0x0E,0x00,0xE0,0x0E,0x01,0xE0,0x0C,0x01,
    0xC0,0x0C,0x01,0xC0,0x1C,0x01,0xC0,0x1C,0x01,0xC0,0x1C,0x03,0xC0,0x1C,0x03,0xC0,
    0x1C,0x02,0xC0,0x1C,0x06,0xC0,0x1C,0x06,0xC0,0x0C,0x0C,0xC0,0x0E,0x19,0xC0,0x07,
    0xF9,0xF0,0x03,0xE1,0xF0,0x00,0x00,0x00,0x00,0x00,0x00,0x00,0x00,0x00,0x00,0x00,
    0x00,0x00,0x00,0x00,0x00,0x00,0x00,0x00,0x00,0x00,0x00,0x00,0x00,0x00,0x00,0x00,
    0x00,0x00,0x00,0x00,0x00,0x00,0x00,0x00,0x00,0x00,0x00,0x00,0x00,0x00,0x00,0x00,
    0x00,0x00,0x00,0x00,0x00,0x00,0x00,0x00,0x00,0x04,0x00,0x00,0x0E,0x00,0x00,0x3E,
    0x00,0x00,0x78,0x00,0x00,0xE0,0x00,0x00,0x00,0x00,0x00,0x00,0x00,0x7F,0x07,0xE0,
    0x7F,0x03,0xE0,0x1C,0x01,0x80,0x0E,0x03,0x80,0x0E,0x03,0x00,0x07,0x07,0x00,0x07,
    0x06,0x00,0x03,0x8C,0x00,0x03,0x8C,0x00,0x01,0xD8,0x00,0x01,0xF8,0x00,0x00,0xF0,
    0x00,0x00,0xE0,0x00,0x00,0x60,0x00,0x00,0xE0,0x00,0x00,0xE0,0x00,0x00,0xE0,0x00,
    0x00,0xE0,0x00,0x03,0xF8,0x00,0x03,0xFC,0x00,0x00,0x00,0x00,0x00,0x00,0x00,0x00,
    0x00,0x00,0x00,0x00,0x00,0x00,0x00,0x00,0x00,0x00,0x00,0x00,0x00,0x00,0x00,0x00,
    0x00,0x00,0x00,0x00,0x00,0x00,0x00,0x00,0x00,0x00,0x00,0x00,0x00,0x00,0x00,0x00,
    0x00,0x00,0x00,0x00,0x00,0x00,0x00,0x00,0x00,0x00,0x00,0x00,0x00,0x00,0x00,0x00,
    0x00,0x00,0x00,0x00,0x00,0x00,0x00,0x00,0x00,0x00,0x00,0x00,0x00,0x00,0x00,0x00,
    0x00,0x3F,0xE0,0x00,0x1F,0xC0,0x00,0x07,0x00,0x00,0x07,0x00,0x00,0x07,0xF8,0x00,
    0x07,0xFE,0x00,0x06,0x0F,0x00,0x06,0x07,0x00,0x0E,0x07,0x00,0x0E,0x07,0x80,0x0E,
    0x07,0x80,0x0E,0x07,0x00,0x0E,0x07,0x00,0x0E,0x1E,0x00,0x0F,0xFC,0x00,0x0F,0xF0,
    0x00,0x0E,0x00,0x00,0x0E,0x00,0x00,0x3F,0xC0,0x00,0x7F,0xE0,0x00,0x00,0x00,0x00,
    0x00,0x00,0x00,0x00,0x00,0x00,0x00,0x00,0x00,0x00,0x00,0x00,0x00,0x00,0x00,0x00,
    0x00,0x00,0x00,0x00,0x00,0x00,0x00,0x00,0x00,0x00,0x00,0x00,0x00,0x00,0x00,0x00,
    0x00,0x00,0x00,0x00,0x00,0x00,0x00,0x00,0x00,0x00,0x00,0x00,0x00,0x00,0x00,0x00,
    0x00,0x00,0x00,0x00,0x00,0x00,0x00,0x00,0x00,0x00,0x00,0x00,0x00,0x00,0x00,0x01,
    0xFC,0x00,0x03,0xFE,0x00,0x07,0x0F,0x00,0x0E,0x07,0x00,0x0C,0x07,0x00,0x1C,0x06,
    0x00,0x1C,0x0C,0x00,0x1C,0x18,0x00,0x1C,0x30,0x00,0x1C,0x70,0x00,0x1C,0x60,0x00,
    0x1C,0x70,0x00,0x1C,0x78,0x00,0x1C,0x3E,0x00,0x1C,0x1F,0x00,0x1C,0x07,0x80,0x1C,
    0x03,0x80,0x1C,0x01,0x80,0x1D,0xC1,0x80,0x1D,0xC3,0x80,0x1D,0xFF,0x00,0x18,0x7E,
    0x00,0x18,0x00,0x00,0x18,0x00,0x00,0x38,0x00,0x00,0x30,0x00,0x00,0xF0,0x00,0x00,
    0xE0,0x00,0x00,0xC0,0x00,0x00,0x00,0x00,0x00,0x00,0x00,0x00,0x00,0x00,0x00,0x00,
    0x00,0x00,0x00,0x00,0x00,0x00,0x00,0x00,0x00,0x00,0x00,0x00,0x00,0x00,0x00,0x00,
    0x00,0x00,0x00,0x00,0x00,0x00,0x00,0x00,0x00,0x00,0x00,0x00,0x00,0x00,0x00,0x00,
    0x00,0x00,0x00,0x03,0x00,0x00,0x07,0x80,0x00,0x03,0x80,0x00,0x01,0xC0,0x00,0x00,
    0x60,0x00,0x00,0x00,0x00,0x00,0x00,0x00,0x07,0xFC,0x00,0x0F,0xFC,0x00,0x1C,0x1C,
    0x00,0x3C,0x1C,0x00,0x38,0x1C,0x00,0x38,0x3C,0x00,0x70,0x3C,0x00,0x70,0x3C,0x00,
    0x70,0x3C,0x00,0x70,0x7C,0x00,0x70,0x7C,0x00,0x30,0xDC,0x00,0x38,0xDC,0x00,0x3F,
    0x9F,0x00,0x0F,0x0E,0x00,0x00,0x00,0x00,0x00,0x00,0x00,0x00,0x00,0x00,0x00,0x00,
    0x00,0x00,0x00,0x00,0x00,0x00,0x00,0x00,0x00,0x00,0x00,0x00,0x00,0x00,0x00,0x00,
    0x00,0x00,0x00,0x00,0x00,0x00,0x00,0x00,0x00,0x00,0x00,0x00,0x00,0x00,0x00,0x00,
    0x00,0x00,0x00,0x00,0x00,0x00,0x00,0x00,0x00,0x00,0x00,0x00,0x00,0x00,0x00,0x00,
    0x00,0x00,0x00,0x00,0x00,0x00,0x00,0x00,0x70,0x00,0x00,0x70,0x00,0x00,0xE0,0x00,
    0x01,0xC0,0x00,0x03,0x00,0x00,0x00,0x00,0x00,0x00,0x00,0x00,0x07,0xFC,0x00,0x0F,
    0xFC,0x00,0x1C,0x1C,0x00,0x3C,0x1C,0x00,0x38,0x1C,0x00,0x38,0x3C,0x00,0x70,0x3C,
    0x00,0x70,0x3C,0x00,0x70,0x3C,0x00,0x70,0x7C,0x00,0x70,0x7C,0x00,0x30,0xDC,0x00,
    0x38,0xDC,0x00,0x3F,0x9F,0x00,0x0F,0x0E,0x00,0x00,0x00,0x00,0x00,0x00,0x00,0x00,
    0x00,0x00,0x00,0x00,0x00,0x00,0x00,0x00,0x00,0x00,0x00,0x00,0x00,0x00,0x00,0x00,
    0x00,0x00,0x00,0x00,0x00,0x00,0x00,0x00,0x00,0x00,0x00,0x00,0x00,0x00,0x00,0x00,
    0x00,0x00,0x00,0x00,0x00,0x00,0x00,0x00,0x00,0x00,0x00,0x00,0x00,0x00,0x00,0x00,
    0x00,0x00,0x00,0x00,0x00,0x00,0x00,0x00,0x00,0x00,0x00,0x00,0xC0,0x00,0x01,0xE0,
    0x00,0x03,0xF0,0x00,0x07,0x30,0x00,0x0C,0x18,0x00,0x00,0x00,0x00,0x00,0x00,0x00,
    0x07,0xFC,0x00,0x0F,0xFC,0x00,0x1C,0x1C,0x00,0x3C,0x1C,0x00,0x38,0x1C,0x00,0x38,
    0x3C,0x00,0x70,0x3C,0x00,0x70,0x3C,0x00,0x70,0x3C,0x00,0x70,0x7C,0x00,0x70,0x7C,
    0x00,0x30,0xDC,0x00,0x38,0xDC,0x00,0x3F,0x9F,0x00,0x0F,0x0E,0x00,0x00,0x00,0x00,
    0x00,0x00,0x00,0x00,0x00,0x00,0x00,0x00,0x00,0x00,0x00,0x00,0x00,0x00,0x00,0x00,
    0x00,0x00,0x00,0x00,0x00,0x00,0x00,0x00,0x00,0x00,0x00,0x00,0x00,0x00,0x00,0x00,
    0x00,0x00,0x00,0x00,0x00,0x00,0x00,0x00,0x00,0x00,0x00,0x00,0x00,0x00,0x00,0x00,
    0x00,0x00,0x00,0x00,0x00,0x00,0x00,0x00,0x00,0x00,0x00,0x00,0x00,0x00,0x00,0x03,
    0x00,0x00,0x07,0xC8,0x00,0x0F,0xF8,0x00,0x08,0xF0,0x00,0x00,0x00,0x00,0x00,0x00,
    0x00,0x00,0x00,0x00,0x07,0xFC,0x00,0x0F,0xFC,0x00,0x1C,0x1C,0x00,0x3C,0x1C,0x00,
    0x38,0x1C,0x00,0x38,0x3C,0x00,0x70,0x3C,0x00,0x70,0x3C,0x00,0x70,0x3C,0x00,0x70,
    0x7C,0x00,0x70,0x7C,0x00,0x30,0xDC,0x00,0x38,0xDC,0x00,0x3F,0x9F,0x00,0x0F,0x0E,
    0x00,0x00,0x00,0x00,0x00,0x00,0x00,0x00,0x00,0x00,0x00,0x00,0x00,0x00,0x00,0x00,
    0x00,0x00,0x00,0x00,0x00,0x00,0x00,0x00,0x00,0x00,0x00,0x00,0x00,0x00,0x00,0x00,
    0x00,0x00,0x00,0x00,0x00,0x00,0x00,0x00,0x00,0x00,0x00,0x00,0x00,0x00,0x00,0x00,
    0x00,0x00,0x00,0x00,0x00,0x00,0x00,0x00,0x00,0x00,0x00,0x00,0x00,0x00,0x00,0x00,
    0x00,0x00,0x00,0x0E,0x38,0x00,0x0F,0x38,0x00,0x0F,0x38,0x00,0x0E,0x38,0x00,0x00,
    0x00,0x00,0x00,0x00,0x00,0x00,0x00,0x00,0x07,0xFC,0x00,0x0F,0xFC,0x00,0x1C,0x1C,
    0x00,0x3C,0x1C,0x00,0x38,0x1C,0x00,0x38,0x3C,0x00,0x70,0x3C,0x00,0x70,0x3C,0x00,
    0x70,0x3C,0x00,0x70,0x7C,0x00,0x70,0x7C,0x00,0x30,0xDC,0x00,0x38,0xDC,0x00,0x3F,
    0x9F,0x00,0x0F,0x0E,0x00,0x00,0x00,0x00,0x00,0x00,0x00,0x00,0x00,0x00,0x00,0x00,
    0x00,0x00,0x00,0x00,0x00,0x00,0x00,0x00,0x00,0x00,0x00,0x00,0x00,0x00,0x00,0x00,
    0x00,0x00,0x00,0x00,0x00,0x00,0x00,0x00,0x00,0x00,0x00,0x00,0x00,0x00,0x00,0x00,
    0x00,0x00,0x00,0x00,0x00,0x00,0x00,0x00,0x00,0x00,0x00,0x00,0x00,0x00,0x00,0x00,
    0x00,0x00,0x00,0x00,0x01,0xE0,0x00,0x03,0xF0,0x00,0x07,0x30,0x00,0x07,0x30,0x00,
    0x03,0xE0,0x00,0x03,0xE0,0x00,0x00,0x00,0x00,0x00,0x00,0x00,0x07,0xFC,0x00,0x0F,
    0xFC,0x00,0x1C,0x1C,0x00,0x3C,0x1C,0x00,0x38,0x1C,0x00,0x38,0x3C,0x00,0x70,0x3C,
    0x00,0x70,0x3C,0x00,0x70,0x3C,0x00,0x70,0x7C,0x00,0x70,0x7C,0x00,0x30,0xDC,0x00,
    0x38,0xDC,0x00,0x3F,0x9F,0x00,0x0F,0x0E,0x00,0x00,0x00,0x00,0x00,0x00,0x00,0x00,
    0x00,0x00,0x00,0x00,0x00,0x00,0x00,0x00,0x00,0x00,0x00,0x00,0x00,0x00,0x00,0x00,
    0x00,0x00,0x00,0x00,0x00,0x00,0x00,0x00,0x00,0x00,0x00,0x00,0x00,0x00,0x00,0x00,
    0x00,0x00,0x00,0x00,0x00,0x00,0x00,0x00,0x00,0x00,0x00,0x00,0x00,0x00,0x00,0x00,
    0x00,0x00,0x00,0x00,0x00,0x00,0x00,0x00,0x00,0x00,0x00,0x00,0x00,0x00,0x00,0x00,
    0x00,0x00,0x00,0x00,0x00,0x00,0x00,0x00,0x00,0x00,0x00,0x00,0x00,0x00,0x00,0x00,
    0x07,0xFD,0xF0,0x0F,0xFF,0xF8,0x1C,0x1E,0x38,0x3C,0x1C,0x38,0x38,0x18,0x38,0x38,
    0x38,0x38,0x70,0x38,0xF0,0x70,0x3F,0xE0,0x70,0x3F,0x00,0x70,0x78,0x00,0x70,0x78,
    0x00,0x30,0xD8,0x00,0x38,0xDC,0x38,0x3F,0x8F,0xF0,0x0F,0x07,0xE0,0x00,0x00,0x00,
    0x00,0x00,0x00,0x00,0x00,0x00,0x00,0x00,0x00,0x00,0x00,0x00,0x00,0x00,0x00,0x00,
    0x00,0x00,0x00,0x00,0x00,0x00,0x00,0x00,0x00,0x00,0x00,0x00,0x00,0x00,0x00,0x00,
    0x00,0x00,0x00,0x00,0x00,0x00,0x00,0x00,0x00,0x00,0x00,0x00,0x00,0x00,0x00,0x00,
    0x00,0x00,0x00,0x00,0x00,0x00,0x00,0x00,0x00,0x00,0x00,0x00,0x00,0x00,0x00,0x00,
    0x07,0xE0,0x0F,0xF0,0x1C,0x38,0x38,0x38,0x38,0x78,0x30,0x30,0x70,0x00,0x70,0x00,
    0x70,0x00,0x70,0x00,0x70,0x00,0x38,0x10,0x3C,0x30,0x1F,0xF0,0x0F,0xC0,0x03,0x00,
    0x03,0x80,0x03,0xC0,0x00,0xC0,0x01,0xC0,0x0F,0xC0,0x00,0x00,0x00,0x00,0x00,0x00,
    0x00,0x00,0x00,0x00,0x00,0x00,0x00,0x00,0x00,0x00,0x00,0x00,0x00,0x00,0x00,0x00,
    0x00,0x00,0x00,0x00,0x00,0x00,0x00,0x00,0x00,0x00,0x06,0x00,0x07,0x00,0x07,0x80,
    0x01,0x80,0x00,0xC0,0x00,0x00,0x00,0x00,0x07,0xE0,0x0F,0xF0,0x1C,0x78,0x38,0x38,
    0x38,0x38,0x30,0x70,0x71,0xF0,0x7F,0xC0,0x7F,0x00,0x70,0x00,0x70,0x00,0x38,0x00,
    0x3C,0x30,0x1F,0xF0,0x0F,0xC0,0x00,0x00,0x00,0x00,0x00,0x00,0x00,0x00,0x00,0x00,
    0x00,0x00,0x00,0x00,0x00,0x00,0x00,0x00,0x00,0x00,0x00,0x00,0x00,0x00,0x00,0x00,
    0x00,0x00,0x00,0x00,0x00,0x00,0x00,0x00,0x00,0x00,0x00,0x00,0x00,0x00,0x00,0x00,
    0x00,0x00,0x00,0x60,0x00,0xE0,0x01,0xE0,0x03,0x80,0x03,0x00,0x00,0x00,0x00,0x00,
    0x07,0xE0,0x0F,0xF0,0x1C,0x78,0x38,0x38,0x38,0x38,0x30,0x70,0x71,0xF0,0x7F,0xC0,
    0x7F,0x00,0x70,0x00,0x70,0x00,0x38,0x00,0x3C,0x30,0x1F,0xF0,0x0F,0xC0,0x00,0x00,
    0x00,0x00,0x00,0x00,0x00,0x00,0x00,0x00,0x00,0x00,0x00,0x00,0x00,0x00,0x00,0x00,
    0x00,0x00,0x00,0x00,0x00,0x00,0x00,0x00,0x00,0x00,0x00,0x00,0x00,0x00,0x00,0x00,
    0x00,0x00,0x00,0x00,0x00,0x00,0x00,0x00,0x00,0x00,0x01,0x80,0x03,0xC0,0x07,0xE0,
    0x0E,0x70,0x0C,0x30,0x00,0x00,0x00,0x00,0x07,0xE0,0x0F,0xF0,0x1C,0x78,0x38,0x38,
    0x38,0x38,0x30,0x70,0x71,0xF0,0x7F,0xC0,0x7F,0x00,0x70,0x00,0x70,0x00,0x38,0x00,
    0x3C,0x30,0x1F,0xF0,0x0F,0xC0,0x00,0x00,0x00,0x00,0x00,0x00,0x00,0x00,0x00,0x00,
    0x00,0x00,0x00,0x00,0x00,0x00,0x00,0x00,0x00,0x00,0x00,0x00,0x00,0x00,0x00,0x00,
    0x00,0x00,0x00,0x00,0x00,0x00,0x00,0x00,0x00,0x00,0x00,0x00,0x00,0x00,0x00,0x00,
    0x00,0x00,0x0E,0x30,0x1E,0x78,0x1E,0x78,0x0C,0x70,0x00,0x00,0x00,0x00,0x00,0x00,
    0x07,0xE0,0x0F,0xF0,0x1C,0x78,0x38,0x38,0x38,0x38,0x30,0x70,0x71,0xF0,0x7F,0xC0,
    0x7F,0x00,0x70,0x00,0x70,0x00,0x38,0x00,0x3C,0x30,0x1F,0xF0,0x0F,0xC0,0x00,0x00,
    0x00,0x00,0x00,0x00,0x00,0x00,0x00,0x00,0x00,0x00,0x00,0x00,0x00,0x00,0x00,0x00,
    0x00,0x00,0x00,0x00,0x00,0x00,0x00,0x00,0x00,0x00,0x00,0x00,0x00,0x00,0x00,0x00,
    0x00,0x00,0x00,0x00,0x00,0x00,0x00,0x00,0x00,0x00,0x60,0x00,0xF0,0x00,0x70,0x00,
    0x38,0x00,0x0C,0x00,0x00,0x00,0x00,0x00,0x78,0x00,0xFC,0x00,0x1C,0x00,0x1C,0x00,
    0x1C,0x00,0x1C,0x00,0x1C,0x00,0x1C,0x00,0x1C,0x00,0x1C,0x00,0x1C,0x00,0x18,0x00,
    0x19,0x00,0x1F,0x00,0x1E,0x00,0x00,0x00,0x00,0x00,0x00,0x00,0x00,0x00,0x00,0x00,
    0x00,0x00,0x00,0x00,0x00,0x00,0x00,0x00,0x00,0x00,0x00,0x00,0x00,0x00,0x00,0x00,
    0x00,0x00,0x00,0x00,0x00,0x00,0x00,0x00,0x00,0x00,0x00,0x00,0x00,0x00,0x00,0x00,
    0x00,0x00,0x06,0x00,0x0E,0x00,0x1C,0x00,0x38,0x00,0x70,0x00,0x00,0x00,0x00,0x00,
    0x78,0x00,0xFC,0x00,0x1C,0x00,0x1C,0x00,0x1C,0x00,0x1C,0x00,0x1C,0x00,0x1C,0x00,
    0x1C,0x00,0x1C,0x00,0x1C,0x00,0x18,0x00,0x19,0x00,0x1F,0x00,0x1E,0x00,0x00,0x00,
    0x00,0x00,0x00,0x00,0x00,0x00,0x00,0x00,0x00,0x00,0x00,0x00,0x00,0x00,0x00,0x00,
    0x00,0x00,0x00,0x00,0x00,0x00,0x00,0x00,0x00,0x00,0x00,0x00,0x00,0x00,0x00,0x00,
    0x00,0x00,0x00,0x00,0x00,0x00,0x00,0x00,0x00,0x00,0x18,0x00,0x3C,0x00,0x7E,0x00,
    0xE6,0x00,0x83,0x00,0x00,0x00,0x00,0x00,0x78,0x00,0xFC,0x00,0x1C,0x00,0x1C,0x00,
    0x1C,0x00,0x1C,0x00,0x1C,0x00,0x1C,0x00,0x1C,0x00,0x1C,0x00,0x1C,0x00,0x18,0x00,
    0x19,0x00,0x1F,0x00,0x1E,0x00,0x00,0x00,0x00,0x00,0x00,0x00,0x00,0x00,0x00,0x00,
    0x00,0x00,0x00,0x00,0x00,0x00,0x00,0x00,0x00,0x00,0x00,0x00,0x00,0x00,0x00,0x00,
    0x00,0x00,0x00,0x00,0x00,0x00,0x00,0x00,0x00,0x00,0x00,0x00,0x00,0x00,0x00,0x00,
    0x00,0x00,0xC7,0x00,0xE7,0x80,0xE7,0x80,0xC7,0x00,0x00,0x00,0x00,0x00,0x00,0x00,
    0x78,0x00,0xFC,0x00,0x1C,0x00,0x1C,0x00,0x1C,0x00,0x1C,0x00,0x1C,0x00,0x1C,0x00,
    0x1C,0x00,0x1C,0x00,0x1C,0x00,0x18,0x00,0x19,0x00,0x1F,0x00,0x1E,0x00,0x00,0x00,
    0x00,0x00,0x00,0x00,0x00,0x00,0x00,0x00,0x00,0x00,0x00,0x00,0x00,0x00,0x00,0x00,
    0x00,0x00,0x00,0x00,0x00,0x00,0x00,0x00,0x00,0x00,0x00,0x00,0x00,0x00,0x00,0x00,
    0x00,0x00,0x00,0x00,0x00,0x00,0x00,0x00,0x00,0x00,0x0F,0x1C,0x03,0xF8,0x01,0xF0,
    0x03,0xF0,0x03,0x38,0x00,0x38,0x00,0x1C,0x07,0xDC,0x1F,0xFC,0x1C,0x3C,0x38,0x1C,
    0x38,0x1C,0x78,0x1C,0x70,0x1C,0x70,0x1C,0x70,0x1C,0x70,0x1C,0x78,0x18,0x38,0x38,
    0x3C,0x30,0x1F,0xF0,0x0F,0xC0,0x00,0x00,0x00,0x00,0x00,0x00,0x00,0x00,0x00,0x00,
    0x00,0x00,0x00,0x00,0x00,0x00,0x00,0x00,0x00,0x00,0x00,0x00,0x00,0x00,0x00,0x00,
    0x00,0x00,0x00,0x00,0x00,0x00,0x00,0x00,0x00,0x00,0x00,0x00,0x00,0x00,0x00,0x00,
    0x00,0x00,0x00,0x00,0x00,0x00,0x00,0x00,0x00,0x00,0x00,0x00,0x00,0x00,0x00,0x03,
    0x00,0x00,0x07,0xEC,0x00,0x0F,0xF8,0x00,0x00,0xF0,0x00,0x00,0x00,0x00,0x00,0x00,
    0x00,0x00,0x00,0x00,0xF8,0x7C,0x00,0xFC,0xFC,0x00,0x1C,0xCE,0x00,0x1D,0x8E,0x00,
    0x1D,0x8E,0x00,0x19,0x8E,0x00,0x1B,0x0E,0x00,0x1B,0x0E,0x00,0x1A,0x0C,0x00,0x1E,
    0x1C,0x00,0x1E,0x1C,0x00,0x1C,0x1C,0x00,0x1C,0x1C,0x00,0x1C,0x1F,0x80,0x18,0x0F,
    0x00,0x00,0x00,0x00,0x00,0x00,0x00,0x00,0x00,0x00,0x00,0x00,0x00,0x00,0x00,0x00,
    0x00,0x00,0x00,0x00,0x00,0x00,0x00,0x00,0x00,0x00,0x00,0x00,0x00,0x00,0x00,0x00,
    0x00,0x00,0x00,0x00,0x00,0x00,0x00,0x00,0x00,0x00,0x00,0x00,0x00,0x00,0x00,0x00,
    0x00,0x00,0x00,0x00,0x00,0x00,0x06,0x00,0x07,0x00,0x03,0x80,0x01,0xC0,0x00,0xC0,
    0x00,0x00,0x00,0x00,0x07,0xE0,0x0F,0xF0,0x1C,0x38,0x38,0x1C,0x38,0x1C,0x78,0x1C,
    0x70,0x1C,0x70,0x1C,0x70,0x1C,0x70,0x1C,0x78,0x1C,0x38,0x38,0x3C,0x38,0x1F,0xF0,
    0x0F,0xE0,0x00,0x00,0x00,0x00,0x00,0x00,0x00,0x00,0x00,0x00,0x00,0x00,0x00,0x00,
    0x00,0x00,0x00,0x00,0x00,0x00,0x00,0x00,0x00,0x00,0x00,0x00,0x00,0x00,0x00,0x00,
    0x00,0x00,0x00,0x00,0x00,0x00,0x00,0x00,0x00,0x00,0x00,0x00,0x00,0x00,0x00,0x60,
    0x00,0xF0,0x00,0xE0,0x01,0xC0,0x03,0x00,0x00,0x00,0x00,0x00,0x07,0xE0,0x0F,0xF0,
    0x1C,0x38,0x38,0x1C,0x38,0x1C,0x78,0x1C,0x70,0x1C,0x70,0x1C,0x70,0x1C,0x70,0x1C,
    0x78,0x1C,0x38,0x38,0x3C,0x38,0x1F,0xF0,0x0F,0xE0,0x00,0x00,0x00,0x00,0x00,0x00,
    0x00,0x00,0x00,0x00,0x00,0x00,0x00,0x00,0x00,0x00,0x00,0x00,0x00,0x00,0x00,0x00,
    0x00,0x00,0x00,0x00,0x00,0x00,0x00,0x00,0x00,0x00,0x00,0x00,0x00,0x00,0x00,0x00,
    0x00,0x00,0x00,0x00,0x00,0x00,0x01,0xC0,0x03,0xC0,0x03,0xE0,0x06,0x70,0x0C,0x18,
    0x00,0x00,0x00,0x00,0x07,0xE0,0x0F,0xF0,0x1C,0x38,0x38,0x1C,0x38,0x1C,0x78,0x1C,
    0x70,0x1C,0x70,0x1C,0x70,0x1C,0x70,0x1C,0x78,0x1C,0x38,0x38,0x3C,0x38,0x1F,0xF0,
    0x0F,0xE0,0x00,0x00,0x00,0x00,0x00,0x00,0x00,0x00,0x00,0x00,0x00,0x00,0x00,0x00,
    0x00,0x00,0x00,0x00,0x00,0x00,0x00,0x00,0x00,0x00,0x00,0x00,0x00,0x00,0x00,0x00,
    0x00,0x00,0x00,0x00,0x00,0x00,0x00,0x00,0x00,0x00,0x00,0x00,0x00,0x00,0x07,0x00,
    0x0F,0xD8,0x0F,0xF8,0x00,0xF0,0x00,0x00,0x00,0x00,0x00,0x00,0x07,0xE0,0x0F,0xF0,
    0x1C,0x38,0x38,0x1C,0x38,0x1C,0x78,0x1C,0x70,0x1C,0x70,0x1C,0x70,0x1C,0x70,0x1C,
    0x78,0x1C,0x38,0x38,0x3C,0x38,0x1F,0xF0,0x0F,0xE0,0x00,0x00,0x00,0x00,0x00,0x00,
    0x00,0x00,0x00,0x00,0x00,0x00,0x00,0x00,0x00,0x00,0x00,0x00,0x00,0x00,0x00,0x00,
    0x00,0x00,0x00,0x00,0x00,0x00,0x00,0x00,0x00,0x00,0x00,0x00,0x00,0x00,0x00,0x00,
    0x00,0x00,0x00,0x00,0x00,0x00,0x0E,0x38,0x0E,0x78,0x0E,0x78,0x0E,0x38,0x00,0x00,
    0x00,0x00,0x00,0x00,0x07,0xE0,0x0F,0xF0,0x1C,0x38,0x38,0x1C,0x38,0x1C,0x78,0x1C,
    0x70,0x1C,0x70,0x1C,0x70,0x1C,0x70,0x1C,0x78,0x1C,0x38,0x38,0x3C,0x38,0x1F,0xF0,
    0x0F,0xE0,0x00,0x00,0x00,0x00,0x00,0x00,0x00,0x00,0x00,0x00,0x00,0x00,0x00,0x00,
    0x00,0x00,0x00,0x00,0x00,0x00,0x00,0x00,0x00,0x00,0x00,0x00,0x00,0x00,0x00,0x00,
    0x00,0x00,0x00,0x00,0x00,0x00,0x00,0x00,0x00,0x00,0x00,0x00,0x00,0x00,0x00,0x00,
    0x00,0x00,0x00,0x00,0x00,0x00,0x00,0x00,0x00,0x00,0x00,0x00,0x00,0x00,0x00,0x00,
    0x00,0x00,0x00,0x00,0x00,0x00,0x00,0x00,0x00,0x00,0x00,0x00,0x00,0x00,0x00,0x00,
    0x01,0xC0,0x00,0x01,0xE0,0x00,0x01,0xE0,0x00,0x01,0xC0,0x00,0x00,0x00,0x00,0x00,
    0x00,0x00,0x3F,0xFE,0x00,0x3F,0xFE,0x00,0x00,0x00,0x00,0x01,0xC0,0x00,0x03,0xC0,
    0x00,0x03,0xC0,0x00,0x01,0xC0,0x00,0x00,0x00,0x00,0x00,0x00,0x00,0x00,0x00,0x00,
    0x00,0x00,0x00,0x00,0x00,0x00,0x00,0x00,0x00,0x00,0x00,0x00,0x00,0x00,0x00,0x00,
    0x00,0x00,0x00,0x00,0x00,0x00,0x00,0x00,0x00,0x00,0x00,0x00,0x00,0x00,0x00,0x00,
    0x00,0x00,0x00,0x00,0x00,0x00,0x00,0x00,0x00,0x00,0x00,0x00,0x00,0x00,0x00,0x00,
    0x00,0x00,0x00,0x00,0x00,0x00,0x00,0x00,0x00,0x00,0x00,0x00,0x00,0x00,0x00,0x00,
    0x07,0xE6,0x0F,0xFC,0x1C,0x3C,0x38,0x3C,0x38,0x7C,0x78,0xFC,0x70,0xDC,0x71,0x9C,
    0x73,0x1C,0x77,0x1C,0x3E,0x1C,0x3C,0x38,0x3C,0x38,0x3F,0xF0,0x6F,0xE0,0x00,0x00,
    0x00,0x00,0x00,0x00,0x00,0x00,0x00,0x00,0x00,0x00,0x00,0x00,0x00,0x00,0x00,0x00,
    0x00,0x00,0x00,0x00,0x00,0x00,0x00,0x00,0x00,0x00,0x00,0x00,0x00,0x00,0x00,0x00,
    0x00,0x00,0x00,0x00,0x00,0x00,0x00,0x00,0x00,0x00,0x00,0x00,0x00,0x00,0x00,0x00,
    0x00,0x00,0x00,0x00,0x00,0x00,0x00,0x07,0x00,0x00,0x07,0x00,0x00,0x03,0x80,0x00,
    0x01,0xC0,0x00,0x00,0xE0,0x00,0x00,0x00,0x00,0x00,0x00,0x00,0x7C,0x0E,0x00,0x7C,
    0x1E,0x00,0x1C,0x1E,0x00,0x1C,0x1C,0x00,0x1C,0x3C,0x00,0x1C,0x3C,0x00,0x1C,0x3C,
    0x00,0x1C,0x6C,0x00,0x1C,0x6C,0x00,0x1C,0x6C,0x00,0x18,0xCC,0x00,0x18,0xDC,0x00,
    0x1D,0xDC,0x00,0x1F,0x9F,0x80,0x0F,0x0F,0x00,0x00,0x00,0x00,0x00,0x00,0x00,0x00,
    0x00,0x00,0x00,0x00,0x00,0x00,0x00,0x00,0x00,0x00,0x00,0x00,0x00,0x00,0x00,0x00,
    0x00,0x00,0x00,0x00,0x00,0x00,0x00,0x00,0x00,0x00,0x00,0x00,0x00,0x00,0x00,0x00,
    0x00,0x00,0x00,0x00,0x00,0x00,0x00,0x00,0x00,0x00,0x00,0x00,0x00,0x00,0x00,0x00,
    0x00,0x00,0x00,0x00,0x00,0x00,0x00,0x00,0x00,0x00,0x00,0x00,0x70,0x00,0x00,0xF0,
    0x00,0x00,0xE0,0x00,0x01,0xC0,0x00,0x03,0x00,0x00,0x00,0x00,0x00,0x00,0x00,0x00,
    0x7C,0x0E,0x00,0x7C,0x1E,0x00,0x1C,0x1E,0x00,0x1C,0x1C,0x00,0x1C,0x3C,0x00,0x1C,
    0x3C,0x00,0x1C,0x3C,0x00,0x1C,0x6C,0x00,0x1C,0x6C,0x00,0x1C,0x6C,0x00,0x18,0xCC,
    0x00,0x18,0xDC,0x00,0x1D,0xDC,0x00,0x1F,0x9F,0x80,0x0F,0x0F,0x00,0x00,0x00,0x00,
    0x00,0x00,0x00,0x00,0x00,0x00,0x00,0x00,0x00,0x00,0x00,0x00,0x00,0x00,0x00,0x00,
    0x00,0x00,0x00,0x00,0x00,0x00,0x00,0x00,0x00,0x00,0x00,0x00,0x00,0x00,0x00,0x00,
    0x00,0x00,0x00,0x00,0x00,0x00,0x00,0x00,0x00,0x00,0x00,0x00,0x00,0x00,0x00,0x00,
    0x00,0x00,0x00,0x00,0x00,0x00,0x00,0x00,0x00,0x00,0x00,0x00,0x00,0x00,0x00,0x01,
    0xC0,0x00,0x03,0xE0,0x00,0x03,0xE0,0x00,0x06,0x70,0x00,0x0C,0x18,0x00,0x00,0x00,
    0x00,0x00,0x00,0x00,0x7C,0x0E,0x00,0x7C,0x1E,0x00,0x1C,0x1E,0x00,0x1C,0x1C,0x00,
    0x1C,0x3C,0x00,0x1C,0x3C,0x00,0x1C,0x3C,0x00,0x1C,0x6C,0x00,0x1C,0x6C,0x00,0x1C,
    0x6C,0x00,0x18,0xCC,0x00,0x18,0xDC,0x00,0x1D,0xDC,0x00,0x1F,0x9F,0x80,0x0F,0x0F,
    0x00,0x00,0x00,0x00,0x00,0x00,0x00,0x00,0x00,0x00,0x00,0x00,0x00,0x00,0x00,0x00,
    0x00,0x00,0x00,0x00,0x00,0x00,0x00,0x00,0x00,0x00,0x00,0x00,0x00,0x00,0x00,0x00,
    0x00,0x00,0x00,0x00,0x00,0x00,0x00,0x00,0x00,0x00,0x00,0x00,0x00,0x00,0x00,0x00,
    0x00,0x00,0x00,0x00,0x00,0x00,0x00,0x00,0x00,0x00,0x00,0x00,0x00,0x00,0x00,0x00,
    0x00,0x00,0x00,0x0E,0x38,0x00,0x0E,0x78,0x00,0x0E,0x78,0x00,0x0E,0x38,0x00,0x00,
    0x00,0x00,0x00,0x00,0x00,0x00,0x00,0x00,0x7C,0x0E,0x00,0x7C,0x1E,0x00,0x1C,0x1E,
    0x00,0x1C,0x1C,0x00,0x1C,0x3C,0x00,0x1C,0x3C,0x00,0x1C,0x3C,0x00,0x1C,0x6C,0x00,
    0x1C,0x6C,0x00,0x1C,0x6C,0x00,0x18,0xCC,0x00,0x18,0xDC,0x00,0x1D,0xDC,0x00,0x1F,
    0x9F,0x80,0x0F,0x0F,0x00,0x00,0x00,0x00,0x00,0x00,0x00,0x00,0x00,0x00,0x00,0x00,
    0x00,0x00,0x00,0x00,0x00,0x00,0x00,0x00,0x00,0x00,0x00,0x00,0x00,0x00,0x00,0x00,
    0x00,0x00,0x00,0x00,0x00,0x00,0x00,0x00,0x00,0x00,0x00,0x00,0x00,0x00,0x00,0x00,
    0x00,0x00,0x00,0x00,0x00,0x00,0x00,0x00,0x00,0x00,0x00,0x60,0x00,0xE0,0x01,0xE0,
    0x01,0x80,0x03,0x00,0x00,0x00,0x00,0x00,0x78,0x1C,0xFC,0x3C,0x1C,0x3E,0x1C,0x0C,
    0x1C,0x0C,0x1C,0x0C,0x1C,0x18,0x1C,0x18,0x1C,0x38,0x1C,0x30,0x0C,0x70,0x0E,0x60,
    0x0E,0x60,0x07,0xC0,0x03,0xC0,0x01,0xC0,0x01,0x80,0x03,0x80,0x63,0x00,0x73,0x00,
    0x7E,0x00,0x7C,0x00,0x00,0x00,0x00,0x00,0x00,0x00,0x00,0x00,0x00,0x00,0x00,0x00,
    0x00,0x00,0x00,0x00,0x00,0x00,0x00,0x00,0x00,0x00,0x00,0x00,0x00,0x00,0x00,0x00,
    0x00,0x00,0xFC,0x00,0x7C,0x00,0x1C,0x00,0x1C,0x00,0x1C,0x00,0x1C,0x00,0x1C,0x00,
    0x1C,0xF8,0x1D,0xFC,0x19,0x8E,0x1B,0x0E,0x1B,0x0E,0x1A,0x0E,0x1E,0x0E,0x1E,0x0E,
    0x1E,0x0E,0x3C,0x0E,0x3C,0x1E,0x3C,0x1C,0x3C,0x38,0x3F,0xF0,0x3F,0xE0,0x38,0x00,
    0x38,0x00,0x38,0x00,0x38,0x00,0x38,0x00,0x3E,0x00,0x3E,0x00,0x00,0x00,0x00,0x00,
    0x00,0x00,0x00,0x00,0x00,0x00,0x00,0x00,0x00,0x00,0x00,0x00,0x00,0x00,0x00,0x00,
    0x00,0x00,0x00,0x00,0x00,0x00,0x00,0x00,0x00,0x00,0x0E,0x30,0x1E,0x78,0x1E,0x78,
    0x0E,0x30,0x00,0x00,0x00,0x00,0x00,0x00,0x78,0x1C,0xFC,0x3C,0x1C,0x3E,0x1C,0x0C,
    0x1C,0x0C,0x1C,0x0C,0x1C,0x18,0x1C,0x18,0x1C,0x38,0x1C,0x30,0x0C,0x70,0x0E,0x60,
    0x0E,0x60,0x07,0xC0,0x03,0xC0,0x01,0xC0,0x01,0x80,0x03,0x80,0x63,0x00,0x73,0x00,
    0x7E,0x00,0x7C,0x00,0x00,0x00,0x00,0x00,0x00,0x00,0x00,0x00,0x00,0x00,0x00,0x00,
    0x00,0x00,0x00,0x00,0x00,0x00,0x00,0x00,0x00,0x00,0x00,0x00,0x00,0x00,0x00,0x00,
    0x00,0x00,0x00,0x00,0x00,0x00,0x00,0x00,0x00,0x00,0x00,0x00,0x00,0x00,0x00,0x00,
    0x00,0x00,0x00,0x00,0x00,0x00,0x00,0x00,0x00,0x00,0x00,0x00,0x00,0x00,0x00,0x00,
    0x00,0x00,0x00,0x00,0x01,0xFF,0xFF,0xE0,0x03,0xFF,0xFF,0xE0,0x0F,0x03,0xC0,0x70,
    0x0E,0x01,0xC0,0x70,0x1C,0x01,0xE0,0x30,0x38,0x00,0xE0,0x00,0x38,0x00,0xF0,0x00,
    0x38,0x00,0xF0,0x00,0x38,0x00,0xFF,0xC0,0x38,0x00,0x7F,0xC0,0x38,0x00,0xF0,0x00,
    0x38,0x00,0xE0,0x00,0x38,0x00,0xE0,0x00,0x38,0x00,0xE0,0x00,0x38,0x00,0xE0,0x30,
    0x1C,0x01,0xC0,0x30,0x1E,0x01,0xC0,0x70,0x0F,0x07,0x80,0x70,0x07,0xFF,0xFF,0xE0,
    0x01,0xFF,0xFF,0xE0,0x00,0x00,0x00,0x00,0x00,0x00,0x00,0x00,0x00,0x00,0x00,0x00,
    0x00,0x00,0x00,0x00,0x00,0x00,0x00,0x00,0x00,0x00,0x00,0x00,0x00,0x00,0x00,0x00,
    0x00,0x00,0x00,0x00,0x00,0x00,0x00,0x00,0x00,0x00,0x00,0x00,0x00,0x00,0x00,0x00,
    0x00,0x00,0x00,0x00,0x00,0x00,0x00,0x00,0x00,0x00,0x00,0x00,0x00,0x00,0x00,0x00,
    0x00,0x00,0x00,0x00,0x00,0x00,0x00,0x00,0x00,0x00,0x00,0x00,0x00,0x00,0x00,0x00,
    0x00,0x00,0x00,0x00,0x00,0x00,0x00,0x00,0x00,0x00,0x00,0x00,0x00,0x00,0x00,0x00,
    0x00,0x00,0x00,0x00,0x07,0xE0,0xF8,0x0F,0xF3,0xFC,0x1C,0x3F,0x1E,0x38,0x1E,0x0E,
    0x38,0x1E,0x0E,0x78,0x1C,0x1C,0x70,0x1C,0x78,0x70,0x1F,0xF0,0x70,0x1F,0x80,0x70,
    0x1C,0x00,0x78,0x1C,0x00,0x38,0x3E,0x00,0x3C,0x3F,0x0C,0x1F,0xF7,0xFC,0x0F,0xC3,
    0xF0,0x00,0x00,0x00,0x00,0x00,0x00,0x00,0x00,0x00,0x00,0x00,0x00,0x00,0x00,0x00,
    0x00,0x00,0x00,0x00,0x00,0x00,0x00,0x00,0x00,0x00,0x00,0x00,0x00,0x00,0x00,0x00,
    0x00,0x00,0x00,0x00,0x00,0x00,0x00,0x00,0x00,0x00,0x00,0x00,0x0C,0x18,0x07,0x30,
    0x07,0xE0,0x03,0xE0,0x01,0xC0,0x00,0x00,0x00,0x00,0x07,0xF0,0x0F,0xF8,0x1C,0x1C,
    0x38,0x1C,0x38,0x3C,0x38,0x08,0x38,0x00,0x3E,0x00,0x1F,0x80,0x0F,0xC0,0x03,0xF0,
    0x00,0xF8,0x00,0x3C,0x00,0x1C,0x30,0x1C,0x78,0x1C,0x78,0x18,0x78,0x38,0x3F,0xF0,
    0x1F,0xC0,0x00,0x00,0x00,0x00,0x00,0x00,0x00,0x00,0x00,0x00,0x00,0x00,0x00,0x00,
    0x00,0x00,0x00,0x00,0x00,0x00,0x00,0x00,0x00,0x00,0x00,0x00,0x00,0x00,0x00,0x00,
    0x00,0x00,0x00,0x00,0x00,0x00,0x00,0x00,0x00,0x00,0x00,0x00,0x10,0x20,0x18,0x60,
    0x0C,0xC0,0x0F,0xC0,0x07,0x80,0x03,0x00,0x00,0x00,0x00,0x00,0x0F,0xC0,0x1F,0xE0,
    0x38,0x70,0x38,0x70,0x38,0x00,0x3C,0x00,0x1F,0x00,0x0F,0xC0,0x03,0xE0,0x00,0xE0,
    0x00,0x60,0x70,0x60,0x70,0xE0,0x7F,0xC0,0x1F,0x80,0x00,0x00,0x00,0x00,0x00,0x00,
    0x00,0x00,0x00,0x00,0x00,0x00,0x00,0x00,0x00,0x00,0x00,0x00,0x00,0x00,0x00,0x00,
    0x00,0x00,0x00,0x00,0x00,0x00,0x00,0x00,0x00,0x00,0x00,0x00,0x00,0x00,0x00,0x00,
    0x00,0x00,0x00,0x00,0x00,0x00,0x00,0x01,0x8E,0x00,0x03,0xCF,0x00,0x03,0xCE,0x00,
    0x03,0x8E,0x00,0x00,0x00,0x00,0x00,0x00,0x00,0x7F,0x07,0xE0,0x7F,0x03,0xE0,0x1C,
    0x01,0x80,0x0E,0x03,0x80,0x0E,0x03,0x00,0x07,0x07,0x00,0x07,0x06,0x00,0x03,0x8C,
    0x00,0x03,0x8C,0x00,0x01,0xD8,0x00,0x01,0xF8,0x00,0x00,0xF0,0x00,0x00,0xE0,0x00,
    0x00,0x60,0x00,0x00,0xE0,0x00,0x00,0xE0,0x00,0x00,0xE0,0x00,0x00,0xE0,0x00,0x03,
    0xF8,0x00,0x03,0xFC,0x00,0x00,0x00,0x00,0x00,0x00,0x00,0x00,0x00,0x00,0x00,0x00,
    0x00,0x00,0x00,0x00,0x00,0x00,0x00,0x00,0x00,0x00,0x00,0x00,0x00,0x00,0x00,0x00,
    0x00,0x00,0x00,0x00,0x00,0x00,0x00,0x00,0x00,0x00,0x00,0x00,0x00,0x00,0x00,0x00,
    0x00,0x00,0x00,0x00,0x00,0x00,0x00,0x00,0x06,0x04,0x00,0x03,0x0C,0x00,0x03,0xF8,
    0x00,0x01,0xF0,0x00,0x00,0xE0,0x00,0x00,0x40,0x00,0x00,0x00,0x00,0x1F,0xFF,0x80,
    0x1F,0xFF,0x80,0x1C,0x07,0x00,0x18,0x0F,0x00,0x38,0x0E,0x00,0x00,0x1C,0x00,0x00,
    0x38,0x00,0x00,0x78,0x00,0x00,0x70,0x00,0x00,0xE0,0x00,0x01,0xE0,0x00,0x01,0xC0,
    0x00,0x03,0x80,0x00,0x07,0x80,0x00,0x07,0x01,0x80,0x0E,0x01,0x80,0x1C,0x03,0x80,
    0x3C,0x03,0x00,0x3F,0xFF,0x00,0x3F,0xFF,0x00,0x00,0x00,0x00,0x00,0x00,0x00,0x00,
    0x00,0x00,0x00,0x00,0x00,0x00,0x00,0x00,0x00,0x00,0x00,0x00,0x00,0x00,0x00,0x00,
    0x00,0x00,0x00,0x00,0x00,0x00,0x00,0x00,0x00,0x00,0x00,0x00,0x00,0x00,0x00,0x00,
    0x00,0x00,0x00,0x00,0x00,0x00,0x00,0x00,0x00,0x00,0x00,0x00,0x00,0x00,0x1C,0x30,
    0x0E,0xE0,0x07,0xC0,0x07,0x80,0x03,0x80,0x00,0x00,0x00,0x00,0x3F,0xF8,0x3F,0xF8,
    0x30,0x70,0x30,0x70,0x20,0xE0,0x01,0xC0,0x03,0x80,0x03,0x80,0x07,0x00,0x0E,0x00,
    0x1C,0x18,0x1C,0x18,0x38,0x38,0x7F,0xF8,0x3F,0xF0,0x00,0x00,0x00,0x00,0x00,0x00,
    0x00,0x00,0x00,0x00,0x00,0x00,0x00,0x00,0x00,0x00,0x00,0x00,0x00,0x00,0x00,0x00,
    0x00,0x00,0x00,0x00,0x00,0x00,0x00,0x00,0x00,0x00,0x00,0x00,0x00,0x00,0x00,0x00,
    0x00,0x00,0x00,0x00,0x00,0x00,0x00,0x00,0x00,0x00,0x00,0x00,0x00,0x00,0x00,0x00,
    0x00,0x00,0x00,0x00,0x00,0x00,0x00,0x00,0x00,0x00,0x00,0x00,0x00,0x00,0x00,0x00,
    0x7F,0xFC,0x7F,0xFE,0x00,0x00,0x00,0x00,0x00,0x00,0x00,0x00,0x00,0x00,0x00,0x00,
    0x00,0x00,0x00,0x00,0x00,0x00,0x00,0x00,0x00,0x00,0x00,0x00,0x00,0x00,0x00,0x00,
    0x00,0x00,0x00,0x00,0x00,0x00,0x00,0x00,0x00,0x00,0x00,0x00,0x00,0x00,0x00,0x00,
    0x00,0x00,0x00,0x00,0x00,0x00,0x00,0x00,0x00,0x00,0x00,0x00,0x00,0x00,0x00,0x00,
    0x00,0x00,0x00,0x00,0x00,0x00,0x00,0x00,0x00,0x00,0x00,0x00,0x00,0x00,0x00,0x00,
    0x00,0x00,0x00,0x00,0x00,0x00,0x00,0x00,0x00,0x00,0x00,0x00,0x00,0x00,0x00,0x00,
    0x00,0x00,0x00,0x00,0x00,0x00,0x00,0x00,0x00,0x00,0x00,0x00,0x00,0x00,0x00,0x00,
    0x00,0x00,0x00,0x00,0x00,0x00,0x00,0x00,0x00,0x00,0x00,0x00,0x00,0x00,0x00,0x00,
    0x00,0x00,0x00,0x00,0x00,0x00,0x00,0x00,0x00,0x00,0x00,0x00,0x7F,0xFF,0xFF,0xF8,
    0xFF,0xFF,0xFF,0xF8,0x00,0x00,0x00,0x00,0x00,0x00,0x00,0x00,0x00,0x00,0x00,0x00,
    0x00,0x00,0x00,0x00,0x00,0x00,0x00,0x00,0x00,0x00,0x00,0x00,0x00,0x00,0x00,0x00,
    0x00,0x00,0x00,0x00,0x00,0x00,0x00,0x00,0x00,0x00,0x00,0x00,0x00,0x00,0x00,0x00,
    0x00,0x00,0x00,0x00,0x00,0x00,0x00,0x00,0x00,0x00,0x00,0x00,0x00,0x00,0x00,0x00,
    0x00,0x00,0x00,0x00,0x00,0x00,0x00,0x00,0x00,0x00,0x00,0x00,0x00,0x00,0x00,0x00,
    0x00,0x0E,0x0C,0x18,0x38,0x3E,0x3E,0x1C,0x00,0x00,0x00,0x00,0x00,0x00,0x00,0x00,
    0x00,0x00,0x00,0x00,0x00,0x00,0x00,0x00,0x00,0x00,0x00,0x00,0x00,0x00,0x00,0x00,
    0x00,0x00,0x00,0x00,0x00,0x00,0x00,0x00,0x00,0x00,0x00,0x00,0x00,0x1C,0x3E,0x3E,
    0x0E,0x0C,0x18,0x30,0x00,0x00,0x00,0x00,0x00,0x00,0x00,0x00,0x00,0x00,0x00,0x00,
    0x00,0x00,0x00,0x00,0x00,0x00,0x00,0x00,0x00,0x00,0x00,0x00,0x00,0x00,0x00,0x00,
    0x00,0x00,0x00,0x00,0x00,0x00,0x00,0x00,0x00,0x00,0x00,0x00,0x00,0x00,0x00,0x00,
    0x00,0x00,0x00,0x00,0x00,0x10,0x0E,0x30,0x0C,0x70,0x18,0xE0,0x38,0xE0,0x3E,0xF0,
    0x3E,0xF0,0x1C,0x70,0x00,0x00,0x00,0x00,0x00,0x00,0x00,0x00,0x00,0x00,0x00,0x00,
    0x00,0x00,0x00,0x00,0x00,0x00,0x00,0x00,0x00,0x00,0x00,0x00,0x00,0x00,0x00,0x00,
    0x00,0x00,0x00,0x00,0x00,0x00,0x00,0x00,0x00,0x00,0x00,0x00,0x00,0x00,0x00,0x00,
    0x00,0x00,0x00,0x00,0x00,0x00,0x00,0x00,0x00,0x00,0x00,0x00,0x00,0x00,0x00,0x00,
    0x00,0x00,0x00,0x00,0x00,0x00,0x00,0x00,0x00,0x00,0x00,0x00,0x00,0x00,0x1C,0xF0,
    0x3E,0xF0,0x3E,0xF0,0x0E,0x70,0x0C,0x70,0x18,0x60,0x30,0xC0,0x00,0x80,0x00,0x00,
    0x00,0x00,0x00,0x00,0x00,0x00,0x00,0x00,0x00,0x00,0x00,0x00,0x00,0x00,0x00,0x00,
    0x00,0x00,0x00,0x00,0x00,0x00,0x00,0x00,0x00,0x00,0x00,0x00,0x00,0x00,0x00,0x00,
    0x00,0x00,0x00,0x00,0x00,0x00,0x00,0x00,0x00,0x00,0x00,0x00,0x00,0x00,0x00,0x00,
    0x00,0x00,0x00,0x00,0x00,0x00,0x00,0x00,0x00,0x00,0x00,0x00,0x00,0x00,0x00,0x00,
    0x00,0x00,0x00,0x00,0x00,0x00,0x00,0x00,0x00,0x00,0x00,0x00,0x00,0x00,0x00,0x00,
    0x00,0x00,0x00,0x00,0x00,0x00,0x00,0x00,0x00,0x00,0x1E,0x00,0x3F,0x00,0x3F,0x80,
    0x3F,0x80,0x3F,0x00,0x1E,0x00,0x00,0x00,0x00,0x00,0x00,0x00,0x00,0x00,0x00,0x00,
    0x00,0x00,0x00,0x00,0x00,0x00,0x00,0x00,0x00,0x00,0x00,0x00,0x00,0x00,0x00,0x00,
    0x00,0x00,0x00,0x00,0x00,0x00,0x00,0x00,0x00,0x00,0x00,0x00,0x00,0x00,0x00,0x00,
    0x00,0x00,0x00,0x00,0x00,0x00,0x00,0x00,0x00,0x00,0x00,0x00,0x00,0x00,0x00,0x00,
    0x00,0x00,0x00,0x00,0x00,0x00,0x00,0x00,0x00,0x00,0x00,0x00,0x00,0x00,0x00,0x00,
    0x00,0x00,0x00,0x00,0x00,0x00,0x00,0x00,0x00,0x00,0x00,0x00,0x00,0x00,0x00,0x00,
    0x00,0x00,0x00,0x00,0x00,0x00,0x00,0x00,0x00,0x00,0x00,0x00,0x00,0x00,0x00,0x00,
    0x00,0x00,0x00,0x00,0x00,0x00,0x00,0x00,0x00,0x00,0x00,0x00,0x00,0x00,0x00,0x00,
    0x00,0x00,0x00,0x00,0x00,0x00,0x00,0x00,0x00,0x00,0x00,0x00,0x00,0x00,0x00,0x00,
    0x00,0x00,0x00,0x00,0x00,0x00,0x00,0x00,0x00,0x00,0x00,0x00,0x00,0x00,0x00,0x00,
    0x1E,0x0F,0x03,0x80,0x3E,0x0F,0x07,0xC0,0x3E,0x0F,0x07,0xC0,0x1E,0x0F,0x07,0x80,
    0x00,0x00,0x00,0x00,0x00,0x00,0x00,0x00,0x00,0x00,0x00,0x00,0x00,0x00,0x00,0x00,
    0x00,0x00,0x00,0x00,0x00,0x00,0x00,0x00,0x00,0x00,0x00,0x00,0x00,0x00,0x00,0x00,
    0x00,0x00,0x00,0x00,0x00,0x00,0x00,0x00,0x00,0x00,0x00,0x00,0x00,0x00,0x00,0x00,
    0x00,0x00,0x00,0x00,0x00,0x00,0x00,0x00,0x00,0x00,0x00,0x00,0x00,0x00,0x00,0x00,
    0x00,0x00,0x00,0x00,0x00,0x00,0x00,0x00,0x00,0x00,0x00,0x00,0x00,0x00,0x00,0x00,
    0x00,0x00,0x00,0x00,0x00,0x00,0x00,0x00,0x00,0x00,0x00,0x00,0x00,0x00,0x00,0x00,
    0x3C,0x00,0x30,0x00,0x3E,0x00,0x70,0x00,0x0C,0x00,0x60,0x00,0x0C,0x00,0xC0,0x00,
    0x0C,0x01,0xC0,0x00,0x0C,0x01,0x80,0x00,0x0C,0x03,0x9F,0x00,0x0C,0x03,0x33,0x80,
    0x0C,0x06,0x61,0xC0,0x0C,0x0E,0x71,0xC0,0x0C,0x0C,0x71,0x80,0x1E,0x1C,0x03,0x80,
    0x7F,0x18,0x0F,0x00,0x00,0x30,0x0F,0x80,0x00,0x70,0x01,0xC0,0x00,0x60,0x00,0xC0,
    0x00,0xE0,0x61,0xC0,0x00,0xC0,0xE1,0xC0,0x01,0x80,0xE3,0x80,0x03,0x80,0x7E,0x00,
    0x00,0x00,0x00,0x00,0x00,0x00,0x00,0x00,0x00,0x00,0x00,0x00,0x00,0x00,0x00,0x00,
    0x00,0x00,0x00,0x00,0x00,0x00,0x00,0x00,0x00,0x00,0x00,0x00,0x00,0x00,0x00,0x00,
    0x00,0x00,0x00,0x00,0x00,0x00,0x00,0x00,0x00,0x00,0x00,0x00,0x00,0x00,0x00,0x00,
    0x00,0x00,0x00,0x00,0x00,0x00,0x00,0x00,0x00,0x00,0x00,0x00,0x00,0x00,0x00,0x00,
    0x00,0x00,0x00,0x00,0x00,0x00,0x00,0x00,0x00,0x00,0x00,0x00,0x00,0x00,0x00,0x00,
    0x00,0x00,0x00,0x00,0x00,0x00,0x00,0x00,0x00,0x00,0x00,0x00,0x00,0x00,0x00,0x00,
    0x1F,0x80,0x0C,0x00,0x3F,0xC0,0x18,0x00,0x70,0xE0,0x38,0x00,0x70,0xE0,0x30,0x00,
    0x00,0xC0,0x60,0x00,0x00,0xC0,0x60,0x00,0x01,0x80,0xCF,0xC0,0x03,0x01,0xDD,0xE0,
    0x06,0x21,0xB8,0x60,0x0C,0x63,0x38,0x60,0x18,0x63,0x18,0xE0,0x3F,0xE6,0x00,0xC0,
    0x7F,0xEE,0x07,0x80,0x00,0x0C,0x07,0xE0,0x00,0x18,0x00,0x60,0x00,0x18,0x00,0x70,
    0x00,0x30,0x38,0x60,0x00,0x70,0x38,0xE0,0x00,0x60,0x3F,0xC0,0x00,0xC0,0x1F,0x80,
    0x00,0x00,0x00,0x00,0x00,0x00,0x00,0x00,0x00,0x00,0x00,0x00,0x00,0x00,0x00,0x00,
    0x00,0x00,0x00,0x00,0x00,0x00,0x00,0x00,0x00,0x00,0x00,0x00,0x00,0x00,0x00,0x00,
    0x00,0x00,0x00,0x00,0x00,0x00,0x00,0x00,0x00,0x00,0x00,0x00,0x00,0x00,0x00,0x00,
    0x00,0x00,0x00,0x00,0x00,0x00,0x00,0x00,0x00,0x00,0x00,0x00,0x00,0x00,0x00,0x00,
    0x00,0x00,0x00,0x00,0x00,0x00,0x00,0x00,0x00,0x00,0x00,0x00,0x00,0x00,0x00,0x00,
    0x00,0x00,0x00,0x00,0x00,0x00,0x00,0x00,0x00,0x00,0x00,0x00,0x00,0x00,0x00,0x00,
    0x3C,0x00,0x30,0x00,0x3E,0x00,0x60,0x00,0x0C,0x00,0xE0,0x00,0x0C,0x00,0xC0,0x00,
    0x0C,0x01,0x80,0x00,0x0C,0x01,0x80,0x00,0x0C,0x03,0x3F,0x00,0x0C,0x07,0x7F,0xC0,
    0x0C,0x06,0x61,0xC0,0x0C,0x0C,0x61,0xC0,0x0C,0x1C,0x61,0x80,0x7F,0x18,0x7B,0x80,
    0x7F,0x38,0x3F,0x00,0x00,0x30,0x7F,0x80,0x00,0x60,0xE1,0xC0,0x00,0xE0,0xC0,0xC0,
    0x00,0xC0,0xC0,0xC0,0x01,0xC0,0xE1,0xC0,0x01,0x80,0xFF,0x80,0x03,0x00,0x3F,0x00,
    0x00,0x00,0x00,0x00,0x00,0x00,0x00,0x00,0x00,0x00,0x00,0x00,0x00,0x00,0x00,0x00,
    0x00,0x00,0x00,0x00,0x00,0x00,0x00,0x00,0x00,0x00,0x00,0x00,0x00,0x00,0x00,0x00,
    0x00,0x00,0x00,0x00,0x00,0x00,0x00,0x00,0x00,0x00,0x00,0x00,0x00,0x00,0x00,0x00,
    0x00,0x00,0x00,0x00,0x00,0x00,0x00,0x00,0x00,0x00,0x00,0x00,0x00,0x00,0x00,0x00,
    0x00,0x00,0x00,0x00,0x00,0x00,0x00,0x00,0x00,0x00,0x00,0x00,0x00,0x00,0x00,0x00,
    0x00,0x00,0x00,0x00,0x00,0x00,0x00,0x00,0x00,0x00,0x00,0x00,0x00,0x00,0x00,0x00,
    0x1F,0x80,0x18,0x00,0x3F,0xC0,0x38,0x00,0x30,0xE0,0x30,0x00,0x38,0xC0,0x60,0x00,
    0x01,0xC0,0xE0,0x00,0x07,0x80,0xC0,0x00,0x00,0xE1,0xDF,0x80,0x00,0xE1,0xB9,0xC0,
    0x00,0xE3,0x30,0xE0,0x70,0xE7,0x70,0xE0,0x71,0xC6,0x38,0xC0,0x7F,0xCE,0x3F,0xC0,
    0x3F,0x0C,0x1F,0x80,0x00,0x18,0x1F,0xC0,0x00,0x38,0x71,0xE0,0x00,0x30,0x60,0xE0,
    0x00,0x70,0x60,0x60,0x00,0x60,0x60,0xE0,0x00,0xC0,0x7F,0xC0,0x01,0xC0,0x3F,0x80,
    0x00,0x00,0x00,0x00,0x00,0x00,0x00,0x00,0x00,0x00,0x00,0x00,0x00,0x00,0x00,0x00,
    0x00,0x00,0x00,0x00,0x00,0x00,0x00,0x00,0x00,0x00,0x00,0x00,0x00,0x00,0x00,0x00,
    0x00,0x00,0x00,0x00,0x00,0x00,0x00,0x00,0x00,0x00,0x00,0x00,0x00,0x00,0x00,0x00,
    0x00,0x00,0x00,0x00,0x00,0x00,0x00,0x00,0x00,0x00,0x00,0x00,0x00,0x00,0x00,0x00,
    0x00,0x00,0x00,0x00,0x00,0x00,0x00,0x00,0x00,0x00,0x00,0x00,0x00,0x00,0x00,0x00,
    0x00,0x00,0x00,0x00,0x00,0x00,0x00,0x00,0x00,0x00,0x00,0x00,0x00,0x00,0x00,0x00,
    0x1F,0xE0,0x38,0x00,0x1F,0xC0,0x30,0x00,0x10,0x00,0x60,0x00,0x30,0x00,0x60,0x00,
    0x30,0x00,0xC0,0x00,0x3F,0x81,0xC0,0x00,0x0F,0xC1,0x9F,0x80,0x00,0xE3,0x3B,0xC0,
    0x20,0xE3,0x60,0xC0,0x70,0xE6,0x60,0xC0,0x71,0xCE,0x71,0xC0,0x7F,0xCC,0x7F,0x80,
    0x3F,0x18,0x3F,0x00,0x00,0x18,0x3F,0xC0,0x00,0x30,0x61,0xC0,0x00,0x70,0xE0,0xE0,
    0x00,0x60,0xC0,0xC0,0x00,0xC0,0xE1,0xC0,0x00,0xC0,0x7F,0x80,0x01,0x80,0x3F,0x00,
    0x00,0x00,0x00,0x00,0x00,0x00,0x00,0x00,0x00,0x00,0x00,0x00,0x00,0x00,0x00,0x00,
    0x00,0x00,0x00,0x00,0x00,0x00,0x00,0x00,0x00,0x00,0x00,0x00,0x00,0x00,0x00,0x00,
    0x00,0x00,0x00,0x00,0x00,0x00,0x00,0x00,0x00,0x00,0x00,0x00,0x00,0x00,0x00,0x00,
    0x00,0x00,0x00,0x00,0x00,0x00,0x00,0x00,0x00,0x00,0x00,0x00,0x00,0x00,0x00,0x00,
    0x00,0x00,0x00,0x00,0x00,0x00,0x00,0x00,0x00,0x00,0x00,0x00,0x00,0x00,0x00,0x00,
    0x00,0x00,0x00,0x00,0x00,0x00,0x00,0x00,0x00,0x00,0x00,0x00,0x00,0x00,0x00,0x00,
    0x3F,0xE0,0x60,0x00,0x7F,0xE0,0xE0,0x00,0x60,0xC0,0xC0,0x00,0x01,0xC1,0x80,0x00,
    0x01,0x81,0x80,0x00,0x03,0x03,0x00,0x00,0x07,0x07,0x3F,0x00,0x06,0x06,0x7F,0x80,
    0x06,0x0C,0xE1,0x80,0x0E,0x0C,0xC1,0x80,0x0E,0x18,0xE1,0x80,0x0E,0x38,0x7B,0x00,
    0x0C,0x30,0x3E,0x00,0x00,0x60,0x7F,0x80,0x00,0x60,0xC3,0x80,0x00,0xC1,0xC1,0xC0,
    0x01,0xC1,0xC1,0xC0,0x01,0x81,0xC1,0x80,0x03,0x00,0xFF,0x80,0x07,0x00,0x7E,0x00,
    0x00,0x00,0x00,0x00,0x00,0x00,0x00,0x00,0x00,0x00,0x00,0x00,0x00,0x00,0x00,0x00,
    0x00,0x00,0x00,0x00,0x00,0x00,0x00,0x00,0x00,0x00,0x00,0x00,0x00,0x00,0x00,0x00,
    0x00,0x00,0x00,0x00,
};
const FontGlyph FONT_LIT_44_ITAL_GLYPHS[187] PROGMEM = {
    {6, 0},
    {10, 44},
    {12, 132},
    {20, 220},
    {14, 352},
    {24, 440},
    {21, 572},
    {7, 704},
    {10, 748},
    {10, 836},
    {14, 924},
    {17, 1012},
    {10, 1144},
    {10, 1232},
    {9, 1320},
    {13, 1408},
    {17, 1496},
    {11, 1628},
    {15, 1716},
    {15, 1804},
    {16, 1892},
    {15, 1980},
    {16, 2068},
    {15, 2156},
    {15, 2244},
    {15, 2332},
    {9, 2420},
    {10, 2508},
    {17, 2596},
    {17, 2728},
    {17, 2860},
    {15, 2992},
    {25, 3080},
    {20, 3256},
    {18, 3388},
    {18, 3520},
    {21, 3652},
    {17, 3784},
    {16, 3916},
    {19, 4004},
    {22, 4136},
    {10, 4268},
    {11, 4356},
    {20, 4444},
    {17, 4576},
    {27, 4708},
    {22, 4884},
    {21, 5016},
    {17, 5148},
    {20, 5280},
    {20, 5412},
    {14, 5544},
    {18, 5632},
    {22, 5764},
    {20, 5896},
    {29, 6028},
    {20, 6204},
    {19, 6336},
    {18, 6468},
    {9, 6600},
    {12, 6688},
    {9, 6776},
    {17, 6864},
    {14, 6996},
    {14, 7084},
    {17, 7172},
    {16, 7304},
    {14, 7392},
    {17, 7480},
    {14, 7612},
    {11, 7700},
    {16, 7788},
    {17, 7876},
    {9, 8008},
    {9, 8096},
    {16, 8184},
    {8, 8272},
    {25, 8316},
    {17, 8492},
    {16, 8624},
    {17, 8712},
    {16, 8844},
    {13, 8932},
    {13, 9020},
    {12, 9108},
    {17, 9196},
    {15, 9328},
    {23, 9416},
    {15, 9548},
    {16, 9636},
    {14, 9724},
    {11, 9812},
    {12, 9900},
    {11, 9988},
    {17, 10076},
    {9, 10208},
    {11, 10296},
    {12, 10384},
    {9, 10472},
    {28, 10560},
    {26, 10736},
    {28, 10912},
    {20, 11088},
    {20, 11220},
    {20, 11352},
    {20, 11484},
    {20, 11616},
    {20, 11748},
    {27, 11880},
    {18, 12056},
    {17, 12188},
    {17, 12320},
    {17, 12452},
    {17, 12584},
    {10, 12716},
    {10, 12804},
    {10, 12892},
    {10, 12980},
    {21, 13068},
    {22, 13200},
    {21, 13332},
    {21, 13464},
    {21, 13596},
    {21, 13728},
    {21, 13860},
    {17, 13992},
    {21, 14124},
    {22, 14256},
    {22, 14388},
    {22, 14520},
    {22, 14652},
    {19, 14784},
    {17, 14916},
    {19, 15048},
    {17, 15180},
    {17, 15312},
    {17, 15444},
    {17, 15576},
    {17, 15708},
    {17, 15840},
    {22, 15972},
    {14, 16104},
    {14, 16192},
    {14, 16280},
    {14, 16368},
    {14, 16456},
    {9, 16544},
    {9, 16632},
    {9, 16720},
    {9, 16808},
    {16, 16896},
    {17, 16984},
    {16, 17116},
    {16, 17204},
    {16, 17292},
    {16, 17380},
    {16, 17468},
    {17, 17556},
    {16, 17688},
    {17, 17776},
    {17, 17908},
    {17, 18040},
    {17, 18172},
    {16, 18304},
    {16, 18392},
    {16, 18480},
    {29, 18568},
    {24, 18744},
    {14, 18876},
    {13, 18964},
    {19, 19052},
    {18, 19184},
    {14, 19316},
    {15, 19404},
    {29, 19492},
    {8, 19668},
    {8, 19712},
    {13, 19756},
    {13, 19844},
    {11, 19932},
    {28, 20020},
    {27, 20196},
    {29, 20372},
    {27, 20548},
    {28, 20724},
    {28, 20900},
    {26, 21076},
};
const UiFont FONT_LIT_44_ITAL = {44, FONT_LIT_44_ITAL_GLYPHS, FONT_LIT_44_ITAL_BITS};

